date,source,campaign_id,campaign_name,impressions,clicks,spend,installs
2025-10-07,Google Ads,GG-200000,Search - Brand - Exact | iOS | US | Carousel,7247,323,170.38,62
2025-10-07,Google Ads,GG-200001,UAC - Value | Android | US | Static,32841,1503,674.55,301
2025-10-07,Google Ads,GG-200002,Search - Non-Brand - Broad | iOS | MENA | Playables,4187,150,41.45,25
2025-10-07,Google Ads,GG-200003,UAC - Value | iOS | LATAM | Carousel,9908,325,196.4,50
2025-10-07,Google Ads,GG-200004,Search - Brand - Exact | iOS | LATAM | Playables,7403,310,123.78,58
2025-10-07,Google Ads,GG-200005,Search - Brand - Exact | iOS | US | Carousel,7697,198,66.43,25
2025-10-07,Google Ads,GG-200006,Search - Non-Brand - Broad | iOS | LATAM | Carousel,7686,164,58.2,30
2025-10-07,Google Ads,GG-200007,Search - Non-Brand - Broad | iOS | US | Playables,7929,219,70.17,22
2025-10-07,Google Ads,GG-200008,Search - Non-Brand - Broad | iOS | LATAM | UGC,8457,313,168.39,59
2025-10-07,Google Ads,GG-200009,UAC - Value | Android | LATAM | Playables,22780,783,346.4,106
2025-10-07,Google Ads,GG-200010,Search - Brand - Exact | iOS | EU | Playables,16507,559,304.21,116
2025-10-07,Google Ads,GG-200011,Search - Brand - Exact | iOS | MENA | Carousel,5771,232,96.65,12
2025-10-07,Google Ads,GG-200012,Search - Non-Brand - Broad | iOS | LATAM | Static,10458,256,128.56,27
2025-10-07,Google Ads,GG-200013,Search - Non-Brand - Broad | iOS | APAC | Static,8903,339,103.8,23
2025-10-07,Google Ads,GG-200014,UAC - Installs | Android | EU | Video,15672,354,217.04,68
2025-10-07,Google Ads,GG-200015,Search - Brand - Exact | Android | MENA | Playables,8552,215,67.14,16
2025-10-07,Google Ads,GG-200016,UAC - Value | iOS | MENA | Static,19035,468,211.54,89
2025-10-07,Google Ads,GG-200017,Search - Non-Brand - Broad | Android | EU | Static,5432,234,65.4,55
2025-10-07,Google Ads,GG-200018,UAC - Installs | iOS | US | UGC,21191,973,423.06,158
2025-10-07,Google Ads,GG-200019,UAC - Installs | Android | APAC | Playables,18180,545,308.91,80
2025-10-07,Google Ads,GG-200020,Search - Non-Brand - Broad | iOS | EU | Playables,10353,272,97.97,26
2025-10-07,Google Ads,GG-200021,UAC - Installs | iOS | APAC | Static,9182,258,102.48,33
2025-10-07,Google Ads,GG-200022,UAC - Value | iOS | APAC | Carousel,9873,277,175.34,68
2025-10-07,Google Ads,GG-200023,Search - Non-Brand - Broad | iOS | EU | Static,8970,419,193.66,24
2025-10-07,Google Ads,GG-200024,UAC - Installs | iOS | US | UGC,13538,429,262.29,112
2025-10-07,Google Ads,GG-200025,UAC - Installs | Android | MENA | Video,18553,568,227.03,92
2025-10-07,Google Ads,GG-200026,UAC - Value | Android | EU | Carousel,28443,1053,397.93,280
2025-10-07,Google Ads,GG-200027,Search - Non-Brand - Broad | Android | APAC | Video,8486,333,143.16,49
2025-10-07,Google Ads,GG-200028,UAC - Value | iOS | LATAM | Video,14868,379,236.95,62
2025-10-07,Google Ads,GG-200029,UAC - Installs | Android | APAC | Playables,23421,514,171.62,108
2025-10-07,Google Ads,GG-200030,UAC - Installs | Android | APAC | Video,11584,372,191.32,55
2025-10-07,Google Ads,GG-200031,Search - Brand - Exact | Android | US | Carousel,9276,313,133.71,34
2025-10-07,Google Ads,GG-200032,Search - Brand - Exact | iOS | EU | Static,12547,512,219.8,110
2025-10-07,Google Ads,GG-200033,UAC - Value | iOS | APAC | Static,16652,419,230.83,98
2025-10-07,Google Ads,GG-200034,Search - Brand - Exact | iOS | MENA | Video,7806,178,68.28,18
2025-10-07,Google Ads,GG-200035,Search - Non-Brand - Broad | Android | LATAM | Static,9390,355,158.33,44
2025-10-07,Google Ads,GG-200036,Search - Non-Brand - Broad | iOS | US | Carousel,13561,578,313.85,103
2025-10-07,Google Ads,GG-200037,Search - Non-Brand - Broad | iOS | US | Video,14356,552,239.62,46
2025-10-07,Google Ads,GG-200038,Search - Brand - Exact | iOS | MENA | UGC,7206,346,160.99,71
2025-10-07,Google Ads,GG-200039,Search - Brand - Exact | Android | APAC | Playables,5516,194,88.13,41
2025-10-07,Google Ads,GG-200040,UAC - Value | Android | EU | Carousel,26309,1298,497.0,231
2025-10-07,Google Ads,GG-200041,Search - Non-Brand - Broad | Android | MENA | Carousel,11227,435,179.87,60
2025-10-07,Google Ads,GG-200042,UAC - Installs | iOS | EU | Video,20128,911,462.88,164
2025-10-07,Google Ads,GG-200043,Search - Brand - Exact | Android | MENA | Playables,15763,320,126.24,30
2025-10-07,Google Ads,GG-200044,UAC - Value | iOS | APAC | Video,17135,756,459.65,198
2025-10-07,Google Ads,GG-200045,UAC - Installs | iOS | LATAM | Video,17449,586,279.64,146
2025-10-07,Google Ads,GG-200046,Search - Brand - Exact | Android | LATAM | Static,16887,708,292.83,81
2025-10-07,Google Ads,GG-200047,UAC - Installs | iOS | EU | Video,15413,325,177.12,56
2025-10-07,Google Ads,GG-200048,UAC - Value | iOS | EU | UGC,14338,656,410.13,103
2025-10-07,Google Ads,GG-200049,UAC - Value | Android | EU | Video,10988,300,161.76,72
2025-10-07,Google Ads,GG-200050,Search - Brand - Exact | Android | LATAM | Static,7336,345,124.37,24
2025-10-07,Google Ads,GG-200051,UAC - Installs | Android | US | Carousel,13330,399,181.9,118
2025-10-07,Google Ads,GG-200052,UAC - Installs | iOS | MENA | UGC,11850,516,220.9,111
2025-10-07,Google Ads,GG-200053,UAC - Installs | Android | EU | Carousel,14152,406,231.91,54
2025-10-07,Google Ads,GG-200054,Search - Brand - Exact | Android | LATAM | Carousel,11848,455,128.58,51
2025-10-07,Google Ads,GG-200055,UAC - Value | iOS | APAC | UGC,11650,491,268.92,84
2025-10-07,Google Ads,GG-200056,UAC - Value | iOS | LATAM | Static,18111,380,245.18,104
2025-10-07,Google Ads,GG-200057,UAC - Installs | iOS | LATAM | Playables,22303,949,449.73,166
2025-10-07,Google Ads,GG-200058,UAC - Value | Android | APAC | Video,9280,200,75.86,53
2025-10-07,Google Ads,GG-200059,UAC - Installs | Android | MENA | Carousel,12255,420,245.49,120
2025-10-07,Google Ads,GG-200060,UAC - Installs | Android | US | Carousel,16237,536,234.02,142
2025-10-07,Google Ads,GG-200061,UAC - Value | iOS | APAC | Playables,23221,1130,428.5,226
2025-10-07,Google Ads,GG-200062,UAC - Value | Android | APAC | Carousel,14299,401,216.82,69
2025-10-07,Google Ads,GG-200063,UAC - Value | Android | LATAM | Playables,13375,364,182.58,94
2025-10-07,Google Ads,GG-200064,UAC - Value | iOS | US | Video,14825,300,126.12,53
2025-10-07,Google Ads,GG-200065,Search - Brand - Exact | iOS | MENA | Static,10566,441,143.59,24
2025-10-07,Google Ads,GG-200066,Search - Brand - Exact | Android | MENA | UGC,13576,515,121.8,119
2025-10-07,Google Ads,GG-200067,UAC - Installs | Android | US | Static,14442,619,336.98,164
2025-10-07,Google Ads,GG-200068,Search - Brand - Exact | iOS | APAC | Playables,8744,194,74.88,42
2025-10-07,Google Ads,GG-200069,UAC - Installs | Android | APAC | Carousel,27545,1187,447.74,311
2025-10-07,Google Ads,GG-200070,Search - Non-Brand - Broad | iOS | US | Playables,13211,586,207.09,36
2025-10-07,Google Ads,GG-200071,UAC - Installs | iOS | APAC | Carousel,15017,591,226.06,119
2025-10-07,Google Ads,GG-200072,Search - Non-Brand - Broad | Android | US | Video,8697,183,49.61,35
2025-10-07,Google Ads,GG-200073,Search - Brand - Exact | iOS | MENA | UGC,11110,439,109.88,24
2025-10-07,Google Ads,GG-200074,Search - Non-Brand - Broad | iOS | LATAM | UGC,9847,405,194.93,53
2025-10-07,Google Ads,GG-200075,Search - Brand - Exact | iOS | APAC | Static,10274,227,72.14,26
2025-10-07,Google Ads,GG-200076,Search - Non-Brand - Broad | Android | US | UGC,3897,116,39.53,9
2025-10-07,Google Ads,GG-200077,UAC - Installs | iOS | US | Carousel,11917,543,272.59,137
2025-10-07,Google Ads,GG-200078,UAC - Installs | Android | MENA | Playables,7087,282,109.9,55
2025-10-07,Google Ads,GG-200079,UAC - Installs | iOS | EU | Static,11117,517,274.73,73
2025-10-07,Google Ads,GG-200080,Search - Non-Brand - Broad | Android | US | Static,11485,502,222.39,77
2025-10-07,Google Ads,GG-200081,UAC - Installs | Android | APAC | Video,23755,486,195.27,91
2025-10-07,Google Ads,GG-200082,Search - Non-Brand - Broad | iOS | APAC | Playables,7914,381,194.73,53
2025-10-07,Google Ads,GG-200083,UAC - Value | Android | US | Carousel,11833,497,246.86,66
2025-10-07,Google Ads,GG-200084,UAC - Value | iOS | MENA | UGC,14595,568,352.96,141
2025-10-07,Google Ads,GG-200085,Search - Brand - Exact | Android | EU | Carousel,10677,234,115.88,20
2025-10-07,Google Ads,GG-200086,UAC - Installs | iOS | APAC | Playables,16596,748,427.41,133
2025-10-07,Google Ads,GG-200087,Search - Non-Brand - Broad | Android | MENA | Playables,15173,449,219.74,47
2025-10-07,Google Ads,GG-200088,Search - Brand - Exact | Android | APAC | Playables,10256,256,79.62,25
2025-10-07,Google Ads,GG-200089,UAC - Installs | Android | MENA | Static,30084,1315,643.96,255
2025-10-07,Google Ads,GG-200090,Search - Non-Brand - Broad | Android | EU | Carousel,24882,1025,438.8,121
2025-10-07,Google Ads,GG-200091,Search - Brand - Exact | iOS | MENA | Carousel,10453,248,72.64,23
2025-10-07,Google Ads,GG-200092,UAC - Installs | iOS | EU | Playables,12770,530,309.31,66
2025-10-07,Google Ads,GG-200093,Search - Brand - Exact | Android | LATAM | Playables,7213,264,68.01,62
2025-10-07,Google Ads,GG-200094,Search - Non-Brand - Broad | Android | MENA | Playables,16965,575,223.04,60
2025-10-07,Google Ads,GG-200095,UAC - Installs | Android | MENA | Playables,16230,735,421.45,157
2025-10-07,Google Ads,GG-200096,Search - Brand - Exact | Android | US | Video,9565,263,114.41,58
2025-10-07,Google Ads,GG-200097,UAC - Value | iOS | EU | Playables,18118,654,292.6,75
2025-10-07,Google Ads,GG-200098,UAC - Installs | Android | APAC | Playables,10891,354,185.53,100
2025-10-07,Google Ads,GG-200099,UAC - Value | iOS | APAC | Static,17684,479,226.95,68
2025-10-07,Google Ads,GG-200100,Search - Brand - Exact | iOS | APAC | Video,14346,379,164.03,30
2025-10-07,Google Ads,GG-200101,UAC - Value | Android | APAC | UGC,19045,585,222.83,109
2025-10-07,Google Ads,GG-200102,Search - Non-Brand - Broad | iOS | EU | Carousel,13609,442,233.42,38
2025-10-07,Google Ads,GG-200103,UAC - Value | iOS | LATAM | Carousel,19451,944,586.88,196
2025-10-07,Google Ads,GG-200104,Search - Brand - Exact | Android | LATAM | Playables,5616,148,50.62,22
2025-10-07,Google Ads,GG-200105,Search - Brand - Exact | iOS | EU | UGC,9167,251,108.01,22
2025-10-07,Google Ads,GG-200106,Search - Non-Brand - Broad | iOS | APAC | Static,13501,287,157.1,50
2025-10-07,Google Ads,GG-200107,UAC - Value | Android | US | Carousel,13521,598,334.28,87
2025-10-07,Google Ads,GG-200108,UAC - Installs | iOS | EU | Static,13344,354,179.65,53
2025-10-07,Google Ads,GG-200109,UAC - Value | iOS | EU | Static,10816,268,144.13,55
2025-10-07,Google Ads,GG-200110,UAC - Value | iOS | APAC | Carousel,21486,548,335.1,118
2025-10-07,Google Ads,GG-200111,UAC - Value | Android | US | UGC,25500,804,447.99,177
2025-10-07,Google Ads,GG-200112,UAC - Installs | Android | EU | Playables,11859,310,172.17,72
2025-10-07,Google Ads,GG-200113,UAC - Value | Android | US | Carousel,12478,590,270.93,81
2025-10-07,Google Ads,GG-200114,Search - Brand - Exact | iOS | LATAM | Playables,7190,295,123.37,53
2025-10-07,Google Ads,GG-200115,UAC - Installs | Android | APAC | Static,24480,966,503.48,249
2025-10-07,Google Ads,GG-200116,Search - Brand - Exact | iOS | APAC | Carousel,10295,483,193.73,58
2025-10-07,Google Ads,GG-200117,Search - Non-Brand - Broad | iOS | US | Playables,7416,259,142.17,33
2025-10-07,Google Ads,GG-200118,Search - Brand - Exact | iOS | MENA | Carousel,7318,294,134.65,63
2025-10-07,Google Ads,GG-200119,UAC - Installs | iOS | MENA | UGC,16705,377,176.13,52
2025-10-07,Google Ads,GG-200120,UAC - Value | Android | EU | Video,19539,478,196.6,139
2025-10-07,Google Ads,GG-200121,UAC - Installs | iOS | LATAM | Playables,17188,824,405.57,149
2025-10-07,Google Ads,GG-200122,UAC - Value | Android | EU | Playables,31352,1412,714.33,264
2025-10-07,Google Ads,GG-200123,Search - Non-Brand - Broad | Android | US | Video,12218,422,189.82,67
2025-10-07,Google Ads,GG-200124,UAC - Value | iOS | APAC | Playables,19229,839,350.7,145
2025-10-07,Google Ads,GG-200125,Search - Non-Brand - Broad | Android | MENA | Playables,9368,267,130.0,46
2025-10-07,Google Ads,GG-200126,Search - Non-Brand - Broad | iOS | MENA | Carousel,12921,609,297.37,47
2025-10-07,Google Ads,GG-200127,UAC - Installs | iOS | MENA | Carousel,24681,820,377.94,118
2025-10-07,Google Ads,GG-200128,UAC - Value | iOS | MENA | Carousel,19000,936,477.45,122
2025-10-07,Google Ads,GG-200129,Search - Brand - Exact | Android | LATAM | Carousel,15210,736,352.03,71
2025-10-07,Google Ads,GG-200130,Search - Brand - Exact | iOS | MENA | Carousel,8451,396,214.2,70
2025-10-07,Google Ads,GG-200131,Search - Non-Brand - Broad | iOS | LATAM | Playables,7977,333,175.39,35
2025-10-07,Google Ads,GG-200132,Search - Non-Brand - Broad | Android | MENA | UGC,10378,215,82.84,23
2025-10-07,Google Ads,GG-200133,Search - Brand - Exact | iOS | EU | Static,8616,222,101.65,40
2025-10-07,Google Ads,GG-200134,UAC - Value | Android | EU | Video,22857,1113,715.44,219
2025-10-07,Google Ads,GG-200135,UAC - Value | iOS | APAC | Static,9867,213,117.15,37
2025-10-07,Google Ads,GG-200136,UAC - Value | Android | APAC | Playables,23159,677,293.61,152
2025-10-07,Google Ads,GG-200137,Search - Non-Brand - Broad | Android | EU | Playables,11480,372,142.4,36
2025-10-07,Google Ads,GG-200138,UAC - Value | iOS | APAC | Playables,8545,324,127.36,52
2025-10-07,Google Ads,GG-200139,UAC - Installs | iOS | EU | UGC,21273,1020,588.74,177
2025-10-07,Google Ads,GG-200140,UAC - Value | iOS | LATAM | Playables,18052,668,417.17,96
2025-10-07,Google Ads,GG-200141,UAC - Installs | Android | EU | Carousel,23774,1062,467.92,243
2025-10-07,Google Ads,GG-200142,Search - Non-Brand - Broad | Android | LATAM | Carousel,11797,342,134.13,60
2025-10-07,Google Ads,GG-200143,UAC - Installs | iOS | LATAM | UGC,12433,315,195.93,69
2025-10-07,Google Ads,GG-200144,UAC - Value | iOS | LATAM | Video,24074,742,366.62,136
2025-10-07,Google Ads,GG-200145,UAC - Installs | iOS | LATAM | Static,13863,617,285.05,144
2025-10-07,Google Ads,GG-200146,UAC - Installs | Android | LATAM | Video,21279,868,353.45,120
2025-10-07,Google Ads,GG-200147,Search - Non-Brand - Broad | iOS | LATAM | UGC,13733,294,99.23,46
2025-10-07,Google Ads,GG-200148,UAC - Installs | Android | MENA | Carousel,17549,438,173.8,80
2025-10-07,Google Ads,GG-200149,Search - Non-Brand - Broad | Android | US | Playables,6993,286,102.62,46
2025-10-07,Google Ads,GG-200150,Search - Non-Brand - Broad | Android | US | Playables,9941,321,168.94,31
2025-10-07,Google Ads,GG-200151,UAC - Value | Android | US | Video,30496,1337,692.03,330
2025-10-07,Google Ads,GG-200152,Search - Non-Brand - Broad | iOS | APAC | Video,8367,272,142.75,18
2025-10-07,Google Ads,GG-200153,UAC - Value | Android | MENA | Static,9199,374,127.8,76
2025-10-07,Google Ads,GG-200154,UAC - Installs | iOS | APAC | Static,17395,736,283.8,97
2025-10-07,Google Ads,GG-200155,Search - Brand - Exact | iOS | LATAM | Video,13119,344,187.24,42
2025-10-07,Google Ads,GG-200156,Search - Non-Brand - Broad | Android | MENA | Video,7736,200,41.96,36
2025-10-07,Google Ads,GG-200157,UAC - Value | iOS | EU | Video,15686,334,163.83,37
2025-10-07,Google Ads,GG-200158,Search - Brand - Exact | iOS | EU | Carousel,8259,331,102.21,24
2025-10-07,Google Ads,GG-200159,Search - Brand - Exact | Android | LATAM | Playables,9911,302,137.86,61
2025-10-07,Google Ads,GG-200160,UAC - Value | iOS | LATAM | UGC,19446,697,393.6,190
2025-10-07,Google Ads,GG-200161,UAC - Installs | Android | MENA | UGC,9808,409,236.12,117
2025-10-07,Google Ads,GG-200162,Search - Non-Brand - Broad | Android | US | Carousel,13785,320,160.13,75
2025-10-07,Google Ads,GG-200163,Search - Brand - Exact | iOS | LATAM | Static,16304,698,240.32,90
2025-10-07,Google Ads,GG-200164,Search - Non-Brand - Broad | iOS | LATAM | Playables,8822,198,78.82,22
2025-10-07,Google Ads,GG-200165,UAC - Value | Android | MENA | UGC,28946,1309,481.45,260
2025-10-07,Google Ads,GG-200166,Search - Brand - Exact | iOS | US | UGC,16578,798,327.34,41
2025-10-07,Google Ads,GG-200167,UAC - Installs | Android | EU | UGC,11408,407,225.07,61
2025-10-07,Google Ads,GG-200168,UAC - Value | Android | US | Carousel,16145,404,185.48,66
2025-10-07,Google Ads,GG-200169,UAC - Installs | Android | APAC | Carousel,8031,216,92.32,46
2025-10-07,Google Ads,GG-200170,Search - Brand - Exact | iOS | MENA | Playables,10335,499,178.04,81
2025-10-07,Google Ads,GG-200171,Search - Brand - Exact | iOS | LATAM | Static,5377,131,50.62,9
2025-10-07,Google Ads,GG-200172,Search - Non-Brand - Broad | Android | APAC | Carousel,19662,883,308.52,65
2025-10-07,Google Ads,GG-200173,Search - Brand - Exact | iOS | MENA | Carousel,11212,326,142.46,58
2025-10-07,Google Ads,GG-200174,Search - Non-Brand - Broad | iOS | LATAM | Playables,7579,264,105.97,37
2025-10-07,Google Ads,GG-200175,Search - Non-Brand - Broad | Android | EU | UGC,11915,511,279.62,112
2025-10-07,Google Ads,GG-200176,UAC - Value | iOS | MENA | Carousel,13838,350,191.73,84
2025-10-07,Google Ads,GG-200177,Search - Non-Brand - Broad | iOS | MENA | Static,10424,306,112.21,55
2025-10-07,Google Ads,GG-200178,UAC - Installs | Android | MENA | UGC,11463,422,146.39,58
2025-10-07,Google Ads,GG-200179,Search - Brand - Exact | Android | MENA | Video,10169,409,175.83,48
2025-10-07,Google Ads,GG-200180,Search - Non-Brand - Broad | Android | MENA | Playables,7317,274,117.71,48
2025-10-07,Google Ads,GG-200181,UAC - Value | Android | LATAM | Playables,26999,873,276.65,149
2025-10-07,Google Ads,GG-200182,UAC - Value | Android | EU | Playables,12851,301,120.67,66
2025-10-07,Google Ads,GG-200183,Search - Brand - Exact | Android | MENA | UGC,5831,206,67.24,15
2025-10-07,Google Ads,GG-200184,UAC - Value | iOS | EU | Playables,11438,262,143.18,59
2025-10-07,Google Ads,GG-200185,UAC - Value | iOS | MENA | Video,13249,530,212.0,85
2025-10-07,Google Ads,GG-200186,UAC - Installs | iOS | US | UGC,17335,788,365.79,122
2025-10-07,Google Ads,GG-200187,Search - Brand - Exact | Android | EU | Playables,10952,424,227.86,81
2025-10-07,Google Ads,GG-200188,Search - Brand - Exact | Android | APAC | Carousel,7555,247,75.14,20
2025-10-07,Google Ads,GG-200189,Search - Brand - Exact | Android | US | UGC,9406,375,129.0,52
2025-10-07,Google Ads,GG-200190,Search - Non-Brand - Broad | iOS | APAC | Static,5056,196,79.36,16
2025-10-07,Google Ads,GG-200191,UAC - Value | iOS | LATAM | UGC,12225,588,253.08,128
2025-10-07,Google Ads,GG-200192,Search - Non-Brand - Broad | iOS | APAC | Video,16902,368,114.15,47
2025-10-07,Google Ads,GG-200193,UAC - Value | iOS | US | Static,12073,547,286.14,140
2025-10-07,Google Ads,GG-200194,Search - Brand - Exact | Android | EU | Video,10863,269,122.69,29
2025-10-07,Google Ads,GG-200195,UAC - Value | iOS | APAC | Playables,20133,884,391.79,170
2025-10-07,Google Ads,GG-200196,UAC - Value | iOS | EU | Static,16429,342,217.82,53
2025-10-07,Google Ads,GG-200197,Search - Non-Brand - Broad | iOS | EU | Carousel,13162,548,293.02,32
2025-10-07,Google Ads,GG-200198,Search - Brand - Exact | Android | US | UGC,25009,1173,529.61,258
2025-10-07,Google Ads,GG-200199,Search - Brand - Exact | Android | EU | Video,15723,425,179.05,65
2025-10-07,Google Ads,GG-200200,Search - Brand - Exact | Android | APAC | Playables,11978,417,94.7,71
2025-10-07,Google Ads,GG-200201,UAC - Value | Android | US | UGC,11017,464,274.6,119
2025-10-07,Google Ads,GG-200202,Search - Brand - Exact | Android | MENA | Static,11925,384,176.22,30
2025-10-07,Google Ads,GG-200203,Search - Non-Brand - Broad | Android | MENA | Carousel,14721,535,183.24,59
2025-10-07,Google Ads,GG-200204,UAC - Installs | iOS | MENA | Playables,10859,317,172.32,83
2025-10-07,Google Ads,GG-200205,Search - Non-Brand - Broad | Android | LATAM | Static,11798,255,121.18,46
2025-10-07,Google Ads,GG-200206,Search - Brand - Exact | iOS | LATAM | Carousel,8002,324,133.0,29
2025-10-07,Google Ads,GG-200207,UAC - Value | Android | APAC | Playables,8176,391,224.98,70
2025-10-07,Google Ads,GG-200208,UAC - Installs | Android | LATAM | UGC,19157,635,250.95,170
2025-10-07,Google Ads,GG-200209,UAC - Installs | iOS | APAC | Static,12887,288,168.13,55
2025-10-07,Google Ads,GG-200210,UAC - Value | iOS | EU | Playables,7566,174,77.97,26
2025-10-07,Google Ads,GG-200211,Search - Non-Brand - Broad | Android | EU | Carousel,16173,589,204.97,110
2025-10-07,Google Ads,GG-200212,UAC - Value | iOS | US | Playables,9453,189,86.94,30
2025-10-07,Google Ads,GG-200213,Search - Non-Brand - Broad | iOS | MENA | Playables,12002,496,238.23,79
2025-10-07,Google Ads,GG-200214,Search - Non-Brand - Broad | iOS | EU | Carousel,14393,665,226.17,52
2025-10-07,Google Ads,GG-200215,UAC - Installs | iOS | US | UGC,13112,295,150.54,52
2025-10-07,Google Ads,GG-200216,Search - Brand - Exact | Android | MENA | Static,12071,443,169.93,48
2025-10-07,Google Ads,GG-200217,Search - Brand - Exact | iOS | APAC | Playables,10180,463,122.65,71
2025-10-07,Google Ads,GG-200218,Search - Non-Brand - Broad | Android | EU | Playables,13928,284,115.82,57
2025-10-07,Google Ads,GG-200219,UAC - Installs | iOS | EU | Carousel,22493,601,277.0,162
2025-10-07,Google Ads,GG-200220,Search - Brand - Exact | Android | EU | Static,8513,223,70.18,46
2025-10-07,Google Ads,GG-200221,Search - Non-Brand - Broad | iOS | EU | Playables,12957,567,174.98,122
2025-10-07,Google Ads,GG-200222,UAC - Installs | iOS | EU | Playables,9755,220,118.95,56
2025-10-07,Google Ads,GG-200223,UAC - Installs | iOS | APAC | UGC,11759,370,176.49,78
2025-10-07,Google Ads,GG-200224,UAC - Value | iOS | LATAM | Carousel,21640,662,352.12,148
2025-10-07,Google Ads,GG-200225,UAC - Installs | iOS | US | UGC,12811,258,142.26,45
2025-10-07,Google Ads,GG-200226,UAC - Value | Android | LATAM | Carousel,18183,461,161.81,98
2025-10-07,Google Ads,GG-200227,Search - Non-Brand - Broad | Android | MENA | Static,10511,434,143.18,49
2025-10-07,Google Ads,GG-200228,UAC - Value | Android | LATAM | Playables,22237,685,293.87,194
2025-10-07,Google Ads,GG-200229,UAC - Installs | iOS | EU | Static,14421,512,271.72,70
2025-10-07,Google Ads,GG-200230,Search - Non-Brand - Broad | Android | APAC | Playables,5321,208,69.06,21
2025-10-07,Google Ads,GG-200231,UAC - Installs | iOS | MENA | Carousel,11525,287,140.66,37
2025-10-07,Google Ads,GG-200232,Search - Non-Brand - Broad | iOS | APAC | UGC,15777,532,150.93,91
2025-10-07,Google Ads,GG-200233,UAC - Value | iOS | EU | Static,14651,417,271.26,99
2025-10-07,Google Ads,GG-200234,Search - Brand - Exact | Android | MENA | Video,14952,300,129.03,30
2025-10-07,Google Ads,GG-200235,UAC - Value | Android | US | Video,55773,1273,571.07,227
2025-10-07,Google Ads,GG-200236,Search - Non-Brand - Broad | Android | EU | Video,13008,386,99.86,57
2025-10-07,Google Ads,GG-200237,UAC - Value | Android | EU | Playables,15643,439,240.31,81
2025-10-07,Google Ads,GG-200238,UAC - Value | iOS | US | Playables,59825,2824,1804.82,372
2025-10-07,Google Ads,GG-200239,UAC - Value | iOS | US | Video,9434,414,257.96,84
2025-10-07,Google Ads,GG-200240,UAC - Installs | Android | US | Playables,17441,557,198.4,92
2025-10-07,Google Ads,GG-200241,UAC - Value | iOS | US | Playables,27543,1339,597.46,215
2025-10-07,Google Ads,GG-200242,Search - Non-Brand - Broad | Android | US | Video,16570,509,141.91,67
2025-10-07,Google Ads,GG-200243,UAC - Installs | Android | EU | Playables,12816,359,190.31,52
2025-10-07,Google Ads,GG-200244,Search - Brand - Exact | iOS | LATAM | UGC,9073,321,173.98,52
2025-10-07,Google Ads,GG-200245,Search - Non-Brand - Broad | iOS | APAC | UGC,9002,322,143.03,20
2025-10-07,Google Ads,GG-200246,Search - Brand - Exact | Android | LATAM | Video,8183,331,96.02,37
2025-10-07,Google Ads,GG-200247,UAC - Value | Android | APAC | UGC,43785,2080,944.32,450
2025-10-07,Google Ads,GG-200248,Search - Non-Brand - Broad | iOS | US | Video,11436,429,227.63,22
2025-10-07,Google Ads,GG-200249,UAC - Installs | Android | APAC | UGC,12411,562,176.24,112
2025-10-07,Google Ads,GG-200250,Search - Non-Brand - Broad | Android | MENA | Video,11400,504,152.41,113
2025-10-07,Google Ads,GG-200251,UAC - Installs | Android | MENA | UGC,11463,567,214.21,138
2025-10-07,Google Ads,GG-200252,Search - Brand - Exact | Android | US | Carousel,18641,630,234.04,114
2025-10-07,Google Ads,GG-200253,Search - Non-Brand - Broad | Android | LATAM | Video,11689,518,199.43,97
2025-10-07,Google Ads,GG-200254,UAC - Installs | Android | APAC | Video,19730,507,276.21,125
2025-10-07,Google Ads,GG-200255,UAC - Value | Android | MENA | Static,18543,451,168.0,123
2025-10-07,Google Ads,GG-200256,Search - Brand - Exact | iOS | APAC | Static,10331,337,96.01,68
2025-10-07,Google Ads,GG-200257,UAC - Value | iOS | US | Video,12421,255,136.4,38
2025-10-07,Google Ads,GG-200258,UAC - Value | Android | US | Carousel,15479,703,337.09,141
2025-10-07,Google Ads,GG-200259,UAC - Value | iOS | US | Carousel,17407,869,357.25,154
2025-10-07,Google Ads,GG-200260,UAC - Value | iOS | EU | Carousel,27069,729,304.87,82
2025-10-07,Google Ads,GG-200261,UAC - Value | iOS | EU | Playables,10182,401,267.35,52
2025-10-07,Google Ads,GG-200262,Search - Non-Brand - Broad | Android | MENA | Carousel,9251,386,131.55,55
2025-10-07,Google Ads,GG-200263,Search - Non-Brand - Broad | Android | US | Carousel,12145,578,292.47,110
2025-10-07,Google Ads,GG-200264,UAC - Installs | iOS | EU | UGC,11421,550,327.69,94
2025-10-07,Google Ads,GG-200265,Search - Brand - Exact | iOS | US | Video,12701,332,168.39,21
2025-10-07,Google Ads,GG-200266,UAC - Installs | iOS | APAC | Carousel,8126,392,195.26,58
2025-10-07,Google Ads,GG-200267,Search - Non-Brand - Broad | Android | EU | Video,11548,321,145.45,32
2025-10-07,Google Ads,GG-200268,UAC - Value | iOS | APAC | Playables,13817,370,191.88,71
2025-10-07,Google Ads,GG-200269,UAC - Installs | Android | US | Video,19455,838,433.33,236
2025-10-07,Google Ads,GG-200270,UAC - Installs | Android | MENA | Playables,18370,888,479.25,260
2025-10-07,Google Ads,GG-200271,UAC - Value | iOS | US | Carousel,16193,620,407.65,78
2025-10-07,Google Ads,GG-200272,Search - Non-Brand - Broad | iOS | US | Playables,12008,370,191.84,63
2025-10-07,Google Ads,GG-200273,Search - Non-Brand - Broad | Android | APAC | Static,13148,323,99.84,67
2025-10-07,Google Ads,GG-200274,UAC - Value | iOS | LATAM | Carousel,15194,684,336.6,108
2025-10-07,Google Ads,GG-200275,UAC - Value | Android | US | Static,16143,523,281.79,89
2025-10-07,Google Ads,GG-200276,UAC - Value | iOS | APAC | Carousel,19216,913,565.51,248
2025-10-07,Google Ads,GG-200277,Search - Non-Brand - Broad | Android | LATAM | Carousel,14856,494,212.91,94
2025-10-07,Google Ads,GG-200278,Search - Non-Brand - Broad | iOS | MENA | Playables,6170,203,74.7,11
2025-10-07,Google Ads,GG-200279,UAC - Installs | iOS | US | Static,21433,1057,733.56,259
2025-10-07,Google Ads,GG-200280,UAC - Value | Android | APAC | Carousel,25306,1169,603.79,214
2025-10-07,Google Ads,GG-200281,UAC - Value | iOS | APAC | Carousel,10575,405,159.61,72
2025-10-07,Google Ads,GG-200282,Search - Non-Brand - Broad | Android | LATAM | Carousel,8477,257,113.98,46
2025-10-07,Google Ads,GG-200283,UAC - Value | iOS | LATAM | Static,11709,422,197.07,97
2025-10-07,Google Ads,GG-200284,Search - Non-Brand - Broad | iOS | LATAM | UGC,11081,325,114.47,51
2025-10-07,Google Ads,GG-200285,UAC - Value | iOS | APAC | Carousel,22744,631,378.41,102
2025-10-07,Google Ads,GG-200286,Search - Non-Brand - Broad | iOS | US | Playables,11685,411,138.55,73
2025-10-07,Google Ads,GG-200287,UAC - Value | Android | MENA | Video,13379,269,108.06,45
2025-10-07,Google Ads,GG-200288,Search - Brand - Exact | Android | APAC | Carousel,18076,819,221.29,98
2025-10-07,Google Ads,GG-200289,UAC - Installs | iOS | APAC | Static,12403,300,138.99,70
2025-10-07,Google Ads,GG-200290,UAC - Value | Android | LATAM | Static,17996,439,187.76,87
2025-10-07,Google Ads,GG-200291,UAC - Value | iOS | US | UGC,10350,273,115.59,61
2025-10-07,Google Ads,GG-200292,UAC - Value | iOS | MENA | Playables,20859,815,528.94,185
2025-10-07,Google Ads,GG-200293,Search - Brand - Exact | Android | LATAM | Playables,8020,199,69.99,30
2025-10-07,Google Ads,GG-200294,Search - Non-Brand - Broad | Android | EU | Carousel,6593,221,57.42,21
2025-10-07,Google Ads,GG-200295,UAC - Installs | Android | MENA | UGC,15230,694,231.17,133
2025-10-07,Google Ads,GG-200296,Search - Brand - Exact | iOS | US | Video,8988,259,79.88,19
2025-10-07,Google Ads,GG-200297,Search - Non-Brand - Broad | iOS | EU | Playables,13869,404,155.54,32
2025-10-07,Google Ads,GG-200298,UAC - Value | iOS | LATAM | UGC,16651,573,253.78,107
2025-10-07,Google Ads,GG-200299,UAC - Value | Android | LATAM | Video,17549,789,268.1,121
2025-10-07,Google Ads,GG-200300,Search - Brand - Exact | Android | LATAM | UGC,15655,355,137.53,62
2025-10-07,Google Ads,GG-200301,UAC - Installs | Android | EU | Carousel,26473,565,311.37,116
2025-10-07,Google Ads,GG-200302,UAC - Value | iOS | APAC | Static,24624,1062,470.15,233
2025-10-07,Google Ads,GG-200303,UAC - Value | iOS | APAC | Video,16325,591,341.18,161
2025-10-07,Google Ads,GG-200304,UAC - Installs | iOS | LATAM | Video,25164,904,577.38,141
2025-10-07,Google Ads,GG-200305,UAC - Installs | Android | US | Video,17840,666,250.02,146
2025-10-07,Google Ads,GG-200306,Search - Non-Brand - Broad | Android | EU | Static,14997,381,97.99,60
2025-10-07,Google Ads,GG-200307,UAC - Value | Android | LATAM | Playables,14770,535,206.3,86
2025-10-07,Google Ads,GG-200308,Search - Non-Brand - Broad | iOS | EU | UGC,9561,466,165.15,79
2025-10-07,Google Ads,GG-200309,Search - Brand - Exact | Android | APAC | UGC,10035,469,130.1,107
2025-10-07,Google Ads,GG-200310,UAC - Value | Android | APAC | Playables,13607,479,216.17,139
2025-10-07,Google Ads,GG-200311,Search - Non-Brand - Broad | iOS | US | Static,8701,191,58.96,30
2025-10-07,Google Ads,GG-200312,Search - Brand - Exact | iOS | US | Playables,8774,376,186.31,26
2025-10-07,Google Ads,GG-200313,Search - Non-Brand - Broad | Android | LATAM | Carousel,10304,360,156.56,33
2025-10-07,Google Ads,GG-200314,UAC - Value | iOS | US | Carousel,35501,1301,536.66,322
2025-10-07,Google Ads,GG-200315,UAC - Value | iOS | MENA | UGC,11636,291,107.12,77
2025-10-07,Google Ads,GG-200316,UAC - Value | Android | LATAM | Carousel,32927,868,479.31,154
2025-10-07,Google Ads,GG-200317,Search - Brand - Exact | Android | LATAM | Playables,11165,253,103.6,53
2025-10-07,Google Ads,GG-200318,Search - Non-Brand - Broad | Android | LATAM | Video,12392,546,254.0,125
2025-10-07,Google Ads,GG-200319,UAC - Installs | iOS | US | Static,22613,637,381.37,104
2025-10-07,Google Ads,GG-200320,UAC - Value | Android | MENA | UGC,19732,940,453.64,122
2025-10-07,Google Ads,GG-200321,UAC - Value | Android | MENA | UGC,15256,623,278.29,122
2025-10-07,Google Ads,GG-200322,Search - Non-Brand - Broad | Android | APAC | Playables,5465,243,81.06,22
2025-10-07,Google Ads,GG-200323,Search - Non-Brand - Broad | Android | APAC | Carousel,9376,296,133.7,61
2025-10-07,Google Ads,GG-200324,Search - Brand - Exact | Android | LATAM | UGC,11391,481,205.63,89
2025-10-07,Google Ads,GG-200325,Search - Non-Brand - Broad | iOS | US | UGC,10544,408,221.34,35
2025-10-07,Google Ads,GG-200326,UAC - Value | Android | APAC | Playables,9735,371,112.08,110
2025-10-07,Google Ads,GG-200327,UAC - Value | iOS | APAC | UGC,15497,542,217.4,77
2025-10-07,Google Ads,GG-200328,Search - Brand - Exact | iOS | EU | Video,12440,527,178.23,109
2025-10-07,Google Ads,GG-200329,UAC - Installs | Android | LATAM | Video,25470,719,398.54,96
2025-10-07,Google Ads,GG-200330,Search - Non-Brand - Broad | Android | MENA | Carousel,8248,165,54.14,30
2025-10-07,Google Ads,GG-200331,Search - Brand - Exact | iOS | MENA | UGC,5223,236,87.82,16
2025-10-07,Google Ads,GG-200332,UAC - Installs | Android | LATAM | Playables,28792,616,354.51,135
2025-10-07,Google Ads,GG-200333,Search - Non-Brand - Broad | Android | APAC | Playables,13025,604,267.15,143
2025-10-07,Google Ads,GG-200334,UAC - Installs | iOS | US | Static,18486,552,231.23,119
2025-10-07,Google Ads,GG-200335,UAC - Installs | Android | APAC | Carousel,14968,657,381.39,179
2025-10-07,Google Ads,GG-200336,Search - Non-Brand - Broad | Android | APAC | Video,15456,550,149.05,45
2025-10-07,Google Ads,GG-200337,UAC - Value | Android | MENA | Carousel,9553,319,107.63,94
2025-10-07,Google Ads,GG-200338,Search - Non-Brand - Broad | Android | MENA | Static,9051,197,86.82,15
2025-10-07,Google Ads,GG-200339,UAC - Installs | Android | US | Playables,9471,205,74.97,56
2025-10-07,Google Ads,GG-200340,Search - Non-Brand - Broad | iOS | MENA | Playables,15131,585,225.81,75
2025-10-07,Google Ads,GG-200341,UAC - Installs | iOS | LATAM | Carousel,9515,376,207.82,43
2025-10-07,Google Ads,GG-200342,Search - Brand - Exact | Android | EU | UGC,19445,734,368.61,164
2025-10-07,Google Ads,GG-200343,Search - Non-Brand - Broad | iOS | EU | Static,10520,362,176.04,29
2025-10-07,Google Ads,GG-200344,UAC - Value | Android | LATAM | Static,11697,462,188.17,105
2025-10-07,Google Ads,GG-200345,UAC - Installs | iOS | EU | Playables,12224,465,226.59,127
2025-10-07,Google Ads,GG-200346,Search - Brand - Exact | iOS | APAC | UGC,10611,390,103.9,42
2025-10-07,Google Ads,GG-200347,UAC - Installs | Android | APAC | Playables,32031,706,251.9,148
2025-10-07,Google Ads,GG-200348,UAC - Installs | iOS | APAC | UGC,19816,595,261.74,98
2025-10-07,Google Ads,GG-200349,UAC - Installs | Android | US | UGC,11692,407,254.78,97
2025-10-08,Google Ads,GG-200000,Search - Brand - Exact | iOS | US | Carousel,5158,124,66.4,20
2025-10-08,Google Ads,GG-200001,UAC - Value | Android | US | Static,20001,690,440.77,160
2025-10-08,Google Ads,GG-200002,Search - Non-Brand - Broad | iOS | MENA | Playables,8704,356,151.91,52
2025-10-08,Google Ads,GG-200003,UAC - Value | iOS | LATAM | Carousel,12039,251,143.04,37
2025-10-08,Google Ads,GG-200004,Search - Brand - Exact | iOS | LATAM | Playables,9000,388,203.78,71
2025-10-08,Google Ads,GG-200005,Search - Brand - Exact | iOS | US | Carousel,12653,398,235.62,82
2025-10-08,Google Ads,GG-200006,Search - Non-Brand - Broad | iOS | LATAM | Carousel,10079,314,137.97,17
2025-10-08,Google Ads,GG-200007,Search - Non-Brand - Broad | iOS | US | Playables,6909,165,81.05,23
2025-10-08,Google Ads,GG-200008,Search - Non-Brand - Broad | iOS | LATAM | UGC,11012,363,148.32,66
2025-10-08,Google Ads,GG-200009,UAC - Value | Android | LATAM | Playables,29692,679,210.49,104
2025-10-08,Google Ads,GG-200010,Search - Brand - Exact | iOS | EU | Playables,12443,503,295.41,87
2025-10-08,Google Ads,GG-200011,Search - Brand - Exact | iOS | MENA | Carousel,7927,355,142.11,39
2025-10-08,Google Ads,GG-200012,Search - Non-Brand - Broad | iOS | LATAM | Static,6397,295,124.11,21
2025-10-08,Google Ads,GG-200013,Search - Non-Brand - Broad | iOS | APAC | Static,12114,260,107.17,13
2025-10-08,Google Ads,GG-200014,UAC - Installs | Android | EU | Video,13027,601,238.84,107
2025-10-08,Google Ads,GG-200015,Search - Brand - Exact | Android | MENA | Playables,13809,529,155.37,92
2025-10-08,Google Ads,GG-200016,UAC - Value | iOS | MENA | Static,38526,1525,548.54,276
2025-10-08,Google Ads,GG-200017,Search - Non-Brand - Broad | Android | EU | Static,7573,197,97.52,24
2025-10-08,Google Ads,GG-200018,UAC - Installs | iOS | US | UGC,8029,296,172.57,74
2025-10-08,Google Ads,GG-200019,UAC - Installs | Android | APAC | Playables,17237,559,291.69,160
2025-10-08,Google Ads,GG-200020,Search - Non-Brand - Broad | iOS | EU | Playables,9808,342,125.72,37
2025-10-08,Google Ads,GG-200021,UAC - Installs | iOS | APAC | Static,12862,345,217.14,39
2025-10-08,Google Ads,GG-200022,UAC - Value | iOS | APAC | Carousel,10282,211,104.38,37
2025-10-08,Google Ads,GG-200023,Search - Non-Brand - Broad | iOS | EU | Static,14521,529,177.06,37
2025-10-08,Google Ads,GG-200024,UAC - Installs | iOS | US | UGC,9812,266,113.74,29
2025-10-08,Google Ads,GG-200025,UAC - Installs | Android | MENA | Video,32269,1164,365.15,309
2025-10-08,Google Ads,GG-200026,UAC - Value | Android | EU | Carousel,23901,680,302.06,158
2025-10-08,Google Ads,GG-200027,Search - Non-Brand - Broad | Android | APAC | Video,12769,407,161.7,73
2025-10-08,Google Ads,GG-200028,UAC - Value | iOS | LATAM | Video,12656,593,360.31,109
2025-10-08,Google Ads,GG-200029,UAC - Installs | Android | APAC | Playables,9072,417,155.67,117
2025-10-08,Google Ads,GG-200030,UAC - Installs | Android | APAC | Video,13681,663,295.63,95
2025-10-08,Google Ads,GG-200031,Search - Brand - Exact | Android | US | Carousel,15054,438,182.16,39
2025-10-08,Google Ads,GG-200032,Search - Brand - Exact | iOS | EU | Static,10442,448,262.48,24
2025-10-08,Google Ads,GG-200033,UAC - Value | iOS | APAC | Static,22010,638,408.0,76
2025-10-08,Google Ads,GG-200034,Search - Brand - Exact | iOS | MENA | Video,7614,203,73.85,32
2025-10-08,Google Ads,GG-200035,Search - Non-Brand - Broad | Android | LATAM | Static,14455,619,297.86,139
2025-10-08,Google Ads,GG-200036,Search - Non-Brand - Broad | iOS | US | Carousel,9627,255,78.59,44
2025-10-08,Google Ads,GG-200037,Search - Non-Brand - Broad | iOS | US | Video,18073,864,454.2,161
2025-10-08,Google Ads,GG-200038,Search - Brand - Exact | iOS | MENA | UGC,7851,282,106.37,48
2025-10-08,Google Ads,GG-200039,Search - Brand - Exact | Android | APAC | Playables,31797,1081,538.12,119
2025-10-08,Google Ads,GG-200040,UAC - Value | Android | EU | Carousel,13810,595,261.03,135
2025-10-08,Google Ads,GG-200041,Search - Non-Brand - Broad | Android | MENA | Carousel,39848,1096,433.91,220
2025-10-08,Google Ads,GG-200042,UAC - Installs | iOS | EU | Video,21441,714,289.31,79
2025-10-08,Google Ads,GG-200043,Search - Brand - Exact | Android | MENA | Playables,6257,229,73.88,38
2025-10-08,Google Ads,GG-200044,UAC - Value | iOS | APAC | Video,21695,601,352.19,92
2025-10-08,Google Ads,GG-200045,UAC - Installs | iOS | LATAM | Video,13558,625,341.75,93
2025-10-08,Google Ads,GG-200046,Search - Brand - Exact | Android | LATAM | Static,8426,308,82.67,71
2025-10-08,Google Ads,GG-200047,UAC - Installs | iOS | EU | Video,16913,766,501.58,154
2025-10-08,Google Ads,GG-200048,UAC - Value | iOS | EU | UGC,12739,284,130.98,58
2025-10-08,Google Ads,GG-200049,UAC - Value | Android | EU | Video,16675,546,237.46,73
2025-10-08,Google Ads,GG-200050,Search - Brand - Exact | Android | LATAM | Static,14688,709,204.33,53
2025-10-08,Google Ads,GG-200051,UAC - Installs | Android | US | Carousel,13702,517,197.44,85
2025-10-08,Google Ads,GG-200052,UAC - Installs | iOS | MENA | UGC,16970,817,378.84,170
2025-10-08,Google Ads,GG-200053,UAC - Installs | Android | EU | Carousel,9783,386,245.73,113
2025-10-08,Google Ads,GG-200054,Search - Brand - Exact | Android | LATAM | Carousel,7590,274,64.77,60
2025-10-08,Google Ads,GG-200055,UAC - Value | iOS | APAC | UGC,9975,355,158.01,50
2025-10-08,Google Ads,GG-200056,UAC - Value | iOS | LATAM | Static,20251,545,242.2,150
2025-10-08,Google Ads,GG-200057,UAC - Installs | iOS | LATAM | Playables,6034,194,72.54,39
2025-10-08,Google Ads,GG-200058,UAC - Value | Android | APAC | Video,18122,487,267.02,145
2025-10-08,Google Ads,GG-200059,UAC - Installs | Android | MENA | Carousel,30927,1243,621.25,289
2025-10-08,Google Ads,GG-200060,UAC - Installs | Android | US | Carousel,11858,289,144.01,80
2025-10-08,Google Ads,GG-200061,UAC - Value | iOS | APAC | Playables,18949,473,224.96,113
2025-10-08,Google Ads,GG-200062,UAC - Value | Android | APAC | Carousel,26409,547,191.5,77
2025-10-08,Google Ads,GG-200063,UAC - Value | Android | LATAM | Playables,10344,337,113.97,83
2025-10-08,Google Ads,GG-200064,UAC - Value | iOS | US | Video,17453,667,288.34,155
2025-10-08,Google Ads,GG-200065,Search - Brand - Exact | iOS | MENA | Static,7597,359,157.67,63
2025-10-08,Google Ads,GG-200066,Search - Brand - Exact | Android | MENA | UGC,10566,398,177.51,62
2025-10-08,Google Ads,GG-200067,UAC - Installs | Android | US | Static,9612,386,187.63,71
2025-10-08,Google Ads,GG-200068,Search - Brand - Exact | iOS | APAC | Playables,10457,363,96.01,50
2025-10-08,Google Ads,GG-200069,UAC - Installs | Android | APAC | Carousel,13060,372,154.45,96
2025-10-08,Google Ads,GG-200070,Search - Non-Brand - Broad | iOS | US | Playables,15330,504,193.28,100
2025-10-08,Google Ads,GG-200071,UAC - Installs | iOS | APAC | Carousel,10319,295,146.32,43
2025-10-08,Google Ads,GG-200072,Search - Non-Brand - Broad | Android | US | Video,9833,265,88.4,22
2025-10-08,Google Ads,GG-200073,Search - Brand - Exact | iOS | MENA | UGC,9098,345,90.36,69
2025-10-08,Google Ads,GG-200074,Search - Non-Brand - Broad | iOS | LATAM | UGC,11685,332,177.42,40
2025-10-08,Google Ads,GG-200075,Search - Brand - Exact | iOS | APAC | Static,7453,354,164.57,73
2025-10-08,Google Ads,GG-200076,Search - Non-Brand - Broad | Android | US | UGC,13174,373,168.07,87
2025-10-08,Google Ads,GG-200077,UAC - Installs | iOS | US | Carousel,16687,370,165.39,61
2025-10-08,Google Ads,GG-200078,UAC - Installs | Android | MENA | Playables,27078,1266,394.36,186
2025-10-08,Google Ads,GG-200079,UAC - Installs | iOS | EU | Static,19218,706,459.82,152
2025-10-08,Google Ads,GG-200080,Search - Non-Brand - Broad | Android | US | Static,6098,162,50.01,24
2025-10-08,Google Ads,GG-200081,UAC - Installs | Android | APAC | Video,11645,278,136.33,40
2025-10-08,Google Ads,GG-200082,Search - Non-Brand - Broad | iOS | APAC | Playables,6946,266,123.16,15
2025-10-08,Google Ads,GG-200083,UAC - Value | Android | US | Carousel,19776,534,242.76,117
2025-10-08,Google Ads,GG-200084,UAC - Value | iOS | MENA | UGC,21838,757,408.02,160
2025-10-08,Google Ads,GG-200085,Search - Brand - Exact | Android | EU | Carousel,7756,379,196.7,75
2025-10-08,Google Ads,GG-200086,UAC - Installs | iOS | APAC | Playables,12453,606,332.21,102
2025-10-08,Google Ads,GG-200087,Search - Non-Brand - Broad | Android | MENA | Playables,12367,559,256.69,96
2025-10-08,Google Ads,GG-200088,Search - Brand - Exact | Android | APAC | Playables,12994,419,154.49,52
2025-10-08,Google Ads,GG-200089,UAC - Installs | Android | MENA | Static,32721,1071,405.05,149
2025-10-08,Google Ads,GG-200090,Search - Non-Brand - Broad | Android | EU | Carousel,16147,430,220.46,69
2025-10-08,Google Ads,GG-200091,Search - Brand - Exact | iOS | MENA | Carousel,11228,430,124.18,60
2025-10-08,Google Ads,GG-200092,UAC - Installs | iOS | EU | Playables,16054,490,308.6,59
2025-10-08,Google Ads,GG-200093,Search - Brand - Exact | Android | LATAM | Playables,8220,407,183.72,55
2025-10-08,Google Ads,GG-200094,Search - Non-Brand - Broad | Android | MENA | Playables,8690,317,87.05,22
2025-10-08,Google Ads,GG-200095,UAC - Installs | Android | MENA | Playables,21733,761,408.96,104
2025-10-08,Google Ads,GG-200096,Search - Brand - Exact | Android | US | Video,10817,459,226.7,61
2025-10-08,Google Ads,GG-200097,UAC - Value | iOS | EU | Playables,13890,636,269.03,124
2025-10-08,Google Ads,GG-200098,UAC - Installs | Android | APAC | Playables,16465,783,257.37,180
2025-10-08,Google Ads,GG-200099,UAC - Value | iOS | APAC | Static,9770,425,202.94,100
2025-10-08,Google Ads,GG-200100,Search - Brand - Exact | iOS | APAC | Video,15811,494,187.18,43
2025-10-08,Google Ads,GG-200101,UAC - Value | Android | APAC | UGC,15385,632,285.66,123
2025-10-08,Google Ads,GG-200102,Search - Non-Brand - Broad | iOS | EU | Carousel,10536,353,167.11,19
2025-10-08,Google Ads,GG-200103,UAC - Value | iOS | LATAM | Carousel,8702,202,89.53,27
2025-10-08,Google Ads,GG-200104,Search - Brand - Exact | Android | LATAM | Playables,13950,527,118.68,73
2025-10-08,Google Ads,GG-200105,Search - Brand - Exact | iOS | EU | UGC,22572,966,306.9,129
2025-10-08,Google Ads,GG-200106,Search - Non-Brand - Broad | iOS | APAC | Static,16972,644,329.34,61
2025-10-08,Google Ads,GG-200107,UAC - Value | Android | US | Carousel,18974,663,422.86,112
2025-10-08,Google Ads,GG-200108,UAC - Installs | iOS | EU | Static,14574,694,366.22,85
2025-10-08,Google Ads,GG-200109,UAC - Value | iOS | EU | Static,8571,202,92.76,52
2025-10-08,Google Ads,GG-200110,UAC - Value | iOS | APAC | Carousel,11206,271,165.93,49
2025-10-08,Google Ads,GG-200111,UAC - Value | Android | US | UGC,12396,515,316.26,90
2025-10-08,Google Ads,GG-200112,UAC - Installs | Android | EU | Playables,19442,788,465.55,229
2025-10-08,Google Ads,GG-200113,UAC - Value | Android | US | Carousel,21579,567,254.64,145
2025-10-08,Google Ads,GG-200114,Search - Brand - Exact | iOS | LATAM | Playables,9247,273,82.94,35
2025-10-08,Google Ads,GG-200115,UAC - Installs | Android | APAC | Static,11407,296,97.15,61
2025-10-08,Google Ads,GG-200116,Search - Brand - Exact | iOS | APAC | Carousel,15883,738,260.88,38
2025-10-08,Google Ads,GG-200117,Search - Non-Brand - Broad | iOS | US | Playables,12347,404,209.6,45
2025-10-08,Google Ads,GG-200118,Search - Brand - Exact | iOS | MENA | Carousel,8691,328,92.14,28
2025-10-08,Google Ads,GG-200119,UAC - Installs | iOS | MENA | UGC,12592,449,243.99,78
2025-10-08,Google Ads,GG-200120,UAC - Value | Android | EU | Video,29405,1131,704.39,187
2025-10-08,Google Ads,GG-200121,UAC - Installs | iOS | LATAM | Playables,13424,642,343.15,86
2025-10-08,Google Ads,GG-200122,UAC - Value | Android | EU | Playables,20247,895,427.45,188
2025-10-08,Google Ads,GG-200123,Search - Non-Brand - Broad | Android | US | Video,10807,343,165.39,65
2025-10-08,Google Ads,GG-200124,UAC - Value | iOS | APAC | Playables,23032,608,243.08,132
2025-10-08,Google Ads,GG-200125,Search - Non-Brand - Broad | Android | MENA | Playables,14029,466,190.36,52
2025-10-08,Google Ads,GG-200126,Search - Non-Brand - Broad | iOS | MENA | Carousel,13700,625,300.75,68
2025-10-08,Google Ads,GG-200127,UAC - Installs | iOS | MENA | Carousel,28429,1353,551.08,234
2025-10-08,Google Ads,GG-200128,UAC - Value | iOS | MENA | Carousel,13040,490,219.77,129
2025-10-08,Google Ads,GG-200129,Search - Brand - Exact | Android | LATAM | Carousel,13365,376,148.22,67
2025-10-08,Google Ads,GG-200130,Search - Brand - Exact | iOS | MENA | Carousel,9899,367,95.09,63
2025-10-08,Google Ads,GG-200131,Search - Non-Brand - Broad | iOS | LATAM | Playables,11352,286,135.85,45
2025-10-08,Google Ads,GG-200132,Search - Non-Brand - Broad | Android | MENA | UGC,7361,303,76.69,65
2025-10-08,Google Ads,GG-200133,Search - Brand - Exact | iOS | EU | Static,7030,234,120.09,24
2025-10-08,Google Ads,GG-200134,UAC - Value | Android | EU | Video,12182,365,201.33,103
2025-10-08,Google Ads,GG-200135,UAC - Value | iOS | APAC | Static,9416,392,180.28,44
2025-10-08,Google Ads,GG-200136,UAC - Value | Android | APAC | Playables,20774,889,306.08,155
2025-10-08,Google Ads,GG-200137,Search - Non-Brand - Broad | Android | EU | Playables,12211,496,184.91,88
2025-10-08,Google Ads,GG-200138,UAC - Value | iOS | APAC | Playables,12851,436,261.95,54
2025-10-08,Google Ads,GG-200139,UAC - Installs | iOS | EU | UGC,14168,360,153.32,59
2025-10-08,Google Ads,GG-200140,UAC - Value | iOS | LATAM | Playables,24876,841,515.7,227
2025-10-08,Google Ads,GG-200141,UAC - Installs | Android | EU | Carousel,17359,797,457.64,203
2025-10-08,Google Ads,GG-200142,Search - Non-Brand - Broad | Android | LATAM | Carousel,10321,334,150.5,38
2025-10-08,Google Ads,GG-200143,UAC - Installs | iOS | LATAM | UGC,23576,782,295.36,133
2025-10-08,Google Ads,GG-200144,UAC - Value | iOS | LATAM | Video,19523,490,311.1,102
2025-10-08,Google Ads,GG-200145,UAC - Installs | iOS | LATAM | Static,9466,312,169.67,70
2025-10-08,Google Ads,GG-200146,UAC - Installs | Android | LATAM | Video,9722,272,123.49,45
2025-10-08,Google Ads,GG-200147,Search - Non-Brand - Broad | iOS | LATAM | UGC,8387,297,130.47,38
2025-10-08,Google Ads,GG-200148,UAC - Installs | Android | MENA | Carousel,11146,330,109.36,63
2025-10-08,Google Ads,GG-200149,Search - Non-Brand - Broad | Android | US | Playables,5956,179,93.24,18
2025-10-08,Google Ads,GG-200150,Search - Non-Brand - Broad | Android | US | Playables,11255,433,185.37,81
2025-10-08,Google Ads,GG-200151,UAC - Value | Android | US | Video,11532,480,254.54,101
2025-10-08,Google Ads,GG-200152,Search - Non-Brand - Broad | iOS | APAC | Video,10926,522,147.41,63
2025-10-08,Google Ads,GG-200153,UAC - Value | Android | MENA | Static,37910,944,330.31,170
2025-10-08,Google Ads,GG-200154,UAC - Installs | iOS | APAC | Static,23304,563,309.09,137
2025-10-08,Google Ads,GG-200155,Search - Brand - Exact | iOS | LATAM | Video,8798,213,75.36,24
2025-10-08,Google Ads,GG-200156,Search - Non-Brand - Broad | Android | MENA | Video,12898,329,150.45,47
2025-10-08,Google Ads,GG-200157,UAC - Value | iOS | EU | Video,19705,852,342.08,116
2025-10-08,Google Ads,GG-200158,Search - Brand - Exact | iOS | EU | Carousel,11056,345,151.46,31
2025-10-08,Google Ads,GG-200159,Search - Brand - Exact | Android | LATAM | Playables,16457,790,252.8,99
2025-10-08,Google Ads,GG-200160,UAC - Value | iOS | LATAM | UGC,10604,322,177.42,88
2025-10-08,Google Ads,GG-200161,UAC - Installs | Android | MENA | UGC,13117,354,144.68,76
2025-10-08,Google Ads,GG-200162,Search - Non-Brand - Broad | Android | US | Carousel,14011,490,129.02,59
2025-10-08,Google Ads,GG-200163,Search - Brand - Exact | iOS | LATAM | Static,11344,278,95.44,45
2025-10-08,Google Ads,GG-200164,Search - Non-Brand - Broad | iOS | LATAM | Playables,11725,416,117.27,77
2025-10-08,Google Ads,GG-200165,UAC - Value | Android | MENA | UGC,23107,742,402.24,116
2025-10-08,Google Ads,GG-200166,Search - Brand - Exact | iOS | US | UGC,16761,672,286.74,39
2025-10-08,Google Ads,GG-200167,UAC - Installs | Android | EU | UGC,17435,770,479.33,165
2025-10-08,Google Ads,GG-200168,UAC - Value | Android | US | Carousel,19867,503,240.03,130
2025-10-08,Google Ads,GG-200169,UAC - Installs | Android | APAC | Carousel,16303,789,404.2,137
2025-10-08,Google Ads,GG-200170,Search - Brand - Exact | iOS | MENA | Playables,7040,149,76.05,19
2025-10-08,Google Ads,GG-200171,Search - Brand - Exact | iOS | LATAM | Static,11779,386,174.66,69
2025-10-08,Google Ads,GG-200172,Search - Non-Brand - Broad | Android | APAC | Carousel,8050,232,48.88,20
2025-10-08,Google Ads,GG-200173,Search - Brand - Exact | iOS | MENA | Carousel,12185,307,126.02,21
2025-10-08,Google Ads,GG-200174,Search - Non-Brand - Broad | iOS | LATAM | Playables,8102,312,163.99,63
2025-10-08,Google Ads,GG-200175,Search - Non-Brand - Broad | Android | EU | UGC,15423,327,113.8,25
2025-10-08,Google Ads,GG-200176,UAC - Value | iOS | MENA | Carousel,21196,885,399.4,193
2025-10-08,Google Ads,GG-200177,Search - Non-Brand - Broad | iOS | MENA | Static,12931,548,255.64,96
2025-10-08,Google Ads,GG-200178,UAC - Installs | Android | MENA | UGC,19005,947,459.01,209
2025-10-08,Google Ads,GG-200179,Search - Brand - Exact | Android | MENA | Video,7226,268,70.91,61
2025-10-08,Google Ads,GG-200180,Search - Non-Brand - Broad | Android | MENA | Playables,10063,321,81.66,38
2025-10-08,Google Ads,GG-200181,UAC - Value | Android | LATAM | Playables,16783,666,254.68,138
2025-10-08,Google Ads,GG-200182,UAC - Value | Android | EU | Playables,18321,487,259.77,123
2025-10-08,Google Ads,GG-200183,Search - Brand - Exact | Android | MENA | UGC,19280,729,264.19,109
2025-10-08,Google Ads,GG-200184,UAC - Value | iOS | EU | Playables,16520,753,413.92,150
2025-10-08,Google Ads,GG-200185,UAC - Value | iOS | MENA | Video,12626,502,261.74,61
2025-10-08,Google Ads,GG-200186,UAC - Installs | iOS | US | UGC,15039,437,273.26,81
2025-10-08,Google Ads,GG-200187,Search - Brand - Exact | Android | EU | Playables,7287,282,118.3,39
2025-10-08,Google Ads,GG-200188,Search - Brand - Exact | Android | APAC | Carousel,10766,336,121.4,45
2025-10-08,Google Ads,GG-200189,Search - Brand - Exact | Android | US | UGC,3889,102,28.89,12
2025-10-08,Google Ads,GG-200190,Search - Non-Brand - Broad | iOS | APAC | Static,15628,477,150.4,96
2025-10-08,Google Ads,GG-200191,UAC - Value | iOS | LATAM | UGC,14262,569,316.42,123
2025-10-08,Google Ads,GG-200192,Search - Non-Brand - Broad | iOS | APAC | Video,10656,455,152.83,94
2025-10-08,Google Ads,GG-200193,UAC - Value | iOS | US | Static,21494,432,280.37,103
2025-10-08,Google Ads,GG-200194,Search - Brand - Exact | Android | EU | Video,8141,264,80.97,19
2025-10-08,Google Ads,GG-200195,UAC - Value | iOS | APAC | Playables,12683,284,148.02,50
2025-10-08,Google Ads,GG-200196,UAC - Value | iOS | EU | Static,10395,504,205.03,106
2025-10-08,Google Ads,GG-200197,Search - Non-Brand - Broad | iOS | EU | Carousel,6914,178,102.17,22
2025-10-08,Google Ads,GG-200198,Search - Brand - Exact | Android | US | UGC,10610,254,68.43,19
2025-10-08,Google Ads,GG-200199,Search - Brand - Exact | Android | EU | Video,8923,297,95.81,29
2025-10-08,Google Ads,GG-200200,Search - Brand - Exact | Android | APAC | Playables,16253,768,210.05,148
2025-10-08,Google Ads,GG-200201,UAC - Value | Android | US | UGC,9180,295,149.24,61
2025-10-08,Google Ads,GG-200202,Search - Brand - Exact | Android | MENA | Static,15471,641,244.93,152
2025-10-08,Google Ads,GG-200203,Search - Non-Brand - Broad | Android | MENA | Carousel,8375,182,80.72,38
2025-10-08,Google Ads,GG-200204,UAC - Installs | iOS | MENA | Playables,23540,781,457.82,99
2025-10-08,Google Ads,GG-200205,Search - Non-Brand - Broad | Android | LATAM | Static,9014,394,164.14,52
2025-10-08,Google Ads,GG-200206,Search - Brand - Exact | iOS | LATAM | Carousel,7674,229,104.9,29
2025-10-08,Google Ads,GG-200207,UAC - Value | Android | APAC | Playables,17311,524,265.56,97
2025-10-08,Google Ads,GG-200208,UAC - Installs | Android | LATAM | UGC,20264,722,222.23,201
2025-10-08,Google Ads,GG-200209,UAC - Installs | iOS | APAC | Static,15782,654,340.28,105
2025-10-08,Google Ads,GG-200210,UAC - Value | iOS | EU | Playables,16094,615,404.49,94
2025-10-08,Google Ads,GG-200211,Search - Non-Brand - Broad | Android | EU | Carousel,9424,230,58.33,30
2025-10-08,Google Ads,GG-200212,UAC - Value | iOS | US | Playables,7191,353,209.4,74
2025-10-08,Google Ads,GG-200213,Search - Non-Brand - Broad | iOS | MENA | Playables,11233,536,238.25,106
2025-10-08,Google Ads,GG-200214,Search - Non-Brand - Broad | iOS | EU | Carousel,9469,253,91.56,19
2025-10-08,Google Ads,GG-200215,UAC - Installs | iOS | US | UGC,13522,350,192.36,72
2025-10-08,Google Ads,GG-200216,Search - Brand - Exact | Android | MENA | Static,14504,680,287.23,89
2025-10-08,Google Ads,GG-200217,Search - Brand - Exact | iOS | APAC | Playables,5762,202,66.94,43
2025-10-08,Google Ads,GG-200218,Search - Non-Brand - Broad | Android | EU | Playables,12539,447,144.56,91
2025-10-08,Google Ads,GG-200219,UAC - Installs | iOS | EU | Carousel,10511,282,173.49,39
2025-10-08,Google Ads,GG-200220,Search - Brand - Exact | Android | EU | Static,10928,519,270.81,48
2025-10-08,Google Ads,GG-200221,Search - Non-Brand - Broad | iOS | EU | Playables,5709,244,108.14,16
2025-10-08,Google Ads,GG-200222,UAC - Installs | iOS | EU | Playables,21628,719,390.27,91
2025-10-08,Google Ads,GG-200223,UAC - Installs | iOS | APAC | UGC,18047,366,175.28,96
2025-10-08,Google Ads,GG-200224,UAC - Value | iOS | LATAM | Carousel,9922,423,273.98,64
2025-10-08,Google Ads,GG-200225,UAC - Installs | iOS | US | UGC,11619,346,188.57,54
2025-10-08,Google Ads,GG-200226,UAC - Value | Android | LATAM | Carousel,12628,443,216.1,65
2025-10-08,Google Ads,GG-200227,Search - Non-Brand - Broad | Android | MENA | Static,17439,816,287.97,125
2025-10-08,Google Ads,GG-200228,UAC - Value | Android | LATAM | Playables,29923,905,458.02,244
2025-10-08,Google Ads,GG-200229,UAC - Installs | iOS | EU | Static,22333,652,320.52,156
2025-10-08,Google Ads,GG-200230,Search - Non-Brand - Broad | Android | APAC | Playables,12743,378,97.37,51
2025-10-08,Google Ads,GG-200231,UAC - Installs | iOS | MENA | Carousel,25088,746,376.66,142
2025-10-08,Google Ads,GG-200232,Search - Non-Brand - Broad | iOS | APAC | UGC,10455,502,251.15,56
2025-10-08,Google Ads,GG-200233,UAC - Value | iOS | EU | Static,19825,584,287.56,120
2025-10-08,Google Ads,GG-200234,Search - Brand - Exact | Android | MENA | Video,15695,617,149.31,91
2025-10-08,Google Ads,GG-200235,UAC - Value | Android | US | Video,18984,756,322.66,205
2025-10-08,Google Ads,GG-200236,Search - Non-Brand - Broad | Android | EU | Video,6554,287,124.93,41
2025-10-08,Google Ads,GG-200237,UAC - Value | Android | EU | Playables,13691,570,360.47,131
2025-10-08,Google Ads,GG-200238,UAC - Value | iOS | US | Playables,7631,314,149.15,87
2025-10-08,Google Ads,GG-200239,UAC - Value | iOS | US | Video,26610,805,451.93,148
2025-10-08,Google Ads,GG-200240,UAC - Installs | Android | US | Playables,39712,1666,995.1,464
2025-10-08,Google Ads,GG-200241,UAC - Value | iOS | US | Playables,23278,771,384.27,156
2025-10-08,Google Ads,GG-200242,Search - Non-Brand - Broad | Android | US | Video,10429,449,229.53,84
2025-10-08,Google Ads,GG-200243,UAC - Installs | Android | EU | Playables,14049,606,347.97,100
2025-10-08,Google Ads,GG-200244,Search - Brand - Exact | iOS | LATAM | UGC,13527,375,161.66,78
2025-10-08,Google Ads,GG-200245,Search - Non-Brand - Broad | iOS | APAC | UGC,24445,1080,528.55,206
2025-10-08,Google Ads,GG-200246,Search - Brand - Exact | Android | LATAM | Video,3891,189,87.3,23
2025-10-08,Google Ads,GG-200247,UAC - Value | Android | APAC | UGC,10572,232,74.87,33
2025-10-08,Google Ads,GG-200248,Search - Non-Brand - Broad | iOS | US | Video,5101,189,83.25,30
2025-10-08,Google Ads,GG-200249,UAC - Installs | Android | APAC | UGC,15855,706,310.43,198
2025-10-08,Google Ads,GG-200250,Search - Non-Brand - Broad | Android | MENA | Video,13553,455,197.61,89
2025-10-08,Google Ads,GG-200251,UAC - Installs | Android | MENA | UGC,25479,734,357.53,144
2025-10-08,Google Ads,GG-200252,Search - Brand - Exact | Android | US | Carousel,14903,641,262.62,116
2025-10-08,Google Ads,GG-200253,Search - Non-Brand - Broad | Android | LATAM | Video,7772,363,150.46,61
2025-10-08,Google Ads,GG-200254,UAC - Installs | Android | APAC | Video,23798,1150,358.57,174
2025-10-08,Google Ads,GG-200255,UAC - Value | Android | MENA | Static,21702,1038,516.4,170
2025-10-08,Google Ads,GG-200256,Search - Brand - Exact | iOS | APAC | Static,17083,355,182.22,74
2025-10-08,Google Ads,GG-200257,UAC - Value | iOS | US | Video,11308,520,341.28,75
2025-10-08,Google Ads,GG-200258,UAC - Value | Android | US | Carousel,17866,424,271.7,91
2025-10-08,Google Ads,GG-200259,UAC - Value | iOS | US | Carousel,9512,250,170.55,58
2025-10-08,Google Ads,GG-200260,UAC - Value | iOS | EU | Carousel,15701,552,299.96,108
2025-10-08,Google Ads,GG-200261,UAC - Value | iOS | EU | Playables,17532,571,393.13,72
2025-10-08,Google Ads,GG-200262,Search - Non-Brand - Broad | Android | MENA | Carousel,18092,486,199.45,87
2025-10-08,Google Ads,GG-200263,Search - Non-Brand - Broad | Android | US | Carousel,9455,462,216.63,102
2025-10-08,Google Ads,GG-200264,UAC - Installs | iOS | EU | UGC,23071,558,301.82,65
2025-10-08,Google Ads,GG-200265,Search - Brand - Exact | iOS | US | Video,10332,297,144.13,56
2025-10-08,Google Ads,GG-200266,UAC - Installs | iOS | APAC | Carousel,21893,877,402.98,234
2025-10-08,Google Ads,GG-200267,Search - Non-Brand - Broad | Android | EU | Video,18817,604,218.65,128
2025-10-08,Google Ads,GG-200268,UAC - Value | iOS | APAC | Playables,22297,937,368.52,168
2025-10-08,Google Ads,GG-200269,UAC - Installs | Android | US | Video,18024,452,171.76,85
2025-10-08,Google Ads,GG-200270,UAC - Installs | Android | MENA | Playables,24656,800,455.52,163
2025-10-08,Google Ads,GG-200271,UAC - Value | iOS | US | Carousel,14009,480,321.55,73
2025-10-08,Google Ads,GG-200272,Search - Non-Brand - Broad | iOS | US | Playables,9331,324,177.97,47
2025-10-08,Google Ads,GG-200273,Search - Non-Brand - Broad | Android | APAC | Static,9763,237,94.28,46
2025-10-08,Google Ads,GG-200274,UAC - Value | iOS | LATAM | Carousel,15126,633,278.71,146
2025-10-08,Google Ads,GG-200275,UAC - Value | Android | US | Static,21918,1087,467.41,307
2025-10-08,Google Ads,GG-200276,UAC - Value | iOS | APAC | Carousel,14265,605,356.89,131
2025-10-08,Google Ads,GG-200277,Search - Non-Brand - Broad | Android | LATAM | Carousel,5673,221,99.58,24
2025-10-08,Google Ads,GG-200278,Search - Non-Brand - Broad | iOS | MENA | Playables,11611,535,289.54,63
2025-10-08,Google Ads,GG-200279,UAC - Installs | iOS | US | Static,12680,420,261.87,92
2025-10-08,Google Ads,GG-200280,UAC - Value | Android | APAC | Carousel,19028,878,466.74,182
2025-10-08,Google Ads,GG-200281,UAC - Value | iOS | APAC | Carousel,20297,566,330.88,103
2025-10-08,Google Ads,GG-200282,Search - Non-Brand - Broad | Android | LATAM | Carousel,21475,506,209.38,46
2025-10-08,Google Ads,GG-200283,UAC - Value | iOS | LATAM | Static,13644,657,420.41,180
2025-10-08,Google Ads,GG-200284,Search - Non-Brand - Broad | iOS | LATAM | UGC,8311,335,161.74,28
2025-10-08,Google Ads,GG-200285,UAC - Value | iOS | APAC | Carousel,14922,550,280.06,64
2025-10-08,Google Ads,GG-200286,Search - Non-Brand - Broad | iOS | US | Playables,12453,308,155.26,48
2025-10-08,Google Ads,GG-200287,UAC - Value | Android | MENA | Video,16738,694,320.77,202
2025-10-08,Google Ads,GG-200288,Search - Brand - Exact | Android | APAC | Carousel,15857,502,178.96,71
2025-10-08,Google Ads,GG-200289,UAC - Installs | iOS | APAC | Static,14123,409,152.35,94
2025-10-08,Google Ads,GG-200290,UAC - Value | Android | LATAM | Static,15079,643,219.97,136
2025-10-08,Google Ads,GG-200291,UAC - Value | iOS | US | UGC,14063,694,359.08,95
2025-10-08,Google Ads,GG-200292,UAC - Value | iOS | MENA | Playables,13042,632,247.81,112
2025-10-08,Google Ads,GG-200293,Search - Brand - Exact | Android | LATAM | Playables,13714,358,86.89,41
2025-10-08,Google Ads,GG-200294,Search - Non-Brand - Broad | Android | EU | Carousel,6180,234,74.81,33
2025-10-08,Google Ads,GG-200295,UAC - Installs | Android | MENA | UGC,15335,377,212.67,97
2025-10-08,Google Ads,GG-200296,Search - Brand - Exact | iOS | US | Video,19228,531,259.18,64
2025-10-08,Google Ads,GG-200297,Search - Non-Brand - Broad | iOS | EU | Playables,11949,413,159.95,57
2025-10-08,Google Ads,GG-200298,UAC - Value | iOS | LATAM | UGC,17960,817,407.19,187
2025-10-08,Google Ads,GG-200299,UAC - Value | Android | LATAM | Video,13824,595,328.86,151
2025-10-08,Google Ads,GG-200300,Search - Brand - Exact | Android | LATAM | UGC,9809,301,61.37,57
2025-10-08,Google Ads,GG-200301,UAC - Installs | Android | EU | Carousel,13337,440,189.07,131
2025-10-08,Google Ads,GG-200302,UAC - Value | iOS | APAC | Static,9757,449,247.08,52
2025-10-08,Google Ads,GG-200303,UAC - Value | iOS | APAC | Video,12484,286,108.25,78
2025-10-08,Google Ads,GG-200304,UAC - Installs | iOS | LATAM | Video,9069,376,136.11,82
2025-10-08,Google Ads,GG-200305,UAC - Installs | Android | US | Video,11370,240,112.7,64
2025-10-08,Google Ads,GG-200306,Search - Non-Brand - Broad | Android | EU | Static,11737,456,159.01,54
2025-10-08,Google Ads,GG-200307,UAC - Value | Android | LATAM | Playables,20851,974,397.0,239
2025-10-08,Google Ads,GG-200308,Search - Non-Brand - Broad | iOS | EU | UGC,10759,440,215.78,79
2025-10-08,Google Ads,GG-200309,Search - Brand - Exact | Android | APAC | UGC,8272,326,137.64,64
2025-10-08,Google Ads,GG-200310,UAC - Value | Android | APAC | Playables,22150,800,433.2,235
2025-10-08,Google Ads,GG-200311,Search - Non-Brand - Broad | iOS | US | Static,11981,272,114.73,42
2025-10-08,Google Ads,GG-200312,Search - Brand - Exact | iOS | US | Playables,12934,389,167.78,43
2025-10-08,Google Ads,GG-200313,Search - Non-Brand - Broad | Android | LATAM | Carousel,8155,209,61.28,32
2025-10-08,Google Ads,GG-200314,UAC - Value | iOS | US | Carousel,18703,416,178.05,96
2025-10-08,Google Ads,GG-200315,UAC - Value | iOS | MENA | UGC,23405,570,257.64,96
2025-10-08,Google Ads,GG-200316,UAC - Value | Android | LATAM | Carousel,15797,694,335.9,204
2025-10-08,Google Ads,GG-200317,Search - Brand - Exact | Android | LATAM | Playables,5489,150,36.98,35
2025-10-08,Google Ads,GG-200318,Search - Non-Brand - Broad | Android | LATAM | Video,12862,427,189.37,40
2025-10-08,Google Ads,GG-200319,UAC - Installs | iOS | US | Static,30463,1050,558.28,214
2025-10-08,Google Ads,GG-200320,UAC - Value | Android | MENA | UGC,11825,440,251.11,86
2025-10-08,Google Ads,GG-200321,UAC - Value | Android | MENA | UGC,16123,710,304.87,136
2025-10-08,Google Ads,GG-200322,Search - Non-Brand - Broad | Android | APAC | Playables,18033,534,239.34,101
2025-10-08,Google Ads,GG-200323,Search - Non-Brand - Broad | Android | APAC | Carousel,14387,683,338.56,130
2025-10-08,Google Ads,GG-200324,Search - Brand - Exact | Android | LATAM | UGC,11716,481,237.08,100
2025-10-08,Google Ads,GG-200325,Search - Non-Brand - Broad | iOS | US | UGC,13893,469,202.33,70
2025-10-08,Google Ads,GG-200326,UAC - Value | Android | APAC | Playables,10385,486,215.3,121
2025-10-08,Google Ads,GG-200327,UAC - Value | iOS | APAC | UGC,17769,502,213.65,131
2025-10-08,Google Ads,GG-200328,Search - Brand - Exact | iOS | EU | Video,10252,326,162.51,33
2025-10-08,Google Ads,GG-200329,UAC - Installs | Android | LATAM | Video,13942,612,276.87,121
2025-10-08,Google Ads,GG-200330,Search - Non-Brand - Broad | Android | MENA | Carousel,20523,443,188.85,75
2025-10-08,Google Ads,GG-200331,Search - Brand - Exact | iOS | MENA | UGC,4971,161,48.04,13
2025-10-08,Google Ads,GG-200332,UAC - Installs | Android | LATAM | Playables,17555,840,435.62,156
2025-10-08,Google Ads,GG-200333,Search - Non-Brand - Broad | Android | APAC | Playables,10407,422,186.31,56
2025-10-08,Google Ads,GG-200334,UAC - Installs | iOS | US | Static,13929,458,217.82,57
2025-10-08,Google Ads,GG-200335,UAC - Installs | Android | APAC | Carousel,20577,811,263.17,167
2025-10-08,Google Ads,GG-200336,Search - Non-Brand - Broad | Android | APAC | Video,16952,686,156.82,48
2025-10-08,Google Ads,GG-200337,UAC - Value | Android | MENA | Carousel,19850,579,312.66,131
2025-10-08,Google Ads,GG-200338,Search - Non-Brand - Broad | Android | MENA | Static,8559,308,151.75,26
2025-10-08,Google Ads,GG-200339,UAC - Installs | Android | US | Playables,12312,311,149.96,85
2025-10-08,Google Ads,GG-200340,Search - Non-Brand - Broad | iOS | MENA | Playables,6367,305,157.53,56
2025-10-08,Google Ads,GG-200341,UAC - Installs | iOS | LATAM | Carousel,17835,414,229.73,87
2025-10-08,Google Ads,GG-200342,Search - Brand - Exact | Android | EU | UGC,14680,442,170.79,80
2025-10-08,Google Ads,GG-200343,Search - Non-Brand - Broad | iOS | EU | Static,15030,602,192.4,55
2025-10-08,Google Ads,GG-200344,UAC - Value | Android | LATAM | Static,17275,375,223.01,79
2025-10-08,Google Ads,GG-200345,UAC - Installs | iOS | EU | Playables,13707,517,338.27,64
2025-10-08,Google Ads,GG-200346,Search - Brand - Exact | iOS | APAC | UGC,8889,379,167.9,37
2025-10-08,Google Ads,GG-200347,UAC - Installs | Android | APAC | Playables,11194,434,182.84,84
2025-10-08,Google Ads,GG-200348,UAC - Installs | iOS | APAC | UGC,10702,373,218.54,59
2025-10-08,Google Ads,GG-200349,UAC - Installs | Android | US | UGC,17393,445,167.68,125
2025-10-09,Google Ads,GG-200000,Search - Brand - Exact | iOS | US | Carousel,9253,408,133.42,69
2025-10-09,Google Ads,GG-200001,UAC - Value | Android | US | Static,8959,212,77.27,62
2025-10-09,Google Ads,GG-200002,Search - Non-Brand - Broad | iOS | MENA | Playables,8352,328,180.33,18
2025-10-09,Google Ads,GG-200003,UAC - Value | iOS | LATAM | Carousel,15254,343,197.22,82
2025-10-09,Google Ads,GG-200004,Search - Brand - Exact | iOS | LATAM | Playables,21037,962,465.32,165
2025-10-09,Google Ads,GG-200005,Search - Brand - Exact | iOS | US | Carousel,16654,437,134.6,82
2025-10-09,Google Ads,GG-200006,Search - Non-Brand - Broad | iOS | LATAM | Carousel,5342,190,48.24,31
2025-10-09,Google Ads,GG-200007,Search - Non-Brand - Broad | iOS | US | Playables,8210,343,187.59,51
2025-10-09,Google Ads,GG-200008,Search - Non-Brand - Broad | iOS | LATAM | UGC,14894,472,204.33,51
2025-10-09,Google Ads,GG-200009,UAC - Value | Android | LATAM | Playables,11766,520,291.88,124
2025-10-09,Google Ads,GG-200010,Search - Brand - Exact | iOS | EU | Playables,10600,321,98.84,23
2025-10-09,Google Ads,GG-200011,Search - Brand - Exact | iOS | MENA | Carousel,15451,382,120.22,58
2025-10-09,Google Ads,GG-200012,Search - Non-Brand - Broad | iOS | LATAM | Static,9369,259,67.57,45
2025-10-09,Google Ads,GG-200013,Search - Non-Brand - Broad | iOS | APAC | Static,11356,547,143.81,61
2025-10-09,Google Ads,GG-200014,UAC - Installs | Android | EU | Video,23614,1156,662.5,252
2025-10-09,Google Ads,GG-200015,Search - Brand - Exact | Android | MENA | Playables,9681,439,211.47,101
2025-10-09,Google Ads,GG-200016,UAC - Value | iOS | MENA | Static,12050,460,273.93,110
2025-10-09,Google Ads,GG-200017,Search - Non-Brand - Broad | Android | EU | Static,14669,707,221.93,164
2025-10-09,Google Ads,GG-200018,UAC - Installs | iOS | US | UGC,21486,784,416.23,100
2025-10-09,Google Ads,GG-200019,UAC - Installs | Android | APAC | Playables,18927,744,255.04,123
2025-10-09,Google Ads,GG-200020,Search - Non-Brand - Broad | iOS | EU | Playables,12973,608,183.31,84
2025-10-09,Google Ads,GG-200021,UAC - Installs | iOS | APAC | Static,16142,553,304.21,112
2025-10-09,Google Ads,GG-200022,UAC - Value | iOS | APAC | Carousel,15652,652,238.63,145
2025-10-09,Google Ads,GG-200023,Search - Non-Brand - Broad | iOS | EU | Static,14123,302,123.97,44
2025-10-09,Google Ads,GG-200024,UAC - Installs | iOS | US | UGC,15518,773,539.24,161
2025-10-09,Google Ads,GG-200025,UAC - Installs | Android | MENA | Video,17782,688,335.61,179
2025-10-09,Google Ads,GG-200026,UAC - Value | Android | EU | Carousel,14787,563,298.45,143
2025-10-09,Google Ads,GG-200027,Search - Non-Brand - Broad | Android | APAC | Video,17136,799,230.67,128
2025-10-09,Google Ads,GG-200028,UAC - Value | iOS | LATAM | Video,15174,350,124.74,68
2025-10-09,Google Ads,GG-200029,UAC - Installs | Android | APAC | Playables,22985,593,209.03,96
2025-10-09,Google Ads,GG-200030,UAC - Installs | Android | APAC | Video,15930,781,329.04,175
2025-10-09,Google Ads,GG-200031,Search - Brand - Exact | Android | US | Carousel,13486,670,262.57,92
2025-10-09,Google Ads,GG-200032,Search - Brand - Exact | iOS | EU | Static,14611,620,243.6,130
2025-10-09,Google Ads,GG-200033,UAC - Value | iOS | APAC | Static,16250,651,345.49,111
2025-10-09,Google Ads,GG-200034,Search - Brand - Exact | iOS | MENA | Video,16126,726,395.16,138
2025-10-09,Google Ads,GG-200035,Search - Non-Brand - Broad | Android | LATAM | Static,7855,184,44.66,34
2025-10-09,Google Ads,GG-200036,Search - Non-Brand - Broad | iOS | US | Carousel,11310,426,173.64,70
2025-10-09,Google Ads,GG-200037,Search - Non-Brand - Broad | iOS | US | Video,8585,270,111.64,32
2025-10-09,Google Ads,GG-200038,Search - Brand - Exact | iOS | MENA | UGC,6988,280,127.6,20
2025-10-09,Google Ads,GG-200039,Search - Brand - Exact | Android | APAC | Playables,11678,577,245.28,65
2025-10-09,Google Ads,GG-200040,UAC - Value | Android | EU | Carousel,17431,511,256.88,120
2025-10-09,Google Ads,GG-200041,Search - Non-Brand - Broad | Android | MENA | Carousel,20889,717,191.51,50
2025-10-09,Google Ads,GG-200042,UAC - Installs | iOS | EU | Video,16620,359,233.39,86
2025-10-09,Google Ads,GG-200043,Search - Brand - Exact | Android | MENA | Playables,10307,457,137.33,107
2025-10-09,Google Ads,GG-200044,UAC - Value | iOS | APAC | Video,9409,267,116.92,56
2025-10-09,Google Ads,GG-200045,UAC - Installs | iOS | LATAM | Video,13906,600,365.34,119
2025-10-09,Google Ads,GG-200046,Search - Brand - Exact | Android | LATAM | Static,10355,321,125.61,37
2025-10-09,Google Ads,GG-200047,UAC - Installs | iOS | EU | Video,13951,442,184.53,119
2025-10-09,Google Ads,GG-200048,UAC - Value | iOS | EU | UGC,12924,311,126.2,76
2025-10-09,Google Ads,GG-200049,UAC - Value | Android | EU | Video,18519,633,294.53,87
2025-10-09,Google Ads,GG-200050,Search - Brand - Exact | Android | LATAM | Static,11574,369,131.81,59
2025-10-09,Google Ads,GG-200051,UAC - Installs | Android | US | Carousel,12802,345,217.76,100
2025-10-09,Google Ads,GG-200052,UAC - Installs | iOS | MENA | UGC,9171,213,109.35,26
2025-10-09,Google Ads,GG-200053,UAC - Installs | Android | EU | Carousel,35151,876,333.32,203
2025-10-09,Google Ads,GG-200054,Search - Brand - Exact | Android | LATAM | Carousel,11561,463,110.98,71
2025-10-09,Google Ads,GG-200055,UAC - Value | iOS | APAC | UGC,22986,610,227.1,136
2025-10-09,Google Ads,GG-200056,UAC - Value | iOS | LATAM | Static,29823,885,347.19,156
2025-10-09,Google Ads,GG-200057,UAC - Installs | iOS | LATAM | Playables,12772,360,233.46,54
2025-10-09,Google Ads,GG-200058,UAC - Value | Android | APAC | Video,14250,345,151.46,91
2025-10-09,Google Ads,GG-200059,UAC - Installs | Android | MENA | Carousel,17329,353,122.99,51
2025-10-09,Google Ads,GG-200060,UAC - Installs | Android | US | Carousel,20580,572,359.9,115
2025-10-09,Google Ads,GG-200061,UAC - Value | iOS | APAC | Playables,23681,1030,572.68,189
2025-10-09,Google Ads,GG-200062,UAC - Value | Android | APAC | Carousel,18848,441,200.48,98
2025-10-09,Google Ads,GG-200063,UAC - Value | Android | LATAM | Playables,13288,493,214.41,126
2025-10-09,Google Ads,GG-200064,UAC - Value | iOS | US | Video,11987,573,249.66,109
2025-10-09,Google Ads,GG-200065,Search - Brand - Exact | iOS | MENA | Static,7703,362,146.79,67
2025-10-09,Google Ads,GG-200066,Search - Brand - Exact | Android | MENA | UGC,9749,387,97.25,41
2025-10-09,Google Ads,GG-200067,UAC - Installs | Android | US | Static,19264,612,374.54,117
2025-10-09,Google Ads,GG-200068,Search - Brand - Exact | iOS | APAC | Playables,12525,464,217.94,64
2025-10-09,Google Ads,GG-200069,UAC - Installs | Android | APAC | Carousel,19877,480,225.79,141
2025-10-09,Google Ads,GG-200070,Search - Non-Brand - Broad | iOS | US | Playables,6008,162,78.89,23
2025-10-09,Google Ads,GG-200071,UAC - Installs | iOS | APAC | Carousel,13503,321,200.82,81
2025-10-09,Google Ads,GG-200072,Search - Non-Brand - Broad | Android | US | Video,12195,402,187.25,77
2025-10-09,Google Ads,GG-200073,Search - Brand - Exact | iOS | MENA | UGC,19635,568,245.21,110
2025-10-09,Google Ads,GG-200074,Search - Non-Brand - Broad | iOS | LATAM | UGC,13325,516,207.59,110
2025-10-09,Google Ads,GG-200075,Search - Brand - Exact | iOS | APAC | Static,11862,269,141.79,24
2025-10-09,Google Ads,GG-200076,Search - Non-Brand - Broad | Android | US | UGC,4517,115,60.97,16
2025-10-09,Google Ads,GG-200077,UAC - Installs | iOS | US | Carousel,12029,500,299.55,94
2025-10-09,Google Ads,GG-200078,UAC - Installs | Android | MENA | Playables,22342,739,331.96,202
2025-10-09,Google Ads,GG-200079,UAC - Installs | iOS | EU | Static,10570,273,190.64,31
2025-10-09,Google Ads,GG-200080,Search - Non-Brand - Broad | Android | US | Static,9350,362,116.27,28
2025-10-09,Google Ads,GG-200081,UAC - Installs | Android | APAC | Video,19203,591,353.6,115
2025-10-09,Google Ads,GG-200082,Search - Non-Brand - Broad | iOS | APAC | Playables,12037,341,140.66,62
2025-10-09,Google Ads,GG-200083,UAC - Value | Android | US | Carousel,17392,835,390.78,192
2025-10-09,Google Ads,GG-200084,UAC - Value | iOS | MENA | UGC,13188,514,200.41,103
2025-10-09,Google Ads,GG-200085,Search - Brand - Exact | Android | EU | Carousel,18102,832,424.24,85
2025-10-09,Google Ads,GG-200086,UAC - Installs | iOS | APAC | Playables,13510,302,167.37,50
2025-10-09,Google Ads,GG-200087,Search - Non-Brand - Broad | Android | MENA | Playables,13369,461,218.61,59
2025-10-09,Google Ads,GG-200088,Search - Brand - Exact | Android | APAC | Playables,6164,164,58.86,33
2025-10-09,Google Ads,GG-200089,UAC - Installs | Android | MENA | Static,11554,405,189.54,79
2025-10-09,Google Ads,GG-200090,Search - Non-Brand - Broad | Android | EU | Carousel,10892,495,171.91,85
2025-10-09,Google Ads,GG-200091,Search - Brand - Exact | iOS | MENA | Carousel,14230,396,99.91,40
2025-10-09,Google Ads,GG-200092,UAC - Installs | iOS | EU | Playables,16088,723,487.45,153
2025-10-09,Google Ads,GG-200093,Search - Brand - Exact | Android | LATAM | Playables,9904,297,80.43,60
2025-10-09,Google Ads,GG-200094,Search - Non-Brand - Broad | Android | MENA | Playables,14355,333,149.28,34
2025-10-09,Google Ads,GG-200095,UAC - Installs | Android | MENA | Playables,19590,517,220.14,131
2025-10-09,Google Ads,GG-200096,Search - Brand - Exact | Android | US | Video,8387,171,74.59,39
2025-10-09,Google Ads,GG-200097,UAC - Value | iOS | EU | Playables,16700,476,300.31,59
2025-10-09,Google Ads,GG-200098,UAC - Installs | Android | APAC | Playables,5085,207,94.62,46
2025-10-09,Google Ads,GG-200099,UAC - Value | iOS | APAC | Static,12112,244,111.83,36
2025-10-09,Google Ads,GG-200100,Search - Brand - Exact | iOS | APAC | Video,5526,265,110.56,54
2025-10-09,Google Ads,GG-200101,UAC - Value | Android | APAC | UGC,25677,1179,560.14,236
2025-10-09,Google Ads,GG-200102,Search - Non-Brand - Broad | iOS | EU | Carousel,11412,469,212.5,101
2025-10-09,Google Ads,GG-200103,UAC - Value | iOS | LATAM | Carousel,13078,549,261.65,94
2025-10-09,Google Ads,GG-200104,Search - Brand - Exact | Android | LATAM | Playables,10157,295,113.37,26
2025-10-09,Google Ads,GG-200105,Search - Brand - Exact | iOS | EU | UGC,15062,312,180.9,15
2025-10-09,Google Ads,GG-200106,Search - Non-Brand - Broad | iOS | APAC | Static,7480,346,94.04,31
2025-10-09,Google Ads,GG-200107,UAC - Value | Android | US | Carousel,11759,276,123.59,50
2025-10-09,Google Ads,GG-200108,UAC - Installs | iOS | EU | Static,9252,303,188.28,68
2025-10-09,Google Ads,GG-200109,UAC - Value | iOS | EU | Static,14131,544,280.54,117
2025-10-09,Google Ads,GG-200110,UAC - Value | iOS | APAC | Carousel,11191,365,226.19,89
2025-10-09,Google Ads,GG-200111,UAC - Value | Android | US | UGC,7817,331,128.73,90
2025-10-09,Google Ads,GG-200112,UAC - Installs | Android | EU | Playables,13728,303,125.9,81
2025-10-09,Google Ads,GG-200113,UAC - Value | Android | US | Carousel,38595,926,556.43,140
2025-10-09,Google Ads,GG-200114,Search - Brand - Exact | iOS | LATAM | Playables,7160,155,73.08,31
2025-10-09,Google Ads,GG-200115,UAC - Installs | Android | APAC | Static,11835,309,143.93,58
2025-10-09,Google Ads,GG-200116,Search - Brand - Exact | iOS | APAC | Carousel,8757,221,67.23,24
2025-10-09,Google Ads,GG-200117,Search - Non-Brand - Broad | iOS | US | Playables,6125,225,85.43,16
2025-10-09,Google Ads,GG-200118,Search - Brand - Exact | iOS | MENA | Carousel,11088,493,249.7,86
2025-10-09,Google Ads,GG-200119,UAC - Installs | iOS | MENA | UGC,17027,392,143.43,101
2025-10-09,Google Ads,GG-200120,UAC - Value | Android | EU | Video,20003,529,255.45,133
2025-10-09,Google Ads,GG-200121,UAC - Installs | iOS | LATAM | Playables,21357,546,328.36,62
2025-10-09,Google Ads,GG-200122,UAC - Value | Android | EU | Playables,20620,667,267.73,98
2025-10-09,Google Ads,GG-200123,Search - Non-Brand - Broad | Android | US | Video,9829,218,74.34,35
2025-10-09,Google Ads,GG-200124,UAC - Value | iOS | APAC | Playables,8368,365,221.45,73
2025-10-09,Google Ads,GG-200125,Search - Non-Brand - Broad | Android | MENA | Playables,22159,524,218.72,77
2025-10-09,Google Ads,GG-200126,Search - Non-Brand - Broad | iOS | MENA | Carousel,8200,168,58.77,33
2025-10-09,Google Ads,GG-200127,UAC - Installs | iOS | MENA | Carousel,17818,738,284.06,193
2025-10-09,Google Ads,GG-200128,UAC - Value | iOS | MENA | Carousel,23840,791,315.29,131
2025-10-09,Google Ads,GG-200129,Search - Brand - Exact | Android | LATAM | Carousel,11287,534,221.93,56
2025-10-09,Google Ads,GG-200130,Search - Brand - Exact | iOS | MENA | Carousel,22565,802,231.94,43
2025-10-09,Google Ads,GG-200131,Search - Non-Brand - Broad | iOS | LATAM | Playables,7812,241,112.98,41
2025-10-09,Google Ads,GG-200132,Search - Non-Brand - Broad | Android | MENA | UGC,19790,686,304.04,128
2025-10-09,Google Ads,GG-200133,Search - Brand - Exact | iOS | EU | Static,11869,393,198.5,65
2025-10-09,Google Ads,GG-200134,UAC - Value | Android | EU | Video,14306,515,323.06,136
2025-10-09,Google Ads,GG-200135,UAC - Value | iOS | APAC | Static,18486,392,139.24,108
2025-10-09,Google Ads,GG-200136,UAC - Value | Android | APAC | Playables,9609,284,124.42,53
2025-10-09,Google Ads,GG-200137,Search - Non-Brand - Broad | Android | EU | Playables,8513,315,166.51,27
2025-10-09,Google Ads,GG-200138,UAC - Value | iOS | APAC | Playables,31952,1357,745.26,170
2025-10-09,Google Ads,GG-200139,UAC - Installs | iOS | EU | UGC,10441,368,153.46,91
2025-10-09,Google Ads,GG-200140,UAC - Value | iOS | LATAM | Playables,24024,840,447.38,108
2025-10-09,Google Ads,GG-200141,UAC - Installs | Android | EU | Carousel,21891,513,203.76,142
2025-10-09,Google Ads,GG-200142,Search - Non-Brand - Broad | Android | LATAM | Carousel,11236,263,113.46,48
2025-10-09,Google Ads,GG-200143,UAC - Installs | iOS | LATAM | UGC,12480,591,214.3,127
2025-10-09,Google Ads,GG-200144,UAC - Value | iOS | LATAM | Video,14821,491,208.48,131
2025-10-09,Google Ads,GG-200145,UAC - Installs | iOS | LATAM | Static,9845,253,117.42,36
2025-10-09,Google Ads,GG-200146,UAC - Installs | Android | LATAM | Video,14450,514,177.28,135
2025-10-09,Google Ads,GG-200147,Search - Non-Brand - Broad | iOS | LATAM | UGC,7809,286,105.36,39
2025-10-09,Google Ads,GG-200148,UAC - Installs | Android | MENA | Carousel,15398,583,240.6,77
2025-10-09,Google Ads,GG-200149,Search - Non-Brand - Broad | Android | US | Playables,13234,659,233.94,88
2025-10-09,Google Ads,GG-200150,Search - Non-Brand - Broad | Android | US | Playables,25145,1042,438.37,134
2025-10-09,Google Ads,GG-200151,UAC - Value | Android | US | Video,16906,731,306.07,151
2025-10-09,Google Ads,GG-200152,Search - Non-Brand - Broad | iOS | APAC | Video,6657,210,100.55,15
2025-10-09,Google Ads,GG-200153,UAC - Value | Android | MENA | Static,14695,621,215.42,95
2025-10-09,Google Ads,GG-200154,UAC - Installs | iOS | APAC | Static,11188,410,177.69,56
2025-10-09,Google Ads,GG-200155,Search - Brand - Exact | iOS | LATAM | Video,7749,174,65.75,26
2025-10-09,Google Ads,GG-200156,Search - Non-Brand - Broad | Android | MENA | Video,4897,113,33.43,26
2025-10-09,Google Ads,GG-200157,UAC - Value | iOS | EU | Video,12840,259,158.09,66
2025-10-09,Google Ads,GG-200158,Search - Brand - Exact | iOS | EU | Carousel,6140,299,140.32,54
2025-10-09,Google Ads,GG-200159,Search - Brand - Exact | Android | LATAM | Playables,19914,770,239.7,131
2025-10-09,Google Ads,GG-200160,UAC - Value | iOS | LATAM | UGC,24154,665,400.66,88
2025-10-09,Google Ads,GG-200161,UAC - Installs | Android | MENA | UGC,8315,177,56.25,26
2025-10-09,Google Ads,GG-200162,Search - Non-Brand - Broad | Android | US | Carousel,13645,441,140.68,64
2025-10-09,Google Ads,GG-200163,Search - Brand - Exact | iOS | LATAM | Static,5894,192,50.46,10
2025-10-09,Google Ads,GG-200164,Search - Non-Brand - Broad | iOS | LATAM | Playables,14540,669,188.99,72
2025-10-09,Google Ads,GG-200165,UAC - Value | Android | MENA | UGC,22523,726,239.94,101
2025-10-09,Google Ads,GG-200166,Search - Brand - Exact | iOS | US | UGC,11266,553,324.17,73
2025-10-09,Google Ads,GG-200167,UAC - Installs | Android | EU | UGC,12876,333,118.28,67
2025-10-09,Google Ads,GG-200168,UAC - Value | Android | US | Carousel,10033,380,189.58,62
2025-10-09,Google Ads,GG-200169,UAC - Installs | Android | APAC | Carousel,20093,886,472.33,206
2025-10-09,Google Ads,GG-200170,Search - Brand - Exact | iOS | MENA | Playables,18176,848,323.09,63
2025-10-09,Google Ads,GG-200171,Search - Brand - Exact | iOS | LATAM | Static,7359,177,89.58,9
2025-10-09,Google Ads,GG-200172,Search - Non-Brand - Broad | Android | APAC | Carousel,23310,904,187.58,73
2025-10-09,Google Ads,GG-200173,Search - Brand - Exact | iOS | MENA | Carousel,17189,584,306.13,32
2025-10-09,Google Ads,GG-200174,Search - Non-Brand - Broad | iOS | LATAM | Playables,10606,473,198.14,79
2025-10-09,Google Ads,GG-200175,Search - Non-Brand - Broad | Android | EU | UGC,7209,212,95.46,40
2025-10-09,Google Ads,GG-200176,UAC - Value | iOS | MENA | Carousel,14022,528,287.23,111
2025-10-09,Google Ads,GG-200177,Search - Non-Brand - Broad | iOS | MENA | Static,9479,340,135.25,29
2025-10-09,Google Ads,GG-200178,UAC - Installs | Android | MENA | UGC,21868,832,436.8,122
2025-10-09,Google Ads,GG-200179,Search - Brand - Exact | Android | MENA | Video,14359,496,240.96,75
2025-10-09,Google Ads,GG-200180,Search - Non-Brand - Broad | Android | MENA | Playables,11527,303,123.23,47
2025-10-09,Google Ads,GG-200181,UAC - Value | Android | LATAM | Playables,11558,270,130.46,72
2025-10-09,Google Ads,GG-200182,UAC - Value | Android | EU | Playables,27845,1355,531.02,225
2025-10-09,Google Ads,GG-200183,Search - Brand - Exact | Android | MENA | UGC,7110,322,74.61,45
2025-10-09,Google Ads,GG-200184,UAC - Value | iOS | EU | Playables,10653,295,193.2,77
2025-10-09,Google Ads,GG-200185,UAC - Value | iOS | MENA | Video,10373,322,180.48,69
2025-10-09,Google Ads,GG-200186,UAC - Installs | iOS | US | UGC,7906,370,157.29,68
2025-10-09,Google Ads,GG-200187,Search - Brand - Exact | Android | EU | Playables,7645,287,96.69,52
2025-10-09,Google Ads,GG-200188,Search - Brand - Exact | Android | APAC | Carousel,7987,222,80.03,21
2025-10-09,Google Ads,GG-200189,Search - Brand - Exact | Android | US | UGC,10115,360,169.63,39
2025-10-09,Google Ads,GG-200190,Search - Non-Brand - Broad | iOS | APAC | Static,14994,327,84.27,46
2025-10-09,Google Ads,GG-200191,UAC - Value | iOS | LATAM | UGC,12639,567,229.01,80
2025-10-09,Google Ads,GG-200192,Search - Non-Brand - Broad | iOS | APAC | Video,10572,507,204.47,68
2025-10-09,Google Ads,GG-200193,UAC - Value | iOS | US | Static,9011,361,205.01,70
2025-10-09,Google Ads,GG-200194,Search - Brand - Exact | Android | EU | Video,25118,861,379.36,99
2025-10-09,Google Ads,GG-200195,UAC - Value | iOS | APAC | Playables,15048,709,266.94,148
2025-10-09,Google Ads,GG-200196,UAC - Value | iOS | EU | Static,11771,407,245.14,100
2025-10-09,Google Ads,GG-200197,Search - Non-Brand - Broad | iOS | EU | Carousel,9263,283,151.04,36
2025-10-09,Google Ads,GG-200198,Search - Brand - Exact | Android | US | UGC,8866,189,81.53,26
2025-10-09,Google Ads,GG-200199,Search - Brand - Exact | Android | EU | Video,13329,485,226.06,111
2025-10-09,Google Ads,GG-200200,Search - Brand - Exact | Android | APAC | Playables,13951,343,103.38,46
2025-10-09,Google Ads,GG-200201,UAC - Value | Android | US | UGC,22886,624,336.4,110
2025-10-09,Google Ads,GG-200202,Search - Brand - Exact | Android | MENA | Static,20184,564,180.48,106
2025-10-09,Google Ads,GG-200203,Search - Non-Brand - Broad | Android | MENA | Carousel,9635,477,151.97,45
2025-10-09,Google Ads,GG-200204,UAC - Installs | iOS | MENA | Playables,16172,727,273.93,89
2025-10-09,Google Ads,GG-200205,Search - Non-Brand - Broad | Android | LATAM | Static,11550,575,157.84,104
2025-10-09,Google Ads,GG-200206,Search - Brand - Exact | iOS | LATAM | Carousel,11161,359,114.81,46
2025-10-09,Google Ads,GG-200207,UAC - Value | Android | APAC | Playables,13567,372,214.09,68
2025-10-09,Google Ads,GG-200208,UAC - Installs | Android | LATAM | UGC,13271,408,239.41,105
2025-10-09,Google Ads,GG-200209,UAC - Installs | iOS | APAC | Static,7279,239,130.28,61
2025-10-09,Google Ads,GG-200210,UAC - Value | iOS | EU | Playables,8425,287,178.54,75
2025-10-09,Google Ads,GG-200211,Search - Non-Brand - Broad | Android | EU | Carousel,15721,644,275.89,107
2025-10-09,Google Ads,GG-200212,UAC - Value | iOS | US | Playables,15459,495,321.75,66
2025-10-09,Google Ads,GG-200213,Search - Non-Brand - Broad | iOS | MENA | Playables,9935,451,126.91,39
2025-10-09,Google Ads,GG-200214,Search - Non-Brand - Broad | iOS | EU | Carousel,8286,270,134.73,41
2025-10-09,Google Ads,GG-200215,UAC - Installs | iOS | US | UGC,18327,749,423.11,122
2025-10-09,Google Ads,GG-200216,Search - Brand - Exact | Android | MENA | Static,13799,519,256.23,107
2025-10-09,Google Ads,GG-200217,Search - Brand - Exact | iOS | APAC | Playables,7997,303,92.17,58
2025-10-09,Google Ads,GG-200218,Search - Non-Brand - Broad | Android | EU | Playables,21709,463,131.49,69
2025-10-09,Google Ads,GG-200219,UAC - Installs | iOS | EU | Carousel,11004,416,260.33,85
2025-10-09,Google Ads,GG-200220,Search - Brand - Exact | Android | EU | Static,18462,424,179.69,53
2025-10-09,Google Ads,GG-200221,Search - Non-Brand - Broad | iOS | EU | Playables,9339,193,95.88,28
2025-10-09,Google Ads,GG-200222,UAC - Installs | iOS | EU | Playables,15118,719,503.01,162
2025-10-09,Google Ads,GG-200223,UAC - Installs | iOS | APAC | UGC,16854,647,310.17,116
2025-10-09,Google Ads,GG-200224,UAC - Value | iOS | LATAM | Carousel,21368,629,383.44,121
2025-10-09,Google Ads,GG-200225,UAC - Installs | iOS | US | UGC,7267,243,166.67,58
2025-10-09,Google Ads,GG-200226,UAC - Value | Android | LATAM | Carousel,12624,344,183.94,59
2025-10-09,Google Ads,GG-200227,Search - Non-Brand - Broad | Android | MENA | Static,8879,346,149.16,44
2025-10-09,Google Ads,GG-200228,UAC - Value | Android | LATAM | Playables,12993,620,187.67,178
2025-10-09,Google Ads,GG-200229,UAC - Installs | iOS | EU | Static,12431,305,138.56,73
2025-10-09,Google Ads,GG-200230,Search - Non-Brand - Broad | Android | APAC | Playables,9477,227,66.92,18
2025-10-09,Google Ads,GG-200231,UAC - Installs | iOS | MENA | Carousel,11759,582,219.82,154
2025-10-09,Google Ads,GG-200232,Search - Non-Brand - Broad | iOS | APAC | UGC,11655,580,146.04,118
2025-10-09,Google Ads,GG-200233,UAC - Value | iOS | EU | Static,9371,463,252.06,89
2025-10-09,Google Ads,GG-200234,Search - Brand - Exact | Android | MENA | Video,5909,181,86.74,40
2025-10-09,Google Ads,GG-200235,UAC - Value | Android | US | Video,11955,496,291.55,136
2025-10-09,Google Ads,GG-200236,Search - Non-Brand - Broad | Android | EU | Video,13157,343,111.61,66
2025-10-09,Google Ads,GG-200237,UAC - Value | Android | EU | Playables,19224,786,447.08,217
2025-10-09,Google Ads,GG-200238,UAC - Value | iOS | US | Playables,16535,818,559.84,114
2025-10-09,Google Ads,GG-200239,UAC - Value | iOS | US | Video,12465,336,167.09,51
2025-10-09,Google Ads,GG-200240,UAC - Installs | Android | US | Playables,38356,1059,578.0,189
2025-10-09,Google Ads,GG-200241,UAC - Value | iOS | US | Playables,17837,809,342.21,108
2025-10-09,Google Ads,GG-200242,Search - Non-Brand - Broad | Android | US | Video,10175,437,205.08,67
2025-10-09,Google Ads,GG-200243,UAC - Installs | Android | EU | Playables,25666,860,533.54,170
2025-10-09,Google Ads,GG-200244,Search - Brand - Exact | iOS | LATAM | UGC,9197,230,70.72,44
2025-10-09,Google Ads,GG-200245,Search - Non-Brand - Broad | iOS | APAC | UGC,8334,391,139.24,20
2025-10-09,Google Ads,GG-200246,Search - Brand - Exact | Android | LATAM | Video,13547,606,167.56,116
2025-10-09,Google Ads,GG-200247,UAC - Value | Android | APAC | UGC,6997,345,137.14,76
2025-10-09,Google Ads,GG-200248,Search - Non-Brand - Broad | iOS | US | Video,8912,259,80.47,53
2025-10-09,Google Ads,GG-200249,UAC - Installs | Android | APAC | UGC,20949,462,259.55,94
2025-10-09,Google Ads,GG-200250,Search - Non-Brand - Broad | Android | MENA | Video,4394,124,34.26,22
2025-10-09,Google Ads,GG-200251,UAC - Installs | Android | MENA | UGC,27065,973,531.06,271
2025-10-09,Google Ads,GG-200252,Search - Brand - Exact | Android | US | Carousel,6250,145,64.16,26
2025-10-09,Google Ads,GG-200253,Search - Non-Brand - Broad | Android | LATAM | Video,13520,531,125.85,85
2025-10-09,Google Ads,GG-200254,UAC - Installs | Android | APAC | Video,12013,464,219.84,138
2025-10-09,Google Ads,GG-200255,UAC - Value | Android | MENA | Static,15453,663,318.04,120
2025-10-09,Google Ads,GG-200256,Search - Brand - Exact | iOS | APAC | Static,10986,496,225.33,46
2025-10-09,Google Ads,GG-200257,UAC - Value | iOS | US | Video,13141,651,365.93,178
2025-10-09,Google Ads,GG-200258,UAC - Value | Android | US | Carousel,19094,511,247.78,111
2025-10-09,Google Ads,GG-200259,UAC - Value | iOS | US | Carousel,23192,542,321.84,110
2025-10-09,Google Ads,GG-200260,UAC - Value | iOS | EU | Carousel,18045,454,299.69,121
2025-10-09,Google Ads,GG-200261,UAC - Value | iOS | EU | Playables,12849,313,129.39,40
2025-10-09,Google Ads,GG-200262,Search - Non-Brand - Broad | Android | MENA | Carousel,16582,561,176.04,43
2025-10-09,Google Ads,GG-200263,Search - Non-Brand - Broad | Android | US | Carousel,13197,607,319.22,112
2025-10-09,Google Ads,GG-200264,UAC - Installs | iOS | EU | UGC,16607,523,223.79,63
2025-10-09,Google Ads,GG-200265,Search - Brand - Exact | iOS | US | Video,8200,242,90.31,50
2025-10-09,Google Ads,GG-200266,UAC - Installs | iOS | APAC | Carousel,13669,587,302.36,78
2025-10-09,Google Ads,GG-200267,Search - Non-Brand - Broad | Android | EU | Video,20480,603,273.1,52
2025-10-09,Google Ads,GG-200268,UAC - Value | iOS | APAC | Playables,8611,408,143.25,101
2025-10-09,Google Ads,GG-200269,UAC - Installs | Android | US | Video,19632,615,369.12,114
2025-10-09,Google Ads,GG-200270,UAC - Installs | Android | MENA | Playables,22173,622,200.35,176
2025-10-09,Google Ads,GG-200271,UAC - Value | iOS | US | Carousel,12256,505,308.66,132
2025-10-09,Google Ads,GG-200272,Search - Non-Brand - Broad | iOS | US | Playables,7522,240,130.9,49
2025-10-09,Google Ads,GG-200273,Search - Non-Brand - Broad | Android | APAC | Static,12393,476,147.66,78
2025-10-09,Google Ads,GG-200274,UAC - Value | iOS | LATAM | Carousel,10962,457,237.37,81
2025-10-09,Google Ads,GG-200275,UAC - Value | Android | US | Static,14999,405,194.4,90
2025-10-09,Google Ads,GG-200276,UAC - Value | iOS | APAC | Carousel,25285,873,466.44,150
2025-10-09,Google Ads,GG-200277,Search - Non-Brand - Broad | Android | LATAM | Carousel,11021,370,82.62,54
2025-10-09,Google Ads,GG-200278,Search - Non-Brand - Broad | iOS | MENA | Playables,11687,385,177.29,83
2025-10-09,Google Ads,GG-200279,UAC - Installs | iOS | US | Static,15439,567,375.24,99
2025-10-09,Google Ads,GG-200280,UAC - Value | Android | APAC | Carousel,17985,668,387.71,193
2025-10-09,Google Ads,GG-200281,UAC - Value | iOS | APAC | Carousel,5679,279,107.5,53
2025-10-09,Google Ads,GG-200282,Search - Non-Brand - Broad | Android | LATAM | Carousel,7938,202,44.92,32
2025-10-09,Google Ads,GG-200283,UAC - Value | iOS | LATAM | Static,15509,352,198.46,62
2025-10-09,Google Ads,GG-200284,Search - Non-Brand - Broad | iOS | LATAM | UGC,7335,259,70.53,15
2025-10-09,Google Ads,GG-200285,UAC - Value | iOS | APAC | Carousel,11885,494,227.19,131
2025-10-09,Google Ads,GG-200286,Search - Non-Brand - Broad | iOS | US | Playables,6349,135,58.12,18
2025-10-09,Google Ads,GG-200287,UAC - Value | Android | MENA | Video,27012,1244,558.68,161
2025-10-09,Google Ads,GG-200288,Search - Brand - Exact | Android | APAC | Carousel,9484,390,118.05,45
2025-10-09,Google Ads,GG-200289,UAC - Installs | iOS | APAC | Static,12606,357,217.56,99
2025-10-09,Google Ads,GG-200290,UAC - Value | Android | LATAM | Static,29232,830,263.52,176
2025-10-09,Google Ads,GG-200291,UAC - Value | iOS | US | UGC,9417,233,111.49,43
2025-10-09,Google Ads,GG-200292,UAC - Value | iOS | MENA | Playables,22748,1090,634.05,121
2025-10-09,Google Ads,GG-200293,Search - Brand - Exact | Android | LATAM | Playables,9573,375,159.71,30
2025-10-09,Google Ads,GG-200294,Search - Non-Brand - Broad | Android | EU | Carousel,13287,587,319.5,106
2025-10-09,Google Ads,GG-200295,UAC - Installs | Android | MENA | UGC,23876,508,207.67,147
2025-10-09,Google Ads,GG-200296,Search - Brand - Exact | iOS | US | Video,10798,365,198.16,55
2025-10-09,Google Ads,GG-200297,Search - Non-Brand - Broad | iOS | EU | Playables,10911,514,282.19,82
2025-10-09,Google Ads,GG-200298,UAC - Value | iOS | LATAM | UGC,13272,355,193.05,87
2025-10-09,Google Ads,GG-200299,UAC - Value | Android | LATAM | Video,9923,261,145.43,49
2025-10-09,Google Ads,GG-200300,Search - Brand - Exact | Android | LATAM | UGC,18429,417,161.5,80
2025-10-09,Google Ads,GG-200301,UAC - Installs | Android | EU | Carousel,26143,766,391.81,127
2025-10-09,Google Ads,GG-200302,UAC - Value | iOS | APAC | Static,13682,591,324.58,105
2025-10-09,Google Ads,GG-200303,UAC - Value | iOS | APAC | Video,18027,475,291.89,116
2025-10-09,Google Ads,GG-200304,UAC - Installs | iOS | LATAM | Video,17430,828,394.29,99
2025-10-09,Google Ads,GG-200305,UAC - Installs | Android | US | Video,12647,535,259.1,123
2025-10-09,Google Ads,GG-200306,Search - Non-Brand - Broad | Android | EU | Static,9795,253,86.3,25
2025-10-09,Google Ads,GG-200307,UAC - Value | Android | LATAM | Playables,25476,1203,710.61,217
2025-10-09,Google Ads,GG-200308,Search - Non-Brand - Broad | iOS | EU | UGC,18531,885,452.59,103
2025-10-09,Google Ads,GG-200309,Search - Brand - Exact | Android | APAC | UGC,13830,675,167.26,112
2025-10-09,Google Ads,GG-200310,UAC - Value | Android | APAC | Playables,33710,1002,313.43,237
2025-10-09,Google Ads,GG-200311,Search - Non-Brand - Broad | iOS | US | Static,7532,173,64.03,36
2025-10-09,Google Ads,GG-200312,Search - Brand - Exact | iOS | US | Playables,7022,285,97.67,53
2025-10-09,Google Ads,GG-200313,Search - Non-Brand - Broad | Android | LATAM | Carousel,15229,618,156.42,109
2025-10-09,Google Ads,GG-200314,UAC - Value | iOS | US | Carousel,11058,310,211.45,70
2025-10-09,Google Ads,GG-200315,UAC - Value | iOS | MENA | UGC,31113,792,491.28,192
2025-10-09,Google Ads,GG-200316,UAC - Value | Android | LATAM | Carousel,33577,1436,732.22,199
2025-10-09,Google Ads,GG-200317,Search - Brand - Exact | Android | LATAM | Playables,11729,561,264.79,72
2025-10-09,Google Ads,GG-200318,Search - Non-Brand - Broad | Android | LATAM | Video,5647,170,56.34,13
2025-10-09,Google Ads,GG-200319,UAC - Installs | iOS | US | Static,19815,509,223.3,107
2025-10-09,Google Ads,GG-200320,UAC - Value | Android | MENA | UGC,13336,632,315.94,171
2025-10-09,Google Ads,GG-200321,UAC - Value | Android | MENA | UGC,10746,433,158.0,78
2025-10-09,Google Ads,GG-200322,Search - Non-Brand - Broad | Android | APAC | Playables,13783,327,68.47,34
2025-10-09,Google Ads,GG-200323,Search - Non-Brand - Broad | Android | APAC | Carousel,13561,386,85.54,46
2025-10-09,Google Ads,GG-200324,Search - Brand - Exact | Android | LATAM | UGC,7437,286,72.16,46
2025-10-09,Google Ads,GG-200325,Search - Non-Brand - Broad | iOS | US | UGC,5565,225,90.47,12
2025-10-09,Google Ads,GG-200326,UAC - Value | Android | APAC | Playables,7334,149,45.56,33
2025-10-09,Google Ads,GG-200327,UAC - Value | iOS | APAC | UGC,16191,359,167.33,66
2025-10-09,Google Ads,GG-200328,Search - Brand - Exact | iOS | EU | Video,15228,621,209.65,124
2025-10-09,Google Ads,GG-200329,UAC - Installs | Android | LATAM | Video,16632,485,247.2,144
2025-10-09,Google Ads,GG-200330,Search - Non-Brand - Broad | Android | MENA | Carousel,6332,287,86.19,20
2025-10-09,Google Ads,GG-200331,Search - Brand - Exact | iOS | MENA | UGC,11738,408,222.6,42
2025-10-09,Google Ads,GG-200332,UAC - Installs | Android | LATAM | Playables,12958,485,236.83,117
2025-10-09,Google Ads,GG-200333,Search - Non-Brand - Broad | Android | APAC | Playables,11986,319,95.48,27
2025-10-09,Google Ads,GG-200334,UAC - Installs | iOS | US | Static,9548,431,178.39,65
2025-10-09,Google Ads,GG-200335,UAC - Installs | Android | APAC | Carousel,9420,305,114.68,40
2025-10-09,Google Ads,GG-200336,Search - Non-Brand - Broad | Android | APAC | Video,6242,240,48.46,53
2025-10-09,Google Ads,GG-200337,UAC - Value | Android | MENA | Carousel,20817,624,351.25,140
2025-10-09,Google Ads,GG-200338,Search - Non-Brand - Broad | Android | MENA | Static,9117,229,96.43,46
2025-10-09,Google Ads,GG-200339,UAC - Installs | Android | US | Playables,15355,695,330.61,185
2025-10-09,Google Ads,GG-200340,Search - Non-Brand - Broad | iOS | MENA | Playables,7353,188,61.44,40
2025-10-09,Google Ads,GG-200341,UAC - Installs | iOS | LATAM | Carousel,16481,778,299.06,191
2025-10-09,Google Ads,GG-200342,Search - Brand - Exact | Android | EU | UGC,14047,576,173.09,103
2025-10-09,Google Ads,GG-200343,Search - Non-Brand - Broad | iOS | EU | Static,10169,480,219.5,34
2025-10-09,Google Ads,GG-200344,UAC - Value | Android | LATAM | Static,15143,351,117.09,71
2025-10-09,Google Ads,GG-200345,UAC - Installs | iOS | EU | Playables,16985,711,472.25,146
2025-10-09,Google Ads,GG-200346,Search - Brand - Exact | iOS | APAC | UGC,8897,315,145.72,55
2025-10-09,Google Ads,GG-200347,UAC - Installs | Android | APAC | Playables,12203,524,267.14,144
2025-10-09,Google Ads,GG-200348,UAC - Installs | iOS | APAC | UGC,23292,800,321.36,157
2025-10-09,Google Ads,GG-200349,UAC - Installs | Android | US | UGC,31611,1255,813.99,192
2025-10-10,Google Ads,GG-200000,Search - Brand - Exact | iOS | US | Carousel,15916,772,329.8,146
2025-10-10,Google Ads,GG-200001,UAC - Value | Android | US | Static,19548,767,384.73,106
2025-10-10,Google Ads,GG-200002,Search - Non-Brand - Broad | iOS | MENA | Playables,11604,423,180.92,64
2025-10-10,Google Ads,GG-200003,UAC - Value | iOS | LATAM | Carousel,23686,496,175.58,79
2025-10-10,Google Ads,GG-200004,Search - Brand - Exact | iOS | LATAM | Playables,10086,231,114.76,41
2025-10-10,Google Ads,GG-200005,Search - Brand - Exact | iOS | US | Carousel,6690,311,163.99,62
2025-10-10,Google Ads,GG-200006,Search - Non-Brand - Broad | iOS | LATAM | Carousel,8180,406,189.4,38
2025-10-10,Google Ads,GG-200007,Search - Non-Brand - Broad | iOS | US | Playables,3926,133,60.81,26
2025-10-10,Google Ads,GG-200008,Search - Non-Brand - Broad | iOS | LATAM | UGC,13724,413,123.78,29
2025-10-10,Google Ads,GG-200009,UAC - Value | Android | LATAM | Playables,15463,711,307.93,182
2025-10-10,Google Ads,GG-200010,Search - Brand - Exact | iOS | EU | Playables,12757,297,126.14,36
2025-10-10,Google Ads,GG-200011,Search - Brand - Exact | iOS | MENA | Carousel,10995,374,187.15,26
2025-10-10,Google Ads,GG-200012,Search - Non-Brand - Broad | iOS | LATAM | Static,8010,275,132.69,38
2025-10-10,Google Ads,GG-200013,Search - Non-Brand - Broad | iOS | APAC | Static,7798,361,150.86,24
2025-10-10,Google Ads,GG-200014,UAC - Installs | Android | EU | Video,29359,1070,626.27,223
2025-10-10,Google Ads,GG-200015,Search - Brand - Exact | Android | MENA | Playables,11804,327,150.55,33
2025-10-10,Google Ads,GG-200016,UAC - Value | iOS | MENA | Static,21717,513,269.58,125
2025-10-10,Google Ads,GG-200017,Search - Non-Brand - Broad | Android | EU | Static,26326,804,310.99,110
2025-10-10,Google Ads,GG-200018,UAC - Installs | iOS | US | UGC,14336,553,240.83,115
2025-10-10,Google Ads,GG-200019,UAC - Installs | Android | APAC | Playables,14928,719,419.18,104
2025-10-10,Google Ads,GG-200020,Search - Non-Brand - Broad | iOS | EU | Playables,9508,210,93.26,10
2025-10-10,Google Ads,GG-200021,UAC - Installs | iOS | APAC | Static,18232,809,410.0,124
2025-10-10,Google Ads,GG-200022,UAC - Value | iOS | APAC | Carousel,15089,545,227.05,72
2025-10-10,Google Ads,GG-200023,Search - Non-Brand - Broad | iOS | EU | Static,8496,175,68.32,11
2025-10-10,Google Ads,GG-200024,UAC - Installs | iOS | US | UGC,30100,644,277.11,170
2025-10-10,Google Ads,GG-200025,UAC - Installs | Android | MENA | Video,17967,744,443.94,185
2025-10-10,Google Ads,GG-200026,UAC - Value | Android | EU | Carousel,23270,695,307.88,101
2025-10-10,Google Ads,GG-200027,Search - Non-Brand - Broad | Android | APAC | Video,7838,335,158.66,47
2025-10-10,Google Ads,GG-200028,UAC - Value | iOS | LATAM | Video,18858,861,332.95,163
2025-10-10,Google Ads,GG-200029,UAC - Installs | Android | APAC | Playables,9456,434,147.99,113
2025-10-10,Google Ads,GG-200030,UAC - Installs | Android | APAC | Video,20691,644,301.91,139
2025-10-10,Google Ads,GG-200031,Search - Brand - Exact | Android | US | Carousel,12991,625,164.81,115
2025-10-10,Google Ads,GG-200032,Search - Brand - Exact | iOS | EU | Static,13485,388,204.67,74
2025-10-10,Google Ads,GG-200033,UAC - Value | iOS | APAC | Static,15654,533,192.41,64
2025-10-10,Google Ads,GG-200034,Search - Brand - Exact | iOS | MENA | Video,8429,265,87.21,42
2025-10-10,Google Ads,GG-200035,Search - Non-Brand - Broad | Android | LATAM | Static,11200,447,97.62,38
2025-10-10,Google Ads,GG-200036,Search - Non-Brand - Broad | iOS | US | Carousel,11374,328,105.58,33
2025-10-10,Google Ads,GG-200037,Search - Non-Brand - Broad | iOS | US | Video,4890,154,53.68,12
2025-10-10,Google Ads,GG-200038,Search - Brand - Exact | iOS | MENA | UGC,8573,287,119.54,55
2025-10-10,Google Ads,GG-200039,Search - Brand - Exact | Android | APAC | Playables,12545,302,100.75,66
2025-10-10,Google Ads,GG-200040,UAC - Value | Android | EU | Carousel,23803,1149,473.96,256
2025-10-10,Google Ads,GG-200041,Search - Non-Brand - Broad | Android | MENA | Carousel,7337,225,53.46,49
2025-10-10,Google Ads,GG-200042,UAC - Installs | iOS | EU | Video,30601,1249,798.36,247
2025-10-10,Google Ads,GG-200043,Search - Brand - Exact | Android | MENA | Playables,14231,384,83.44,48
2025-10-10,Google Ads,GG-200044,UAC - Value | iOS | APAC | Video,17166,829,440.36,111
2025-10-10,Google Ads,GG-200045,UAC - Installs | iOS | LATAM | Video,9004,424,224.25,79
2025-10-10,Google Ads,GG-200046,Search - Brand - Exact | Android | LATAM | Static,8829,285,61.93,42
2025-10-10,Google Ads,GG-200047,UAC - Installs | iOS | EU | Video,8981,272,121.75,69
2025-10-10,Google Ads,GG-200048,UAC - Value | iOS | EU | UGC,15943,723,392.66,185
2025-10-10,Google Ads,GG-200049,UAC - Value | Android | EU | Video,12874,327,183.71,52
2025-10-10,Google Ads,GG-200050,Search - Brand - Exact | Android | LATAM | Static,15873,494,230.25,70
2025-10-10,Google Ads,GG-200051,UAC - Installs | Android | US | Carousel,20068,435,190.7,102
2025-10-10,Google Ads,GG-200052,UAC - Installs | iOS | MENA | UGC,9792,264,122.07,71
2025-10-10,Google Ads,GG-200053,UAC - Installs | Android | EU | Carousel,14479,543,321.4,87
2025-10-10,Google Ads,GG-200054,Search - Brand - Exact | Android | LATAM | Carousel,20814,424,211.62,93
2025-10-10,Google Ads,GG-200055,UAC - Value | iOS | APAC | UGC,14201,317,151.11,36
2025-10-10,Google Ads,GG-200056,UAC - Value | iOS | LATAM | Static,19268,962,452.14,137
2025-10-10,Google Ads,GG-200057,UAC - Installs | iOS | LATAM | Playables,15574,316,113.73,66
2025-10-10,Google Ads,GG-200058,UAC - Value | Android | APAC | Video,16687,622,345.71,172
2025-10-10,Google Ads,GG-200059,UAC - Installs | Android | MENA | Carousel,22305,735,273.79,164
2025-10-10,Google Ads,GG-200060,UAC - Installs | Android | US | Carousel,8810,244,96.84,46
2025-10-10,Google Ads,GG-200061,UAC - Value | iOS | APAC | Playables,24518,570,302.73,134
2025-10-10,Google Ads,GG-200062,UAC - Value | Android | APAC | Carousel,16990,778,270.74,176
2025-10-10,Google Ads,GG-200063,UAC - Value | Android | LATAM | Playables,13478,390,207.36,104
2025-10-10,Google Ads,GG-200064,UAC - Value | iOS | US | Video,9337,417,223.55,57
2025-10-10,Google Ads,GG-200065,Search - Brand - Exact | iOS | MENA | Static,11690,405,176.99,63
2025-10-10,Google Ads,GG-200066,Search - Brand - Exact | Android | MENA | UGC,14194,631,205.45,97
2025-10-10,Google Ads,GG-200067,UAC - Installs | Android | US | Static,12579,315,161.82,76
2025-10-10,Google Ads,GG-200068,Search - Brand - Exact | iOS | APAC | Playables,10608,271,74.06,30
2025-10-10,Google Ads,GG-200069,UAC - Installs | Android | APAC | Carousel,18478,713,273.65,158
2025-10-10,Google Ads,GG-200070,Search - Non-Brand - Broad | iOS | US | Playables,16375,448,157.7,95
2025-10-10,Google Ads,GG-200071,UAC - Installs | iOS | APAC | Carousel,31448,982,535.78,163
2025-10-10,Google Ads,GG-200072,Search - Non-Brand - Broad | Android | US | Video,9774,278,135.91,51
2025-10-10,Google Ads,GG-200073,Search - Brand - Exact | iOS | MENA | UGC,3543,157,77.34,15
2025-10-10,Google Ads,GG-200074,Search - Non-Brand - Broad | iOS | LATAM | UGC,10281,296,95.87,61
2025-10-10,Google Ads,GG-200075,Search - Brand - Exact | iOS | APAC | Static,20580,428,179.46,75
2025-10-10,Google Ads,GG-200076,Search - Non-Brand - Broad | Android | US | UGC,14687,412,122.98,69
2025-10-10,Google Ads,GG-200077,UAC - Installs | iOS | US | Carousel,14255,418,276.88,88
2025-10-10,Google Ads,GG-200078,UAC - Installs | Android | MENA | Playables,23770,529,231.65,121
2025-10-10,Google Ads,GG-200079,UAC - Installs | iOS | EU | Static,14055,357,225.8,55
2025-10-10,Google Ads,GG-200080,Search - Non-Brand - Broad | Android | US | Static,7143,268,81.53,39
2025-10-10,Google Ads,GG-200081,UAC - Installs | Android | APAC | Video,10887,453,153.3,91
2025-10-10,Google Ads,GG-200082,Search - Non-Brand - Broad | iOS | APAC | Playables,13574,433,158.0,87
2025-10-10,Google Ads,GG-200083,UAC - Value | Android | US | Carousel,11336,267,158.22,45
2025-10-10,Google Ads,GG-200084,UAC - Value | iOS | MENA | UGC,26163,770,301.22,92
2025-10-10,Google Ads,GG-200085,Search - Brand - Exact | Android | EU | Carousel,6665,179,62.58,12
2025-10-10,Google Ads,GG-200086,UAC - Installs | iOS | APAC | Playables,22648,656,360.73,77
2025-10-10,Google Ads,GG-200087,Search - Non-Brand - Broad | Android | MENA | Playables,15043,588,163.64,101
2025-10-10,Google Ads,GG-200088,Search - Brand - Exact | Android | APAC | Playables,21057,738,199.92,154
2025-10-10,Google Ads,GG-200089,UAC - Installs | Android | MENA | Static,33270,1204,400.69,193
2025-10-10,Google Ads,GG-200090,Search - Non-Brand - Broad | Android | EU | Carousel,10122,352,128.37,59
2025-10-10,Google Ads,GG-200091,Search - Brand - Exact | iOS | MENA | Carousel,10190,383,209.08,47
2025-10-10,Google Ads,GG-200092,UAC - Installs | iOS | EU | Playables,18431,668,325.32,122
2025-10-10,Google Ads,GG-200093,Search - Brand - Exact | Android | LATAM | Playables,15725,685,210.84,109
2025-10-10,Google Ads,GG-200094,Search - Non-Brand - Broad | Android | MENA | Playables,12186,503,172.68,69
2025-10-10,Google Ads,GG-200095,UAC - Installs | Android | MENA | Playables,9828,338,168.16,88
2025-10-10,Google Ads,GG-200096,Search - Brand - Exact | Android | US | Video,9179,286,138.91,39
2025-10-10,Google Ads,GG-200097,UAC - Value | iOS | EU | Playables,11973,242,104.52,34
2025-10-10,Google Ads,GG-200098,UAC - Installs | Android | APAC | Playables,24013,696,244.71,139
2025-10-10,Google Ads,GG-200099,UAC - Value | iOS | APAC | Static,28414,579,350.47,80
2025-10-10,Google Ads,GG-200100,Search - Brand - Exact | iOS | APAC | Video,8281,168,42.67,28
2025-10-10,Google Ads,GG-200101,UAC - Value | Android | APAC | UGC,15322,324,137.05,42
2025-10-10,Google Ads,GG-200102,Search - Non-Brand - Broad | iOS | EU | Carousel,15597,513,182.37,67
2025-10-10,Google Ads,GG-200103,UAC - Value | iOS | LATAM | Carousel,17564,675,246.38,161
2025-10-10,Google Ads,GG-200104,Search - Brand - Exact | Android | LATAM | Playables,9057,224,101.0,19
2025-10-10,Google Ads,GG-200105,Search - Brand - Exact | iOS | EU | UGC,9562,390,166.14,20
2025-10-10,Google Ads,GG-200106,Search - Non-Brand - Broad | iOS | APAC | Static,8926,208,94.74,25
2025-10-10,Google Ads,GG-200107,UAC - Value | Android | US | Carousel,21723,519,225.45,129
2025-10-10,Google Ads,GG-200108,UAC - Installs | iOS | EU | Static,12649,328,172.89,60
2025-10-10,Google Ads,GG-200109,UAC - Value | iOS | EU | Static,21396,499,346.76,130
2025-10-10,Google Ads,GG-200110,UAC - Value | iOS | APAC | Carousel,16243,672,429.74,108
2025-10-10,Google Ads,GG-200111,UAC - Value | Android | US | UGC,12936,365,217.21,54
2025-10-10,Google Ads,GG-200112,UAC - Installs | Android | EU | Playables,13911,429,272.54,120
2025-10-10,Google Ads,GG-200113,UAC - Value | Android | US | Carousel,12555,548,291.15,88
2025-10-10,Google Ads,GG-200114,Search - Brand - Exact | iOS | LATAM | Playables,11633,532,148.96,76
2025-10-10,Google Ads,GG-200115,UAC - Installs | Android | APAC | Static,11609,448,210.29,71
2025-10-10,Google Ads,GG-200116,Search - Brand - Exact | iOS | APAC | Carousel,7082,198,65.38,35
2025-10-10,Google Ads,GG-200117,Search - Non-Brand - Broad | iOS | US | Playables,8758,263,94.39,49
2025-10-10,Google Ads,GG-200118,Search - Brand - Exact | iOS | MENA | Carousel,14012,403,165.55,71
2025-10-10,Google Ads,GG-200119,UAC - Installs | iOS | MENA | UGC,15462,572,248.42,108
2025-10-10,Google Ads,GG-200120,UAC - Value | Android | EU | Video,17668,860,454.68,145
2025-10-10,Google Ads,GG-200121,UAC - Installs | iOS | LATAM | Playables,15443,652,280.62,81
2025-10-10,Google Ads,GG-200122,UAC - Value | Android | EU | Playables,9896,207,120.95,43
2025-10-10,Google Ads,GG-200123,Search - Non-Brand - Broad | Android | US | Video,7492,259,115.07,36
2025-10-10,Google Ads,GG-200124,UAC - Value | iOS | APAC | Playables,18975,500,182.7,116
2025-10-10,Google Ads,GG-200125,Search - Non-Brand - Broad | Android | MENA | Playables,9629,470,143.54,66
2025-10-10,Google Ads,GG-200126,Search - Non-Brand - Broad | iOS | MENA | Carousel,15340,492,259.48,99
2025-10-10,Google Ads,GG-200127,UAC - Installs | iOS | MENA | Carousel,10032,409,206.87,101
2025-10-10,Google Ads,GG-200128,UAC - Value | iOS | MENA | Carousel,19133,782,409.06,100
2025-10-10,Google Ads,GG-200129,Search - Brand - Exact | Android | LATAM | Carousel,15430,518,234.34,85
2025-10-10,Google Ads,GG-200130,Search - Brand - Exact | iOS | MENA | Carousel,10149,305,79.61,51
2025-10-10,Google Ads,GG-200131,Search - Non-Brand - Broad | iOS | LATAM | Playables,6962,190,49.04,25
2025-10-10,Google Ads,GG-200132,Search - Non-Brand - Broad | Android | MENA | UGC,6089,287,104.58,26
2025-10-10,Google Ads,GG-200133,Search - Brand - Exact | iOS | EU | Static,11278,386,182.35,37
2025-10-10,Google Ads,GG-200134,UAC - Value | Android | EU | Video,11085,331,165.73,61
2025-10-10,Google Ads,GG-200135,UAC - Value | iOS | APAC | Static,14804,629,328.21,91
2025-10-10,Google Ads,GG-200136,UAC - Value | Android | APAC | Playables,10178,434,258.75,58
2025-10-10,Google Ads,GG-200137,Search - Non-Brand - Broad | Android | EU | Playables,7082,321,161.53,57
2025-10-10,Google Ads,GG-200138,UAC - Value | iOS | APAC | Playables,11631,531,253.18,121
2025-10-10,Google Ads,GG-200139,UAC - Installs | iOS | EU | UGC,16306,542,282.98,78
2025-10-10,Google Ads,GG-200140,UAC - Value | iOS | LATAM | Playables,23042,928,569.7,176
2025-10-10,Google Ads,GG-200141,UAC - Installs | Android | EU | Carousel,33526,1512,909.92,217
2025-10-10,Google Ads,GG-200142,Search - Non-Brand - Broad | Android | LATAM | Carousel,7150,232,68.88,51
2025-10-10,Google Ads,GG-200143,UAC - Installs | iOS | LATAM | UGC,15530,523,326.51,58
2025-10-10,Google Ads,GG-200144,UAC - Value | iOS | LATAM | Video,18845,466,191.95,106
2025-10-10,Google Ads,GG-200145,UAC - Installs | iOS | LATAM | Static,22791,1060,585.54,159
2025-10-10,Google Ads,GG-200146,UAC - Installs | Android | LATAM | Video,15810,486,228.27,144
2025-10-10,Google Ads,GG-200147,Search - Non-Brand - Broad | iOS | LATAM | UGC,8588,188,66.18,26
2025-10-10,Google Ads,GG-200148,UAC - Installs | Android | MENA | Carousel,7059,198,92.74,42
2025-10-10,Google Ads,GG-200149,Search - Non-Brand - Broad | Android | US | Playables,9466,204,59.98,44
2025-10-10,Google Ads,GG-200150,Search - Non-Brand - Broad | Android | US | Playables,7882,276,145.78,37
2025-10-10,Google Ads,GG-200151,UAC - Value | Android | US | Video,15395,620,280.92,148
2025-10-10,Google Ads,GG-200152,Search - Non-Brand - Broad | iOS | APAC | Video,13939,634,326.32,94
2025-10-10,Google Ads,GG-200153,UAC - Value | Android | MENA | Static,18742,662,263.87,108
2025-10-10,Google Ads,GG-200154,UAC - Installs | iOS | APAC | Static,36766,1190,523.0,221
2025-10-10,Google Ads,GG-200155,Search - Brand - Exact | iOS | LATAM | Video,6950,145,64.12,28
2025-10-10,Google Ads,GG-200156,Search - Non-Brand - Broad | Android | MENA | Video,7024,227,57.25,49
2025-10-10,Google Ads,GG-200157,UAC - Value | iOS | EU | Video,13888,591,241.78,150
2025-10-10,Google Ads,GG-200158,Search - Brand - Exact | iOS | EU | Carousel,23378,596,294.48,93
2025-10-10,Google Ads,GG-200159,Search - Brand - Exact | Android | LATAM | Playables,9329,448,181.71,86
2025-10-10,Google Ads,GG-200160,UAC - Value | iOS | LATAM | UGC,16879,404,208.95,80
2025-10-10,Google Ads,GG-200161,UAC - Installs | Android | MENA | UGC,11958,259,136.54,41
2025-10-10,Google Ads,GG-200162,Search - Non-Brand - Broad | Android | US | Carousel,10920,325,139.26,57
2025-10-10,Google Ads,GG-200163,Search - Brand - Exact | iOS | LATAM | Static,13286,536,274.7,108
2025-10-10,Google Ads,GG-200164,Search - Non-Brand - Broad | iOS | LATAM | Playables,13606,330,98.57,65
2025-10-10,Google Ads,GG-200165,UAC - Value | Android | MENA | UGC,7932,382,132.52,64
2025-10-10,Google Ads,GG-200166,Search - Brand - Exact | iOS | US | UGC,9694,433,250.32,25
2025-10-10,Google Ads,GG-200167,UAC - Installs | Android | EU | UGC,24604,589,339.44,100
2025-10-10,Google Ads,GG-200168,UAC - Value | Android | US | Carousel,14948,398,230.52,69
2025-10-10,Google Ads,GG-200169,UAC - Installs | Android | APAC | Carousel,22777,995,531.03,176
2025-10-10,Google Ads,GG-200170,Search - Brand - Exact | iOS | MENA | Playables,8250,387,160.22,27
2025-10-10,Google Ads,GG-200171,Search - Brand - Exact | iOS | LATAM | Static,5316,145,52.32,30
2025-10-10,Google Ads,GG-200172,Search - Non-Brand - Broad | Android | APAC | Carousel,14497,455,201.11,78
2025-10-10,Google Ads,GG-200173,Search - Brand - Exact | iOS | MENA | Carousel,13141,291,105.28,29
2025-10-10,Google Ads,GG-200174,Search - Non-Brand - Broad | iOS | LATAM | Playables,9045,384,205.59,31
2025-10-10,Google Ads,GG-200175,Search - Non-Brand - Broad | Android | EU | UGC,9286,342,98.7,46
2025-10-10,Google Ads,GG-200176,UAC - Value | iOS | MENA | Carousel,10923,280,126.95,59
2025-10-10,Google Ads,GG-200177,Search - Non-Brand - Broad | iOS | MENA | Static,8668,386,164.59,67
2025-10-10,Google Ads,GG-200178,UAC - Installs | Android | MENA | UGC,13885,476,281.7,106
2025-10-10,Google Ads,GG-200179,Search - Brand - Exact | Android | MENA | Video,16727,521,226.27,37
2025-10-10,Google Ads,GG-200180,Search - Non-Brand - Broad | Android | MENA | Playables,5587,153,58.51,17
2025-10-10,Google Ads,GG-200181,UAC - Value | Android | LATAM | Playables,15166,747,358.41,116
2025-10-10,Google Ads,GG-200182,UAC - Value | Android | EU | Playables,21982,869,475.78,181
2025-10-10,Google Ads,GG-200183,Search - Brand - Exact | Android | MENA | UGC,12620,609,296.58,74
2025-10-10,Google Ads,GG-200184,UAC - Value | iOS | EU | Playables,12692,280,137.26,31
2025-10-10,Google Ads,GG-200185,UAC - Value | iOS | MENA | Video,33694,1584,955.31,300
2025-10-10,Google Ads,GG-200186,UAC - Installs | iOS | US | UGC,11852,342,212.96,76
2025-10-10,Google Ads,GG-200187,Search - Brand - Exact | Android | EU | Playables,17776,686,317.48,65
2025-10-10,Google Ads,GG-200188,Search - Brand - Exact | Android | APAC | Carousel,24860,1238,406.56,284
2025-10-10,Google Ads,GG-200189,Search - Brand - Exact | Android | US | UGC,13107,506,145.47,116
2025-10-10,Google Ads,GG-200190,Search - Non-Brand - Broad | iOS | APAC | Static,19024,750,380.4,88
2025-10-10,Google Ads,GG-200191,UAC - Value | iOS | LATAM | UGC,13550,419,225.59,46
2025-10-10,Google Ads,GG-200192,Search - Non-Brand - Broad | iOS | APAC | Video,7576,260,124.1,41
2025-10-10,Google Ads,GG-200193,UAC - Value | iOS | US | Static,17273,784,386.43,192
2025-10-10,Google Ads,GG-200194,Search - Brand - Exact | Android | EU | Video,7702,305,120.35,53
2025-10-10,Google Ads,GG-200195,UAC - Value | iOS | APAC | Playables,34422,1194,488.23,165
2025-10-10,Google Ads,GG-200196,UAC - Value | iOS | EU | Static,9038,387,175.62,45
2025-10-10,Google Ads,GG-200197,Search - Non-Brand - Broad | iOS | EU | Carousel,13431,503,259.9,75
2025-10-10,Google Ads,GG-200198,Search - Brand - Exact | Android | US | UGC,13810,611,308.86,75
2025-10-10,Google Ads,GG-200199,Search - Brand - Exact | Android | EU | Video,18987,823,327.55,61
2025-10-10,Google Ads,GG-200200,Search - Brand - Exact | Android | APAC | Playables,11735,257,126.08,18
2025-10-10,Google Ads,GG-200201,UAC - Value | Android | US | UGC,12434,531,197.21,111
2025-10-10,Google Ads,GG-200202,Search - Brand - Exact | Android | MENA | Static,11943,412,111.94,74
2025-10-10,Google Ads,GG-200203,Search - Non-Brand - Broad | Android | MENA | Carousel,8111,247,63.68,28
2025-10-10,Google Ads,GG-200204,UAC - Installs | iOS | MENA | Playables,10968,398,148.73,93
2025-10-10,Google Ads,GG-200205,Search - Non-Brand - Broad | Android | LATAM | Static,11001,309,136.02,42
2025-10-10,Google Ads,GG-200206,Search - Brand - Exact | iOS | LATAM | Carousel,6721,300,75.24,29
2025-10-10,Google Ads,GG-200207,UAC - Value | Android | APAC | Playables,22699,942,372.75,172
2025-10-10,Google Ads,GG-200208,UAC - Installs | Android | LATAM | UGC,16914,699,241.09,100
2025-10-10,Google Ads,GG-200209,UAC - Installs | iOS | APAC | Static,33410,1062,422.78,286
2025-10-10,Google Ads,GG-200210,UAC - Value | iOS | EU | Playables,18312,742,358.83,204
2025-10-10,Google Ads,GG-200211,Search - Non-Brand - Broad | Android | EU | Carousel,7493,152,55.86,14
2025-10-10,Google Ads,GG-200212,UAC - Value | iOS | US | Playables,14013,532,351.17,123
2025-10-10,Google Ads,GG-200213,Search - Non-Brand - Broad | iOS | MENA | Playables,14559,698,301.19,90
2025-10-10,Google Ads,GG-200214,Search - Non-Brand - Broad | iOS | EU | Carousel,16289,736,328.4,100
2025-10-10,Google Ads,GG-200215,UAC - Installs | iOS | US | UGC,10670,227,102.26,62
2025-10-10,Google Ads,GG-200216,Search - Brand - Exact | Android | MENA | Static,6511,265,123.41,31
2025-10-10,Google Ads,GG-200217,Search - Brand - Exact | iOS | APAC | Playables,8743,413,203.69,47
2025-10-10,Google Ads,GG-200218,Search - Non-Brand - Broad | Android | EU | Playables,8318,366,117.96,66
2025-10-10,Google Ads,GG-200219,UAC - Installs | iOS | EU | Carousel,13414,668,427.25,149
2025-10-10,Google Ads,GG-200220,Search - Brand - Exact | Android | EU | Static,17319,593,317.61,78
2025-10-10,Google Ads,GG-200221,Search - Non-Brand - Broad | iOS | EU | Playables,7496,327,182.83,54
2025-10-10,Google Ads,GG-200222,UAC - Installs | iOS | EU | Playables,17128,375,193.91,45
2025-10-10,Google Ads,GG-200223,UAC - Installs | iOS | APAC | UGC,21630,609,373.26,117
2025-10-10,Google Ads,GG-200224,UAC - Value | iOS | LATAM | Carousel,17270,738,341.55,81
2025-10-10,Google Ads,GG-200225,UAC - Installs | iOS | US | UGC,20037,445,249.38,50
2025-10-10,Google Ads,GG-200226,UAC - Value | Android | LATAM | Carousel,35998,1278,401.93,367
2025-10-10,Google Ads,GG-200227,Search - Non-Brand - Broad | Android | MENA | Static,11524,313,140.47,41
2025-10-10,Google Ads,GG-200228,UAC - Value | Android | LATAM | Playables,13437,606,295.24,139
2025-10-10,Google Ads,GG-200229,UAC - Installs | iOS | EU | Static,11251,264,118.67,65
2025-10-10,Google Ads,GG-200230,Search - Non-Brand - Broad | Android | APAC | Playables,14674,363,94.38,83
2025-10-10,Google Ads,GG-200231,UAC - Installs | iOS | MENA | Carousel,15735,487,295.71,101
2025-10-10,Google Ads,GG-200232,Search - Non-Brand - Broad | iOS | APAC | UGC,7402,157,79.9,20
2025-10-10,Google Ads,GG-200233,UAC - Value | iOS | EU | Static,11176,445,212.4,69
2025-10-10,Google Ads,GG-200234,Search - Brand - Exact | Android | MENA | Video,10138,386,157.49,87
2025-10-10,Google Ads,GG-200235,UAC - Value | Android | US | Video,25963,1010,390.06,225
2025-10-10,Google Ads,GG-200236,Search - Non-Brand - Broad | Android | EU | Video,9744,277,96.7,65
2025-10-10,Google Ads,GG-200237,UAC - Value | Android | EU | Playables,32318,1006,389.32,236
2025-10-10,Google Ads,GG-200238,UAC - Value | iOS | US | Playables,16076,370,194.62,49
2025-10-10,Google Ads,GG-200239,UAC - Value | iOS | US | Video,28578,956,566.05,228
2025-10-10,Google Ads,GG-200240,UAC - Installs | Android | US | Playables,8509,263,120.85,37
2025-10-10,Google Ads,GG-200241,UAC - Value | iOS | US | Playables,37056,997,615.95,270
2025-10-10,Google Ads,GG-200242,Search - Non-Brand - Broad | Android | US | Video,16770,623,225.53,62
2025-10-10,Google Ads,GG-200243,UAC - Installs | Android | EU | Playables,19371,566,294.43,79
2025-10-10,Google Ads,GG-200244,Search - Brand - Exact | iOS | LATAM | UGC,11356,336,178.65,69
2025-10-10,Google Ads,GG-200245,Search - Non-Brand - Broad | iOS | APAC | UGC,16867,627,295.07,112
2025-10-10,Google Ads,GG-200246,Search - Brand - Exact | Android | LATAM | Video,6595,191,79.38,32
2025-10-10,Google Ads,GG-200247,UAC - Value | Android | APAC | UGC,21150,572,322.78,143
2025-10-10,Google Ads,GG-200248,Search - Non-Brand - Broad | iOS | US | Video,5048,157,69.17,28
2025-10-10,Google Ads,GG-200249,UAC - Installs | Android | APAC | UGC,28534,1296,700.36,188
2025-10-10,Google Ads,GG-200250,Search - Non-Brand - Broad | Android | MENA | Video,13426,278,85.62,42
2025-10-10,Google Ads,GG-200251,UAC - Installs | Android | MENA | UGC,19174,789,402.07,131
2025-10-10,Google Ads,GG-200252,Search - Brand - Exact | Android | US | Carousel,8952,229,95.77,21
2025-10-10,Google Ads,GG-200253,Search - Non-Brand - Broad | Android | LATAM | Video,13046,575,281.29,77
2025-10-10,Google Ads,GG-200254,UAC - Installs | Android | APAC | Video,8118,313,160.48,52
2025-10-10,Google Ads,GG-200255,UAC - Value | Android | MENA | Static,22491,542,274.14,72
2025-10-10,Google Ads,GG-200256,Search - Brand - Exact | iOS | APAC | Static,8248,353,106.82,34
2025-10-10,Google Ads,GG-200257,UAC - Value | iOS | US | Video,16794,371,214.18,50
2025-10-10,Google Ads,GG-200258,UAC - Value | Android | US | Carousel,22591,674,290.22,126
2025-10-10,Google Ads,GG-200259,UAC - Value | iOS | US | Carousel,8049,239,136.35,51
2025-10-10,Google Ads,GG-200260,UAC - Value | iOS | EU | Carousel,26112,830,402.8,125
2025-10-10,Google Ads,GG-200261,UAC - Value | iOS | EU | Playables,16749,833,514.29,112
2025-10-10,Google Ads,GG-200262,Search - Non-Brand - Broad | Android | MENA | Carousel,11654,543,191.08,126
2025-10-10,Google Ads,GG-200263,Search - Non-Brand - Broad | Android | US | Carousel,12791,439,231.66,63
2025-10-10,Google Ads,GG-200264,UAC - Installs | iOS | EU | UGC,16596,487,285.97,119
2025-10-10,Google Ads,GG-200265,Search - Brand - Exact | iOS | US | Video,7452,157,69.38,26
2025-10-10,Google Ads,GG-200266,UAC - Installs | iOS | APAC | Carousel,24989,825,482.21,142
2025-10-10,Google Ads,GG-200267,Search - Non-Brand - Broad | Android | EU | Video,11877,440,110.31,100
2025-10-10,Google Ads,GG-200268,UAC - Value | iOS | APAC | Playables,14220,501,322.94,109
2025-10-10,Google Ads,GG-200269,UAC - Installs | Android | US | Video,13491,591,374.58,150
2025-10-10,Google Ads,GG-200270,UAC - Installs | Android | MENA | Playables,10573,244,140.93,72
2025-10-10,Google Ads,GG-200271,UAC - Value | iOS | US | Carousel,15765,586,329.62,92
2025-10-10,Google Ads,GG-200272,Search - Non-Brand - Broad | iOS | US | Playables,14396,302,157.64,60
2025-10-10,Google Ads,GG-200273,Search - Non-Brand - Broad | Android | APAC | Static,9042,371,147.88,34
2025-10-10,Google Ads,GG-200274,UAC - Value | iOS | LATAM | Carousel,22618,1114,475.9,194
2025-10-10,Google Ads,GG-200275,UAC - Value | Android | US | Static,25464,1046,642.45,279
2025-10-10,Google Ads,GG-200276,UAC - Value | iOS | APAC | Carousel,10807,326,138.68,36
2025-10-10,Google Ads,GG-200277,Search - Non-Brand - Broad | Android | LATAM | Carousel,8301,340,161.77,33
2025-10-10,Google Ads,GG-200278,Search - Non-Brand - Broad | iOS | MENA | Playables,9246,322,97.18,64
2025-10-10,Google Ads,GG-200279,UAC - Installs | iOS | US | Static,11367,481,292.83,58
2025-10-10,Google Ads,GG-200280,UAC - Value | Android | APAC | Carousel,21176,757,351.1,160
2025-10-10,Google Ads,GG-200281,UAC - Value | iOS | APAC | Carousel,14362,316,160.09,55
2025-10-10,Google Ads,GG-200282,Search - Non-Brand - Broad | Android | LATAM | Carousel,11011,352,119.79,83
2025-10-10,Google Ads,GG-200283,UAC - Value | iOS | LATAM | Static,24972,792,456.11,130
2025-10-10,Google Ads,GG-200284,Search - Non-Brand - Broad | iOS | LATAM | UGC,10642,494,203.77,106
2025-10-10,Google Ads,GG-200285,UAC - Value | iOS | APAC | Carousel,10742,279,164.94,33
2025-10-10,Google Ads,GG-200286,Search - Non-Brand - Broad | iOS | US | Playables,13695,276,117.47,30
2025-10-10,Google Ads,GG-200287,UAC - Value | Android | MENA | Video,20069,973,388.42,236
2025-10-10,Google Ads,GG-200288,Search - Brand - Exact | Android | APAC | Carousel,11655,356,177.07,35
2025-10-10,Google Ads,GG-200289,UAC - Installs | iOS | APAC | Static,7272,229,110.81,45
2025-10-10,Google Ads,GG-200290,UAC - Value | Android | LATAM | Static,16291,360,149.33,62
2025-10-10,Google Ads,GG-200291,UAC - Value | iOS | US | UGC,16988,493,207.36,97
2025-10-10,Google Ads,GG-200292,UAC - Value | iOS | MENA | Playables,18678,486,229.39,97
2025-10-10,Google Ads,GG-200293,Search - Brand - Exact | Android | LATAM | Playables,5978,176,60.02,13
2025-10-10,Google Ads,GG-200294,Search - Non-Brand - Broad | Android | EU | Carousel,14373,416,220.9,40
2025-10-10,Google Ads,GG-200295,UAC - Installs | Android | MENA | UGC,33133,707,359.23,179
2025-10-10,Google Ads,GG-200296,Search - Brand - Exact | iOS | US | Video,18420,522,167.41,49
2025-10-10,Google Ads,GG-200297,Search - Non-Brand - Broad | iOS | EU | Playables,9454,207,99.82,31
2025-10-10,Google Ads,GG-200298,UAC - Value | iOS | LATAM | UGC,17314,487,315.09,99
2025-10-10,Google Ads,GG-200299,UAC - Value | Android | LATAM | Video,14737,527,205.32,150
2025-10-10,Google Ads,GG-200300,Search - Brand - Exact | Android | LATAM | UGC,11252,558,274.59,40
2025-10-10,Google Ads,GG-200301,UAC - Installs | Android | EU | Carousel,11178,415,229.5,116
2025-10-10,Google Ads,GG-200302,UAC - Value | iOS | APAC | Static,28484,570,322.16,87
2025-10-10,Google Ads,GG-200303,UAC - Value | iOS | APAC | Video,32625,1436,920.19,244
2025-10-10,Google Ads,GG-200304,UAC - Installs | iOS | LATAM | Video,9388,433,212.43,109
2025-10-10,Google Ads,GG-200305,UAC - Installs | Android | US | Video,15791,524,255.71,93
2025-10-10,Google Ads,GG-200306,Search - Non-Brand - Broad | Android | EU | Static,18194,400,207.92,78
2025-10-10,Google Ads,GG-200307,UAC - Value | Android | LATAM | Playables,14284,372,167.51,96
2025-10-10,Google Ads,GG-200308,Search - Non-Brand - Broad | iOS | EU | UGC,7111,251,145.91,17
2025-10-10,Google Ads,GG-200309,Search - Brand - Exact | Android | APAC | UGC,10717,268,125.29,20
2025-10-10,Google Ads,GG-200310,UAC - Value | Android | APAC | Playables,13708,463,255.39,83
2025-10-10,Google Ads,GG-200311,Search - Non-Brand - Broad | iOS | US | Static,8272,213,64.05,25
2025-10-10,Google Ads,GG-200312,Search - Brand - Exact | iOS | US | Playables,11457,260,141.34,53
2025-10-10,Google Ads,GG-200313,Search - Non-Brand - Broad | Android | LATAM | Carousel,10381,254,110.16,56
2025-10-10,Google Ads,GG-200314,UAC - Value | iOS | US | Carousel,10350,466,316.93,124
2025-10-10,Google Ads,GG-200315,UAC - Value | iOS | MENA | UGC,18962,751,289.66,162
2025-10-10,Google Ads,GG-200316,UAC - Value | Android | LATAM | Carousel,20269,908,287.84,227
2025-10-10,Google Ads,GG-200317,Search - Brand - Exact | Android | LATAM | Playables,15861,446,196.15,72
2025-10-10,Google Ads,GG-200318,Search - Non-Brand - Broad | Android | LATAM | Video,10393,347,103.02,39
2025-10-10,Google Ads,GG-200319,UAC - Installs | iOS | US | Static,22218,653,377.43,80
2025-10-10,Google Ads,GG-200320,UAC - Value | Android | MENA | UGC,12882,547,240.02,77
2025-10-10,Google Ads,GG-200321,UAC - Value | Android | MENA | UGC,9047,332,129.71,71
2025-10-10,Google Ads,GG-200322,Search - Non-Brand - Broad | Android | APAC | Playables,7769,273,99.67,39
2025-10-10,Google Ads,GG-200323,Search - Non-Brand - Broad | Android | APAC | Carousel,14362,294,101.05,24
2025-10-10,Google Ads,GG-200324,Search - Brand - Exact | Android | LATAM | UGC,16248,650,135.46,139
2025-10-10,Google Ads,GG-200325,Search - Non-Brand - Broad | iOS | US | UGC,13965,321,185.7,51
2025-10-10,Google Ads,GG-200326,UAC - Value | Android | APAC | Playables,17380,747,406.82,100
2025-10-10,Google Ads,GG-200327,UAC - Value | iOS | APAC | UGC,12942,536,324.23,113
2025-10-10,Google Ads,GG-200328,Search - Brand - Exact | iOS | EU | Video,11321,426,146.2,61
2025-10-10,Google Ads,GG-200329,UAC - Installs | Android | LATAM | Video,30530,1078,624.05,220
2025-10-10,Google Ads,GG-200330,Search - Non-Brand - Broad | Android | MENA | Carousel,11360,370,110.41,58
2025-10-10,Google Ads,GG-200331,Search - Brand - Exact | iOS | MENA | UGC,13673,365,197.94,39
2025-10-10,Google Ads,GG-200332,UAC - Installs | Android | LATAM | Playables,17039,428,231.8,121
2025-10-10,Google Ads,GG-200333,Search - Non-Brand - Broad | Android | APAC | Playables,13162,280,126.9,34
2025-10-10,Google Ads,GG-200334,UAC - Installs | iOS | US | Static,21079,803,532.55,118
2025-10-10,Google Ads,GG-200335,UAC - Installs | Android | APAC | Carousel,20968,615,365.68,136
2025-10-10,Google Ads,GG-200336,Search - Non-Brand - Broad | Android | APAC | Video,21552,852,349.75,168
2025-10-10,Google Ads,GG-200337,UAC - Value | Android | MENA | Carousel,9624,438,157.46,96
2025-10-10,Google Ads,GG-200338,Search - Non-Brand - Broad | Android | MENA | Static,14454,550,232.7,92
2025-10-10,Google Ads,GG-200339,UAC - Installs | Android | US | Playables,9697,350,214.23,53
2025-10-10,Google Ads,GG-200340,Search - Non-Brand - Broad | iOS | MENA | Playables,9691,278,103.86,36
2025-10-10,Google Ads,GG-200341,UAC - Installs | iOS | LATAM | Carousel,21823,588,341.98,137
2025-10-10,Google Ads,GG-200342,Search - Brand - Exact | Android | EU | UGC,5288,203,79.96,40
2025-10-10,Google Ads,GG-200343,Search - Non-Brand - Broad | iOS | EU | Static,14186,531,238.68,67
2025-10-10,Google Ads,GG-200344,UAC - Value | Android | LATAM | Static,21069,487,203.61,109
2025-10-10,Google Ads,GG-200345,UAC - Installs | iOS | EU | Playables,20426,917,457.95,158
2025-10-10,Google Ads,GG-200346,Search - Brand - Exact | iOS | APAC | UGC,11244,326,118.27,71
2025-10-10,Google Ads,GG-200347,UAC - Installs | Android | APAC | Playables,13403,370,138.45,75
2025-10-10,Google Ads,GG-200348,UAC - Installs | iOS | APAC | UGC,12478,566,318.49,99
2025-10-10,Google Ads,GG-200349,UAC - Installs | Android | US | UGC,30383,932,405.42,134
2025-10-11,Google Ads,GG-200000,Search - Brand - Exact | iOS | US | Carousel,11799,325,120.28,33
2025-10-11,Google Ads,GG-200001,UAC - Value | Android | US | Static,30049,1407,830.55,325
2025-10-11,Google Ads,GG-200002,Search - Non-Brand - Broad | iOS | MENA | Playables,6990,229,102.71,25
2025-10-11,Google Ads,GG-200003,UAC - Value | iOS | LATAM | Carousel,10639,301,171.21,61
2025-10-11,Google Ads,GG-200004,Search - Brand - Exact | iOS | LATAM | Playables,13796,597,182.98,95
2025-10-11,Google Ads,GG-200005,Search - Brand - Exact | iOS | US | Carousel,12966,284,159.95,24
2025-10-11,Google Ads,GG-200006,Search - Non-Brand - Broad | iOS | LATAM | Carousel,17104,404,180.63,68
2025-10-11,Google Ads,GG-200007,Search - Non-Brand - Broad | iOS | US | Playables,11104,266,93.5,21
2025-10-11,Google Ads,GG-200008,Search - Non-Brand - Broad | iOS | LATAM | UGC,5464,227,111.96,13
2025-10-11,Google Ads,GG-200009,UAC - Value | Android | LATAM | Playables,15235,503,197.48,66
2025-10-11,Google Ads,GG-200010,Search - Brand - Exact | iOS | EU | Playables,9559,409,190.51,79
2025-10-11,Google Ads,GG-200011,Search - Brand - Exact | iOS | MENA | Carousel,12383,505,163.32,97
2025-10-11,Google Ads,GG-200012,Search - Non-Brand - Broad | iOS | LATAM | Static,6351,305,87.05,53
2025-10-11,Google Ads,GG-200013,Search - Non-Brand - Broad | iOS | APAC | Static,13441,667,168.35,124
2025-10-11,Google Ads,GG-200014,UAC - Installs | Android | EU | Video,11805,259,105.62,35
2025-10-11,Google Ads,GG-200015,Search - Brand - Exact | Android | MENA | Playables,8008,238,54.26,42
2025-10-11,Google Ads,GG-200016,UAC - Value | iOS | MENA | Static,21058,940,348.93,206
2025-10-11,Google Ads,GG-200017,Search - Non-Brand - Broad | Android | EU | Static,7508,318,136.14,31
2025-10-11,Google Ads,GG-200018,UAC - Installs | iOS | US | UGC,13817,551,385.53,116
2025-10-11,Google Ads,GG-200019,UAC - Installs | Android | APAC | Playables,11702,422,138.42,72
2025-10-11,Google Ads,GG-200020,Search - Non-Brand - Broad | iOS | EU | Playables,10218,209,101.64,18
2025-10-11,Google Ads,GG-200021,UAC - Installs | iOS | APAC | Static,9362,428,187.55,74
2025-10-11,Google Ads,GG-200022,UAC - Value | iOS | APAC | Carousel,12400,359,181.37,76
2025-10-11,Google Ads,GG-200023,Search - Non-Brand - Broad | iOS | EU | Static,11431,263,154.41,36
2025-10-11,Google Ads,GG-200024,UAC - Installs | iOS | US | UGC,8259,254,123.55,40
2025-10-11,Google Ads,GG-200025,UAC - Installs | Android | MENA | Video,16314,788,367.44,148
2025-10-11,Google Ads,GG-200026,UAC - Value | Android | EU | Carousel,33498,833,481.22,187
2025-10-11,Google Ads,GG-200027,Search - Non-Brand - Broad | Android | APAC | Video,12313,384,108.13,91
2025-10-11,Google Ads,GG-200028,UAC - Value | iOS | LATAM | Video,8506,324,206.71,51
2025-10-11,Google Ads,GG-200029,UAC - Installs | Android | APAC | Playables,12855,438,174.5,76
2025-10-11,Google Ads,GG-200030,UAC - Installs | Android | APAC | Video,26496,997,381.05,222
2025-10-11,Google Ads,GG-200031,Search - Brand - Exact | Android | US | Carousel,12500,356,166.93,63
2025-10-11,Google Ads,GG-200032,Search - Brand - Exact | iOS | EU | Static,6662,249,108.84,29
2025-10-11,Google Ads,GG-200033,UAC - Value | iOS | APAC | Static,17300,357,217.41,91
2025-10-11,Google Ads,GG-200034,Search - Brand - Exact | iOS | MENA | Video,8810,183,87.4,33
2025-10-11,Google Ads,GG-200035,Search - Non-Brand - Broad | Android | LATAM | Static,11811,571,131.79,78
2025-10-11,Google Ads,GG-200036,Search - Non-Brand - Broad | iOS | US | Carousel,13859,502,226.7,105
2025-10-11,Google Ads,GG-200037,Search - Non-Brand - Broad | iOS | US | Video,10082,280,158.48,46
2025-10-11,Google Ads,GG-200038,Search - Brand - Exact | iOS | MENA | UGC,6151,304,128.47,32
2025-10-11,Google Ads,GG-200039,Search - Brand - Exact | Android | APAC | Playables,19218,822,168.51,104
2025-10-11,Google Ads,GG-200040,UAC - Value | Android | EU | Carousel,24614,721,281.69,180
2025-10-11,Google Ads,GG-200041,Search - Non-Brand - Broad | Android | MENA | Carousel,9851,325,110.99,61
2025-10-11,Google Ads,GG-200042,UAC - Installs | iOS | EU | Video,28332,1284,640.84,355
2025-10-11,Google Ads,GG-200043,Search - Brand - Exact | Android | MENA | Playables,20883,859,298.24,168
2025-10-11,Google Ads,GG-200044,UAC - Value | iOS | APAC | Video,17298,559,322.43,110
2025-10-11,Google Ads,GG-200045,UAC - Installs | iOS | LATAM | Video,15028,688,420.02,154
2025-10-11,Google Ads,GG-200046,Search - Brand - Exact | Android | LATAM | Static,10897,469,213.4,44
2025-10-11,Google Ads,GG-200047,UAC - Installs | iOS | EU | Video,13085,641,373.77,93
2025-10-11,Google Ads,GG-200048,UAC - Value | iOS | EU | UGC,9010,424,231.89,71
2025-10-11,Google Ads,GG-200049,UAC - Value | Android | EU | Video,29389,929,440.81,128
2025-10-11,Google Ads,GG-200050,Search - Brand - Exact | Android | LATAM | Static,10108,382,122.58,77
2025-10-11,Google Ads,GG-200051,UAC - Installs | Android | US | Carousel,13507,312,115.94,91
2025-10-11,Google Ads,GG-200052,UAC - Installs | iOS | MENA | UGC,24190,1022,372.31,265
2025-10-11,Google Ads,GG-200053,UAC - Installs | Android | EU | Carousel,22524,1035,505.39,290
2025-10-11,Google Ads,GG-200054,Search - Brand - Exact | Android | LATAM | Carousel,11324,409,167.28,64
2025-10-11,Google Ads,GG-200055,UAC - Value | iOS | APAC | UGC,21440,742,370.11,180
2025-10-11,Google Ads,GG-200056,UAC - Value | iOS | LATAM | Static,12331,594,357.47,137
2025-10-11,Google Ads,GG-200057,UAC - Installs | iOS | LATAM | Playables,9503,403,236.24,104
2025-10-11,Google Ads,GG-200058,UAC - Value | Android | APAC | Video,11403,418,160.68,73
2025-10-11,Google Ads,GG-200059,UAC - Installs | Android | MENA | Carousel,17811,605,196.14,140
2025-10-11,Google Ads,GG-200060,UAC - Installs | Android | US | Carousel,17079,675,278.37,159
2025-10-11,Google Ads,GG-200061,UAC - Value | iOS | APAC | Playables,8325,309,133.89,35
2025-10-11,Google Ads,GG-200062,UAC - Value | Android | APAC | Carousel,23604,983,396.15,215
2025-10-11,Google Ads,GG-200063,UAC - Value | Android | LATAM | Playables,26829,830,334.16,133
2025-10-11,Google Ads,GG-200064,UAC - Value | iOS | US | Video,13950,565,381.15,135
2025-10-11,Google Ads,GG-200065,Search - Brand - Exact | iOS | MENA | Static,10471,478,201.33,30
2025-10-11,Google Ads,GG-200066,Search - Brand - Exact | Android | MENA | UGC,18783,840,187.57,144
2025-10-11,Google Ads,GG-200067,UAC - Installs | Android | US | Static,16242,519,230.59,74
2025-10-11,Google Ads,GG-200068,Search - Brand - Exact | iOS | APAC | Playables,12249,534,177.82,65
2025-10-11,Google Ads,GG-200069,UAC - Installs | Android | APAC | Carousel,40198,1917,868.78,498
2025-10-11,Google Ads,GG-200070,Search - Non-Brand - Broad | iOS | US | Playables,9079,293,146.91,57
2025-10-11,Google Ads,GG-200071,UAC - Installs | iOS | APAC | Carousel,8644,332,189.94,76
2025-10-11,Google Ads,GG-200072,Search - Non-Brand - Broad | Android | US | Video,8276,319,106.2,31
2025-10-11,Google Ads,GG-200073,Search - Brand - Exact | iOS | MENA | UGC,13647,508,155.35,61
2025-10-11,Google Ads,GG-200074,Search - Non-Brand - Broad | iOS | LATAM | UGC,7783,280,84.67,21
2025-10-11,Google Ads,GG-200075,Search - Brand - Exact | iOS | APAC | Static,10395,235,86.15,13
2025-10-11,Google Ads,GG-200076,Search - Non-Brand - Broad | Android | US | UGC,5948,164,77.08,25
2025-10-11,Google Ads,GG-200077,UAC - Installs | iOS | US | Carousel,12215,547,219.24,90
2025-10-11,Google Ads,GG-200078,UAC - Installs | Android | MENA | Playables,16598,788,289.83,170
2025-10-11,Google Ads,GG-200079,UAC - Installs | iOS | EU | Static,8966,323,201.65,73
2025-10-11,Google Ads,GG-200080,Search - Non-Brand - Broad | Android | US | Static,14577,333,92.27,34
2025-10-11,Google Ads,GG-200081,UAC - Installs | Android | APAC | Video,12438,301,136.71,49
2025-10-11,Google Ads,GG-200082,Search - Non-Brand - Broad | iOS | APAC | Playables,8779,230,100.42,32
2025-10-11,Google Ads,GG-200083,UAC - Value | Android | US | Carousel,16297,564,299.31,106
2025-10-11,Google Ads,GG-200084,UAC - Value | iOS | MENA | UGC,8793,354,227.27,94
2025-10-11,Google Ads,GG-200085,Search - Brand - Exact | Android | EU | Carousel,10368,319,129.39,70
2025-10-11,Google Ads,GG-200086,UAC - Installs | iOS | APAC | Playables,12671,331,200.62,69
2025-10-11,Google Ads,GG-200087,Search - Non-Brand - Broad | Android | MENA | Playables,9471,345,143.14,26
2025-10-11,Google Ads,GG-200088,Search - Brand - Exact | Android | APAC | Playables,15049,386,91.91,66
2025-10-11,Google Ads,GG-200089,UAC - Installs | Android | MENA | Static,8887,361,203.21,82
2025-10-11,Google Ads,GG-200090,Search - Non-Brand - Broad | Android | EU | Carousel,17412,830,250.66,130
2025-10-11,Google Ads,GG-200091,Search - Brand - Exact | iOS | MENA | Carousel,11707,581,196.78,68
2025-10-11,Google Ads,GG-200092,UAC - Installs | iOS | EU | Playables,13104,283,118.52,41
2025-10-11,Google Ads,GG-200093,Search - Brand - Exact | Android | LATAM | Playables,13428,449,161.55,82
2025-10-11,Google Ads,GG-200094,Search - Non-Brand - Broad | Android | MENA | Playables,10979,400,159.64,49
2025-10-11,Google Ads,GG-200095,UAC - Installs | Android | MENA | Playables,12073,327,176.61,60
2025-10-11,Google Ads,GG-200096,Search - Brand - Exact | Android | US | Video,17847,409,152.15,71
2025-10-11,Google Ads,GG-200097,UAC - Value | iOS | EU | Playables,13992,454,274.81,122
2025-10-11,Google Ads,GG-200098,UAC - Installs | Android | APAC | Playables,36283,1540,915.84,299
2025-10-11,Google Ads,GG-200099,UAC - Value | iOS | APAC | Static,13167,614,371.41,143
2025-10-11,Google Ads,GG-200100,Search - Brand - Exact | iOS | APAC | Video,10657,384,144.08,52
2025-10-11,Google Ads,GG-200101,UAC - Value | Android | APAC | UGC,14161,495,286.31,98
2025-10-11,Google Ads,GG-200102,Search - Non-Brand - Broad | iOS | EU | Carousel,11809,246,88.09,23
2025-10-11,Google Ads,GG-200103,UAC - Value | iOS | LATAM | Carousel,6424,129,58.51,19
2025-10-11,Google Ads,GG-200104,Search - Brand - Exact | Android | LATAM | Playables,15242,364,87.29,64
2025-10-11,Google Ads,GG-200105,Search - Brand - Exact | iOS | EU | UGC,9065,193,95.26,24
2025-10-11,Google Ads,GG-200106,Search - Non-Brand - Broad | iOS | APAC | Static,9830,253,98.39,17
2025-10-11,Google Ads,GG-200107,UAC - Value | Android | US | Carousel,12866,605,359.01,112
2025-10-11,Google Ads,GG-200108,UAC - Installs | iOS | EU | Static,33590,1592,1089.41,283
2025-10-11,Google Ads,GG-200109,UAC - Value | iOS | EU | Static,16989,428,291.3,60
2025-10-11,Google Ads,GG-200110,UAC - Value | iOS | APAC | Carousel,18597,904,424.61,250
2025-10-11,Google Ads,GG-200111,UAC - Value | Android | US | UGC,14044,389,145.88,83
2025-10-11,Google Ads,GG-200112,UAC - Installs | Android | EU | Playables,21877,460,285.29,85
2025-10-11,Google Ads,GG-200113,UAC - Value | Android | US | Carousel,15781,559,278.16,121
2025-10-11,Google Ads,GG-200114,Search - Brand - Exact | iOS | LATAM | Playables,4144,204,89.15,18
2025-10-11,Google Ads,GG-200115,UAC - Installs | Android | APAC | Static,26320,1037,586.42,159
2025-10-11,Google Ads,GG-200116,Search - Brand - Exact | iOS | APAC | Carousel,12499,458,115.74,44
2025-10-11,Google Ads,GG-200117,Search - Non-Brand - Broad | iOS | US | Playables,5153,242,78.38,35
2025-10-11,Google Ads,GG-200118,Search - Brand - Exact | iOS | MENA | Carousel,15109,418,229.23,62
2025-10-11,Google Ads,GG-200119,UAC - Installs | iOS | MENA | UGC,22245,557,314.98,88
2025-10-11,Google Ads,GG-200120,UAC - Value | Android | EU | Video,10862,232,106.37,42
2025-10-11,Google Ads,GG-200121,UAC - Installs | iOS | LATAM | Playables,16932,385,219.68,73
2025-10-11,Google Ads,GG-200122,UAC - Value | Android | EU | Playables,18431,586,206.45,131
2025-10-11,Google Ads,GG-200123,Search - Non-Brand - Broad | Android | US | Video,18539,719,341.17,100
2025-10-11,Google Ads,GG-200124,UAC - Value | iOS | APAC | Playables,12676,547,345.59,109
2025-10-11,Google Ads,GG-200125,Search - Non-Brand - Broad | Android | MENA | Playables,9967,248,89.53,17
2025-10-11,Google Ads,GG-200126,Search - Non-Brand - Broad | iOS | MENA | Carousel,9384,440,177.89,53
2025-10-11,Google Ads,GG-200127,UAC - Installs | iOS | MENA | Carousel,16265,561,265.3,108
2025-10-11,Google Ads,GG-200128,UAC - Value | iOS | MENA | Carousel,16356,804,458.44,166
2025-10-11,Google Ads,GG-200129,Search - Brand - Exact | Android | LATAM | Carousel,8872,238,93.03,19
2025-10-11,Google Ads,GG-200130,Search - Brand - Exact | iOS | MENA | Carousel,8938,221,88.6,34
2025-10-11,Google Ads,GG-200131,Search - Non-Brand - Broad | iOS | LATAM | Playables,6376,144,65.62,24
2025-10-11,Google Ads,GG-200132,Search - Non-Brand - Broad | Android | MENA | UGC,13721,457,195.69,97
2025-10-11,Google Ads,GG-200133,Search - Brand - Exact | iOS | EU | Static,9860,322,128.93,30
2025-10-11,Google Ads,GG-200134,UAC - Value | Android | EU | Video,12260,359,137.68,71
2025-10-11,Google Ads,GG-200135,UAC - Value | iOS | APAC | Static,22328,451,267.31,92
2025-10-11,Google Ads,GG-200136,UAC - Value | Android | APAC | Playables,19655,855,471.19,123
2025-10-11,Google Ads,GG-200137,Search - Non-Brand - Broad | Android | EU | Playables,11932,294,154.82,27
2025-10-11,Google Ads,GG-200138,UAC - Value | iOS | APAC | Playables,17245,655,323.5,117
2025-10-11,Google Ads,GG-200139,UAC - Installs | iOS | EU | UGC,27211,900,547.38,245
2025-10-11,Google Ads,GG-200140,UAC - Value | iOS | LATAM | Playables,13740,355,156.2,39
2025-10-11,Google Ads,GG-200141,UAC - Installs | Android | EU | Carousel,31057,1317,608.98,368
2025-10-11,Google Ads,GG-200142,Search - Non-Brand - Broad | Android | LATAM | Carousel,14823,417,193.57,53
2025-10-11,Google Ads,GG-200143,UAC - Installs | iOS | LATAM | UGC,13211,617,305.66,95
2025-10-11,Google Ads,GG-200144,UAC - Value | iOS | LATAM | Video,17094,664,381.67,117
2025-10-11,Google Ads,GG-200145,UAC - Installs | iOS | LATAM | Static,17465,382,202.38,51
2025-10-11,Google Ads,GG-200146,UAC - Installs | Android | LATAM | Video,15891,391,176.11,99
2025-10-11,Google Ads,GG-200147,Search - Non-Brand - Broad | iOS | LATAM | UGC,4549,139,48.14,27
2025-10-11,Google Ads,GG-200148,UAC - Installs | Android | MENA | Carousel,16831,587,236.03,108
2025-10-11,Google Ads,GG-200149,Search - Non-Brand - Broad | Android | US | Playables,12008,390,122.97,67
2025-10-11,Google Ads,GG-200150,Search - Non-Brand - Broad | Android | US | Playables,11198,412,199.0,30
2025-10-11,Google Ads,GG-200151,UAC - Value | Android | US | Video,16387,767,428.83,222
2025-10-11,Google Ads,GG-200152,Search - Non-Brand - Broad | iOS | APAC | Video,8777,353,117.62,23
2025-10-11,Google Ads,GG-200153,UAC - Value | Android | MENA | Static,19458,781,334.89,138
2025-10-11,Google Ads,GG-200154,UAC - Installs | iOS | APAC | Static,15440,464,241.79,72
2025-10-11,Google Ads,GG-200155,Search - Brand - Exact | iOS | LATAM | Video,18539,694,181.13,36
2025-10-11,Google Ads,GG-200156,Search - Non-Brand - Broad | Android | MENA | Video,11957,538,143.54,107
2025-10-11,Google Ads,GG-200157,UAC - Value | iOS | EU | Video,11996,549,351.47,76
2025-10-11,Google Ads,GG-200158,Search - Brand - Exact | iOS | EU | Carousel,10885,235,99.05,49
2025-10-11,Google Ads,GG-200159,Search - Brand - Exact | Android | LATAM | Playables,5629,173,58.66,15
2025-10-11,Google Ads,GG-200160,UAC - Value | iOS | LATAM | UGC,13238,445,186.28,70
2025-10-11,Google Ads,GG-200161,UAC - Installs | Android | MENA | UGC,21174,991,375.29,219
2025-10-11,Google Ads,GG-200162,Search - Non-Brand - Broad | Android | US | Carousel,15243,421,133.46,48
2025-10-11,Google Ads,GG-200163,Search - Brand - Exact | iOS | LATAM | Static,9351,297,103.53,47
2025-10-11,Google Ads,GG-200164,Search - Non-Brand - Broad | iOS | LATAM | Playables,10233,317,114.72,45
2025-10-11,Google Ads,GG-200165,UAC - Value | Android | MENA | UGC,20418,1001,403.6,257
2025-10-11,Google Ads,GG-200166,Search - Brand - Exact | iOS | US | UGC,13517,288,154.43,58
2025-10-11,Google Ads,GG-200167,UAC - Installs | Android | EU | UGC,20659,894,423.04,152
2025-10-11,Google Ads,GG-200168,UAC - Value | Android | US | Carousel,16685,342,130.13,67
2025-10-11,Google Ads,GG-200169,UAC - Installs | Android | APAC | Carousel,17146,392,203.41,83
2025-10-11,Google Ads,GG-200170,Search - Brand - Exact | iOS | MENA | Playables,7255,172,61.03,17
2025-10-11,Google Ads,GG-200171,Search - Brand - Exact | iOS | LATAM | Static,4149,145,48.58,24
2025-10-11,Google Ads,GG-200172,Search - Non-Brand - Broad | Android | APAC | Carousel,8555,176,59.49,30
2025-10-11,Google Ads,GG-200173,Search - Brand - Exact | iOS | MENA | Carousel,8101,268,69.84,30
2025-10-11,Google Ads,GG-200174,Search - Non-Brand - Broad | iOS | LATAM | Playables,6951,263,140.23,27
2025-10-11,Google Ads,GG-200175,Search - Non-Brand - Broad | Android | EU | UGC,11496,267,130.67,44
2025-10-11,Google Ads,GG-200176,UAC - Value | iOS | MENA | Carousel,20947,671,285.18,187
2025-10-11,Google Ads,GG-200177,Search - Non-Brand - Broad | iOS | MENA | Static,8501,394,192.55,66
2025-10-11,Google Ads,GG-200178,UAC - Installs | Android | MENA | UGC,22675,599,319.69,176
2025-10-11,Google Ads,GG-200179,Search - Brand - Exact | Android | MENA | Video,15297,394,79.67,45
2025-10-11,Google Ads,GG-200180,Search - Non-Brand - Broad | Android | MENA | Playables,14427,710,190.28,98
2025-10-11,Google Ads,GG-200181,UAC - Value | Android | LATAM | Playables,25771,1112,522.97,228
2025-10-11,Google Ads,GG-200182,UAC - Value | Android | EU | Playables,15605,641,388.57,180
2025-10-11,Google Ads,GG-200183,Search - Brand - Exact | Android | MENA | UGC,11096,461,203.49,92
2025-10-11,Google Ads,GG-200184,UAC - Value | iOS | EU | Playables,14228,358,234.45,50
2025-10-11,Google Ads,GG-200185,UAC - Value | iOS | MENA | Video,15903,542,285.85,83
2025-10-11,Google Ads,GG-200186,UAC - Installs | iOS | US | UGC,19999,657,377.77,82
2025-10-11,Google Ads,GG-200187,Search - Brand - Exact | Android | EU | Playables,8123,357,97.35,63
2025-10-11,Google Ads,GG-200188,Search - Brand - Exact | Android | APAC | Carousel,12954,449,176.28,74
2025-10-11,Google Ads,GG-200189,Search - Brand - Exact | Android | US | UGC,12171,559,205.88,111
2025-10-11,Google Ads,GG-200190,Search - Non-Brand - Broad | iOS | APAC | Static,9020,369,112.29,61
2025-10-11,Google Ads,GG-200191,UAC - Value | iOS | LATAM | UGC,32612,1161,684.06,263
2025-10-11,Google Ads,GG-200192,Search - Non-Brand - Broad | iOS | APAC | Video,13543,453,182.74,24
2025-10-11,Google Ads,GG-200193,UAC - Value | iOS | US | Static,18020,710,399.02,161
2025-10-11,Google Ads,GG-200194,Search - Brand - Exact | Android | EU | Video,6102,220,114.25,47
2025-10-11,Google Ads,GG-200195,UAC - Value | iOS | APAC | Playables,14388,359,227.53,55
2025-10-11,Google Ads,GG-200196,UAC - Value | iOS | EU | Static,31715,740,394.35,149
2025-10-11,Google Ads,GG-200197,Search - Non-Brand - Broad | iOS | EU | Carousel,8955,308,164.26,63
2025-10-11,Google Ads,GG-200198,Search - Brand - Exact | Android | US | UGC,16144,644,245.11,151
2025-10-11,Google Ads,GG-200199,Search - Brand - Exact | Android | EU | Video,11476,437,109.6,61
2025-10-11,Google Ads,GG-200200,Search - Brand - Exact | Android | APAC | Playables,11908,290,82.53,46
2025-10-11,Google Ads,GG-200201,UAC - Value | Android | US | UGC,19379,447,208.75,101
2025-10-11,Google Ads,GG-200202,Search - Brand - Exact | Android | MENA | Static,8960,267,85.49,46
2025-10-11,Google Ads,GG-200203,Search - Non-Brand - Broad | Android | MENA | Carousel,13565,434,128.85,97
2025-10-11,Google Ads,GG-200204,UAC - Installs | iOS | MENA | Playables,16013,703,253.08,144
2025-10-11,Google Ads,GG-200205,Search - Non-Brand - Broad | Android | LATAM | Static,8642,250,75.22,45
2025-10-11,Google Ads,GG-200206,Search - Brand - Exact | iOS | LATAM | Carousel,15331,645,233.55,95
2025-10-11,Google Ads,GG-200207,UAC - Value | Android | APAC | Playables,19427,616,361.16,128
2025-10-11,Google Ads,GG-200208,UAC - Installs | Android | LATAM | UGC,21395,1006,521.71,264
2025-10-11,Google Ads,GG-200209,UAC - Installs | iOS | APAC | Static,16849,408,156.63,84
2025-10-11,Google Ads,GG-200210,UAC - Value | iOS | EU | Playables,8325,294,130.09,74
2025-10-11,Google Ads,GG-200211,Search - Non-Brand - Broad | Android | EU | Carousel,13294,483,230.29,101
2025-10-11,Google Ads,GG-200212,UAC - Value | iOS | US | Playables,21069,572,366.65,145
2025-10-11,Google Ads,GG-200213,Search - Non-Brand - Broad | iOS | MENA | Playables,10170,378,181.97,64
2025-10-11,Google Ads,GG-200214,Search - Non-Brand - Broad | iOS | EU | Carousel,7809,335,115.64,47
2025-10-11,Google Ads,GG-200215,UAC - Installs | iOS | US | UGC,31049,1507,866.37,289
2025-10-11,Google Ads,GG-200216,Search - Brand - Exact | Android | MENA | Static,11484,264,126.38,22
2025-10-11,Google Ads,GG-200217,Search - Brand - Exact | iOS | APAC | Playables,6269,202,77.89,12
2025-10-11,Google Ads,GG-200218,Search - Non-Brand - Broad | Android | EU | Playables,15321,458,246.86,51
2025-10-11,Google Ads,GG-200219,UAC - Installs | iOS | EU | Carousel,13137,495,229.04,92
2025-10-11,Google Ads,GG-200220,Search - Brand - Exact | Android | EU | Static,11555,392,176.48,84
2025-10-11,Google Ads,GG-200221,Search - Non-Brand - Broad | iOS | EU | Playables,7071,341,169.41,58
2025-10-11,Google Ads,GG-200222,UAC - Installs | iOS | EU | Playables,13340,298,187.38,71
2025-10-11,Google Ads,GG-200223,UAC - Installs | iOS | APAC | UGC,12108,529,303.91,123
2025-10-11,Google Ads,GG-200224,UAC - Value | iOS | LATAM | Carousel,18799,865,332.94,95
2025-10-11,Google Ads,GG-200225,UAC - Installs | iOS | US | UGC,12802,481,293.55,133
2025-10-11,Google Ads,GG-200226,UAC - Value | Android | LATAM | Carousel,21977,452,181.84,81
2025-10-11,Google Ads,GG-200227,Search - Non-Brand - Broad | Android | MENA | Static,13369,501,241.38,104
2025-10-11,Google Ads,GG-200228,UAC - Value | Android | LATAM | Playables,18223,392,229.71,89
2025-10-11,Google Ads,GG-200229,UAC - Installs | iOS | EU | Static,13098,526,265.79,88
2025-10-11,Google Ads,GG-200230,Search - Non-Brand - Broad | Android | APAC | Playables,14614,384,135.21,44
2025-10-11,Google Ads,GG-200231,UAC - Installs | iOS | MENA | Carousel,23931,486,244.07,132
2025-10-11,Google Ads,GG-200232,Search - Non-Brand - Broad | iOS | APAC | UGC,14629,610,285.91,49
2025-10-11,Google Ads,GG-200233,UAC - Value | iOS | EU | Static,15530,342,190.08,91
2025-10-11,Google Ads,GG-200234,Search - Brand - Exact | Android | MENA | Video,17927,837,277.63,111
2025-10-11,Google Ads,GG-200235,UAC - Value | Android | US | Video,9673,452,213.3,87
2025-10-11,Google Ads,GG-200236,Search - Non-Brand - Broad | Android | EU | Video,14847,328,159.28,26
2025-10-11,Google Ads,GG-200237,UAC - Value | Android | EU | Playables,8013,191,101.06,30
2025-10-11,Google Ads,GG-200238,UAC - Value | iOS | US | Playables,28492,815,366.1,116
2025-10-11,Google Ads,GG-200239,UAC - Value | iOS | US | Video,9601,254,146.51,37
2025-10-11,Google Ads,GG-200240,UAC - Installs | Android | US | Playables,16445,747,473.82,168
2025-10-11,Google Ads,GG-200241,UAC - Value | iOS | US | Playables,13960,280,163.41,61
2025-10-11,Google Ads,GG-200242,Search - Non-Brand - Broad | Android | US | Video,10283,299,87.01,38
2025-10-11,Google Ads,GG-200243,UAC - Installs | Android | EU | Playables,19967,628,396.96,108
2025-10-11,Google Ads,GG-200244,Search - Brand - Exact | iOS | LATAM | UGC,4347,118,33.62,17
2025-10-11,Google Ads,GG-200245,Search - Non-Brand - Broad | iOS | APAC | UGC,11279,312,111.88,66
2025-10-11,Google Ads,GG-200246,Search - Brand - Exact | Android | LATAM | Video,11265,482,140.17,44
2025-10-11,Google Ads,GG-200247,UAC - Value | Android | APAC | UGC,24548,1205,514.9,265
2025-10-11,Google Ads,GG-200248,Search - Non-Brand - Broad | iOS | US | Video,11217,422,143.06,29
2025-10-11,Google Ads,GG-200249,UAC - Installs | Android | APAC | UGC,21114,991,482.02,249
2025-10-11,Google Ads,GG-200250,Search - Non-Brand - Broad | Android | MENA | Video,12626,470,112.56,97
2025-10-11,Google Ads,GG-200251,UAC - Installs | Android | MENA | UGC,26428,1230,552.39,332
2025-10-11,Google Ads,GG-200252,Search - Brand - Exact | Android | US | Carousel,9917,319,134.91,28
2025-10-11,Google Ads,GG-200253,Search - Non-Brand - Broad | Android | LATAM | Video,15254,357,72.29,36
2025-10-11,Google Ads,GG-200254,UAC - Installs | Android | APAC | Video,22900,939,332.03,199
2025-10-11,Google Ads,GG-200255,UAC - Value | Android | MENA | Static,16948,413,143.64,103
2025-10-11,Google Ads,GG-200256,Search - Brand - Exact | iOS | APAC | Static,8134,228,84.25,31
2025-10-11,Google Ads,GG-200257,UAC - Value | iOS | US | Video,19543,423,281.89,75
2025-10-11,Google Ads,GG-200258,UAC - Value | Android | US | Carousel,19670,494,273.82,112
2025-10-11,Google Ads,GG-200259,UAC - Value | iOS | US | Carousel,15392,708,367.81,135
2025-10-11,Google Ads,GG-200260,UAC - Value | iOS | EU | Carousel,26898,700,400.33,121
2025-10-11,Google Ads,GG-200261,UAC - Value | iOS | EU | Playables,11633,426,221.26,98
2025-10-11,Google Ads,GG-200262,Search - Non-Brand - Broad | Android | MENA | Carousel,10946,414,111.24,57
2025-10-11,Google Ads,GG-200263,Search - Non-Brand - Broad | Android | US | Carousel,16368,572,160.1,101
2025-10-11,Google Ads,GG-200264,UAC - Installs | iOS | EU | UGC,10385,513,355.3,114
2025-10-11,Google Ads,GG-200265,Search - Brand - Exact | iOS | US | Video,8556,204,68.48,29
2025-10-11,Google Ads,GG-200266,UAC - Installs | iOS | APAC | Carousel,15563,575,346.44,144
2025-10-11,Google Ads,GG-200267,Search - Non-Brand - Broad | Android | EU | Video,13639,512,205.67,87
2025-10-11,Google Ads,GG-200268,UAC - Value | iOS | APAC | Playables,29009,1285,479.56,325
2025-10-11,Google Ads,GG-200269,UAC - Installs | Android | US | Video,11018,419,269.04,118
2025-10-11,Google Ads,GG-200270,UAC - Installs | Android | MENA | Playables,15879,694,272.67,111
2025-10-11,Google Ads,GG-200271,UAC - Value | iOS | US | Carousel,12886,417,215.01,70
2025-10-11,Google Ads,GG-200272,Search - Non-Brand - Broad | iOS | US | Playables,13174,490,290.57,90
2025-10-11,Google Ads,GG-200273,Search - Non-Brand - Broad | Android | APAC | Static,12706,500,206.25,74
2025-10-11,Google Ads,GG-200274,UAC - Value | iOS | LATAM | Carousel,12973,603,366.62,130
2025-10-11,Google Ads,GG-200275,UAC - Value | Android | US | Static,14110,649,297.63,96
2025-10-11,Google Ads,GG-200276,UAC - Value | iOS | APAC | Carousel,16249,654,237.34,89
2025-10-11,Google Ads,GG-200277,Search - Non-Brand - Broad | Android | LATAM | Carousel,16996,477,171.82,34
2025-10-11,Google Ads,GG-200278,Search - Non-Brand - Broad | iOS | MENA | Playables,9136,191,50.62,18
2025-10-11,Google Ads,GG-200279,UAC - Installs | iOS | US | Static,15977,428,224.53,68
2025-10-11,Google Ads,GG-200280,UAC - Value | Android | APAC | Carousel,15728,487,232.88,139
2025-10-11,Google Ads,GG-200281,UAC - Value | iOS | APAC | Carousel,12639,478,179.44,130
2025-10-11,Google Ads,GG-200282,Search - Non-Brand - Broad | Android | LATAM | Carousel,14441,491,114.21,93
2025-10-11,Google Ads,GG-200283,UAC - Value | iOS | LATAM | Static,18198,533,197.1,103
2025-10-11,Google Ads,GG-200284,Search - Non-Brand - Broad | iOS | LATAM | UGC,10631,233,76.84,48
2025-10-11,Google Ads,GG-200285,UAC - Value | iOS | APAC | Carousel,15185,543,310.11,101
2025-10-11,Google Ads,GG-200286,Search - Non-Brand - Broad | iOS | US | Playables,10386,445,235.23,68
2025-10-11,Google Ads,GG-200287,UAC - Value | Android | MENA | Video,31274,1072,622.08,318
2025-10-11,Google Ads,GG-200288,Search - Brand - Exact | Android | APAC | Carousel,15139,377,109.48,73
2025-10-11,Google Ads,GG-200289,UAC - Installs | iOS | APAC | Static,25384,662,351.85,74
2025-10-11,Google Ads,GG-200290,UAC - Value | Android | LATAM | Static,14897,328,181.12,60
2025-10-11,Google Ads,GG-200291,UAC - Value | iOS | US | UGC,21789,917,456.21,141
2025-10-11,Google Ads,GG-200292,UAC - Value | iOS | MENA | Playables,13490,520,275.39,121
2025-10-11,Google Ads,GG-200293,Search - Brand - Exact | Android | LATAM | Playables,9735,300,137.67,69
2025-10-11,Google Ads,GG-200294,Search - Non-Brand - Broad | Android | EU | Carousel,9710,199,68.81,21
2025-10-11,Google Ads,GG-200295,UAC - Installs | Android | MENA | UGC,12153,604,244.02,131
2025-10-11,Google Ads,GG-200296,Search - Brand - Exact | iOS | US | Video,10155,358,203.2,32
2025-10-11,Google Ads,GG-200297,Search - Non-Brand - Broad | iOS | EU | Playables,18854,732,403.7,62
2025-10-11,Google Ads,GG-200298,UAC - Value | iOS | LATAM | UGC,16935,723,455.49,82
2025-10-11,Google Ads,GG-200299,UAC - Value | Android | LATAM | Video,14224,480,151.92,81
2025-10-11,Google Ads,GG-200300,Search - Brand - Exact | Android | LATAM | UGC,17707,527,234.88,80
2025-10-11,Google Ads,GG-200301,UAC - Installs | Android | EU | Carousel,26638,1219,446.4,280
2025-10-11,Google Ads,GG-200302,UAC - Value | iOS | APAC | Static,14682,578,321.43,92
2025-10-11,Google Ads,GG-200303,UAC - Value | iOS | APAC | Video,18451,712,328.52,123
2025-10-11,Google Ads,GG-200304,UAC - Installs | iOS | LATAM | Video,20819,897,334.22,112
2025-10-11,Google Ads,GG-200305,UAC - Installs | Android | US | Video,7780,236,84.11,59
2025-10-11,Google Ads,GG-200306,Search - Non-Brand - Broad | Android | EU | Static,11038,243,112.73,36
2025-10-11,Google Ads,GG-200307,UAC - Value | Android | LATAM | Playables,30397,934,546.2,263
2025-10-11,Google Ads,GG-200308,Search - Non-Brand - Broad | iOS | EU | UGC,6086,300,126.87,15
2025-10-11,Google Ads,GG-200309,Search - Brand - Exact | Android | APAC | UGC,10681,484,107.59,88
2025-10-11,Google Ads,GG-200310,UAC - Value | Android | APAC | Playables,12722,257,137.16,53
2025-10-11,Google Ads,GG-200311,Search - Non-Brand - Broad | iOS | US | Static,11427,247,119.08,40
2025-10-11,Google Ads,GG-200312,Search - Brand - Exact | iOS | US | Playables,7314,163,58.19,14
2025-10-11,Google Ads,GG-200313,Search - Non-Brand - Broad | Android | LATAM | Carousel,8990,191,82.05,14
2025-10-11,Google Ads,GG-200314,UAC - Value | iOS | US | Carousel,13189,283,131.59,38
2025-10-11,Google Ads,GG-200315,UAC - Value | iOS | MENA | UGC,16345,590,243.14,93
2025-10-11,Google Ads,GG-200316,UAC - Value | Android | LATAM | Carousel,25372,594,350.52,124
2025-10-11,Google Ads,GG-200317,Search - Brand - Exact | Android | LATAM | Playables,9464,383,183.76,87
2025-10-11,Google Ads,GG-200318,Search - Non-Brand - Broad | Android | LATAM | Video,8591,274,100.56,54
2025-10-11,Google Ads,GG-200319,UAC - Installs | iOS | US | Static,12742,438,195.7,84
2025-10-11,Google Ads,GG-200320,UAC - Value | Android | MENA | UGC,24967,1147,498.03,272
2025-10-11,Google Ads,GG-200321,UAC - Value | Android | MENA | UGC,23541,800,293.6,202
2025-10-11,Google Ads,GG-200322,Search - Non-Brand - Broad | Android | APAC | Playables,11842,575,204.76,98
2025-10-11,Google Ads,GG-200323,Search - Non-Brand - Broad | Android | APAC | Carousel,6980,193,95.17,33
2025-10-11,Google Ads,GG-200324,Search - Brand - Exact | Android | LATAM | UGC,9096,191,63.11,30
2025-10-11,Google Ads,GG-200325,Search - Non-Brand - Broad | iOS | US | UGC,12041,443,234.3,89
2025-10-11,Google Ads,GG-200326,UAC - Value | Android | APAC | Playables,12646,391,164.49,117
2025-10-11,Google Ads,GG-200327,UAC - Value | iOS | APAC | UGC,22230,1055,576.77,153
2025-10-11,Google Ads,GG-200328,Search - Brand - Exact | iOS | EU | Video,6834,207,82.68,38
2025-10-11,Google Ads,GG-200329,UAC - Installs | Android | LATAM | Video,28792,1262,385.54,206
2025-10-11,Google Ads,GG-200330,Search - Non-Brand - Broad | Android | MENA | Carousel,9415,305,94.98,49
2025-10-11,Google Ads,GG-200331,Search - Brand - Exact | iOS | MENA | UGC,9002,250,66.82,53
2025-10-11,Google Ads,GG-200332,UAC - Installs | Android | LATAM | Playables,8798,254,151.84,54
2025-10-11,Google Ads,GG-200333,Search - Non-Brand - Broad | Android | APAC | Playables,4145,197,89.22,32
2025-10-11,Google Ads,GG-200334,UAC - Installs | iOS | US | Static,12526,392,202.86,43
2025-10-11,Google Ads,GG-200335,UAC - Installs | Android | APAC | Carousel,16603,441,221.12,59
2025-10-11,Google Ads,GG-200336,Search - Non-Brand - Broad | Android | APAC | Video,7781,208,42.7,39
2025-10-11,Google Ads,GG-200337,UAC - Value | Android | MENA | Carousel,12181,450,221.89,82
2025-10-11,Google Ads,GG-200338,Search - Non-Brand - Broad | Android | MENA | Static,7553,232,82.73,47
2025-10-11,Google Ads,GG-200339,UAC - Installs | Android | US | Playables,11647,347,163.54,45
2025-10-11,Google Ads,GG-200340,Search - Non-Brand - Broad | iOS | MENA | Playables,11080,348,135.86,67
2025-10-11,Google Ads,GG-200341,UAC - Installs | iOS | LATAM | Carousel,14701,584,295.27,137
2025-10-11,Google Ads,GG-200342,Search - Brand - Exact | Android | EU | UGC,7398,260,135.85,33
2025-10-11,Google Ads,GG-200343,Search - Non-Brand - Broad | iOS | EU | Static,6516,286,158.7,24
2025-10-11,Google Ads,GG-200344,UAC - Value | Android | LATAM | Static,15524,326,152.27,86
2025-10-11,Google Ads,GG-200345,UAC - Installs | iOS | EU | Playables,24695,946,613.67,234
2025-10-11,Google Ads,GG-200346,Search - Brand - Exact | iOS | APAC | UGC,12385,610,279.5,45
2025-10-11,Google Ads,GG-200347,UAC - Installs | Android | APAC | Playables,17126,378,211.87,64
2025-10-11,Google Ads,GG-200348,UAC - Installs | iOS | APAC | UGC,27416,638,325.32,145
2025-10-11,Google Ads,GG-200349,UAC - Installs | Android | US | UGC,22610,534,229.14,80
2025-10-12,Google Ads,GG-200000,Search - Brand - Exact | iOS | US | Carousel,5479,130,64.18,26
2025-10-12,Google Ads,GG-200001,UAC - Value | Android | US | Static,8442,280,147.76,74
2025-10-12,Google Ads,GG-200002,Search - Non-Brand - Broad | iOS | MENA | Playables,8459,276,123.54,39
2025-10-12,Google Ads,GG-200003,UAC - Value | iOS | LATAM | Carousel,10568,328,184.27,53
2025-10-12,Google Ads,GG-200004,Search - Brand - Exact | iOS | LATAM | Playables,5877,257,100.0,42
2025-10-12,Google Ads,GG-200005,Search - Brand - Exact | iOS | US | Carousel,10447,254,138.99,21
2025-10-12,Google Ads,GG-200006,Search - Non-Brand - Broad | iOS | LATAM | Carousel,6259,174,93.7,24
2025-10-12,Google Ads,GG-200007,Search - Non-Brand - Broad | iOS | US | Playables,9224,245,107.06,50
2025-10-12,Google Ads,GG-200008,Search - Non-Brand - Broad | iOS | LATAM | UGC,14192,318,115.02,28
2025-10-12,Google Ads,GG-200009,UAC - Value | Android | LATAM | Playables,11256,503,214.38,94
2025-10-12,Google Ads,GG-200010,Search - Brand - Exact | iOS | EU | Playables,13726,437,188.04,89
2025-10-12,Google Ads,GG-200011,Search - Brand - Exact | iOS | MENA | Carousel,10689,225,99.88,19
2025-10-12,Google Ads,GG-200012,Search - Non-Brand - Broad | iOS | LATAM | Static,8813,355,134.4,26
2025-10-12,Google Ads,GG-200013,Search - Non-Brand - Broad | iOS | APAC | Static,15548,651,207.86,69
2025-10-12,Google Ads,GG-200014,UAC - Installs | Android | EU | Video,20078,742,348.81,210
2025-10-12,Google Ads,GG-200015,Search - Brand - Exact | Android | MENA | Playables,14443,468,177.37,53
2025-10-12,Google Ads,GG-200016,UAC - Value | iOS | MENA | Static,11161,487,212.23,83
2025-10-12,Google Ads,GG-200017,Search - Non-Brand - Broad | Android | EU | Static,10012,341,137.8,36
2025-10-12,Google Ads,GG-200018,UAC - Installs | iOS | US | UGC,11206,541,368.96,94
2025-10-12,Google Ads,GG-200019,UAC - Installs | Android | APAC | Playables,10327,315,131.42,83
2025-10-12,Google Ads,GG-200020,Search - Non-Brand - Broad | iOS | EU | Playables,12609,599,260.92,87
2025-10-12,Google Ads,GG-200021,UAC - Installs | iOS | APAC | Static,13996,282,106.82,36
2025-10-12,Google Ads,GG-200022,UAC - Value | iOS | APAC | Carousel,7230,149,71.92,41
2025-10-12,Google Ads,GG-200023,Search - Non-Brand - Broad | iOS | EU | Static,17691,754,401.2,109
2025-10-12,Google Ads,GG-200024,UAC - Installs | iOS | US | UGC,9346,363,175.62,69
2025-10-12,Google Ads,GG-200025,UAC - Installs | Android | MENA | Video,16098,645,309.47,138
2025-10-12,Google Ads,GG-200026,UAC - Value | Android | EU | Carousel,14653,573,296.7,75
2025-10-12,Google Ads,GG-200027,Search - Non-Brand - Broad | Android | APAC | Video,6814,191,63.14,32
2025-10-12,Google Ads,GG-200028,UAC - Value | iOS | LATAM | Video,10697,387,224.61,100
2025-10-12,Google Ads,GG-200029,UAC - Installs | Android | APAC | Playables,7159,213,95.94,48
2025-10-12,Google Ads,GG-200030,UAC - Installs | Android | APAC | Video,26161,870,469.54,157
2025-10-12,Google Ads,GG-200031,Search - Brand - Exact | Android | US | Carousel,10813,460,184.32,108
2025-10-12,Google Ads,GG-200032,Search - Brand - Exact | iOS | EU | Static,7624,225,81.97,12
2025-10-12,Google Ads,GG-200033,UAC - Value | iOS | APAC | Static,12133,259,157.52,56
2025-10-12,Google Ads,GG-200034,Search - Brand - Exact | iOS | MENA | Video,6833,191,60.49,34
2025-10-12,Google Ads,GG-200035,Search - Non-Brand - Broad | Android | LATAM | Static,8177,244,121.76,24
2025-10-12,Google Ads,GG-200036,Search - Non-Brand - Broad | iOS | US | Carousel,10448,210,97.4,17
2025-10-12,Google Ads,GG-200037,Search - Non-Brand - Broad | iOS | US | Video,14772,484,276.56,72
2025-10-12,Google Ads,GG-200038,Search - Brand - Exact | iOS | MENA | UGC,9485,449,128.77,79
2025-10-12,Google Ads,GG-200039,Search - Brand - Exact | Android | APAC | Playables,16155,716,152.72,141
2025-10-12,Google Ads,GG-200040,UAC - Value | Android | EU | Carousel,14818,646,363.7,162
2025-10-12,Google Ads,GG-200041,Search - Non-Brand - Broad | Android | MENA | Carousel,15125,322,140.49,39
2025-10-12,Google Ads,GG-200042,UAC - Installs | iOS | EU | Video,9438,306,188.04,54
2025-10-12,Google Ads,GG-200043,Search - Brand - Exact | Android | MENA | Playables,18183,772,331.88,57
2025-10-12,Google Ads,GG-200044,UAC - Value | iOS | APAC | Video,15322,762,468.86,92
2025-10-12,Google Ads,GG-200045,UAC - Installs | iOS | LATAM | Video,14358,327,167.62,86
2025-10-12,Google Ads,GG-200046,Search - Brand - Exact | Android | LATAM | Static,13270,507,218.62,45
2025-10-12,Google Ads,GG-200047,UAC - Installs | iOS | EU | Video,9729,205,103.91,26
2025-10-12,Google Ads,GG-200048,UAC - Value | iOS | EU | UGC,17354,561,298.12,109
2025-10-12,Google Ads,GG-200049,UAC - Value | Android | EU | Video,37111,1339,726.54,312
2025-10-12,Google Ads,GG-200050,Search - Brand - Exact | Android | LATAM | Static,11273,512,241.77,118
2025-10-12,Google Ads,GG-200051,UAC - Installs | Android | US | Carousel,7178,341,191.16,79
2025-10-12,Google Ads,GG-200052,UAC - Installs | iOS | MENA | UGC,15941,411,214.91,56
2025-10-12,Google Ads,GG-200053,UAC - Installs | Android | EU | Carousel,14798,638,274.08,155
2025-10-12,Google Ads,GG-200054,Search - Brand - Exact | Android | LATAM | Carousel,7763,264,81.58,43
2025-10-12,Google Ads,GG-200055,UAC - Value | iOS | APAC | UGC,7263,146,68.59,17
2025-10-12,Google Ads,GG-200056,UAC - Value | iOS | LATAM | Static,6640,158,56.85,23
2025-10-12,Google Ads,GG-200057,UAC - Installs | iOS | LATAM | Playables,24683,768,285.7,125
2025-10-12,Google Ads,GG-200058,UAC - Value | Android | APAC | Video,9216,201,65.24,30
2025-10-12,Google Ads,GG-200059,UAC - Installs | Android | MENA | Carousel,22121,959,539.34,224
2025-10-12,Google Ads,GG-200060,UAC - Installs | Android | US | Carousel,13629,577,335.06,131
2025-10-12,Google Ads,GG-200061,UAC - Value | iOS | APAC | Playables,22863,608,357.02,151
2025-10-12,Google Ads,GG-200062,UAC - Value | Android | APAC | Carousel,10427,473,156.85,63
2025-10-12,Google Ads,GG-200063,UAC - Value | Android | LATAM | Playables,16556,709,395.69,98
2025-10-12,Google Ads,GG-200064,UAC - Value | iOS | US | Video,25901,1172,747.5,130
2025-10-12,Google Ads,GG-200065,Search - Brand - Exact | iOS | MENA | Static,12730,614,317.44,110
2025-10-12,Google Ads,GG-200066,Search - Brand - Exact | Android | MENA | UGC,16426,674,274.65,104
2025-10-12,Google Ads,GG-200067,UAC - Installs | Android | US | Static,9177,415,179.28,93
2025-10-12,Google Ads,GG-200068,Search - Brand - Exact | iOS | APAC | Playables,10313,416,210.04,44
2025-10-12,Google Ads,GG-200069,UAC - Installs | Android | APAC | Carousel,16009,383,223.44,66
2025-10-12,Google Ads,GG-200070,Search - Non-Brand - Broad | iOS | US | Playables,7290,327,154.15,18
2025-10-12,Google Ads,GG-200071,UAC - Installs | iOS | APAC | Carousel,11227,327,179.69,72
2025-10-12,Google Ads,GG-200072,Search - Non-Brand - Broad | Android | US | Video,16356,538,185.56,55
2025-10-12,Google Ads,GG-200073,Search - Brand - Exact | iOS | MENA | UGC,10004,425,183.34,84
2025-10-12,Google Ads,GG-200074,Search - Non-Brand - Broad | iOS | LATAM | UGC,23509,819,333.58,128
2025-10-12,Google Ads,GG-200075,Search - Brand - Exact | iOS | APAC | Static,7127,222,90.04,33
2025-10-12,Google Ads,GG-200076,Search - Non-Brand - Broad | Android | US | UGC,7779,259,94.9,23
2025-10-12,Google Ads,GG-200077,UAC - Installs | iOS | US | Carousel,20649,660,265.58,93
2025-10-12,Google Ads,GG-200078,UAC - Installs | Android | MENA | Playables,11756,558,334.47,136
2025-10-12,Google Ads,GG-200079,UAC - Installs | iOS | EU | Static,19598,614,400.21,145
2025-10-12,Google Ads,GG-200080,Search - Non-Brand - Broad | Android | US | Static,18808,656,189.98,55
2025-10-12,Google Ads,GG-200081,UAC - Installs | Android | APAC | Video,11347,554,222.76,104
2025-10-12,Google Ads,GG-200082,Search - Non-Brand - Broad | iOS | APAC | Playables,7560,341,116.86,39
2025-10-12,Google Ads,GG-200083,UAC - Value | Android | US | Carousel,30652,1393,629.36,216
2025-10-12,Google Ads,GG-200084,UAC - Value | iOS | MENA | UGC,11319,290,111.85,45
2025-10-12,Google Ads,GG-200085,Search - Brand - Exact | Android | EU | Carousel,18898,848,270.51,155
2025-10-12,Google Ads,GG-200086,UAC - Installs | iOS | APAC | Playables,21246,987,618.26,205
2025-10-12,Google Ads,GG-200087,Search - Non-Brand - Broad | Android | MENA | Playables,15644,364,161.73,81
2025-10-12,Google Ads,GG-200088,Search - Brand - Exact | Android | APAC | Playables,13061,570,201.55,65
2025-10-12,Google Ads,GG-200089,UAC - Installs | Android | MENA | Static,11182,436,245.38,92
2025-10-12,Google Ads,GG-200090,Search - Non-Brand - Broad | Android | EU | Carousel,13552,648,245.01,103
2025-10-12,Google Ads,GG-200091,Search - Brand - Exact | iOS | MENA | Carousel,10656,394,179.03,69
2025-10-12,Google Ads,GG-200092,UAC - Installs | iOS | EU | Playables,25187,793,522.19,109
2025-10-12,Google Ads,GG-200093,Search - Brand - Exact | Android | LATAM | Playables,12884,495,218.64,102
2025-10-12,Google Ads,GG-200094,Search - Non-Brand - Broad | Android | MENA | Playables,20340,938,431.57,132
2025-10-12,Google Ads,GG-200095,UAC - Installs | Android | MENA | Playables,15133,544,195.08,140
2025-10-12,Google Ads,GG-200096,Search - Brand - Exact | Android | US | Video,10515,411,127.74,36
2025-10-12,Google Ads,GG-200097,UAC - Value | iOS | EU | Playables,18752,801,453.45,133
2025-10-12,Google Ads,GG-200098,UAC - Installs | Android | APAC | Playables,11217,396,174.83,51
2025-10-12,Google Ads,GG-200099,UAC - Value | iOS | APAC | Static,13110,622,349.94,124
2025-10-12,Google Ads,GG-200100,Search - Brand - Exact | iOS | APAC | Video,8452,282,131.67,20
2025-10-12,Google Ads,GG-200101,UAC - Value | Android | APAC | UGC,8926,403,146.89,114
2025-10-12,Google Ads,GG-200102,Search - Non-Brand - Broad | iOS | EU | Carousel,11067,352,115.67,56
2025-10-12,Google Ads,GG-200103,UAC - Value | iOS | LATAM | Carousel,8792,197,115.66,30
2025-10-12,Google Ads,GG-200104,Search - Brand - Exact | Android | LATAM | Playables,9036,258,62.62,52
2025-10-12,Google Ads,GG-200105,Search - Brand - Exact | iOS | EU | UGC,12104,409,155.99,34
2025-10-12,Google Ads,GG-200106,Search - Non-Brand - Broad | iOS | APAC | Static,11676,531,168.86,100
2025-10-12,Google Ads,GG-200107,UAC - Value | Android | US | Carousel,18607,464,222.53,108
2025-10-12,Google Ads,GG-200108,UAC - Installs | iOS | EU | Static,17310,463,227.1,98
2025-10-12,Google Ads,GG-200109,UAC - Value | iOS | EU | Static,24360,1081,664.92,234
2025-10-12,Google Ads,GG-200110,UAC - Value | iOS | APAC | Carousel,22156,478,269.21,128
2025-10-12,Google Ads,GG-200111,UAC - Value | Android | US | UGC,14142,347,184.64,57
2025-10-12,Google Ads,GG-200112,UAC - Installs | Android | EU | Playables,12592,579,368.13,96
2025-10-12,Google Ads,GG-200113,UAC - Value | Android | US | Carousel,17076,649,278.55,88
2025-10-12,Google Ads,GG-200114,Search - Brand - Exact | iOS | LATAM | Playables,6853,287,147.37,57
2025-10-12,Google Ads,GG-200115,UAC - Installs | Android | APAC | Static,6806,199,87.86,54
2025-10-12,Google Ads,GG-200116,Search - Brand - Exact | iOS | APAC | Carousel,5991,296,105.38,15
2025-10-12,Google Ads,GG-200117,Search - Non-Brand - Broad | iOS | US | Playables,15948,385,214.21,55
2025-10-12,Google Ads,GG-200118,Search - Brand - Exact | iOS | MENA | Carousel,8532,201,100.24,17
2025-10-12,Google Ads,GG-200119,UAC - Installs | iOS | MENA | UGC,10113,252,130.21,38
2025-10-12,Google Ads,GG-200120,UAC - Value | Android | EU | Video,17682,804,500.01,203
2025-10-12,Google Ads,GG-200121,UAC - Installs | iOS | LATAM | Playables,19072,707,387.93,82
2025-10-12,Google Ads,GG-200122,UAC - Value | Android | EU | Playables,23439,1163,440.08,191
2025-10-12,Google Ads,GG-200123,Search - Non-Brand - Broad | Android | US | Video,8426,300,140.43,50
2025-10-12,Google Ads,GG-200124,UAC - Value | iOS | APAC | Playables,8803,386,175.78,52
2025-10-12,Google Ads,GG-200125,Search - Non-Brand - Broad | Android | MENA | Playables,4897,208,70.78,38
2025-10-12,Google Ads,GG-200126,Search - Non-Brand - Broad | iOS | MENA | Carousel,8223,359,116.93,75
2025-10-12,Google Ads,GG-200127,UAC - Installs | iOS | MENA | Carousel,6795,254,159.44,59
2025-10-12,Google Ads,GG-200128,UAC - Value | iOS | MENA | Carousel,11863,263,111.51,54
2025-10-12,Google Ads,GG-200129,Search - Brand - Exact | Android | LATAM | Carousel,9941,321,151.8,43
2025-10-12,Google Ads,GG-200130,Search - Brand - Exact | iOS | MENA | Carousel,6989,242,101.74,26
2025-10-12,Google Ads,GG-200131,Search - Non-Brand - Broad | iOS | LATAM | Playables,12056,352,139.29,77
2025-10-12,Google Ads,GG-200132,Search - Non-Brand - Broad | Android | MENA | UGC,12088,440,159.85,53
2025-10-12,Google Ads,GG-200133,Search - Brand - Exact | iOS | EU | Static,10061,261,125.83,43
2025-10-12,Google Ads,GG-200134,UAC - Value | Android | EU | Video,19581,439,233.94,82
2025-10-12,Google Ads,GG-200135,UAC - Value | iOS | APAC | Static,15531,659,312.23,100
2025-10-12,Google Ads,GG-200136,UAC - Value | Android | APAC | Playables,16008,321,166.21,93
2025-10-12,Google Ads,GG-200137,Search - Non-Brand - Broad | Android | EU | Playables,10885,514,167.05,76
2025-10-12,Google Ads,GG-200138,UAC - Value | iOS | APAC | Playables,17551,854,386.69,225
2025-10-12,Google Ads,GG-200139,UAC - Installs | iOS | EU | UGC,9625,323,220.16,56
2025-10-12,Google Ads,GG-200140,UAC - Value | iOS | LATAM | Playables,25215,593,350.05,142
2025-10-12,Google Ads,GG-200141,UAC - Installs | Android | EU | Carousel,18935,477,219.04,126
2025-10-12,Google Ads,GG-200142,Search - Non-Brand - Broad | Android | LATAM | Carousel,10811,535,123.64,114
2025-10-12,Google Ads,GG-200143,UAC - Installs | iOS | LATAM | UGC,21044,811,322.05,210
2025-10-12,Google Ads,GG-200144,UAC - Value | iOS | LATAM | Video,12707,571,279.79,111
2025-10-12,Google Ads,GG-200145,UAC - Installs | iOS | LATAM | Static,23803,771,458.82,161
2025-10-12,Google Ads,GG-200146,UAC - Installs | Android | LATAM | Video,10312,376,197.89,51
2025-10-12,Google Ads,GG-200147,Search - Non-Brand - Broad | iOS | LATAM | UGC,9008,234,82.84,26
2025-10-12,Google Ads,GG-200148,UAC - Installs | Android | MENA | Carousel,19353,510,259.64,83
2025-10-12,Google Ads,GG-200149,Search - Non-Brand - Broad | Android | US | Playables,8679,186,67.85,17
2025-10-12,Google Ads,GG-200150,Search - Non-Brand - Broad | Android | US | Playables,14076,532,262.01,109
2025-10-12,Google Ads,GG-200151,UAC - Value | Android | US | Video,8550,270,144.64,72
2025-10-12,Google Ads,GG-200152,Search - Non-Brand - Broad | iOS | APAC | Video,6816,301,96.8,58
2025-10-12,Google Ads,GG-200153,UAC - Value | Android | MENA | Static,29024,1204,408.04,161
2025-10-12,Google Ads,GG-200154,UAC - Installs | iOS | APAC | Static,11553,325,194.84,64
2025-10-12,Google Ads,GG-200155,Search - Brand - Exact | iOS | LATAM | Video,7046,195,100.09,17
2025-10-12,Google Ads,GG-200156,Search - Non-Brand - Broad | Android | MENA | Video,19664,677,136.89,73
2025-10-12,Google Ads,GG-200157,UAC - Value | iOS | EU | Video,12191,391,178.49,90
2025-10-12,Google Ads,GG-200158,Search - Brand - Exact | iOS | EU | Carousel,15375,628,240.52,114
2025-10-12,Google Ads,GG-200159,Search - Brand - Exact | Android | LATAM | Playables,10505,463,130.8,60
2025-10-12,Google Ads,GG-200160,UAC - Value | iOS | LATAM | UGC,19798,413,157.35,101
2025-10-12,Google Ads,GG-200161,UAC - Installs | Android | MENA | UGC,16502,760,331.06,173
2025-10-12,Google Ads,GG-200162,Search - Non-Brand - Broad | Android | US | Carousel,6828,191,104.1,38
2025-10-12,Google Ads,GG-200163,Search - Brand - Exact | iOS | LATAM | Static,11177,306,154.59,64
2025-10-12,Google Ads,GG-200164,Search - Non-Brand - Broad | iOS | LATAM | Playables,8247,247,72.62,14
2025-10-12,Google Ads,GG-200165,UAC - Value | Android | MENA | UGC,13936,307,172.87,41
2025-10-12,Google Ads,GG-200166,Search - Brand - Exact | iOS | US | UGC,6003,227,75.93,22
2025-10-12,Google Ads,GG-200167,UAC - Installs | Android | EU | UGC,15049,556,272.88,121
2025-10-12,Google Ads,GG-200168,UAC - Value | Android | US | Carousel,21092,984,476.45,237
2025-10-12,Google Ads,GG-200169,UAC - Installs | Android | APAC | Carousel,19302,507,204.02,147
2025-10-12,Google Ads,GG-200170,Search - Brand - Exact | iOS | MENA | Playables,8762,224,87.4,38
2025-10-12,Google Ads,GG-200171,Search - Brand - Exact | iOS | LATAM | Static,7239,246,97.0,38
2025-10-12,Google Ads,GG-200172,Search - Non-Brand - Broad | Android | APAC | Carousel,17425,473,196.58,107
2025-10-12,Google Ads,GG-200173,Search - Brand - Exact | iOS | MENA | Carousel,8501,295,96.2,44
2025-10-12,Google Ads,GG-200174,Search - Non-Brand - Broad | iOS | LATAM | Playables,15923,417,218.51,56
2025-10-12,Google Ads,GG-200175,Search - Non-Brand - Broad | Android | EU | UGC,15784,644,311.44,46
2025-10-12,Google Ads,GG-200176,UAC - Value | iOS | MENA | Carousel,15369,474,291.94,118
2025-10-12,Google Ads,GG-200177,Search - Non-Brand - Broad | iOS | MENA | Static,5129,183,87.55,30
2025-10-12,Google Ads,GG-200178,UAC - Installs | Android | MENA | UGC,31275,839,382.0,218
2025-10-12,Google Ads,GG-200179,Search - Brand - Exact | Android | MENA | Video,9908,394,160.36,28
2025-10-12,Google Ads,GG-200180,Search - Non-Brand - Broad | Android | MENA | Playables,11753,238,56.0,34
2025-10-12,Google Ads,GG-200181,UAC - Value | Android | LATAM | Playables,18767,817,442.08,141
2025-10-12,Google Ads,GG-200182,UAC - Value | Android | EU | Playables,9451,331,142.36,57
2025-10-12,Google Ads,GG-200183,Search - Brand - Exact | Android | MENA | UGC,10444,388,114.3,76
2025-10-12,Google Ads,GG-200184,UAC - Value | iOS | EU | Playables,11495,535,283.92,135
2025-10-12,Google Ads,GG-200185,UAC - Value | iOS | MENA | Video,11470,498,192.88,85
2025-10-12,Google Ads,GG-200186,UAC - Installs | iOS | US | UGC,27021,1074,559.23,153
2025-10-12,Google Ads,GG-200187,Search - Brand - Exact | Android | EU | Playables,20837,985,352.14,230
2025-10-12,Google Ads,GG-200188,Search - Brand - Exact | Android | APAC | Carousel,17814,673,296.79,78
2025-10-12,Google Ads,GG-200189,Search - Brand - Exact | Android | US | UGC,12213,413,217.77,30
2025-10-12,Google Ads,GG-200190,Search - Non-Brand - Broad | iOS | APAC | Static,11114,529,132.94,52
2025-10-12,Google Ads,GG-200191,UAC - Value | iOS | LATAM | UGC,23401,959,553.73,218
2025-10-12,Google Ads,GG-200192,Search - Non-Brand - Broad | iOS | APAC | Video,15088,358,163.93,52
2025-10-12,Google Ads,GG-200193,UAC - Value | iOS | US | Static,17507,506,246.12,94
2025-10-12,Google Ads,GG-200194,Search - Brand - Exact | Android | EU | Video,7664,200,98.68,45
2025-10-12,Google Ads,GG-200195,UAC - Value | iOS | APAC | Playables,15657,632,266.07,158
2025-10-12,Google Ads,GG-200196,UAC - Value | iOS | EU | Static,20870,896,592.35,165
2025-10-12,Google Ads,GG-200197,Search - Non-Brand - Broad | iOS | EU | Carousel,15301,745,336.22,60
2025-10-12,Google Ads,GG-200198,Search - Brand - Exact | Android | US | UGC,12280,489,133.89,109
2025-10-12,Google Ads,GG-200199,Search - Brand - Exact | Android | EU | Video,6114,145,54.66,28
2025-10-12,Google Ads,GG-200200,Search - Brand - Exact | Android | APAC | Playables,10979,253,111.27,18
2025-10-12,Google Ads,GG-200201,UAC - Value | Android | US | UGC,11441,429,164.95,107
2025-10-12,Google Ads,GG-200202,Search - Brand - Exact | Android | MENA | Static,9515,393,83.43,88
2025-10-12,Google Ads,GG-200203,Search - Non-Brand - Broad | Android | MENA | Carousel,8828,422,128.29,54
2025-10-12,Google Ads,GG-200204,UAC - Installs | iOS | MENA | Playables,19763,441,162.55,105
2025-10-12,Google Ads,GG-200205,Search - Non-Brand - Broad | Android | LATAM | Static,8135,243,81.19,51
2025-10-12,Google Ads,GG-200206,Search - Brand - Exact | iOS | LATAM | Carousel,8280,236,109.13,16
2025-10-12,Google Ads,GG-200207,UAC - Value | Android | APAC | Playables,15211,571,310.28,121
2025-10-12,Google Ads,GG-200208,UAC - Installs | Android | LATAM | UGC,14114,660,316.8,117
2025-10-12,Google Ads,GG-200209,UAC - Installs | iOS | APAC | Static,7576,256,109.95,59
2025-10-12,Google Ads,GG-200210,UAC - Value | iOS | EU | Playables,13143,429,280.39,55
2025-10-12,Google Ads,GG-200211,Search - Non-Brand - Broad | Android | EU | Carousel,8404,175,52.6,25
2025-10-12,Google Ads,GG-200212,UAC - Value | iOS | US | Playables,13307,327,206.89,44
2025-10-12,Google Ads,GG-200213,Search - Non-Brand - Broad | iOS | MENA | Playables,11444,505,268.96,95
2025-10-12,Google Ads,GG-200214,Search - Non-Brand - Broad | iOS | EU | Carousel,18500,723,227.6,77
2025-10-12,Google Ads,GG-200215,UAC - Installs | iOS | US | UGC,23956,687,348.1,188
2025-10-12,Google Ads,GG-200216,Search - Brand - Exact | Android | MENA | Static,11998,597,290.68,109
2025-10-12,Google Ads,GG-200217,Search - Brand - Exact | iOS | APAC | Playables,11896,410,221.89,73
2025-10-12,Google Ads,GG-200218,Search - Non-Brand - Broad | Android | EU | Playables,7155,207,101.66,34
2025-10-12,Google Ads,GG-200219,UAC - Installs | iOS | EU | Carousel,10299,296,125.44,37
2025-10-12,Google Ads,GG-200220,Search - Brand - Exact | Android | EU | Static,11376,472,182.66,51
2025-10-12,Google Ads,GG-200221,Search - Non-Brand - Broad | iOS | EU | Playables,8639,415,209.37,37
2025-10-12,Google Ads,GG-200222,UAC - Installs | iOS | EU | Playables,6790,241,133.01,40
2025-10-12,Google Ads,GG-200223,UAC - Installs | iOS | APAC | UGC,10008,311,179.98,44
2025-10-12,Google Ads,GG-200224,UAC - Value | iOS | LATAM | Carousel,16652,475,170.95,109
2025-10-12,Google Ads,GG-200225,UAC - Installs | iOS | US | UGC,18179,876,464.28,170
2025-10-12,Google Ads,GG-200226,UAC - Value | Android | LATAM | Carousel,23527,919,418.7,266
2025-10-12,Google Ads,GG-200227,Search - Non-Brand - Broad | Android | MENA | Static,8461,222,64.18,51
2025-10-12,Google Ads,GG-200228,UAC - Value | Android | LATAM | Playables,17723,486,274.4,135
2025-10-12,Google Ads,GG-200229,UAC - Installs | iOS | EU | Static,10459,302,184.16,42
2025-10-12,Google Ads,GG-200230,Search - Non-Brand - Broad | Android | APAC | Playables,9195,409,119.47,87
2025-10-12,Google Ads,GG-200231,UAC - Installs | iOS | MENA | Carousel,15488,627,250.74,121
2025-10-12,Google Ads,GG-200232,Search - Non-Brand - Broad | iOS | APAC | UGC,10788,245,112.19,32
2025-10-12,Google Ads,GG-200233,UAC - Value | iOS | EU | Static,11155,279,144.1,51
2025-10-12,Google Ads,GG-200234,Search - Brand - Exact | Android | MENA | Video,12353,541,208.28,68
2025-10-12,Google Ads,GG-200235,UAC - Value | Android | US | Video,13422,430,234.82,70
2025-10-12,Google Ads,GG-200236,Search - Non-Brand - Broad | Android | EU | Video,12647,257,107.09,42
2025-10-12,Google Ads,GG-200237,UAC - Value | Android | EU | Playables,10745,340,187.1,90
2025-10-12,Google Ads,GG-200238,UAC - Value | iOS | US | Playables,7885,294,187.34,44
2025-10-12,Google Ads,GG-200239,UAC - Value | iOS | US | Video,12917,311,160.2,60
2025-10-12,Google Ads,GG-200240,UAC - Installs | Android | US | Playables,17971,776,284.02,151
2025-10-12,Google Ads,GG-200241,UAC - Value | iOS | US | Playables,26058,1240,759.0,344
2025-10-12,Google Ads,GG-200242,Search - Non-Brand - Broad | Android | US | Video,19496,581,212.36,119
2025-10-12,Google Ads,GG-200243,UAC - Installs | Android | EU | Playables,12847,410,244.28,117
2025-10-12,Google Ads,GG-200244,Search - Brand - Exact | iOS | LATAM | UGC,6787,146,51.95,8
2025-10-12,Google Ads,GG-200245,Search - Non-Brand - Broad | iOS | APAC | UGC,14263,490,184.88,77
2025-10-12,Google Ads,GG-200246,Search - Brand - Exact | Android | LATAM | Video,13431,283,91.49,32
2025-10-12,Google Ads,GG-200247,UAC - Value | Android | APAC | UGC,15101,416,130.08,74
2025-10-12,Google Ads,GG-200248,Search - Non-Brand - Broad | iOS | US | Video,10078,463,157.98,42
2025-10-12,Google Ads,GG-200249,UAC - Installs | Android | APAC | UGC,29261,1048,525.26,253
2025-10-12,Google Ads,GG-200250,Search - Non-Brand - Broad | Android | MENA | Video,11518,524,155.05,85
2025-10-12,Google Ads,GG-200251,UAC - Installs | Android | MENA | UGC,22772,1024,525.21,220
2025-10-12,Google Ads,GG-200252,Search - Brand - Exact | Android | US | Carousel,14020,486,207.67,93
2025-10-12,Google Ads,GG-200253,Search - Non-Brand - Broad | Android | LATAM | Video,11123,254,81.46,57
2025-10-12,Google Ads,GG-200254,UAC - Installs | Android | APAC | Video,16239,343,118.44,79
2025-10-12,Google Ads,GG-200255,UAC - Value | Android | MENA | Static,11201,443,243.65,79
2025-10-12,Google Ads,GG-200256,Search - Brand - Exact | iOS | APAC | Static,19752,675,311.18,74
2025-10-12,Google Ads,GG-200257,UAC - Value | iOS | US | Video,16527,474,234.63,131
2025-10-12,Google Ads,GG-200258,UAC - Value | Android | US | Carousel,25121,1053,602.95,202
2025-10-12,Google Ads,GG-200259,UAC - Value | iOS | US | Carousel,15361,653,436.92,180
2025-10-12,Google Ads,GG-200260,UAC - Value | iOS | EU | Carousel,9778,437,189.26,122
2025-10-12,Google Ads,GG-200261,UAC - Value | iOS | EU | Playables,30296,829,483.22,153
2025-10-12,Google Ads,GG-200262,Search - Non-Brand - Broad | Android | MENA | Carousel,8304,176,46.9,24
2025-10-12,Google Ads,GG-200263,Search - Non-Brand - Broad | Android | US | Carousel,13499,278,133.13,31
2025-10-12,Google Ads,GG-200264,UAC - Installs | iOS | EU | UGC,30150,1213,632.7,317
2025-10-12,Google Ads,GG-200265,Search - Brand - Exact | iOS | US | Video,7677,179,54.11,38
2025-10-12,Google Ads,GG-200266,UAC - Installs | iOS | APAC | Carousel,22374,475,248.76,78
2025-10-12,Google Ads,GG-200267,Search - Non-Brand - Broad | Android | EU | Video,9125,205,83.39,43
2025-10-12,Google Ads,GG-200268,UAC - Value | iOS | APAC | Playables,16884,742,301.47,182
2025-10-12,Google Ads,GG-200269,UAC - Installs | Android | US | Video,21258,976,421.44,173
2025-10-12,Google Ads,GG-200270,UAC - Installs | Android | MENA | Playables,20844,928,527.94,212
2025-10-12,Google Ads,GG-200271,UAC - Value | iOS | US | Carousel,12040,322,143.1,45
2025-10-12,Google Ads,GG-200272,Search - Non-Brand - Broad | iOS | US | Playables,6712,200,66.62,10
2025-10-12,Google Ads,GG-200273,Search - Non-Brand - Broad | Android | APAC | Static,22429,887,194.61,169
2025-10-12,Google Ads,GG-200274,UAC - Value | iOS | LATAM | Carousel,19136,546,317.99,127
2025-10-12,Google Ads,GG-200275,UAC - Value | Android | US | Static,18134,366,181.02,95
2025-10-12,Google Ads,GG-200276,UAC - Value | iOS | APAC | Carousel,23346,845,367.15,151
2025-10-12,Google Ads,GG-200277,Search - Non-Brand - Broad | Android | LATAM | Carousel,13014,273,107.56,23
2025-10-12,Google Ads,GG-200278,Search - Non-Brand - Broad | iOS | MENA | Playables,8603,219,100.98,43
2025-10-12,Google Ads,GG-200279,UAC - Installs | iOS | US | Static,16084,429,198.93,113
2025-10-12,Google Ads,GG-200280,UAC - Value | Android | APAC | Carousel,10975,342,156.91,70
2025-10-12,Google Ads,GG-200281,UAC - Value | iOS | APAC | Carousel,8921,203,129.03,30
2025-10-12,Google Ads,GG-200282,Search - Non-Brand - Broad | Android | LATAM | Carousel,8330,337,140.29,74
2025-10-12,Google Ads,GG-200283,UAC - Value | iOS | LATAM | Static,5906,215,91.2,47
2025-10-12,Google Ads,GG-200284,Search - Non-Brand - Broad | iOS | LATAM | UGC,9156,325,150.8,30
2025-10-12,Google Ads,GG-200285,UAC - Value | iOS | APAC | Carousel,22567,993,435.73,276
2025-10-12,Google Ads,GG-200286,Search - Non-Brand - Broad | iOS | US | Playables,4852,150,45.96,20
2025-10-12,Google Ads,GG-200287,UAC - Value | Android | MENA | Video,11848,441,184.16,122
2025-10-12,Google Ads,GG-200288,Search - Brand - Exact | Android | APAC | Carousel,18511,471,109.84,85
2025-10-12,Google Ads,GG-200289,UAC - Installs | iOS | APAC | Static,29448,1412,761.77,247
2025-10-12,Google Ads,GG-200290,UAC - Value | Android | LATAM | Static,8861,182,61.02,54
2025-10-12,Google Ads,GG-200291,UAC - Value | iOS | US | UGC,19838,398,236.73,83
2025-10-12,Google Ads,GG-200292,UAC - Value | iOS | MENA | Playables,14196,655,424.7,127
2025-10-12,Google Ads,GG-200293,Search - Brand - Exact | Android | LATAM | Playables,10224,489,215.5,89
2025-10-12,Google Ads,GG-200294,Search - Non-Brand - Broad | Android | EU | Carousel,10016,283,120.73,26
2025-10-12,Google Ads,GG-200295,UAC - Installs | Android | MENA | UGC,16851,390,156.31,93
2025-10-12,Google Ads,GG-200296,Search - Brand - Exact | iOS | US | Video,4411,147,72.13,31
2025-10-12,Google Ads,GG-200297,Search - Non-Brand - Broad | iOS | EU | Playables,14503,338,161.53,26
2025-10-12,Google Ads,GG-200298,UAC - Value | iOS | LATAM | UGC,17968,575,348.8,134
2025-10-12,Google Ads,GG-200299,UAC - Value | Android | LATAM | Video,19761,562,258.07,137
2025-10-12,Google Ads,GG-200300,Search - Brand - Exact | Android | LATAM | UGC,15255,426,188.76,67
2025-10-12,Google Ads,GG-200301,UAC - Installs | Android | EU | Carousel,21406,781,444.55,166
2025-10-12,Google Ads,GG-200302,UAC - Value | iOS | APAC | Static,14001,380,231.42,81
2025-10-12,Google Ads,GG-200303,UAC - Value | iOS | APAC | Video,22013,803,333.08,120
2025-10-12,Google Ads,GG-200304,UAC - Installs | iOS | LATAM | Video,19053,822,495.42,175
2025-10-12,Google Ads,GG-200305,UAC - Installs | Android | US | Video,21120,828,320.35,161
2025-10-12,Google Ads,GG-200306,Search - Non-Brand - Broad | Android | EU | Static,17480,460,147.98,35
2025-10-12,Google Ads,GG-200307,UAC - Value | Android | LATAM | Playables,15083,553,172.48,132
2025-10-12,Google Ads,GG-200308,Search - Non-Brand - Broad | iOS | EU | UGC,10807,292,161.45,23
2025-10-12,Google Ads,GG-200309,Search - Brand - Exact | Android | APAC | UGC,8040,227,82.79,34
2025-10-12,Google Ads,GG-200310,UAC - Value | Android | APAC | Playables,21714,867,311.34,222
2025-10-12,Google Ads,GG-200311,Search - Non-Brand - Broad | iOS | US | Static,14909,656,223.83,57
2025-10-12,Google Ads,GG-200312,Search - Brand - Exact | iOS | US | Playables,10460,285,141.16,47
2025-10-12,Google Ads,GG-200313,Search - Non-Brand - Broad | Android | LATAM | Carousel,10925,429,92.92,53
2025-10-12,Google Ads,GG-200314,UAC - Value | iOS | US | Carousel,16496,556,256.43,147
2025-10-12,Google Ads,GG-200315,UAC - Value | iOS | MENA | UGC,9723,254,107.77,67
2025-10-12,Google Ads,GG-200316,UAC - Value | Android | LATAM | Carousel,26525,1246,545.5,172
2025-10-12,Google Ads,GG-200317,Search - Brand - Exact | Android | LATAM | Playables,12281,385,158.04,51
2025-10-12,Google Ads,GG-200318,Search - Non-Brand - Broad | Android | LATAM | Video,9384,350,112.73,46
2025-10-12,Google Ads,GG-200319,UAC - Installs | iOS | US | Static,13016,463,229.0,52
2025-10-12,Google Ads,GG-200320,UAC - Value | Android | MENA | UGC,8475,237,78.64,62
2025-10-12,Google Ads,GG-200321,UAC - Value | Android | MENA | UGC,11584,502,239.91,87
2025-10-12,Google Ads,GG-200322,Search - Non-Brand - Broad | Android | APAC | Playables,21701,503,179.77,41
2025-10-12,Google Ads,GG-200323,Search - Non-Brand - Broad | Android | APAC | Carousel,20027,937,362.34,83
2025-10-12,Google Ads,GG-200324,Search - Brand - Exact | Android | LATAM | UGC,8397,412,122.08,65
2025-10-12,Google Ads,GG-200325,Search - Non-Brand - Broad | iOS | US | UGC,8476,192,98.88,10
2025-10-12,Google Ads,GG-200326,UAC - Value | Android | APAC | Playables,10812,487,187.93,140
2025-10-12,Google Ads,GG-200327,UAC - Value | iOS | APAC | UGC,8690,419,260.87,66
2025-10-12,Google Ads,GG-200328,Search - Brand - Exact | iOS | EU | Video,12080,498,267.87,77
2025-10-12,Google Ads,GG-200329,UAC - Installs | Android | LATAM | Video,20062,572,255.74,157
2025-10-12,Google Ads,GG-200330,Search - Non-Brand - Broad | Android | MENA | Carousel,10587,231,112.15,40
2025-10-12,Google Ads,GG-200331,Search - Brand - Exact | iOS | MENA | UGC,14153,304,136.37,36
2025-10-12,Google Ads,GG-200332,UAC - Installs | Android | LATAM | Playables,18284,607,363.35,115
2025-10-12,Google Ads,GG-200333,Search - Non-Brand - Broad | Android | APAC | Playables,10017,390,164.35,76
2025-10-12,Google Ads,GG-200334,UAC - Installs | iOS | US | Static,19397,427,236.73,112
2025-10-12,Google Ads,GG-200335,UAC - Installs | Android | APAC | Carousel,20469,734,430.34,137
2025-10-12,Google Ads,GG-200336,Search - Non-Brand - Broad | Android | APAC | Video,7202,146,51.89,34
2025-10-12,Google Ads,GG-200337,UAC - Value | Android | MENA | Carousel,23979,789,416.36,145
2025-10-12,Google Ads,GG-200338,Search - Non-Brand - Broad | Android | MENA | Static,8489,213,46.41,26
2025-10-12,Google Ads,GG-200339,UAC - Installs | Android | US | Playables,22306,503,264.33,75
2025-10-12,Google Ads,GG-200340,Search - Non-Brand - Broad | iOS | MENA | Playables,6655,233,78.54,22
2025-10-12,Google Ads,GG-200341,UAC - Installs | iOS | LATAM | Carousel,11915,367,205.89,96
2025-10-12,Google Ads,GG-200342,Search - Brand - Exact | Android | EU | UGC,13029,262,74.98,25
2025-10-12,Google Ads,GG-200343,Search - Non-Brand - Broad | iOS | EU | Static,13187,280,88.34,56
2025-10-12,Google Ads,GG-200344,UAC - Value | Android | LATAM | Static,25486,907,381.85,214
2025-10-12,Google Ads,GG-200345,UAC - Installs | iOS | EU | Playables,14333,366,234.17,48
2025-10-12,Google Ads,GG-200346,Search - Brand - Exact | iOS | APAC | UGC,22851,1083,372.23,104
2025-10-12,Google Ads,GG-200347,UAC - Installs | Android | APAC | Playables,12836,377,203.13,95
2025-10-12,Google Ads,GG-200348,UAC - Installs | iOS | APAC | UGC,17635,819,340.13,140
2025-10-12,Google Ads,GG-200349,UAC - Installs | Android | US | UGC,24901,1218,532.14,270
2025-10-13,Google Ads,GG-200000,Search - Brand - Exact | iOS | US | Carousel,14744,515,231.13,65
2025-10-13,Google Ads,GG-200001,UAC - Value | Android | US | Static,20468,1021,630.88,165
2025-10-13,Google Ads,GG-200002,Search - Non-Brand - Broad | iOS | MENA | Playables,8991,309,151.81,57
2025-10-13,Google Ads,GG-200003,UAC - Value | iOS | LATAM | Carousel,9464,398,220.17,47
2025-10-13,Google Ads,GG-200004,Search - Brand - Exact | iOS | LATAM | Playables,8626,341,173.74,20
2025-10-13,Google Ads,GG-200005,Search - Brand - Exact | iOS | US | Carousel,8132,211,77.39,43
2025-10-13,Google Ads,GG-200006,Search - Non-Brand - Broad | iOS | LATAM | Carousel,15361,735,290.84,158
2025-10-13,Google Ads,GG-200007,Search - Non-Brand - Broad | iOS | US | Playables,12166,412,153.31,49
2025-10-13,Google Ads,GG-200008,Search - Non-Brand - Broad | iOS | LATAM | UGC,8402,391,122.15,79
2025-10-13,Google Ads,GG-200009,UAC - Value | Android | LATAM | Playables,21690,886,319.49,231
2025-10-13,Google Ads,GG-200010,Search - Brand - Exact | iOS | EU | Playables,8468,249,90.04,47
2025-10-13,Google Ads,GG-200011,Search - Brand - Exact | iOS | MENA | Carousel,11830,481,147.47,101
2025-10-13,Google Ads,GG-200012,Search - Non-Brand - Broad | iOS | LATAM | Static,23707,843,295.81,154
2025-10-13,Google Ads,GG-200013,Search - Non-Brand - Broad | iOS | APAC | Static,15058,496,243.09,60
2025-10-13,Google Ads,GG-200014,UAC - Installs | Android | EU | Video,14885,666,294.17,143
2025-10-13,Google Ads,GG-200015,Search - Brand - Exact | Android | MENA | Playables,9809,484,236.1,80
2025-10-13,Google Ads,GG-200016,UAC - Value | iOS | MENA | Static,7598,355,172.57,42
2025-10-13,Google Ads,GG-200017,Search - Non-Brand - Broad | Android | EU | Static,13798,617,324.23,79
2025-10-13,Google Ads,GG-200018,UAC - Installs | iOS | US | UGC,15924,614,329.23,147
2025-10-13,Google Ads,GG-200019,UAC - Installs | Android | APAC | Playables,12111,435,230.55,101
2025-10-13,Google Ads,GG-200020,Search - Non-Brand - Broad | iOS | EU | Playables,4743,212,86.39,13
2025-10-13,Google Ads,GG-200021,UAC - Installs | iOS | APAC | Static,9404,399,223.48,62
2025-10-13,Google Ads,GG-200022,UAC - Value | iOS | APAC | Carousel,21947,944,371.28,236
2025-10-13,Google Ads,GG-200023,Search - Non-Brand - Broad | iOS | EU | Static,10044,252,141.6,54
2025-10-13,Google Ads,GG-200024,UAC - Installs | iOS | US | UGC,11153,388,156.29,47
2025-10-13,Google Ads,GG-200025,UAC - Installs | Android | MENA | Video,15590,473,148.29,133
2025-10-13,Google Ads,GG-200026,UAC - Value | Android | EU | Carousel,27207,730,362.81,189
2025-10-13,Google Ads,GG-200027,Search - Non-Brand - Broad | Android | APAC | Video,9037,426,174.36,33
2025-10-13,Google Ads,GG-200028,UAC - Value | iOS | LATAM | Video,16263,635,268.22,145
2025-10-13,Google Ads,GG-200029,UAC - Installs | Android | APAC | Playables,15938,365,182.17,48
2025-10-13,Google Ads,GG-200030,UAC - Installs | Android | APAC | Video,16647,466,207.09,127
2025-10-13,Google Ads,GG-200031,Search - Brand - Exact | Android | US | Carousel,7931,278,146.37,60
2025-10-13,Google Ads,GG-200032,Search - Brand - Exact | iOS | EU | Static,4770,143,46.78,15
2025-10-13,Google Ads,GG-200033,UAC - Value | iOS | APAC | Static,15858,762,282.78,130
2025-10-13,Google Ads,GG-200034,Search - Brand - Exact | iOS | MENA | Video,7366,337,126.17,73
2025-10-13,Google Ads,GG-200035,Search - Non-Brand - Broad | Android | LATAM | Static,13452,438,185.67,59
2025-10-13,Google Ads,GG-200036,Search - Non-Brand - Broad | iOS | US | Carousel,8930,289,161.58,17
2025-10-13,Google Ads,GG-200037,Search - Non-Brand - Broad | iOS | US | Video,11460,293,110.81,33
2025-10-13,Google Ads,GG-200038,Search - Brand - Exact | iOS | MENA | UGC,6846,153,44.92,26
2025-10-13,Google Ads,GG-200039,Search - Brand - Exact | Android | APAC | Playables,14616,429,193.87,81
2025-10-13,Google Ads,GG-200040,UAC - Value | Android | EU | Carousel,9387,330,175.56,65
2025-10-13,Google Ads,GG-200041,Search - Non-Brand - Broad | Android | MENA | Carousel,11978,260,64.64,45
2025-10-13,Google Ads,GG-200042,UAC - Installs | iOS | EU | Video,16849,722,465.04,169
2025-10-13,Google Ads,GG-200043,Search - Brand - Exact | Android | MENA | Playables,9220,217,74.82,30
2025-10-13,Google Ads,GG-200044,UAC - Value | iOS | APAC | Video,7311,311,117.28,77
2025-10-13,Google Ads,GG-200045,UAC - Installs | iOS | LATAM | Video,27487,1087,653.4,186
2025-10-13,Google Ads,GG-200046,Search - Brand - Exact | Android | LATAM | Static,11790,240,61.58,33
2025-10-13,Google Ads,GG-200047,UAC - Installs | iOS | EU | Video,12255,382,223.89,60
2025-10-13,Google Ads,GG-200048,UAC - Value | iOS | EU | UGC,20296,411,284.54,47
2025-10-13,Google Ads,GG-200049,UAC - Value | Android | EU | Video,16859,447,173.53,116
2025-10-13,Google Ads,GG-200050,Search - Brand - Exact | Android | LATAM | Static,14204,622,148.16,120
2025-10-13,Google Ads,GG-200051,UAC - Installs | Android | US | Carousel,16476,604,336.55,94
2025-10-13,Google Ads,GG-200052,UAC - Installs | iOS | MENA | UGC,13099,585,328.24,122
2025-10-13,Google Ads,GG-200053,UAC - Installs | Android | EU | Carousel,11937,475,246.38,77
2025-10-13,Google Ads,GG-200054,Search - Brand - Exact | Android | LATAM | Carousel,16842,419,179.58,62
2025-10-13,Google Ads,GG-200055,UAC - Value | iOS | APAC | UGC,20578,805,384.15,142
2025-10-13,Google Ads,GG-200056,UAC - Value | iOS | LATAM | Static,10003,395,157.01,107
2025-10-13,Google Ads,GG-200057,UAC - Installs | iOS | LATAM | Playables,15924,410,263.71,79
2025-10-13,Google Ads,GG-200058,UAC - Value | Android | APAC | Video,13838,622,278.16,103
2025-10-13,Google Ads,GG-200059,UAC - Installs | Android | MENA | Carousel,49881,1985,688.0,342
2025-10-13,Google Ads,GG-200060,UAC - Installs | Android | US | Carousel,14662,658,345.19,123
2025-10-13,Google Ads,GG-200061,UAC - Value | iOS | APAC | Playables,10810,233,109.7,43
2025-10-13,Google Ads,GG-200062,UAC - Value | Android | APAC | Carousel,20967,514,285.17,121
2025-10-13,Google Ads,GG-200063,UAC - Value | Android | LATAM | Playables,12770,316,163.37,92
2025-10-13,Google Ads,GG-200064,UAC - Value | iOS | US | Video,26284,784,378.67,148
2025-10-13,Google Ads,GG-200065,Search - Brand - Exact | iOS | MENA | Static,10221,327,90.09,63
2025-10-13,Google Ads,GG-200066,Search - Brand - Exact | Android | MENA | UGC,13311,319,154.4,63
2025-10-13,Google Ads,GG-200067,UAC - Installs | Android | US | Static,14874,417,262.17,101
2025-10-13,Google Ads,GG-200068,Search - Brand - Exact | iOS | APAC | Playables,7985,298,101.02,48
2025-10-13,Google Ads,GG-200069,UAC - Installs | Android | APAC | Carousel,32127,1083,595.76,322
2025-10-13,Google Ads,GG-200070,Search - Non-Brand - Broad | iOS | US | Playables,14714,487,237.46,25
2025-10-13,Google Ads,GG-200071,UAC - Installs | iOS | APAC | Carousel,12227,572,346.17,130
2025-10-13,Google Ads,GG-200072,Search - Non-Brand - Broad | Android | US | Video,9239,242,111.1,56
2025-10-13,Google Ads,GG-200073,Search - Brand - Exact | iOS | MENA | UGC,9892,373,114.32,69
2025-10-13,Google Ads,GG-200074,Search - Non-Brand - Broad | iOS | LATAM | UGC,12559,407,114.69,73
2025-10-13,Google Ads,GG-200075,Search - Brand - Exact | iOS | APAC | Static,13884,482,126.53,100
2025-10-13,Google Ads,GG-200076,Search - Non-Brand - Broad | Android | US | UGC,13094,510,160.34,117
2025-10-13,Google Ads,GG-200077,UAC - Installs | iOS | US | Carousel,12456,590,345.33,104
2025-10-13,Google Ads,GG-200078,UAC - Installs | Android | MENA | Playables,20918,696,270.47,120
2025-10-13,Google Ads,GG-200079,UAC - Installs | iOS | EU | Static,13957,481,258.78,61
2025-10-13,Google Ads,GG-200080,Search - Non-Brand - Broad | Android | US | Static,14430,412,209.54,42
2025-10-13,Google Ads,GG-200081,UAC - Installs | Android | APAC | Video,12227,387,168.42,89
2025-10-13,Google Ads,GG-200082,Search - Non-Brand - Broad | iOS | APAC | Playables,6199,187,102.16,37
2025-10-13,Google Ads,GG-200083,UAC - Value | Android | US | Carousel,12321,512,186.88,97
2025-10-13,Google Ads,GG-200084,UAC - Value | iOS | MENA | UGC,18176,898,351.12,188
2025-10-13,Google Ads,GG-200085,Search - Brand - Exact | Android | EU | Carousel,8689,256,139.6,51
2025-10-13,Google Ads,GG-200086,UAC - Installs | iOS | APAC | Playables,11228,510,297.79,89
2025-10-13,Google Ads,GG-200087,Search - Non-Brand - Broad | Android | MENA | Playables,10876,456,96.81,37
2025-10-13,Google Ads,GG-200088,Search - Brand - Exact | Android | APAC | Playables,14158,498,147.46,68
2025-10-13,Google Ads,GG-200089,UAC - Installs | Android | MENA | Static,17702,740,284.83,202
2025-10-13,Google Ads,GG-200090,Search - Non-Brand - Broad | Android | EU | Carousel,17337,490,153.47,82
2025-10-13,Google Ads,GG-200091,Search - Brand - Exact | iOS | MENA | Carousel,9259,330,96.69,27
2025-10-13,Google Ads,GG-200092,UAC - Installs | iOS | EU | Playables,11678,511,231.23,110
2025-10-13,Google Ads,GG-200093,Search - Brand - Exact | Android | LATAM | Playables,10453,222,94.73,38
2025-10-13,Google Ads,GG-200094,Search - Non-Brand - Broad | Android | MENA | Playables,9639,431,126.76,63
2025-10-13,Google Ads,GG-200095,UAC - Installs | Android | MENA | Playables,13181,533,281.48,81
2025-10-13,Google Ads,GG-200096,Search - Brand - Exact | Android | US | Video,15838,521,285.56,70
2025-10-13,Google Ads,GG-200097,UAC - Value | iOS | EU | Playables,14706,435,303.89,53
2025-10-13,Google Ads,GG-200098,UAC - Installs | Android | APAC | Playables,12819,570,251.43,95
2025-10-13,Google Ads,GG-200099,UAC - Value | iOS | APAC | Static,10538,272,138.28,53
2025-10-13,Google Ads,GG-200100,Search - Brand - Exact | iOS | APAC | Video,7821,361,178.95,61
2025-10-13,Google Ads,GG-200101,UAC - Value | Android | APAC | UGC,10971,274,82.56,41
2025-10-13,Google Ads,GG-200102,Search - Non-Brand - Broad | iOS | EU | Carousel,12121,557,180.08,72
2025-10-13,Google Ads,GG-200103,UAC - Value | iOS | LATAM | Carousel,17871,575,279.28,70
2025-10-13,Google Ads,GG-200104,Search - Brand - Exact | Android | LATAM | Playables,8933,214,44.94,23
2025-10-13,Google Ads,GG-200105,Search - Brand - Exact | iOS | EU | UGC,6880,229,123.91,21
2025-10-13,Google Ads,GG-200106,Search - Non-Brand - Broad | iOS | APAC | Static,10589,278,70.58,34
2025-10-13,Google Ads,GG-200107,UAC - Value | Android | US | Carousel,32625,818,472.72,171
2025-10-13,Google Ads,GG-200108,UAC - Installs | iOS | EU | Static,16597,791,383.24,200
2025-10-13,Google Ads,GG-200109,UAC - Value | iOS | EU | Static,13861,565,278.43,84
2025-10-13,Google Ads,GG-200110,UAC - Value | iOS | APAC | Carousel,12407,500,317.35,99
2025-10-13,Google Ads,GG-200111,UAC - Value | Android | US | UGC,30705,1000,603.1,232
2025-10-13,Google Ads,GG-200112,UAC - Installs | Android | EU | Playables,15068,719,428.31,131
2025-10-13,Google Ads,GG-200113,UAC - Value | Android | US | Carousel,18999,689,312.32,127
2025-10-13,Google Ads,GG-200114,Search - Brand - Exact | iOS | LATAM | Playables,13971,556,264.27,107
2025-10-13,Google Ads,GG-200115,UAC - Installs | Android | APAC | Static,18153,637,231.17,90
2025-10-13,Google Ads,GG-200116,Search - Brand - Exact | iOS | APAC | Carousel,17448,516,276.52,30
2025-10-13,Google Ads,GG-200117,Search - Non-Brand - Broad | iOS | US | Playables,12553,380,137.1,34
2025-10-13,Google Ads,GG-200118,Search - Brand - Exact | iOS | MENA | Carousel,7526,231,77.08,24
2025-10-13,Google Ads,GG-200119,UAC - Installs | iOS | MENA | UGC,36713,1696,961.12,432
2025-10-13,Google Ads,GG-200120,UAC - Value | Android | EU | Video,16109,631,373.05,185
2025-10-13,Google Ads,GG-200121,UAC - Installs | iOS | LATAM | Playables,14977,508,235.36,113
2025-10-13,Google Ads,GG-200122,UAC - Value | Android | EU | Playables,24532,955,500.42,199
2025-10-13,Google Ads,GG-200123,Search - Non-Brand - Broad | Android | US | Video,9364,237,122.69,25
2025-10-13,Google Ads,GG-200124,UAC - Value | iOS | APAC | Playables,12829,472,228.07,121
2025-10-13,Google Ads,GG-200125,Search - Non-Brand - Broad | Android | MENA | Playables,8894,409,194.44,84
2025-10-13,Google Ads,GG-200126,Search - Non-Brand - Broad | iOS | MENA | Carousel,17039,833,441.41,141
2025-10-13,Google Ads,GG-200127,UAC - Installs | iOS | MENA | Carousel,21124,1017,660.74,179
2025-10-13,Google Ads,GG-200128,UAC - Value | iOS | MENA | Carousel,13884,427,193.22,67
2025-10-13,Google Ads,GG-200129,Search - Brand - Exact | Android | LATAM | Carousel,5207,244,113.78,55
2025-10-13,Google Ads,GG-200130,Search - Brand - Exact | iOS | MENA | Carousel,10487,218,113.67,16
2025-10-13,Google Ads,GG-200131,Search - Non-Brand - Broad | iOS | LATAM | Playables,14347,417,180.85,42
2025-10-13,Google Ads,GG-200132,Search - Non-Brand - Broad | Android | MENA | UGC,8494,278,121.76,47
2025-10-13,Google Ads,GG-200133,Search - Brand - Exact | iOS | EU | Static,13057,566,304.56,34
2025-10-13,Google Ads,GG-200134,UAC - Value | Android | EU | Video,11997,585,241.66,119
2025-10-13,Google Ads,GG-200135,UAC - Value | iOS | APAC | Static,13985,675,271.69,76
2025-10-13,Google Ads,GG-200136,UAC - Value | Android | APAC | Playables,9088,356,148.99,102
2025-10-13,Google Ads,GG-200137,Search - Non-Brand - Broad | Android | EU | Playables,10337,269,68.57,44
2025-10-13,Google Ads,GG-200138,UAC - Value | iOS | APAC | Playables,8456,299,105.94,80
2025-10-13,Google Ads,GG-200139,UAC - Installs | iOS | EU | UGC,23855,846,543.98,205
2025-10-13,Google Ads,GG-200140,UAC - Value | iOS | LATAM | Playables,25828,702,425.41,161
2025-10-13,Google Ads,GG-200141,UAC - Installs | Android | EU | Carousel,23633,540,304.56,133
2025-10-13,Google Ads,GG-200142,Search - Non-Brand - Broad | Android | LATAM | Carousel,14415,350,98.77,74
2025-10-13,Google Ads,GG-200143,UAC - Installs | iOS | LATAM | UGC,25611,1000,486.1,265
2025-10-13,Google Ads,GG-200144,UAC - Value | iOS | LATAM | Video,13357,602,325.2,118
2025-10-13,Google Ads,GG-200145,UAC - Installs | iOS | LATAM | Static,14196,702,333.03,82
2025-10-13,Google Ads,GG-200146,UAC - Installs | Android | LATAM | Video,21086,795,390.42,163
2025-10-13,Google Ads,GG-200147,Search - Non-Brand - Broad | iOS | LATAM | UGC,8373,326,91.87,61
2025-10-13,Google Ads,GG-200148,UAC - Installs | Android | MENA | Carousel,14386,467,227.85,104
2025-10-13,Google Ads,GG-200149,Search - Non-Brand - Broad | Android | US | Playables,27291,726,361.77,163
2025-10-13,Google Ads,GG-200150,Search - Non-Brand - Broad | Android | US | Playables,10318,271,110.41,27
2025-10-13,Google Ads,GG-200151,UAC - Value | Android | US | Video,13975,472,278.53,112
2025-10-13,Google Ads,GG-200152,Search - Non-Brand - Broad | iOS | APAC | Video,9336,255,114.14,55
2025-10-13,Google Ads,GG-200153,UAC - Value | Android | MENA | Static,16673,550,180.56,122
2025-10-13,Google Ads,GG-200154,UAC - Installs | iOS | APAC | Static,23204,641,334.92,105
2025-10-13,Google Ads,GG-200155,Search - Brand - Exact | iOS | LATAM | Video,15231,724,369.17,121
2025-10-13,Google Ads,GG-200156,Search - Non-Brand - Broad | Android | MENA | Video,20643,727,291.82,118
2025-10-13,Google Ads,GG-200157,UAC - Value | iOS | EU | Video,15461,581,406.58,98
2025-10-13,Google Ads,GG-200158,Search - Brand - Exact | iOS | EU | Carousel,25719,636,306.68,49
2025-10-13,Google Ads,GG-200159,Search - Brand - Exact | Android | LATAM | Playables,11439,392,105.21,74
2025-10-13,Google Ads,GG-200160,UAC - Value | iOS | LATAM | UGC,18890,408,242.96,92
2025-10-13,Google Ads,GG-200161,UAC - Installs | Android | MENA | UGC,13889,480,230.45,128
2025-10-13,Google Ads,GG-200162,Search - Non-Brand - Broad | Android | US | Carousel,14879,636,336.76,149
2025-10-13,Google Ads,GG-200163,Search - Brand - Exact | iOS | LATAM | Static,9377,287,89.86,42
2025-10-13,Google Ads,GG-200164,Search - Non-Brand - Broad | iOS | LATAM | Playables,7738,199,108.57,27
2025-10-13,Google Ads,GG-200165,UAC - Value | Android | MENA | UGC,23486,759,283.64,115
2025-10-13,Google Ads,GG-200166,Search - Brand - Exact | iOS | US | UGC,9497,426,247.59,58
2025-10-13,Google Ads,GG-200167,UAC - Installs | Android | EU | UGC,18647,840,323.74,127
2025-10-13,Google Ads,GG-200168,UAC - Value | Android | US | Carousel,12410,355,174.38,87
2025-10-13,Google Ads,GG-200169,UAC - Installs | Android | APAC | Carousel,12894,445,167.05,111
2025-10-13,Google Ads,GG-200170,Search - Brand - Exact | iOS | MENA | Playables,4889,198,103.87,27
2025-10-13,Google Ads,GG-200171,Search - Brand - Exact | iOS | LATAM | Static,8869,304,147.2,46
2025-10-13,Google Ads,GG-200172,Search - Non-Brand - Broad | Android | APAC | Carousel,11962,260,74.8,57
2025-10-13,Google Ads,GG-200173,Search - Brand - Exact | iOS | MENA | Carousel,14091,326,81.66,40
2025-10-13,Google Ads,GG-200174,Search - Non-Brand - Broad | iOS | LATAM | Playables,11144,401,213.81,62
2025-10-13,Google Ads,GG-200175,Search - Non-Brand - Broad | Android | EU | UGC,9567,296,109.7,27
2025-10-13,Google Ads,GG-200176,UAC - Value | iOS | MENA | Carousel,12707,604,287.26,96
2025-10-13,Google Ads,GG-200177,Search - Non-Brand - Broad | iOS | MENA | Static,10783,247,76.3,32
2025-10-13,Google Ads,GG-200178,UAC - Installs | Android | MENA | UGC,15535,468,208.82,131
2025-10-13,Google Ads,GG-200179,Search - Brand - Exact | Android | MENA | Video,10091,271,104.06,19
2025-10-13,Google Ads,GG-200180,Search - Non-Brand - Broad | Android | MENA | Playables,9609,393,178.74,30
2025-10-13,Google Ads,GG-200181,UAC - Value | Android | LATAM | Playables,15043,571,267.06,119
2025-10-13,Google Ads,GG-200182,UAC - Value | Android | EU | Playables,25574,973,584.48,176
2025-10-13,Google Ads,GG-200183,Search - Brand - Exact | Android | MENA | UGC,14314,574,227.48,123
2025-10-13,Google Ads,GG-200184,UAC - Value | iOS | EU | Playables,39788,1343,564.6,218
2025-10-13,Google Ads,GG-200185,UAC - Value | iOS | MENA | Video,19366,721,456.9,107
2025-10-13,Google Ads,GG-200186,UAC - Installs | iOS | US | UGC,17799,367,198.55,97
2025-10-13,Google Ads,GG-200187,Search - Brand - Exact | Android | EU | Playables,18616,426,113.06,92
2025-10-13,Google Ads,GG-200188,Search - Brand - Exact | Android | APAC | Carousel,5420,178,69.72,39
2025-10-13,Google Ads,GG-200189,Search - Brand - Exact | Android | US | UGC,11359,501,260.22,77
2025-10-13,Google Ads,GG-200190,Search - Non-Brand - Broad | iOS | APAC | Static,16736,813,343.82,54
2025-10-13,Google Ads,GG-200191,UAC - Value | iOS | LATAM | UGC,19072,522,302.24,67
2025-10-13,Google Ads,GG-200192,Search - Non-Brand - Broad | iOS | APAC | Video,5994,200,104.78,41
2025-10-13,Google Ads,GG-200193,UAC - Value | iOS | US | Static,12496,455,191.1,124
2025-10-13,Google Ads,GG-200194,Search - Brand - Exact | Android | EU | Video,15817,612,308.69,95
2025-10-13,Google Ads,GG-200195,UAC - Value | iOS | APAC | Playables,9373,376,138.82,97
2025-10-13,Google Ads,GG-200196,UAC - Value | iOS | EU | Static,12678,466,233.19,80
2025-10-13,Google Ads,GG-200197,Search - Non-Brand - Broad | iOS | EU | Carousel,6138,173,75.55,20
2025-10-13,Google Ads,GG-200198,Search - Brand - Exact | Android | US | UGC,12040,537,204.38,94
2025-10-13,Google Ads,GG-200199,Search - Brand - Exact | Android | EU | Video,11052,252,119.67,17
2025-10-13,Google Ads,GG-200200,Search - Brand - Exact | Android | APAC | Playables,7987,195,84.3,46
2025-10-13,Google Ads,GG-200201,UAC - Value | Android | US | UGC,18995,402,233.4,93
2025-10-13,Google Ads,GG-200202,Search - Brand - Exact | Android | MENA | Static,13686,545,163.01,111
2025-10-13,Google Ads,GG-200203,Search - Non-Brand - Broad | Android | MENA | Carousel,16751,464,174.74,70
2025-10-13,Google Ads,GG-200204,UAC - Installs | iOS | MENA | Playables,9724,381,201.55,86
2025-10-13,Google Ads,GG-200205,Search - Non-Brand - Broad | Android | LATAM | Static,17433,516,145.92,100
2025-10-13,Google Ads,GG-200206,Search - Brand - Exact | iOS | LATAM | Carousel,4096,163,76.3,34
2025-10-13,Google Ads,GG-200207,UAC - Value | Android | APAC | Playables,11740,481,171.38,110
2025-10-13,Google Ads,GG-200208,UAC - Installs | Android | LATAM | UGC,23821,1052,460.67,236
2025-10-13,Google Ads,GG-200209,UAC - Installs | iOS | APAC | Static,17152,398,173.85,58
2025-10-13,Google Ads,GG-200210,UAC - Value | iOS | EU | Playables,9066,197,96.16,28
2025-10-13,Google Ads,GG-200211,Search - Non-Brand - Broad | Android | EU | Carousel,22607,767,225.73,154
2025-10-13,Google Ads,GG-200212,UAC - Value | iOS | US | Playables,5332,224,121.09,41
2025-10-13,Google Ads,GG-200213,Search - Non-Brand - Broad | iOS | MENA | Playables,14363,663,317.11,53
2025-10-13,Google Ads,GG-200214,Search - Non-Brand - Broad | iOS | EU | Carousel,16009,421,195.47,28
2025-10-13,Google Ads,GG-200215,UAC - Installs | iOS | US | UGC,11582,555,249.97,144
2025-10-13,Google Ads,GG-200216,Search - Brand - Exact | Android | MENA | Static,15657,775,208.94,63
2025-10-13,Google Ads,GG-200217,Search - Brand - Exact | iOS | APAC | Playables,9057,312,109.39,18
2025-10-13,Google Ads,GG-200218,Search - Non-Brand - Broad | Android | EU | Playables,4191,89,27.7,15
2025-10-13,Google Ads,GG-200219,UAC - Installs | iOS | EU | Carousel,14006,614,310.25,136
2025-10-13,Google Ads,GG-200220,Search - Brand - Exact | Android | EU | Static,18120,900,286.11,195
2025-10-13,Google Ads,GG-200221,Search - Non-Brand - Broad | iOS | EU | Playables,11032,490,210.5,61
2025-10-13,Google Ads,GG-200222,UAC - Installs | iOS | EU | Playables,11692,296,132.31,81
2025-10-13,Google Ads,GG-200223,UAC - Installs | iOS | APAC | UGC,25180,713,321.21,163
2025-10-13,Google Ads,GG-200224,UAC - Value | iOS | LATAM | Carousel,22475,457,235.9,55
2025-10-13,Google Ads,GG-200225,UAC - Installs | iOS | US | UGC,18405,618,281.81,91
2025-10-13,Google Ads,GG-200226,UAC - Value | Android | LATAM | Carousel,26831,846,344.41,229
2025-10-13,Google Ads,GG-200227,Search - Non-Brand - Broad | Android | MENA | Static,9158,304,151.36,39
2025-10-13,Google Ads,GG-200228,UAC - Value | Android | LATAM | Playables,26909,839,393.16,184
2025-10-13,Google Ads,GG-200229,UAC - Installs | iOS | EU | Static,13269,572,287.77,128
2025-10-13,Google Ads,GG-200230,Search - Non-Brand - Broad | Android | APAC | Playables,7266,348,102.8,47
2025-10-13,Google Ads,GG-200231,UAC - Installs | iOS | MENA | Carousel,11519,239,111.11,33
2025-10-13,Google Ads,GG-200232,Search - Non-Brand - Broad | iOS | APAC | UGC,13176,608,233.47,128
2025-10-13,Google Ads,GG-200233,UAC - Value | iOS | EU | Static,6671,237,136.61,34
2025-10-13,Google Ads,GG-200234,Search - Brand - Exact | Android | MENA | Video,10384,459,137.84,82
2025-10-13,Google Ads,GG-200235,UAC - Value | Android | US | Video,33856,1375,527.45,397
2025-10-13,Google Ads,GG-200236,Search - Non-Brand - Broad | Android | EU | Video,8992,433,212.78,62
2025-10-13,Google Ads,GG-200237,UAC - Value | Android | EU | Playables,20829,945,555.0,267
2025-10-13,Google Ads,GG-200238,UAC - Value | iOS | US | Playables,36282,842,470.17,108
2025-10-13,Google Ads,GG-200239,UAC - Value | iOS | US | Video,27361,986,407.32,249
2025-10-13,Google Ads,GG-200240,UAC - Installs | Android | US | Playables,9352,271,149.0,77
2025-10-13,Google Ads,GG-200241,UAC - Value | iOS | US | Playables,18483,818,546.67,161
2025-10-13,Google Ads,GG-200242,Search - Non-Brand - Broad | Android | US | Video,10559,216,87.37,44
2025-10-13,Google Ads,GG-200243,UAC - Installs | Android | EU | Playables,11031,521,261.75,116
2025-10-13,Google Ads,GG-200244,Search - Brand - Exact | iOS | LATAM | UGC,11947,250,125.43,17
2025-10-13,Google Ads,GG-200245,Search - Non-Brand - Broad | iOS | APAC | UGC,7695,372,117.7,79
2025-10-13,Google Ads,GG-200246,Search - Brand - Exact | Android | LATAM | Video,13014,508,248.11,102
2025-10-13,Google Ads,GG-200247,UAC - Value | Android | APAC | UGC,10789,399,169.73,112
2025-10-13,Google Ads,GG-200248,Search - Non-Brand - Broad | iOS | US | Video,17556,858,470.87,156
2025-10-13,Google Ads,GG-200249,UAC - Installs | Android | APAC | UGC,9985,416,168.06,91
2025-10-13,Google Ads,GG-200250,Search - Non-Brand - Broad | Android | MENA | Video,12563,443,163.02,94
2025-10-13,Google Ads,GG-200251,UAC - Installs | Android | MENA | UGC,13069,290,101.96,37
2025-10-13,Google Ads,GG-200252,Search - Brand - Exact | Android | US | Carousel,10717,353,132.45,65
2025-10-13,Google Ads,GG-200253,Search - Non-Brand - Broad | Android | LATAM | Video,8569,279,85.46,59
2025-10-13,Google Ads,GG-200254,UAC - Installs | Android | APAC | Video,15187,461,146.23,78
2025-10-13,Google Ads,GG-200255,UAC - Value | Android | MENA | Static,26254,1036,434.5,196
2025-10-13,Google Ads,GG-200256,Search - Brand - Exact | iOS | APAC | Static,19366,497,256.6,89
2025-10-13,Google Ads,GG-200257,UAC - Value | iOS | US | Video,11236,559,373.41,154
2025-10-13,Google Ads,GG-200258,UAC - Value | Android | US | Carousel,22980,1074,591.67,243
2025-10-13,Google Ads,GG-200259,UAC - Value | iOS | US | Carousel,12625,347,195.43,45
2025-10-13,Google Ads,GG-200260,UAC - Value | iOS | EU | Carousel,16397,763,313.44,112
2025-10-13,Google Ads,GG-200261,UAC - Value | iOS | EU | Playables,19412,470,278.1,92
2025-10-13,Google Ads,GG-200262,Search - Non-Brand - Broad | Android | MENA | Carousel,10635,407,126.94,70
2025-10-13,Google Ads,GG-200263,Search - Non-Brand - Broad | Android | US | Carousel,10841,480,257.09,69
2025-10-13,Google Ads,GG-200264,UAC - Installs | iOS | EU | UGC,18243,551,370.11,72
2025-10-13,Google Ads,GG-200265,Search - Brand - Exact | iOS | US | Video,11227,561,330.77,88
2025-10-13,Google Ads,GG-200266,UAC - Installs | iOS | APAC | Carousel,18424,900,565.65,229
2025-10-13,Google Ads,GG-200267,Search - Non-Brand - Broad | Android | EU | Video,10518,353,96.79,83
2025-10-13,Google Ads,GG-200268,UAC - Value | iOS | APAC | Playables,17758,561,323.98,89
2025-10-13,Google Ads,GG-200269,UAC - Installs | Android | US | Video,15259,432,280.02,117
2025-10-13,Google Ads,GG-200270,UAC - Installs | Android | MENA | Playables,16635,451,230.06,122
2025-10-13,Google Ads,GG-200271,UAC - Value | iOS | US | Carousel,12080,411,235.05,48
2025-10-13,Google Ads,GG-200272,Search - Non-Brand - Broad | iOS | US | Playables,9904,386,202.77,66
2025-10-13,Google Ads,GG-200273,Search - Non-Brand - Broad | Android | APAC | Static,16728,335,90.15,37
2025-10-13,Google Ads,GG-200274,UAC - Value | iOS | LATAM | Carousel,17507,637,312.51,121
2025-10-13,Google Ads,GG-200275,UAC - Value | Android | US | Static,17080,785,450.67,139
2025-10-13,Google Ads,GG-200276,UAC - Value | iOS | APAC | Carousel,13145,313,192.65,60
2025-10-13,Google Ads,GG-200277,Search - Non-Brand - Broad | Android | LATAM | Carousel,9885,305,122.7,23
2025-10-13,Google Ads,GG-200278,Search - Non-Brand - Broad | iOS | MENA | Playables,11846,272,143.53,37
2025-10-13,Google Ads,GG-200279,UAC - Installs | iOS | US | Static,12926,332,155.74,83
2025-10-13,Google Ads,GG-200280,UAC - Value | Android | APAC | Carousel,12520,555,169.11,142
2025-10-13,Google Ads,GG-200281,UAC - Value | iOS | APAC | Carousel,14968,580,356.87,139
2025-10-13,Google Ads,GG-200282,Search - Non-Brand - Broad | Android | LATAM | Carousel,8997,195,61.42,36
2025-10-13,Google Ads,GG-200283,UAC - Value | iOS | LATAM | Static,26015,930,392.83,204
2025-10-13,Google Ads,GG-200284,Search - Non-Brand - Broad | iOS | LATAM | UGC,9556,311,139.79,49
2025-10-13,Google Ads,GG-200285,UAC - Value | iOS | APAC | Carousel,17285,576,279.76,128
2025-10-13,Google Ads,GG-200286,Search - Non-Brand - Broad | iOS | US | Playables,10669,345,198.69,68
2025-10-13,Google Ads,GG-200287,UAC - Value | Android | MENA | Video,13255,575,229.08,151
2025-10-13,Google Ads,GG-200288,Search - Brand - Exact | Android | APAC | Carousel,6526,164,79.69,20
2025-10-13,Google Ads,GG-200289,UAC - Installs | iOS | APAC | Static,12196,322,159.78,58
2025-10-13,Google Ads,GG-200290,UAC - Value | Android | LATAM | Static,8964,274,145.14,61
2025-10-13,Google Ads,GG-200291,UAC - Value | iOS | US | UGC,10517,237,128.83,51
2025-10-13,Google Ads,GG-200292,UAC - Value | iOS | MENA | Playables,25839,612,359.06,77
2025-10-13,Google Ads,GG-200293,Search - Brand - Exact | Android | LATAM | Playables,13039,423,91.92,42
2025-10-13,Google Ads,GG-200294,Search - Non-Brand - Broad | Android | EU | Carousel,19379,833,398.42,138
2025-10-13,Google Ads,GG-200295,UAC - Installs | Android | MENA | UGC,26092,1046,566.3,254
2025-10-13,Google Ads,GG-200296,Search - Brand - Exact | iOS | US | Video,7282,342,130.61,55
2025-10-13,Google Ads,GG-200297,Search - Non-Brand - Broad | iOS | EU | Playables,15497,717,370.12,107
2025-10-13,Google Ads,GG-200298,UAC - Value | iOS | LATAM | UGC,9432,244,88.69,68
2025-10-13,Google Ads,GG-200299,UAC - Value | Android | LATAM | Video,10837,458,146.19,110
2025-10-13,Google Ads,GG-200300,Search - Brand - Exact | Android | LATAM | UGC,11472,378,117.9,55
2025-10-13,Google Ads,GG-200301,UAC - Installs | Android | EU | Carousel,21641,901,537.18,176
2025-10-13,Google Ads,GG-200302,UAC - Value | iOS | APAC | Static,13613,300,131.97,65
2025-10-13,Google Ads,GG-200303,UAC - Value | iOS | APAC | Video,18726,887,330.41,232
2025-10-13,Google Ads,GG-200304,UAC - Installs | iOS | LATAM | Video,15665,623,325.77,72
2025-10-13,Google Ads,GG-200305,UAC - Installs | Android | US | Video,14554,600,284.22,155
2025-10-13,Google Ads,GG-200306,Search - Non-Brand - Broad | Android | EU | Static,17343,393,112.36,90
2025-10-13,Google Ads,GG-200307,UAC - Value | Android | LATAM | Playables,8804,308,167.21,81
2025-10-13,Google Ads,GG-200308,Search - Non-Brand - Broad | iOS | EU | UGC,13112,595,280.72,102
2025-10-13,Google Ads,GG-200309,Search - Brand - Exact | Android | APAC | UGC,24039,1011,317.35,106
2025-10-13,Google Ads,GG-200310,UAC - Value | Android | APAC | Playables,18536,648,296.01,108
2025-10-13,Google Ads,GG-200311,Search - Non-Brand - Broad | iOS | US | Static,10764,301,155.86,53
2025-10-13,Google Ads,GG-200312,Search - Brand - Exact | iOS | US | Playables,15161,593,285.94,95
2025-10-13,Google Ads,GG-200313,Search - Non-Brand - Broad | Android | LATAM | Carousel,14417,459,210.31,103
2025-10-13,Google Ads,GG-200314,UAC - Value | iOS | US | Carousel,8993,337,141.24,71
2025-10-13,Google Ads,GG-200315,UAC - Value | iOS | MENA | UGC,11359,567,208.94,100
2025-10-13,Google Ads,GG-200316,UAC - Value | Android | LATAM | Carousel,23354,521,196.78,107
2025-10-13,Google Ads,GG-200317,Search - Brand - Exact | Android | LATAM | Playables,10984,454,179.06,99
2025-10-13,Google Ads,GG-200318,Search - Non-Brand - Broad | Android | LATAM | Video,10989,504,214.75,110
2025-10-13,Google Ads,GG-200319,UAC - Installs | iOS | US | Static,10844,435,206.15,78
2025-10-13,Google Ads,GG-200320,UAC - Value | Android | MENA | UGC,23292,687,360.54,135
2025-10-13,Google Ads,GG-200321,UAC - Value | Android | MENA | UGC,28782,833,398.01,209
2025-10-13,Google Ads,GG-200322,Search - Non-Brand - Broad | Android | APAC | Playables,7460,285,108.41,24
2025-10-13,Google Ads,GG-200323,Search - Non-Brand - Broad | Android | APAC | Carousel,8722,420,85.18,76
2025-10-13,Google Ads,GG-200324,Search - Brand - Exact | Android | LATAM | UGC,24364,773,287.25,115
2025-10-13,Google Ads,GG-200325,Search - Non-Brand - Broad | iOS | US | UGC,18401,607,281.34,85
2025-10-13,Google Ads,GG-200326,UAC - Value | Android | APAC | Playables,23036,507,192.56,126
2025-10-13,Google Ads,GG-200327,UAC - Value | iOS | APAC | UGC,21670,951,547.68,181
2025-10-13,Google Ads,GG-200328,Search - Brand - Exact | iOS | EU | Video,8552,348,142.16,25
2025-10-13,Google Ads,GG-200329,UAC - Installs | Android | LATAM | Video,14908,687,391.25,112
2025-10-13,Google Ads,GG-200330,Search - Non-Brand - Broad | Android | MENA | Carousel,12350,472,125.93,51
2025-10-13,Google Ads,GG-200331,Search - Brand - Exact | iOS | MENA | UGC,5847,224,62.99,38
2025-10-13,Google Ads,GG-200332,UAC - Installs | Android | LATAM | Playables,11957,295,135.08,53
2025-10-13,Google Ads,GG-200333,Search - Non-Brand - Broad | Android | APAC | Playables,13901,428,89.92,79
2025-10-13,Google Ads,GG-200334,UAC - Installs | iOS | US | Static,17723,647,327.38,146
2025-10-13,Google Ads,GG-200335,UAC - Installs | Android | APAC | Carousel,15461,455,237.51,122
2025-10-13,Google Ads,GG-200336,Search - Non-Brand - Broad | Android | APAC | Video,10241,208,74.65,18
2025-10-13,Google Ads,GG-200337,UAC - Value | Android | MENA | Carousel,19409,867,386.6,185
2025-10-13,Google Ads,GG-200338,Search - Non-Brand - Broad | Android | MENA | Static,8104,359,150.42,83
2025-10-13,Google Ads,GG-200339,UAC - Installs | Android | US | Playables,13748,396,229.2,67
2025-10-13,Google Ads,GG-200340,Search - Non-Brand - Broad | iOS | MENA | Playables,9345,459,142.11,60
2025-10-13,Google Ads,GG-200341,UAC - Installs | iOS | LATAM | Carousel,23737,1137,544.74,297
2025-10-13,Google Ads,GG-200342,Search - Brand - Exact | Android | EU | UGC,14322,411,170.48,73
2025-10-13,Google Ads,GG-200343,Search - Non-Brand - Broad | iOS | EU | Static,10089,493,164.96,48
2025-10-13,Google Ads,GG-200344,UAC - Value | Android | LATAM | Static,21526,833,465.9,199
2025-10-13,Google Ads,GG-200345,UAC - Installs | iOS | EU | Playables,19724,956,521.98,143
2025-10-13,Google Ads,GG-200346,Search - Brand - Exact | iOS | APAC | UGC,10136,379,163.69,24
2025-10-13,Google Ads,GG-200347,UAC - Installs | Android | APAC | Playables,7398,234,95.82,54
2025-10-13,Google Ads,GG-200348,UAC - Installs | iOS | APAC | UGC,17460,661,366.19,174
2025-10-13,Google Ads,GG-200349,UAC - Installs | Android | US | UGC,11375,500,266.8,86
2025-10-14,Google Ads,GG-200000,Search - Brand - Exact | iOS | US | Carousel,14473,291,99.99,15
2025-10-14,Google Ads,GG-200001,UAC - Value | Android | US | Static,22133,614,219.38,112
2025-10-14,Google Ads,GG-200002,Search - Non-Brand - Broad | iOS | MENA | Playables,7422,252,124.36,40
2025-10-14,Google Ads,GG-200003,UAC - Value | iOS | LATAM | Carousel,20191,692,347.31,125
2025-10-14,Google Ads,GG-200004,Search - Brand - Exact | iOS | LATAM | Playables,13887,358,95.73,51
2025-10-14,Google Ads,GG-200005,Search - Brand - Exact | iOS | US | Carousel,30489,1417,443.38,181
2025-10-14,Google Ads,GG-200006,Search - Non-Brand - Broad | iOS | LATAM | Carousel,12177,261,119.07,29
2025-10-14,Google Ads,GG-200007,Search - Non-Brand - Broad | iOS | US | Playables,14195,285,128.85,44
2025-10-14,Google Ads,GG-200008,Search - Non-Brand - Broad | iOS | LATAM | UGC,11681,561,255.65,76
2025-10-14,Google Ads,GG-200009,UAC - Value | Android | LATAM | Playables,24075,896,271.85,174
2025-10-14,Google Ads,GG-200010,Search - Brand - Exact | iOS | EU | Playables,8427,389,135.33,58
2025-10-14,Google Ads,GG-200011,Search - Brand - Exact | iOS | MENA | Carousel,6847,248,81.82,25
2025-10-14,Google Ads,GG-200012,Search - Non-Brand - Broad | iOS | LATAM | Static,8194,202,67.79,32
2025-10-14,Google Ads,GG-200013,Search - Non-Brand - Broad | iOS | APAC | Static,6598,133,38.17,19
2025-10-14,Google Ads,GG-200014,UAC - Installs | Android | EU | Video,9476,287,162.9,49
2025-10-14,Google Ads,GG-200015,Search - Brand - Exact | Android | MENA | Playables,6639,320,140.64,37
2025-10-14,Google Ads,GG-200016,UAC - Value | iOS | MENA | Static,19376,606,337.91,161
2025-10-14,Google Ads,GG-200017,Search - Non-Brand - Broad | Android | EU | Static,9355,247,111.4,38
2025-10-14,Google Ads,GG-200018,UAC - Installs | iOS | US | UGC,13649,650,378.17,135
2025-10-14,Google Ads,GG-200019,UAC - Installs | Android | APAC | Playables,17849,641,331.65,84
2025-10-14,Google Ads,GG-200020,Search - Non-Brand - Broad | iOS | EU | Playables,18337,755,416.99,94
2025-10-14,Google Ads,GG-200021,UAC - Installs | iOS | APAC | Static,13787,493,175.95,137
2025-10-14,Google Ads,GG-200022,UAC - Value | iOS | APAC | Carousel,9338,252,143.69,36
2025-10-14,Google Ads,GG-200023,Search - Non-Brand - Broad | iOS | EU | Static,8892,209,92.67,22
2025-10-14,Google Ads,GG-200024,UAC - Installs | iOS | US | UGC,13825,378,245.89,73
2025-10-14,Google Ads,GG-200025,UAC - Installs | Android | MENA | Video,29216,618,305.79,145
2025-10-14,Google Ads,GG-200026,UAC - Value | Android | EU | Carousel,24037,798,344.98,227
2025-10-14,Google Ads,GG-200027,Search - Non-Brand - Broad | Android | APAC | Video,5540,184,53.05,43
2025-10-14,Google Ads,GG-200028,UAC - Value | iOS | LATAM | Video,11149,365,196.84,59
2025-10-14,Google Ads,GG-200029,UAC - Installs | Android | APAC | Playables,16450,493,264.49,97
2025-10-14,Google Ads,GG-200030,UAC - Installs | Android | APAC | Video,20684,1023,435.8,240
2025-10-14,Google Ads,GG-200031,Search - Brand - Exact | Android | US | Carousel,11113,552,181.0,60
2025-10-14,Google Ads,GG-200032,Search - Brand - Exact | iOS | EU | Static,6184,221,131.87,34
2025-10-14,Google Ads,GG-200033,UAC - Value | iOS | APAC | Static,12589,480,224.21,65
2025-10-14,Google Ads,GG-200034,Search - Brand - Exact | iOS | MENA | Video,9934,321,121.72,20
2025-10-14,Google Ads,GG-200035,Search - Non-Brand - Broad | Android | LATAM | Static,8948,351,75.64,79
2025-10-14,Google Ads,GG-200036,Search - Non-Brand - Broad | iOS | US | Carousel,8209,203,69.77,18
2025-10-14,Google Ads,GG-200037,Search - Non-Brand - Broad | iOS | US | Video,17750,743,256.04,91
2025-10-14,Google Ads,GG-200038,Search - Brand - Exact | iOS | MENA | UGC,18572,413,178.21,23
2025-10-14,Google Ads,GG-200039,Search - Brand - Exact | Android | APAC | Playables,12911,299,94.99,63
2025-10-14,Google Ads,GG-200040,UAC - Value | Android | EU | Carousel,13634,288,109.09,80
2025-10-14,Google Ads,GG-200041,Search - Non-Brand - Broad | Android | MENA | Carousel,18805,790,274.37,95
2025-10-14,Google Ads,GG-200042,UAC - Installs | iOS | EU | Video,25048,636,390.63,106
2025-10-14,Google Ads,GG-200043,Search - Brand - Exact | Android | MENA | Playables,11352,382,183.05,39
2025-10-14,Google Ads,GG-200044,UAC - Value | iOS | APAC | Video,11211,500,310.15,103
2025-10-14,Google Ads,GG-200045,UAC - Installs | iOS | LATAM | Video,18202,654,359.96,155
2025-10-14,Google Ads,GG-200046,Search - Brand - Exact | Android | LATAM | Static,13359,267,65.15,20
2025-10-14,Google Ads,GG-200047,UAC - Installs | iOS | EU | Video,32102,1083,569.87,264
2025-10-14,Google Ads,GG-200048,UAC - Value | iOS | EU | UGC,15566,376,199.02,85
2025-10-14,Google Ads,GG-200049,UAC - Value | Android | EU | Video,11714,334,205.94,81
2025-10-14,Google Ads,GG-200050,Search - Brand - Exact | Android | LATAM | Static,13503,502,153.46,96
2025-10-14,Google Ads,GG-200051,UAC - Installs | Android | US | Carousel,22285,778,356.09,185
2025-10-14,Google Ads,GG-200052,UAC - Installs | iOS | MENA | UGC,14991,625,344.94,162
2025-10-14,Google Ads,GG-200053,UAC - Installs | Android | EU | Carousel,14869,647,404.44,167
2025-10-14,Google Ads,GG-200054,Search - Brand - Exact | Android | LATAM | Carousel,18979,391,155.5,69
2025-10-14,Google Ads,GG-200055,UAC - Value | iOS | APAC | UGC,12338,507,222.32,122
2025-10-14,Google Ads,GG-200056,UAC - Value | iOS | LATAM | Static,11765,474,240.6,128
2025-10-14,Google Ads,GG-200057,UAC - Installs | iOS | LATAM | Playables,12804,593,217.1,165
2025-10-14,Google Ads,GG-200058,UAC - Value | Android | APAC | Video,11375,472,270.98,99
2025-10-14,Google Ads,GG-200059,UAC - Installs | Android | MENA | Carousel,10716,282,150.05,41
2025-10-14,Google Ads,GG-200060,UAC - Installs | Android | US | Carousel,20226,417,220.55,85
2025-10-14,Google Ads,GG-200061,UAC - Value | iOS | APAC | Playables,7640,190,98.99,23
2025-10-14,Google Ads,GG-200062,UAC - Value | Android | APAC | Carousel,21136,643,309.48,189
2025-10-14,Google Ads,GG-200063,UAC - Value | Android | LATAM | Playables,21238,605,288.95,78
2025-10-14,Google Ads,GG-200064,UAC - Value | iOS | US | Video,25111,1126,701.5,167
2025-10-14,Google Ads,GG-200065,Search - Brand - Exact | iOS | MENA | Static,13822,675,300.51,147
2025-10-14,Google Ads,GG-200066,Search - Brand - Exact | Android | MENA | UGC,21733,885,313.47,64
2025-10-14,Google Ads,GG-200067,UAC - Installs | Android | US | Static,21417,582,261.09,139
2025-10-14,Google Ads,GG-200068,Search - Brand - Exact | iOS | APAC | Playables,11860,542,236.2,95
2025-10-14,Google Ads,GG-200069,UAC - Installs | Android | APAC | Carousel,7836,193,67.38,45
2025-10-14,Google Ads,GG-200070,Search - Non-Brand - Broad | iOS | US | Playables,17299,611,241.83,57
2025-10-14,Google Ads,GG-200071,UAC - Installs | iOS | APAC | Carousel,32500,1398,755.9,262
2025-10-14,Google Ads,GG-200072,Search - Non-Brand - Broad | Android | US | Video,15624,614,157.18,84
2025-10-14,Google Ads,GG-200073,Search - Brand - Exact | iOS | MENA | UGC,10629,341,180.56,58
2025-10-14,Google Ads,GG-200074,Search - Non-Brand - Broad | iOS | LATAM | UGC,7138,143,68.74,21
2025-10-14,Google Ads,GG-200075,Search - Brand - Exact | iOS | APAC | Static,11941,422,231.93,74
2025-10-14,Google Ads,GG-200076,Search - Non-Brand - Broad | Android | US | UGC,6681,166,89.84,17
2025-10-14,Google Ads,GG-200077,UAC - Installs | iOS | US | Carousel,15182,480,308.02,118
2025-10-14,Google Ads,GG-200078,UAC - Installs | Android | MENA | Playables,13742,552,328.16,157
2025-10-14,Google Ads,GG-200079,UAC - Installs | iOS | EU | Static,9942,356,185.08,48
2025-10-14,Google Ads,GG-200080,Search - Non-Brand - Broad | Android | US | Static,9336,389,133.85,59
2025-10-14,Google Ads,GG-200081,UAC - Installs | Android | APAC | Video,21453,905,405.62,132
2025-10-14,Google Ads,GG-200082,Search - Non-Brand - Broad | iOS | APAC | Playables,13179,439,233.64,38
2025-10-14,Google Ads,GG-200083,UAC - Value | Android | US | Carousel,42061,1465,906.84,409
2025-10-14,Google Ads,GG-200084,UAC - Value | iOS | MENA | UGC,10946,235,90.19,26
2025-10-14,Google Ads,GG-200085,Search - Brand - Exact | Android | EU | Carousel,12045,394,176.87,79
2025-10-14,Google Ads,GG-200086,UAC - Installs | iOS | APAC | Playables,27751,941,546.25,159
2025-10-14,Google Ads,GG-200087,Search - Non-Brand - Broad | Android | MENA | Playables,7831,367,79.27,66
2025-10-14,Google Ads,GG-200088,Search - Brand - Exact | Android | APAC | Playables,9946,346,162.34,82
2025-10-14,Google Ads,GG-200089,UAC - Installs | Android | MENA | Static,20792,774,424.46,122
2025-10-14,Google Ads,GG-200090,Search - Non-Brand - Broad | Android | EU | Carousel,13537,346,127.54,54
2025-10-14,Google Ads,GG-200091,Search - Brand - Exact | iOS | MENA | Carousel,7556,320,113.41,52
2025-10-14,Google Ads,GG-200092,UAC - Installs | iOS | EU | Playables,15915,473,274.72,110
2025-10-14,Google Ads,GG-200093,Search - Brand - Exact | Android | LATAM | Playables,10522,402,178.01,82
2025-10-14,Google Ads,GG-200094,Search - Non-Brand - Broad | Android | MENA | Playables,9068,445,190.42,80
2025-10-14,Google Ads,GG-200095,UAC - Installs | Android | MENA | Playables,27237,771,454.74,224
2025-10-14,Google Ads,GG-200096,Search - Brand - Exact | Android | US | Video,12735,390,197.38,42
2025-10-14,Google Ads,GG-200097,UAC - Value | iOS | EU | Playables,14388,479,237.63,61
2025-10-14,Google Ads,GG-200098,UAC - Installs | Android | APAC | Playables,17912,461,228.61,93
2025-10-14,Google Ads,GG-200099,UAC - Value | iOS | APAC | Static,16041,371,160.75,87
2025-10-14,Google Ads,GG-200100,Search - Brand - Exact | iOS | APAC | Video,7485,252,91.45,13
2025-10-14,Google Ads,GG-200101,UAC - Value | Android | APAC | UGC,20392,551,329.72,143
2025-10-14,Google Ads,GG-200102,Search - Non-Brand - Broad | iOS | EU | Carousel,8363,243,99.87,47
2025-10-14,Google Ads,GG-200103,UAC - Value | iOS | LATAM | Carousel,20121,852,523.72,198
2025-10-14,Google Ads,GG-200104,Search - Brand - Exact | Android | LATAM | Playables,12444,249,88.62,43
2025-10-14,Google Ads,GG-200105,Search - Brand - Exact | iOS | EU | UGC,10715,292,141.21,29
2025-10-14,Google Ads,GG-200106,Search - Non-Brand - Broad | iOS | APAC | Static,8677,179,67.2,11
2025-10-14,Google Ads,GG-200107,UAC - Value | Android | US | Carousel,24431,1102,538.77,299
2025-10-14,Google Ads,GG-200108,UAC - Installs | iOS | EU | Static,17522,663,454.35,152
2025-10-14,Google Ads,GG-200109,UAC - Value | iOS | EU | Static,13018,486,203.49,101
2025-10-14,Google Ads,GG-200110,UAC - Value | iOS | APAC | Carousel,7612,163,76.51,28
2025-10-14,Google Ads,GG-200111,UAC - Value | Android | US | UGC,18402,399,208.64,70
2025-10-14,Google Ads,GG-200112,UAC - Installs | Android | EU | Playables,21384,818,451.86,120
2025-10-14,Google Ads,GG-200113,UAC - Value | Android | US | Carousel,12304,455,244.15,111
2025-10-14,Google Ads,GG-200114,Search - Brand - Exact | iOS | LATAM | Playables,12070,460,243.34,40
2025-10-14,Google Ads,GG-200115,UAC - Installs | Android | APAC | Static,18267,535,235.77,146
2025-10-14,Google Ads,GG-200116,Search - Brand - Exact | iOS | APAC | Carousel,10777,416,227.09,73
2025-10-14,Google Ads,GG-200117,Search - Non-Brand - Broad | iOS | US | Playables,6894,341,196.48,27
2025-10-14,Google Ads,GG-200118,Search - Brand - Exact | iOS | MENA | Carousel,17284,379,131.63,50
2025-10-14,Google Ads,GG-200119,UAC - Installs | iOS | MENA | UGC,17103,758,309.49,181
2025-10-14,Google Ads,GG-200120,UAC - Value | Android | EU | Video,16439,740,343.8,192
2025-10-14,Google Ads,GG-200121,UAC - Installs | iOS | LATAM | Playables,13034,323,164.86,87
2025-10-14,Google Ads,GG-200122,UAC - Value | Android | EU | Playables,11111,492,189.76,84
2025-10-14,Google Ads,GG-200123,Search - Non-Brand - Broad | Android | US | Video,6682,189,83.54,34
2025-10-14,Google Ads,GG-200124,UAC - Value | iOS | APAC | Playables,9624,327,167.29,80
2025-10-14,Google Ads,GG-200125,Search - Non-Brand - Broad | Android | MENA | Playables,9053,280,99.06,23
2025-10-14,Google Ads,GG-200126,Search - Non-Brand - Broad | iOS | MENA | Carousel,21239,803,273.98,140
2025-10-14,Google Ads,GG-200127,UAC - Installs | iOS | MENA | Carousel,17124,693,356.13,114
2025-10-14,Google Ads,GG-200128,UAC - Value | iOS | MENA | Carousel,19422,905,588.16,207
2025-10-14,Google Ads,GG-200129,Search - Brand - Exact | Android | LATAM | Carousel,16247,536,242.59,91
2025-10-14,Google Ads,GG-200130,Search - Brand - Exact | iOS | MENA | Carousel,11231,367,193.3,22
2025-10-14,Google Ads,GG-200131,Search - Non-Brand - Broad | iOS | LATAM | Playables,9785,321,141.75,63
2025-10-14,Google Ads,GG-200132,Search - Non-Brand - Broad | Android | MENA | UGC,8596,243,119.34,33
2025-10-14,Google Ads,GG-200133,Search - Brand - Exact | iOS | EU | Static,5478,165,75.19,35
2025-10-14,Google Ads,GG-200134,UAC - Value | Android | EU | Video,16539,571,317.02,168
2025-10-14,Google Ads,GG-200135,UAC - Value | iOS | APAC | Static,25060,506,212.06,72
2025-10-14,Google Ads,GG-200136,UAC - Value | Android | APAC | Playables,12122,456,220.11,73
2025-10-14,Google Ads,GG-200137,Search - Non-Brand - Broad | Android | EU | Playables,13637,653,245.4,117
2025-10-14,Google Ads,GG-200138,UAC - Value | iOS | APAC | Playables,11938,314,203.66,38
2025-10-14,Google Ads,GG-200139,UAC - Installs | iOS | EU | UGC,21286,975,508.07,142
2025-10-14,Google Ads,GG-200140,UAC - Value | iOS | LATAM | Playables,8746,357,175.64,71
2025-10-14,Google Ads,GG-200141,UAC - Installs | Android | EU | Carousel,20615,725,304.79,175
2025-10-14,Google Ads,GG-200142,Search - Non-Brand - Broad | Android | LATAM | Carousel,10372,264,71.89,46
2025-10-14,Google Ads,GG-200143,UAC - Installs | iOS | LATAM | UGC,23204,796,422.36,192
2025-10-14,Google Ads,GG-200144,UAC - Value | iOS | LATAM | Video,16835,787,507.46,194
2025-10-14,Google Ads,GG-200145,UAC - Installs | iOS | LATAM | Static,23159,714,357.93,104
2025-10-14,Google Ads,GG-200146,UAC - Installs | Android | LATAM | Video,19585,792,408.04,122
2025-10-14,Google Ads,GG-200147,Search - Non-Brand - Broad | iOS | LATAM | UGC,13156,343,121.7,60
2025-10-14,Google Ads,GG-200148,UAC - Installs | Android | MENA | Carousel,11158,387,219.0,74
2025-10-14,Google Ads,GG-200149,Search - Non-Brand - Broad | Android | US | Playables,13283,395,137.38,62
2025-10-14,Google Ads,GG-200150,Search - Non-Brand - Broad | Android | US | Playables,8982,307,139.26,29
2025-10-14,Google Ads,GG-200151,UAC - Value | Android | US | Video,13894,461,186.2,74
2025-10-14,Google Ads,GG-200152,Search - Non-Brand - Broad | iOS | APAC | Video,11668,457,233.39,96
2025-10-14,Google Ads,GG-200153,UAC - Value | Android | MENA | Static,14558,451,208.14,121
2025-10-14,Google Ads,GG-200154,UAC - Installs | iOS | APAC | Static,14541,469,228.92,119
2025-10-14,Google Ads,GG-200155,Search - Brand - Exact | iOS | LATAM | Video,8763,342,131.6,18
2025-10-14,Google Ads,GG-200156,Search - Non-Brand - Broad | Android | MENA | Video,15756,758,252.49,172
2025-10-14,Google Ads,GG-200157,UAC - Value | iOS | EU | Video,8085,330,173.71,77
2025-10-14,Google Ads,GG-200158,Search - Brand - Exact | iOS | EU | Carousel,7196,257,143.53,43
2025-10-14,Google Ads,GG-200159,Search - Brand - Exact | Android | LATAM | Playables,9101,437,159.59,104
2025-10-14,Google Ads,GG-200160,UAC - Value | iOS | LATAM | UGC,17888,824,384.89,206
2025-10-14,Google Ads,GG-200161,UAC - Installs | Android | MENA | UGC,6205,265,118.19,68
2025-10-14,Google Ads,GG-200162,Search - Non-Brand - Broad | Android | US | Carousel,6389,157,47.21,11
2025-10-14,Google Ads,GG-200163,Search - Brand - Exact | iOS | LATAM | Static,5699,245,122.33,40
2025-10-14,Google Ads,GG-200164,Search - Non-Brand - Broad | iOS | LATAM | Playables,9899,351,134.89,50
2025-10-14,Google Ads,GG-200165,UAC - Value | Android | MENA | UGC,14066,463,221.22,111
2025-10-14,Google Ads,GG-200166,Search - Brand - Exact | iOS | US | UGC,16435,589,268.35,44
2025-10-14,Google Ads,GG-200167,UAC - Installs | Android | EU | UGC,14390,510,290.29,67
2025-10-14,Google Ads,GG-200168,UAC - Value | Android | US | Carousel,8979,381,161.39,91
2025-10-14,Google Ads,GG-200169,UAC - Installs | Android | APAC | Carousel,17110,676,334.76,135
2025-10-14,Google Ads,GG-200170,Search - Brand - Exact | iOS | MENA | Playables,8092,195,67.41,27
2025-10-14,Google Ads,GG-200171,Search - Brand - Exact | iOS | LATAM | Static,12286,246,132.82,35
2025-10-14,Google Ads,GG-200172,Search - Non-Brand - Broad | Android | APAC | Carousel,11583,263,123.29,38
2025-10-14,Google Ads,GG-200173,Search - Brand - Exact | iOS | MENA | Carousel,6584,172,63.66,15
2025-10-14,Google Ads,GG-200174,Search - Non-Brand - Broad | iOS | LATAM | Playables,8052,283,92.91,51
2025-10-14,Google Ads,GG-200175,Search - Non-Brand - Broad | Android | EU | UGC,16494,385,119.16,55
2025-10-14,Google Ads,GG-200176,UAC - Value | iOS | MENA | Carousel,17509,643,408.82,155
2025-10-14,Google Ads,GG-200177,Search - Non-Brand - Broad | iOS | MENA | Static,8317,292,143.17,26
2025-10-14,Google Ads,GG-200178,UAC - Installs | Android | MENA | UGC,12069,592,236.09,154
2025-10-14,Google Ads,GG-200179,Search - Brand - Exact | Android | MENA | Video,9046,331,121.41,77
2025-10-14,Google Ads,GG-200180,Search - Non-Brand - Broad | Android | MENA | Playables,10777,245,119.09,54
2025-10-14,Google Ads,GG-200181,UAC - Value | Android | LATAM | Playables,20673,797,344.46,156
2025-10-14,Google Ads,GG-200182,UAC - Value | Android | EU | Playables,22058,516,302.38,68
2025-10-14,Google Ads,GG-200183,Search - Brand - Exact | Android | MENA | UGC,15132,691,247.24,113
2025-10-14,Google Ads,GG-200184,UAC - Value | iOS | EU | Playables,18119,375,179.44,65
2025-10-14,Google Ads,GG-200185,UAC - Value | iOS | MENA | Video,20693,469,289.14,59
2025-10-14,Google Ads,GG-200186,UAC - Installs | iOS | US | UGC,31824,702,407.58,177
2025-10-14,Google Ads,GG-200187,Search - Brand - Exact | Android | EU | Playables,12223,478,141.87,77
2025-10-14,Google Ads,GG-200188,Search - Brand - Exact | Android | APAC | Carousel,12188,450,209.79,99
2025-10-14,Google Ads,GG-200189,Search - Brand - Exact | Android | US | UGC,11395,523,249.31,71
2025-10-14,Google Ads,GG-200190,Search - Non-Brand - Broad | iOS | APAC | Static,5147,179,92.78,13
2025-10-14,Google Ads,GG-200191,UAC - Value | iOS | LATAM | UGC,24179,1000,636.8,111
2025-10-14,Google Ads,GG-200192,Search - Non-Brand - Broad | iOS | APAC | Video,12909,351,109.51,19
2025-10-14,Google Ads,GG-200193,UAC - Value | iOS | US | Static,12239,364,153.06,59
2025-10-14,Google Ads,GG-200194,Search - Brand - Exact | Android | EU | Video,10199,477,214.51,99
2025-10-14,Google Ads,GG-200195,UAC - Value | iOS | APAC | Playables,15252,362,190.95,67
2025-10-14,Google Ads,GG-200196,UAC - Value | iOS | EU | Static,26814,772,308.8,125
2025-10-14,Google Ads,GG-200197,Search - Non-Brand - Broad | iOS | EU | Carousel,7930,320,135.84,28
2025-10-14,Google Ads,GG-200198,Search - Brand - Exact | Android | US | UGC,8950,434,171.08,45
2025-10-14,Google Ads,GG-200199,Search - Brand - Exact | Android | EU | Video,7829,161,40.81,33
2025-10-14,Google Ads,GG-200200,Search - Brand - Exact | Android | APAC | Playables,10089,417,137.28,46
2025-10-14,Google Ads,GG-200201,UAC - Value | Android | US | UGC,16932,760,270.03,173
2025-10-14,Google Ads,GG-200202,Search - Brand - Exact | Android | MENA | Static,14083,567,235.65,67
2025-10-14,Google Ads,GG-200203,Search - Non-Brand - Broad | Android | MENA | Carousel,7890,180,41.71,32
2025-10-14,Google Ads,GG-200204,UAC - Installs | iOS | MENA | Playables,33580,777,393.71,208
2025-10-14,Google Ads,GG-200205,Search - Non-Brand - Broad | Android | LATAM | Static,19253,449,155.35,58
2025-10-14,Google Ads,GG-200206,Search - Brand - Exact | iOS | LATAM | Carousel,9732,308,160.5,40
2025-10-14,Google Ads,GG-200207,UAC - Value | Android | APAC | Playables,7580,352,173.99,85
2025-10-14,Google Ads,GG-200208,UAC - Installs | Android | LATAM | UGC,16001,610,261.93,123
2025-10-14,Google Ads,GG-200209,UAC - Installs | iOS | APAC | Static,18958,810,404.76,220
2025-10-14,Google Ads,GG-200210,UAC - Value | iOS | EU | Playables,23427,810,540.19,203
2025-10-14,Google Ads,GG-200211,Search - Non-Brand - Broad | Android | EU | Carousel,10298,356,169.31,30
2025-10-14,Google Ads,GG-200212,UAC - Value | iOS | US | Playables,19453,789,453.36,145
2025-10-14,Google Ads,GG-200213,Search - Non-Brand - Broad | iOS | MENA | Playables,7448,230,82.91,12
2025-10-14,Google Ads,GG-200214,Search - Non-Brand - Broad | iOS | EU | Carousel,9588,314,149.09,31
2025-10-14,Google Ads,GG-200215,UAC - Installs | iOS | US | UGC,14450,399,256.72,90
2025-10-14,Google Ads,GG-200216,Search - Brand - Exact | Android | MENA | Static,20302,421,149.96,40
2025-10-14,Google Ads,GG-200217,Search - Brand - Exact | iOS | APAC | Playables,11652,481,216.21,60
2025-10-14,Google Ads,GG-200218,Search - Non-Brand - Broad | Android | EU | Playables,9982,434,110.15,43
2025-10-14,Google Ads,GG-200219,UAC - Installs | iOS | EU | Carousel,22349,889,377.02,136
2025-10-14,Google Ads,GG-200220,Search - Brand - Exact | Android | EU | Static,5387,163,86.03,25
2025-10-14,Google Ads,GG-200221,Search - Non-Brand - Broad | iOS | EU | Playables,8109,399,173.45,22
2025-10-14,Google Ads,GG-200222,UAC - Installs | iOS | EU | Playables,17935,468,293.2,100
2025-10-14,Google Ads,GG-200223,UAC - Installs | iOS | APAC | UGC,17530,750,478.43,195
2025-10-14,Google Ads,GG-200224,UAC - Value | iOS | LATAM | Carousel,12710,617,241.25,74
2025-10-14,Google Ads,GG-200225,UAC - Installs | iOS | US | UGC,11459,476,309.88,133
2025-10-14,Google Ads,GG-200226,UAC - Value | Android | LATAM | Carousel,13322,285,107.84,54
2025-10-14,Google Ads,GG-200227,Search - Non-Brand - Broad | Android | MENA | Static,13836,644,187.85,132
2025-10-14,Google Ads,GG-200228,UAC - Value | Android | LATAM | Playables,10729,498,235.9,79
2025-10-14,Google Ads,GG-200229,UAC - Installs | iOS | EU | Static,26719,1038,653.32,133
2025-10-14,Google Ads,GG-200230,Search - Non-Brand - Broad | Android | APAC | Playables,10357,283,136.29,52
2025-10-14,Google Ads,GG-200231,UAC - Installs | iOS | MENA | Carousel,12676,468,239.15,128
2025-10-14,Google Ads,GG-200232,Search - Non-Brand - Broad | iOS | APAC | UGC,13831,496,154.5,75
2025-10-14,Google Ads,GG-200233,UAC - Value | iOS | EU | Static,16239,419,289.61,80
2025-10-14,Google Ads,GG-200234,Search - Brand - Exact | Android | MENA | Video,12319,579,166.12,50
2025-10-14,Google Ads,GG-200235,UAC - Value | Android | US | Video,13316,503,281.08,139
2025-10-14,Google Ads,GG-200236,Search - Non-Brand - Broad | Android | EU | Video,8139,377,159.7,28
2025-10-14,Google Ads,GG-200237,UAC - Value | Android | EU | Playables,30464,1303,592.21,325
2025-10-14,Google Ads,GG-200238,UAC - Value | iOS | US | Playables,31514,864,463.45,158
2025-10-14,Google Ads,GG-200239,UAC - Value | iOS | US | Video,14733,635,430.34,104
2025-10-14,Google Ads,GG-200240,UAC - Installs | Android | US | Playables,12371,479,248.6,76
2025-10-14,Google Ads,GG-200241,UAC - Value | iOS | US | Playables,30871,772,370.02,114
2025-10-14,Google Ads,GG-200242,Search - Non-Brand - Broad | Android | US | Video,7972,395,137.42,54
2025-10-14,Google Ads,GG-200243,UAC - Installs | Android | EU | Playables,12411,596,219.86,101
2025-10-14,Google Ads,GG-200244,Search - Brand - Exact | iOS | LATAM | UGC,8706,422,204.29,52
2025-10-14,Google Ads,GG-200245,Search - Non-Brand - Broad | iOS | APAC | UGC,8197,348,90.48,38
2025-10-14,Google Ads,GG-200246,Search - Brand - Exact | Android | LATAM | Video,11828,331,152.16,47
2025-10-14,Google Ads,GG-200247,UAC - Value | Android | APAC | UGC,13762,466,214.45,65
2025-10-14,Google Ads,GG-200248,Search - Non-Brand - Broad | iOS | US | Video,9565,437,194.25,30
2025-10-14,Google Ads,GG-200249,UAC - Installs | Android | APAC | UGC,20935,459,239.64,82
2025-10-14,Google Ads,GG-200250,Search - Non-Brand - Broad | Android | MENA | Video,12486,430,188.04,46
2025-10-14,Google Ads,GG-200251,UAC - Installs | Android | MENA | UGC,24416,725,293.41,209
2025-10-14,Google Ads,GG-200252,Search - Brand - Exact | Android | US | Carousel,13346,578,233.28,72
2025-10-14,Google Ads,GG-200253,Search - Non-Brand - Broad | Android | LATAM | Video,18053,754,153.89,164
2025-10-14,Google Ads,GG-200254,UAC - Installs | Android | APAC | Video,17873,650,266.37,140
2025-10-14,Google Ads,GG-200255,UAC - Value | Android | MENA | Static,19906,657,299.39,193
2025-10-14,Google Ads,GG-200256,Search - Brand - Exact | iOS | APAC | Static,16334,345,184.58,24
2025-10-14,Google Ads,GG-200257,UAC - Value | iOS | US | Video,18873,692,439.07,126
2025-10-14,Google Ads,GG-200258,UAC - Value | Android | US | Carousel,29834,1006,582.68,204
2025-10-14,Google Ads,GG-200259,UAC - Value | iOS | US | Carousel,11413,260,110.66,48
2025-10-14,Google Ads,GG-200260,UAC - Value | iOS | EU | Carousel,4814,140,56.28,20
2025-10-14,Google Ads,GG-200261,UAC - Value | iOS | EU | Playables,13076,351,200.18,77
2025-10-14,Google Ads,GG-200262,Search - Non-Brand - Broad | Android | MENA | Carousel,13124,483,237.73,79
2025-10-14,Google Ads,GG-200263,Search - Non-Brand - Broad | Android | US | Carousel,16148,553,160.04,104
2025-10-14,Google Ads,GG-200264,UAC - Installs | iOS | EU | UGC,16883,512,236.7,106
2025-10-14,Google Ads,GG-200265,Search - Brand - Exact | iOS | US | Video,10960,525,171.41,61
2025-10-14,Google Ads,GG-200266,UAC - Installs | iOS | APAC | Carousel,13199,551,318.37,103
2025-10-14,Google Ads,GG-200267,Search - Non-Brand - Broad | Android | EU | Video,11166,556,217.73,78
2025-10-14,Google Ads,GG-200268,UAC - Value | iOS | APAC | Playables,25924,711,267.62,136
2025-10-14,Google Ads,GG-200269,UAC - Installs | Android | US | Video,17018,567,306.24,131
2025-10-14,Google Ads,GG-200270,UAC - Installs | Android | MENA | Playables,49243,2132,1210.55,627
2025-10-14,Google Ads,GG-200271,UAC - Value | iOS | US | Carousel,10014,355,171.18,73
2025-10-14,Google Ads,GG-200272,Search - Non-Brand - Broad | iOS | US | Playables,6949,169,98.68,30
2025-10-14,Google Ads,GG-200273,Search - Non-Brand - Broad | Android | APAC | Static,13670,483,110.95,89
2025-10-14,Google Ads,GG-200274,UAC - Value | iOS | LATAM | Carousel,17369,467,170.74,106
2025-10-14,Google Ads,GG-200275,UAC - Value | Android | US | Static,9518,270,134.3,80
2025-10-14,Google Ads,GG-200276,UAC - Value | iOS | APAC | Carousel,5225,144,69.31,40
2025-10-14,Google Ads,GG-200277,Search - Non-Brand - Broad | Android | LATAM | Carousel,7277,189,61.6,22
2025-10-14,Google Ads,GG-200278,Search - Non-Brand - Broad | iOS | MENA | Playables,10980,432,180.06,73
2025-10-14,Google Ads,GG-200279,UAC - Installs | iOS | US | Static,21940,963,517.9,172
2025-10-14,Google Ads,GG-200280,UAC - Value | Android | APAC | Carousel,24552,962,492.35,191
2025-10-14,Google Ads,GG-200281,UAC - Value | iOS | APAC | Carousel,10396,448,196.0,102
2025-10-14,Google Ads,GG-200282,Search - Non-Brand - Broad | Android | LATAM | Carousel,14692,606,243.98,91
2025-10-14,Google Ads,GG-200283,UAC - Value | iOS | LATAM | Static,12000,566,284.25,96
2025-10-14,Google Ads,GG-200284,Search - Non-Brand - Broad | iOS | LATAM | UGC,13005,313,135.47,66
2025-10-14,Google Ads,GG-200285,UAC - Value | iOS | APAC | Carousel,12221,494,292.15,130
2025-10-14,Google Ads,GG-200286,Search - Non-Brand - Broad | iOS | US | Playables,8308,355,200.93,40
2025-10-14,Google Ads,GG-200287,UAC - Value | Android | MENA | Video,15439,393,216.07,77
2025-10-14,Google Ads,GG-200288,Search - Brand - Exact | Android | APAC | Carousel,12157,364,177.6,59
2025-10-14,Google Ads,GG-200289,UAC - Installs | iOS | APAC | Static,12385,516,329.62,95
2025-10-14,Google Ads,GG-200290,UAC - Value | Android | LATAM | Static,32612,1149,627.12,336
2025-10-14,Google Ads,GG-200291,UAC - Value | iOS | US | UGC,15282,377,219.9,94
2025-10-14,Google Ads,GG-200292,UAC - Value | iOS | MENA | Playables,14036,501,292.08,63
2025-10-14,Google Ads,GG-200293,Search - Brand - Exact | Android | LATAM | Playables,13153,605,274.91,119
2025-10-14,Google Ads,GG-200294,Search - Non-Brand - Broad | Android | EU | Carousel,11731,245,110.96,50
2025-10-14,Google Ads,GG-200295,UAC - Installs | Android | MENA | UGC,27324,600,349.26,116
2025-10-14,Google Ads,GG-200296,Search - Brand - Exact | iOS | US | Video,7048,258,152.68,42
2025-10-14,Google Ads,GG-200297,Search - Non-Brand - Broad | iOS | EU | Playables,14226,619,258.93,122
2025-10-14,Google Ads,GG-200298,UAC - Value | iOS | LATAM | UGC,13384,604,232.36,125
2025-10-14,Google Ads,GG-200299,UAC - Value | Android | LATAM | Video,9394,294,98.46,82
2025-10-14,Google Ads,GG-200300,Search - Brand - Exact | Android | LATAM | UGC,11767,368,75.92,69
2025-10-14,Google Ads,GG-200301,UAC - Installs | Android | EU | Carousel,19199,650,342.55,140
2025-10-14,Google Ads,GG-200302,UAC - Value | iOS | APAC | Static,19429,749,363.64,140
2025-10-14,Google Ads,GG-200303,UAC - Value | iOS | APAC | Video,11907,244,126.15,37
2025-10-14,Google Ads,GG-200304,UAC - Installs | iOS | LATAM | Video,15721,388,209.09,82
2025-10-14,Google Ads,GG-200305,UAC - Installs | Android | US | Video,25704,1073,551.52,282
2025-10-14,Google Ads,GG-200306,Search - Non-Brand - Broad | Android | EU | Static,8292,304,102.3,36
2025-10-14,Google Ads,GG-200307,UAC - Value | Android | LATAM | Playables,17924,522,226.29,97
2025-10-14,Google Ads,GG-200308,Search - Non-Brand - Broad | iOS | EU | UGC,7934,265,84.0,20
2025-10-14,Google Ads,GG-200309,Search - Brand - Exact | Android | APAC | UGC,10120,209,82.35,24
2025-10-14,Google Ads,GG-200310,UAC - Value | Android | APAC | Playables,20518,1021,524.69,190
2025-10-14,Google Ads,GG-200311,Search - Non-Brand - Broad | iOS | US | Static,11341,240,85.37,28
2025-10-14,Google Ads,GG-200312,Search - Brand - Exact | iOS | US | Playables,12071,379,137.54,45
2025-10-14,Google Ads,GG-200313,Search - Non-Brand - Broad | Android | LATAM | Carousel,13607,556,219.18,73
2025-10-14,Google Ads,GG-200314,UAC - Value | iOS | US | Carousel,11083,538,376.06,114
2025-10-14,Google Ads,GG-200315,UAC - Value | iOS | MENA | UGC,19010,804,454.98,106
2025-10-14,Google Ads,GG-200316,UAC - Value | Android | LATAM | Carousel,23170,681,363.52,155
2025-10-14,Google Ads,GG-200317,Search - Brand - Exact | Android | LATAM | Playables,13350,389,108.61,28
2025-10-14,Google Ads,GG-200318,Search - Non-Brand - Broad | Android | LATAM | Video,10641,391,164.61,36
2025-10-14,Google Ads,GG-200319,UAC - Installs | iOS | US | Static,20208,983,462.7,173
2025-10-14,Google Ads,GG-200320,UAC - Value | Android | MENA | UGC,21753,815,391.85,107
2025-10-14,Google Ads,GG-200321,UAC - Value | Android | MENA | UGC,11256,533,317.72,96
2025-10-14,Google Ads,GG-200322,Search - Non-Brand - Broad | Android | APAC | Playables,10986,313,67.58,36
2025-10-14,Google Ads,GG-200323,Search - Non-Brand - Broad | Android | APAC | Carousel,5293,114,27.51,13
2025-10-14,Google Ads,GG-200324,Search - Brand - Exact | Android | LATAM | UGC,17343,478,214.24,46
2025-10-14,Google Ads,GG-200325,Search - Non-Brand - Broad | iOS | US | UGC,12131,599,336.4,54
2025-10-14,Google Ads,GG-200326,UAC - Value | Android | APAC | Playables,17308,855,497.78,115
2025-10-14,Google Ads,GG-200327,UAC - Value | iOS | APAC | UGC,23453,954,527.37,107
2025-10-14,Google Ads,GG-200328,Search - Brand - Exact | iOS | EU | Video,4945,168,51.88,13
2025-10-14,Google Ads,GG-200329,UAC - Installs | Android | LATAM | Video,20263,770,271.04,142
2025-10-14,Google Ads,GG-200330,Search - Non-Brand - Broad | Android | MENA | Carousel,33424,1361,396.46,251
2025-10-14,Google Ads,GG-200331,Search - Brand - Exact | iOS | MENA | UGC,9846,338,133.41,46
2025-10-14,Google Ads,GG-200332,UAC - Installs | Android | LATAM | Playables,17503,386,220.25,102
2025-10-14,Google Ads,GG-200333,Search - Non-Brand - Broad | Android | APAC | Playables,7310,172,34.93,17
2025-10-14,Google Ads,GG-200334,UAC - Installs | iOS | US | Static,18061,525,306.07,93
2025-10-14,Google Ads,GG-200335,UAC - Installs | Android | APAC | Carousel,11464,384,204.79,64
2025-10-14,Google Ads,GG-200336,Search - Non-Brand - Broad | Android | APAC | Video,16253,641,183.45,59
2025-10-14,Google Ads,GG-200337,UAC - Value | Android | MENA | Carousel,7328,265,81.99,37
2025-10-14,Google Ads,GG-200338,Search - Non-Brand - Broad | Android | MENA | Static,11065,398,189.09,81
2025-10-14,Google Ads,GG-200339,UAC - Installs | Android | US | Playables,25480,1165,520.06,208
2025-10-14,Google Ads,GG-200340,Search - Non-Brand - Broad | iOS | MENA | Playables,9309,208,62.57,18
2025-10-14,Google Ads,GG-200341,UAC - Installs | iOS | LATAM | Carousel,14285,414,262.85,108
2025-10-14,Google Ads,GG-200342,Search - Brand - Exact | Android | EU | UGC,8510,374,145.37,59
2025-10-14,Google Ads,GG-200343,Search - Non-Brand - Broad | iOS | EU | Static,9839,338,183.97,58
2025-10-14,Google Ads,GG-200344,UAC - Value | Android | LATAM | Static,17034,508,295.45,119
2025-10-14,Google Ads,GG-200345,UAC - Installs | iOS | EU | Playables,19578,542,268.89,95
2025-10-14,Google Ads,GG-200346,Search - Brand - Exact | iOS | APAC | UGC,9062,337,168.3,57
2025-10-14,Google Ads,GG-200347,UAC - Installs | Android | APAC | Playables,13902,283,91.49,51
2025-10-14,Google Ads,GG-200348,UAC - Installs | iOS | APAC | UGC,22466,879,404.87,117
2025-10-14,Google Ads,GG-200349,UAC - Installs | Android | US | UGC,11993,561,257.27,113
2025-10-15,Google Ads,GG-200000,Search - Brand - Exact | iOS | US | Carousel,16715,818,445.48,53
2025-10-15,Google Ads,GG-200001,UAC - Value | Android | US | Static,12631,405,181.56,111
2025-10-15,Google Ads,GG-200002,Search - Non-Brand - Broad | iOS | MENA | Playables,7572,345,132.72,19
2025-10-15,Google Ads,GG-200003,UAC - Value | iOS | LATAM | Carousel,21545,707,387.01,92
2025-10-15,Google Ads,GG-200004,Search - Brand - Exact | iOS | LATAM | Playables,9321,278,100.44,51
2025-10-15,Google Ads,GG-200005,Search - Brand - Exact | iOS | US | Carousel,22173,853,387.86,159
2025-10-15,Google Ads,GG-200006,Search - Non-Brand - Broad | iOS | LATAM | Carousel,5544,160,72.11,27
2025-10-15,Google Ads,GG-200007,Search - Non-Brand - Broad | iOS | US | Playables,14048,559,323.83,46
2025-10-15,Google Ads,GG-200008,Search - Non-Brand - Broad | iOS | LATAM | UGC,10784,224,111.15,41
2025-10-15,Google Ads,GG-200009,UAC - Value | Android | LATAM | Playables,20108,490,236.62,75
2025-10-15,Google Ads,GG-200010,Search - Brand - Exact | iOS | EU | Playables,4397,172,92.45,18
2025-10-15,Google Ads,GG-200011,Search - Brand - Exact | iOS | MENA | Carousel,13439,337,142.48,59
2025-10-15,Google Ads,GG-200012,Search - Non-Brand - Broad | iOS | LATAM | Static,10530,372,173.72,57
2025-10-15,Google Ads,GG-200013,Search - Non-Brand - Broad | iOS | APAC | Static,10616,492,258.3,33
2025-10-15,Google Ads,GG-200014,UAC - Installs | Android | EU | Video,14500,441,193.78,131
2025-10-15,Google Ads,GG-200015,Search - Brand - Exact | Android | MENA | Playables,8290,345,170.12,54
2025-10-15,Google Ads,GG-200016,UAC - Value | iOS | MENA | Static,15484,761,422.05,173
2025-10-15,Google Ads,GG-200017,Search - Non-Brand - Broad | Android | EU | Static,10862,445,138.04,93
2025-10-15,Google Ads,GG-200018,UAC - Installs | iOS | US | UGC,21019,585,266.58,137
2025-10-15,Google Ads,GG-200019,UAC - Installs | Android | APAC | Playables,16834,626,304.11,160
2025-10-15,Google Ads,GG-200020,Search - Non-Brand - Broad | iOS | EU | Playables,8325,408,195.39,78
2025-10-15,Google Ads,GG-200021,UAC - Installs | iOS | APAC | Static,9835,374,138.34,65
2025-10-15,Google Ads,GG-200022,UAC - Value | iOS | APAC | Carousel,14275,674,403.05,186
2025-10-15,Google Ads,GG-200023,Search - Non-Brand - Broad | iOS | EU | Static,8465,175,82.42,9
2025-10-15,Google Ads,GG-200024,UAC - Installs | iOS | US | UGC,27169,820,569.57,182
2025-10-15,Google Ads,GG-200025,UAC - Installs | Android | MENA | Video,17665,508,245.11,97
2025-10-15,Google Ads,GG-200026,UAC - Value | Android | EU | Carousel,13948,303,183.35,60
2025-10-15,Google Ads,GG-200027,Search - Non-Brand - Broad | Android | APAC | Video,9644,425,210.5,86
2025-10-15,Google Ads,GG-200028,UAC - Value | iOS | LATAM | Video,26601,1271,702.99,355
2025-10-15,Google Ads,GG-200029,UAC - Installs | Android | APAC | Playables,14820,602,355.6,80
2025-10-15,Google Ads,GG-200030,UAC - Installs | Android | APAC | Video,16369,761,303.72,145
2025-10-15,Google Ads,GG-200031,Search - Brand - Exact | Android | US | Carousel,14824,390,181.43,29
2025-10-15,Google Ads,GG-200032,Search - Brand - Exact | iOS | EU | Static,10305,447,147.47,91
2025-10-15,Google Ads,GG-200033,UAC - Value | iOS | APAC | Static,8969,348,146.26,76
2025-10-15,Google Ads,GG-200034,Search - Brand - Exact | iOS | MENA | Video,7425,154,78.57,33
2025-10-15,Google Ads,GG-200035,Search - Non-Brand - Broad | Android | LATAM | Static,13971,418,146.84,98
2025-10-15,Google Ads,GG-200036,Search - Non-Brand - Broad | iOS | US | Carousel,16252,395,120.16,86
2025-10-15,Google Ads,GG-200037,Search - Non-Brand - Broad | iOS | US | Video,9946,241,128.24,44
2025-10-15,Google Ads,GG-200038,Search - Brand - Exact | iOS | MENA | UGC,11969,584,153.88,76
2025-10-15,Google Ads,GG-200039,Search - Brand - Exact | Android | APAC | Playables,18979,466,144.69,76
2025-10-15,Google Ads,GG-200040,UAC - Value | Android | EU | Carousel,13275,290,123.42,60
2025-10-15,Google Ads,GG-200041,Search - Non-Brand - Broad | Android | MENA | Carousel,10883,224,84.63,42
2025-10-15,Google Ads,GG-200042,UAC - Installs | iOS | EU | Video,14854,405,264.59,71
2025-10-15,Google Ads,GG-200043,Search - Brand - Exact | Android | MENA | Playables,7184,203,90.52,24
2025-10-15,Google Ads,GG-200044,UAC - Value | iOS | APAC | Video,14676,586,294.11,74
2025-10-15,Google Ads,GG-200045,UAC - Installs | iOS | LATAM | Video,8909,222,99.46,33
2025-10-15,Google Ads,GG-200046,Search - Brand - Exact | Android | LATAM | Static,8696,200,49.32,46
2025-10-15,Google Ads,GG-200047,UAC - Installs | iOS | EU | Video,16988,616,257.73,163
2025-10-15,Google Ads,GG-200048,UAC - Value | iOS | EU | UGC,11974,278,178.45,35
2025-10-15,Google Ads,GG-200049,UAC - Value | Android | EU | Video,25167,680,289.07,169
2025-10-15,Google Ads,GG-200050,Search - Brand - Exact | Android | LATAM | Static,15840,703,168.37,95
2025-10-15,Google Ads,GG-200051,UAC - Installs | Android | US | Carousel,24957,885,553.21,242
2025-10-15,Google Ads,GG-200052,UAC - Installs | iOS | MENA | UGC,19544,404,192.26,84
2025-10-15,Google Ads,GG-200053,UAC - Installs | Android | EU | Carousel,42463,1346,658.73,231
2025-10-15,Google Ads,GG-200054,Search - Brand - Exact | Android | LATAM | Carousel,15820,462,133.06,56
2025-10-15,Google Ads,GG-200055,UAC - Value | iOS | APAC | UGC,14618,302,149.79,67
2025-10-15,Google Ads,GG-200056,UAC - Value | iOS | LATAM | Static,10990,408,221.22,68
2025-10-15,Google Ads,GG-200057,UAC - Installs | iOS | LATAM | Playables,8168,388,248.71,53
2025-10-15,Google Ads,GG-200058,UAC - Value | Android | APAC | Video,27629,960,312.67,239
2025-10-15,Google Ads,GG-200059,UAC - Installs | Android | MENA | Carousel,34067,806,253.97,233
2025-10-15,Google Ads,GG-200060,UAC - Installs | Android | US | Carousel,16106,598,343.43,153
2025-10-15,Google Ads,GG-200061,UAC - Value | iOS | APAC | Playables,7081,207,94.64,57
2025-10-15,Google Ads,GG-200062,UAC - Value | Android | APAC | Carousel,14685,336,120.79,75
2025-10-15,Google Ads,GG-200063,UAC - Value | Android | LATAM | Playables,14637,575,202.11,127
2025-10-15,Google Ads,GG-200064,UAC - Value | iOS | US | Video,30914,1535,790.83,371
2025-10-15,Google Ads,GG-200065,Search - Brand - Exact | iOS | MENA | Static,14601,306,133.88,59
2025-10-15,Google Ads,GG-200066,Search - Brand - Exact | Android | MENA | UGC,14533,622,195.25,119
2025-10-15,Google Ads,GG-200067,UAC - Installs | Android | US | Static,20654,586,216.59,77
2025-10-15,Google Ads,GG-200068,Search - Brand - Exact | iOS | APAC | Playables,9149,205,66.52,32
2025-10-15,Google Ads,GG-200069,UAC - Installs | Android | APAC | Carousel,22316,1014,406.31,288
2025-10-15,Google Ads,GG-200070,Search - Non-Brand - Broad | iOS | US | Playables,4416,105,33.17,10
2025-10-15,Google Ads,GG-200071,UAC - Installs | iOS | APAC | Carousel,17301,663,378.44,131
2025-10-15,Google Ads,GG-200072,Search - Non-Brand - Broad | Android | US | Video,7328,213,57.32,27
2025-10-15,Google Ads,GG-200073,Search - Brand - Exact | iOS | MENA | UGC,7654,295,107.41,23
2025-10-15,Google Ads,GG-200074,Search - Non-Brand - Broad | iOS | LATAM | UGC,9414,199,56.52,13
2025-10-15,Google Ads,GG-200075,Search - Brand - Exact | iOS | APAC | Static,10523,509,181.66,41
2025-10-15,Google Ads,GG-200076,Search - Non-Brand - Broad | Android | US | UGC,12327,546,137.87,64
2025-10-15,Google Ads,GG-200077,UAC - Installs | iOS | US | Carousel,10229,427,200.95,99
2025-10-15,Google Ads,GG-200078,UAC - Installs | Android | MENA | Playables,15490,498,295.36,71
2025-10-15,Google Ads,GG-200079,UAC - Installs | iOS | EU | Static,18987,758,373.09,122
2025-10-15,Google Ads,GG-200080,Search - Non-Brand - Broad | Android | US | Static,16025,573,266.62,72
2025-10-15,Google Ads,GG-200081,UAC - Installs | Android | APAC | Video,22991,835,364.14,142
2025-10-15,Google Ads,GG-200082,Search - Non-Brand - Broad | iOS | APAC | Playables,6152,218,55.18,25
2025-10-15,Google Ads,GG-200083,UAC - Value | Android | US | Carousel,8728,394,177.97,85
2025-10-15,Google Ads,GG-200084,UAC - Value | iOS | MENA | UGC,12280,271,117.7,59
2025-10-15,Google Ads,GG-200085,Search - Brand - Exact | Android | EU | Carousel,9977,206,91.42,30
2025-10-15,Google Ads,GG-200086,UAC - Installs | iOS | APAC | Playables,11537,336,122.54,45
2025-10-15,Google Ads,GG-200087,Search - Non-Brand - Broad | Android | MENA | Playables,11244,311,87.98,71
2025-10-15,Google Ads,GG-200088,Search - Brand - Exact | Android | APAC | Playables,10105,295,125.88,60
2025-10-15,Google Ads,GG-200089,UAC - Installs | Android | MENA | Static,17666,393,125.92,62
2025-10-15,Google Ads,GG-200090,Search - Non-Brand - Broad | Android | EU | Carousel,13334,501,191.08,79
2025-10-15,Google Ads,GG-200091,Search - Brand - Exact | iOS | MENA | Carousel,7106,192,104.89,30
2025-10-15,Google Ads,GG-200092,UAC - Installs | iOS | EU | Playables,17310,561,279.43,88
2025-10-15,Google Ads,GG-200093,Search - Brand - Exact | Android | LATAM | Playables,10199,438,170.78,56
2025-10-15,Google Ads,GG-200094,Search - Non-Brand - Broad | Android | MENA | Playables,10365,430,147.45,62
2025-10-15,Google Ads,GG-200095,UAC - Installs | Android | MENA | Playables,10520,316,114.74,94
2025-10-15,Google Ads,GG-200096,Search - Brand - Exact | Android | US | Video,11030,277,98.45,27
2025-10-15,Google Ads,GG-200097,UAC - Value | iOS | EU | Playables,18467,580,352.18,89
2025-10-15,Google Ads,GG-200098,UAC - Installs | Android | APAC | Playables,13510,609,273.68,109
2025-10-15,Google Ads,GG-200099,UAC - Value | iOS | APAC | Static,12109,478,211.47,65
2025-10-15,Google Ads,GG-200100,Search - Brand - Exact | iOS | APAC | Video,13974,607,156.06,43
2025-10-15,Google Ads,GG-200101,UAC - Value | Android | APAC | UGC,27071,1005,314.16,158
2025-10-15,Google Ads,GG-200102,Search - Non-Brand - Broad | iOS | EU | Carousel,11349,321,140.73,18
2025-10-15,Google Ads,GG-200103,UAC - Value | iOS | LATAM | Carousel,13453,419,153.56,63
2025-10-15,Google Ads,GG-200104,Search - Brand - Exact | Android | LATAM | Playables,6692,258,112.69,20
2025-10-15,Google Ads,GG-200105,Search - Brand - Exact | iOS | EU | UGC,15460,493,231.96,100
2025-10-15,Google Ads,GG-200106,Search - Non-Brand - Broad | iOS | APAC | Static,14525,409,145.36,35
2025-10-15,Google Ads,GG-200107,UAC - Value | Android | US | Carousel,13548,638,228.53,86
2025-10-15,Google Ads,GG-200108,UAC - Installs | iOS | EU | Static,11750,247,103.12,60
2025-10-15,Google Ads,GG-200109,UAC - Value | iOS | EU | Static,19440,600,365.4,150
2025-10-15,Google Ads,GG-200110,UAC - Value | iOS | APAC | Carousel,18378,592,267.11,108
2025-10-15,Google Ads,GG-200111,UAC - Value | Android | US | UGC,8260,217,134.45,34
2025-10-15,Google Ads,GG-200112,UAC - Installs | Android | EU | Playables,26833,1286,626.54,203
2025-10-15,Google Ads,GG-200113,UAC - Value | Android | US | Carousel,21623,820,368.75,177
2025-10-15,Google Ads,GG-200114,Search - Brand - Exact | iOS | LATAM | Playables,13461,282,111.62,32
2025-10-15,Google Ads,GG-200115,UAC - Installs | Android | APAC | Static,27281,979,574.28,277
2025-10-15,Google Ads,GG-200116,Search - Brand - Exact | iOS | APAC | Carousel,12552,496,149.59,103
2025-10-15,Google Ads,GG-200117,Search - Non-Brand - Broad | iOS | US | Playables,11061,527,184.08,45
2025-10-15,Google Ads,GG-200118,Search - Brand - Exact | iOS | MENA | Carousel,9256,366,160.6,34
2025-10-15,Google Ads,GG-200119,UAC - Installs | iOS | MENA | UGC,14923,481,208.56,61
2025-10-15,Google Ads,GG-200120,UAC - Value | Android | EU | Video,15910,619,240.73,142
2025-10-15,Google Ads,GG-200121,UAC - Installs | iOS | LATAM | Playables,10871,260,160.26,41
2025-10-15,Google Ads,GG-200122,UAC - Value | Android | EU | Playables,16744,572,265.41,79
2025-10-15,Google Ads,GG-200123,Search - Non-Brand - Broad | Android | US | Video,10205,402,219.61,46
2025-10-15,Google Ads,GG-200124,UAC - Value | iOS | APAC | Playables,14547,669,267.67,148
2025-10-15,Google Ads,GG-200125,Search - Non-Brand - Broad | Android | MENA | Playables,16775,438,141.96,92
2025-10-15,Google Ads,GG-200126,Search - Non-Brand - Broad | iOS | MENA | Carousel,13313,532,256.16,115
2025-10-15,Google Ads,GG-200127,UAC - Installs | iOS | MENA | Carousel,14608,685,313.18,85
2025-10-15,Google Ads,GG-200128,UAC - Value | iOS | MENA | Carousel,15269,385,156.23,68
2025-10-15,Google Ads,GG-200129,Search - Brand - Exact | Android | LATAM | Carousel,6347,220,66.22,22
2025-10-15,Google Ads,GG-200130,Search - Brand - Exact | iOS | MENA | Carousel,11516,370,124.84,27
2025-10-15,Google Ads,GG-200131,Search - Non-Brand - Broad | iOS | LATAM | Playables,6476,309,100.12,28
2025-10-15,Google Ads,GG-200132,Search - Non-Brand - Broad | Android | MENA | UGC,15745,546,170.52,83
2025-10-15,Google Ads,GG-200133,Search - Brand - Exact | iOS | EU | Static,9376,289,131.84,54
2025-10-15,Google Ads,GG-200134,UAC - Value | Android | EU | Video,26682,706,458.26,125
2025-10-15,Google Ads,GG-200135,UAC - Value | iOS | APAC | Static,15753,538,223.49,136
2025-10-15,Google Ads,GG-200136,UAC - Value | Android | APAC | Playables,20859,671,331.0,89
2025-10-15,Google Ads,GG-200137,Search - Non-Brand - Broad | Android | EU | Playables,8377,251,66.59,19
2025-10-15,Google Ads,GG-200138,UAC - Value | iOS | APAC | Playables,10127,402,142.59,76
2025-10-15,Google Ads,GG-200139,UAC - Installs | iOS | EU | UGC,10576,495,265.22,61
2025-10-15,Google Ads,GG-200140,UAC - Value | iOS | LATAM | Playables,12923,451,234.79,93
2025-10-15,Google Ads,GG-200141,UAC - Installs | Android | EU | Carousel,31648,1300,697.58,362
2025-10-15,Google Ads,GG-200142,Search - Non-Brand - Broad | Android | LATAM | Carousel,11092,303,126.87,33
2025-10-15,Google Ads,GG-200143,UAC - Installs | iOS | LATAM | UGC,12613,333,191.67,38
2025-10-15,Google Ads,GG-200144,UAC - Value | iOS | LATAM | Video,16657,505,252.85,109
2025-10-15,Google Ads,GG-200145,UAC - Installs | iOS | LATAM | Static,9401,195,115.01,48
2025-10-15,Google Ads,GG-200146,UAC - Installs | Android | LATAM | Video,16153,435,224.9,88
2025-10-15,Google Ads,GG-200147,Search - Non-Brand - Broad | iOS | LATAM | UGC,16432,391,154.52,59
2025-10-15,Google Ads,GG-200148,UAC - Installs | Android | MENA | Carousel,13692,472,167.84,73
2025-10-15,Google Ads,GG-200149,Search - Non-Brand - Broad | Android | US | Playables,6712,198,95.65,27
2025-10-15,Google Ads,GG-200150,Search - Non-Brand - Broad | Android | US | Playables,5574,153,42.69,29
2025-10-15,Google Ads,GG-200151,UAC - Value | Android | US | Video,12312,534,254.5,119
2025-10-15,Google Ads,GG-200152,Search - Non-Brand - Broad | iOS | APAC | Video,11702,312,132.38,38
2025-10-15,Google Ads,GG-200153,UAC - Value | Android | MENA | Static,8315,372,147.72,57
2025-10-15,Google Ads,GG-200154,UAC - Installs | iOS | APAC | Static,17132,692,348.49,101
2025-10-15,Google Ads,GG-200155,Search - Brand - Exact | iOS | LATAM | Video,9759,251,105.92,37
2025-10-15,Google Ads,GG-200156,Search - Non-Brand - Broad | Android | MENA | Video,20855,902,434.04,129
2025-10-15,Google Ads,GG-200157,UAC - Value | iOS | EU | Video,11093,523,219.14,91
2025-10-15,Google Ads,GG-200158,Search - Brand - Exact | iOS | EU | Carousel,7379,355,168.31,74
2025-10-15,Google Ads,GG-200159,Search - Brand - Exact | Android | LATAM | Playables,16279,541,118.15,54
2025-10-15,Google Ads,GG-200160,UAC - Value | iOS | LATAM | UGC,12919,393,149.81,62
2025-10-15,Google Ads,GG-200161,UAC - Installs | Android | MENA | UGC,9212,429,161.13,67
2025-10-15,Google Ads,GG-200162,Search - Non-Brand - Broad | Android | US | Carousel,12793,436,144.53,97
2025-10-15,Google Ads,GG-200163,Search - Brand - Exact | iOS | LATAM | Static,14866,600,173.64,95
2025-10-15,Google Ads,GG-200164,Search - Non-Brand - Broad | iOS | LATAM | Playables,11714,469,240.22,77
2025-10-15,Google Ads,GG-200165,UAC - Value | Android | MENA | UGC,24869,574,228.45,77
2025-10-15,Google Ads,GG-200166,Search - Brand - Exact | iOS | US | UGC,9671,340,122.98,26
2025-10-15,Google Ads,GG-200167,UAC - Installs | Android | EU | UGC,12339,600,225.78,100
2025-10-15,Google Ads,GG-200168,UAC - Value | Android | US | Carousel,12469,273,131.53,39
2025-10-15,Google Ads,GG-200169,UAC - Installs | Android | APAC | Carousel,5424,271,100.03,72
2025-10-15,Google Ads,GG-200170,Search - Brand - Exact | iOS | MENA | Playables,8151,374,117.21,78
2025-10-15,Google Ads,GG-200171,Search - Brand - Exact | iOS | LATAM | Static,5124,149,58.91,17
2025-10-15,Google Ads,GG-200172,Search - Non-Brand - Broad | Android | APAC | Carousel,24339,583,282.17,99
2025-10-15,Google Ads,GG-200173,Search - Brand - Exact | iOS | MENA | Carousel,11845,251,132.73,52
2025-10-15,Google Ads,GG-200174,Search - Non-Brand - Broad | iOS | LATAM | Playables,6248,143,59.96,22
2025-10-15,Google Ads,GG-200175,Search - Non-Brand - Broad | Android | EU | UGC,8848,426,182.8,43
2025-10-15,Google Ads,GG-200176,UAC - Value | iOS | MENA | Carousel,13360,636,406.98,81
2025-10-15,Google Ads,GG-200177,Search - Non-Brand - Broad | iOS | MENA | Static,12295,388,147.17,47
2025-10-15,Google Ads,GG-200178,UAC - Installs | Android | MENA | UGC,14217,569,289.22,96
2025-10-15,Google Ads,GG-200179,Search - Brand - Exact | Android | MENA | Video,7764,267,86.86,52
2025-10-15,Google Ads,GG-200180,Search - Non-Brand - Broad | Android | MENA | Playables,13364,479,205.87,58
2025-10-15,Google Ads,GG-200181,UAC - Value | Android | LATAM | Playables,23646,792,472.19,160
2025-10-15,Google Ads,GG-200182,UAC - Value | Android | EU | Playables,13741,355,189.85,105
2025-10-15,Google Ads,GG-200183,Search - Brand - Exact | Android | MENA | UGC,10424,485,162.81,95
2025-10-15,Google Ads,GG-200184,UAC - Value | iOS | EU | Playables,16022,694,301.96,173
2025-10-15,Google Ads,GG-200185,UAC - Value | iOS | MENA | Video,14924,501,225.7,123
2025-10-15,Google Ads,GG-200186,UAC - Installs | iOS | US | UGC,14081,638,427.97,99
2025-10-15,Google Ads,GG-200187,Search - Brand - Exact | Android | EU | Playables,14316,448,157.2,57
2025-10-15,Google Ads,GG-200188,Search - Brand - Exact | Android | APAC | Carousel,10399,318,126.56,25
2025-10-15,Google Ads,GG-200189,Search - Brand - Exact | Android | US | UGC,14526,315,126.88,56
2025-10-15,Google Ads,GG-200190,Search - Non-Brand - Broad | iOS | APAC | Static,12062,464,254.04,61
2025-10-15,Google Ads,GG-200191,UAC - Value | iOS | LATAM | UGC,17744,851,434.61,192
2025-10-15,Google Ads,GG-200192,Search - Non-Brand - Broad | iOS | APAC | Video,5595,180,72.67,24
2025-10-15,Google Ads,GG-200193,UAC - Value | iOS | US | Static,17365,421,258.41,96
2025-10-15,Google Ads,GG-200194,Search - Brand - Exact | Android | EU | Video,9245,322,87.91,67
2025-10-15,Google Ads,GG-200195,UAC - Value | iOS | APAC | Playables,16778,821,371.67,196
2025-10-15,Google Ads,GG-200196,UAC - Value | iOS | EU | Static,14035,560,311.58,93
2025-10-15,Google Ads,GG-200197,Search - Non-Brand - Broad | iOS | EU | Carousel,10921,353,188.68,21
2025-10-15,Google Ads,GG-200198,Search - Brand - Exact | Android | US | UGC,8550,241,92.54,25
2025-10-15,Google Ads,GG-200199,Search - Brand - Exact | Android | EU | Video,17858,402,208.68,76
2025-10-15,Google Ads,GG-200200,Search - Brand - Exact | Android | APAC | Playables,8619,398,148.81,59
2025-10-15,Google Ads,GG-200201,UAC - Value | Android | US | UGC,32549,1582,724.87,276
2025-10-15,Google Ads,GG-200202,Search - Brand - Exact | Android | MENA | Static,10998,430,146.03,97
2025-10-15,Google Ads,GG-200203,Search - Non-Brand - Broad | Android | MENA | Carousel,6549,215,103.24,44
2025-10-15,Google Ads,GG-200204,UAC - Installs | iOS | MENA | Playables,12322,546,271.14,67
2025-10-15,Google Ads,GG-200205,Search - Non-Brand - Broad | Android | LATAM | Static,8153,323,138.89,75
2025-10-15,Google Ads,GG-200206,Search - Brand - Exact | iOS | LATAM | Carousel,13661,366,195.88,43
2025-10-15,Google Ads,GG-200207,UAC - Value | Android | APAC | Playables,29105,1228,552.23,266
2025-10-15,Google Ads,GG-200208,UAC - Installs | Android | LATAM | UGC,17955,736,357.33,96
2025-10-15,Google Ads,GG-200209,UAC - Installs | iOS | APAC | Static,13214,556,245.31,85
2025-10-15,Google Ads,GG-200210,UAC - Value | iOS | EU | Playables,9227,461,228.93,69
2025-10-15,Google Ads,GG-200211,Search - Non-Brand - Broad | Android | EU | Carousel,8804,338,177.31,43
2025-10-15,Google Ads,GG-200212,UAC - Value | iOS | US | Playables,11486,513,240.9,74
2025-10-15,Google Ads,GG-200213,Search - Non-Brand - Broad | iOS | MENA | Playables,9321,342,176.98,68
2025-10-15,Google Ads,GG-200214,Search - Non-Brand - Broad | iOS | EU | Carousel,17191,633,340.3,91
2025-10-15,Google Ads,GG-200215,UAC - Installs | iOS | US | UGC,17469,765,399.1,184
2025-10-15,Google Ads,GG-200216,Search - Brand - Exact | Android | MENA | Static,9129,357,132.02,78
2025-10-15,Google Ads,GG-200217,Search - Brand - Exact | iOS | APAC | Playables,8984,363,171.26,56
2025-10-15,Google Ads,GG-200218,Search - Non-Brand - Broad | Android | EU | Playables,11888,462,248.14,87
2025-10-15,Google Ads,GG-200219,UAC - Installs | iOS | EU | Carousel,27021,1203,781.47,152
2025-10-15,Google Ads,GG-200220,Search - Brand - Exact | Android | EU | Static,7907,315,132.52,73
2025-10-15,Google Ads,GG-200221,Search - Non-Brand - Broad | iOS | EU | Playables,5323,207,94.45,34
2025-10-15,Google Ads,GG-200222,UAC - Installs | iOS | EU | Playables,17004,812,382.21,164
2025-10-15,Google Ads,GG-200223,UAC - Installs | iOS | APAC | UGC,14533,499,175.6,112
2025-10-15,Google Ads,GG-200224,UAC - Value | iOS | LATAM | Carousel,11924,518,247.03,80
2025-10-15,Google Ads,GG-200225,UAC - Installs | iOS | US | UGC,12481,320,156.03,77
2025-10-15,Google Ads,GG-200226,UAC - Value | Android | LATAM | Carousel,28824,717,388.76,174
2025-10-15,Google Ads,GG-200227,Search - Non-Brand - Broad | Android | MENA | Static,10453,254,67.97,38
2025-10-15,Google Ads,GG-200228,UAC - Value | Android | LATAM | Playables,11592,240,85.78,58
2025-10-15,Google Ads,GG-200229,UAC - Installs | iOS | EU | Static,11244,432,252.5,64
2025-10-15,Google Ads,GG-200230,Search - Non-Brand - Broad | Android | APAC | Playables,14981,622,166.63,66
2025-10-15,Google Ads,GG-200231,UAC - Installs | iOS | MENA | Carousel,18168,537,222.8,128
2025-10-15,Google Ads,GG-200232,Search - Non-Brand - Broad | iOS | APAC | UGC,9055,322,136.01,25
2025-10-15,Google Ads,GG-200233,UAC - Value | iOS | EU | Static,21044,629,286.01,77
2025-10-15,Google Ads,GG-200234,Search - Brand - Exact | Android | MENA | Video,18692,829,256.33,101
2025-10-15,Google Ads,GG-200235,UAC - Value | Android | US | Video,14265,539,189.3,94
2025-10-15,Google Ads,GG-200236,Search - Non-Brand - Broad | Android | EU | Video,4622,94,28.82,8
2025-10-15,Google Ads,GG-200237,UAC - Value | Android | EU | Playables,12650,486,178.07,91
2025-10-15,Google Ads,GG-200238,UAC - Value | iOS | US | Playables,19609,435,299.41,63
2025-10-15,Google Ads,GG-200239,UAC - Value | iOS | US | Video,15028,404,220.58,79
2025-10-15,Google Ads,GG-200240,UAC - Installs | Android | US | Playables,22293,844,502.43,174
2025-10-15,Google Ads,GG-200241,UAC - Value | iOS | US | Playables,11645,383,206.44,84
2025-10-15,Google Ads,GG-200242,Search - Non-Brand - Broad | Android | US | Video,18957,497,127.68,50
2025-10-15,Google Ads,GG-200243,UAC - Installs | Android | EU | Playables,13215,595,319.46,94
2025-10-15,Google Ads,GG-200244,Search - Brand - Exact | iOS | LATAM | UGC,12245,356,150.62,61
2025-10-15,Google Ads,GG-200245,Search - Non-Brand - Broad | iOS | APAC | UGC,11582,565,300.02,66
2025-10-15,Google Ads,GG-200246,Search - Brand - Exact | Android | LATAM | Video,10093,211,98.94,35
2025-10-15,Google Ads,GG-200247,UAC - Value | Android | APAC | UGC,8616,266,96.4,54
2025-10-15,Google Ads,GG-200248,Search - Non-Brand - Broad | iOS | US | Video,22711,573,337.15,119
2025-10-15,Google Ads,GG-200249,UAC - Installs | Android | APAC | UGC,9826,288,129.4,57
2025-10-15,Google Ads,GG-200250,Search - Non-Brand - Broad | Android | MENA | Video,10837,254,81.81,33
2025-10-15,Google Ads,GG-200251,UAC - Installs | Android | MENA | UGC,16849,728,308.74,129
2025-10-15,Google Ads,GG-200252,Search - Brand - Exact | Android | US | Carousel,18176,839,422.02,117
2025-10-15,Google Ads,GG-200253,Search - Non-Brand - Broad | Android | LATAM | Video,11381,317,154.44,49
2025-10-15,Google Ads,GG-200254,UAC - Installs | Android | APAC | Video,17923,572,315.63,141
2025-10-15,Google Ads,GG-200255,UAC - Value | Android | MENA | Static,12595,561,199.21,108
2025-10-15,Google Ads,GG-200256,Search - Brand - Exact | iOS | APAC | Static,10043,441,194.83,24
2025-10-15,Google Ads,GG-200257,UAC - Value | iOS | US | Video,15133,386,244.18,57
2025-10-15,Google Ads,GG-200258,UAC - Value | Android | US | Carousel,15088,474,306.3,129
2025-10-15,Google Ads,GG-200259,UAC - Value | iOS | US | Carousel,25749,1070,712.73,171
2025-10-15,Google Ads,GG-200260,UAC - Value | iOS | EU | Carousel,23417,560,324.35,92
2025-10-15,Google Ads,GG-200261,UAC - Value | iOS | EU | Playables,20084,841,474.24,124
2025-10-15,Google Ads,GG-200262,Search - Non-Brand - Broad | Android | MENA | Carousel,13559,518,233.51,96
2025-10-15,Google Ads,GG-200263,Search - Non-Brand - Broad | Android | US | Carousel,8986,239,84.73,47
2025-10-15,Google Ads,GG-200264,UAC - Installs | iOS | EU | UGC,10372,418,177.15,116
2025-10-15,Google Ads,GG-200265,Search - Brand - Exact | iOS | US | Video,8916,311,121.48,45
2025-10-15,Google Ads,GG-200266,UAC - Installs | iOS | APAC | Carousel,20173,530,320.76,109
2025-10-15,Google Ads,GG-200267,Search - Non-Brand - Broad | Android | EU | Video,8922,262,65.74,48
2025-10-15,Google Ads,GG-200268,UAC - Value | iOS | APAC | Playables,20099,674,367.13,104
2025-10-15,Google Ads,GG-200269,UAC - Installs | Android | US | Video,11332,351,177.57,61
2025-10-15,Google Ads,GG-200270,UAC - Installs | Android | MENA | Playables,16446,682,237.95,167
2025-10-15,Google Ads,GG-200271,UAC - Value | iOS | US | Carousel,17561,449,264.1,121
2025-10-15,Google Ads,GG-200272,Search - Non-Brand - Broad | iOS | US | Playables,8195,244,124.88,25
2025-10-15,Google Ads,GG-200273,Search - Non-Brand - Broad | Android | APAC | Static,10514,391,131.92,82
2025-10-15,Google Ads,GG-200274,UAC - Value | iOS | LATAM | Carousel,22609,845,391.83,222
2025-10-15,Google Ads,GG-200275,UAC - Value | Android | US | Static,9992,400,210.44,59
2025-10-15,Google Ads,GG-200276,UAC - Value | iOS | APAC | Carousel,8337,305,141.52,64
2025-10-15,Google Ads,GG-200277,Search - Non-Brand - Broad | Android | LATAM | Carousel,9537,295,144.79,44
2025-10-15,Google Ads,GG-200278,Search - Non-Brand - Broad | iOS | MENA | Playables,15281,496,248.79,34
2025-10-15,Google Ads,GG-200279,UAC - Installs | iOS | US | Static,8302,228,93.16,59
2025-10-15,Google Ads,GG-200280,UAC - Value | Android | APAC | Carousel,17426,720,292.46,103
2025-10-15,Google Ads,GG-200281,UAC - Value | iOS | APAC | Carousel,15679,435,281.79,100
2025-10-15,Google Ads,GG-200282,Search - Non-Brand - Broad | Android | LATAM | Carousel,6553,249,115.59,41
2025-10-15,Google Ads,GG-200283,UAC - Value | iOS | LATAM | Static,16787,575,299.06,113
2025-10-15,Google Ads,GG-200284,Search - Non-Brand - Broad | iOS | LATAM | UGC,9465,442,180.6,87
2025-10-15,Google Ads,GG-200285,UAC - Value | iOS | APAC | Carousel,8574,341,206.82,76
2025-10-15,Google Ads,GG-200286,Search - Non-Brand - Broad | iOS | US | Playables,5803,279,101.14,18
2025-10-15,Google Ads,GG-200287,UAC - Value | Android | MENA | Video,10633,353,176.75,98
2025-10-15,Google Ads,GG-200288,Search - Brand - Exact | Android | APAC | Carousel,11772,322,113.67,64
2025-10-15,Google Ads,GG-200289,UAC - Installs | iOS | APAC | Static,10552,232,128.18,32
2025-10-15,Google Ads,GG-200290,UAC - Value | Android | LATAM | Static,17645,502,194.83,134
2025-10-15,Google Ads,GG-200291,UAC - Value | iOS | US | UGC,16812,595,394.49,122
2025-10-15,Google Ads,GG-200292,UAC - Value | iOS | MENA | Playables,23750,1045,670.58,233
2025-10-15,Google Ads,GG-200293,Search - Brand - Exact | Android | LATAM | Playables,16384,673,309.38,68
2025-10-15,Google Ads,GG-200294,Search - Non-Brand - Broad | Android | EU | Carousel,6475,234,113.35,49
2025-10-15,Google Ads,GG-200295,UAC - Installs | Android | MENA | UGC,16884,458,205.05,81
2025-10-15,Google Ads,GG-200296,Search - Brand - Exact | iOS | US | Video,13579,543,256.4,57
2025-10-15,Google Ads,GG-200297,Search - Non-Brand - Broad | iOS | EU | Playables,11325,310,125.3,21
2025-10-15,Google Ads,GG-200298,UAC - Value | iOS | LATAM | UGC,28280,1292,689.93,345
2025-10-15,Google Ads,GG-200299,UAC - Value | Android | LATAM | Video,23912,684,241.25,99
2025-10-15,Google Ads,GG-200300,Search - Brand - Exact | Android | LATAM | UGC,13902,672,300.38,77
2025-10-15,Google Ads,GG-200301,UAC - Installs | Android | EU | Carousel,24100,687,371.67,128
2025-10-15,Google Ads,GG-200302,UAC - Value | iOS | APAC | Static,22746,622,352.74,73
2025-10-15,Google Ads,GG-200303,UAC - Value | iOS | APAC | Video,23090,1101,509.87,293
2025-10-15,Google Ads,GG-200304,UAC - Installs | iOS | LATAM | Video,18175,670,403.74,133
2025-10-15,Google Ads,GG-200305,UAC - Installs | Android | US | Video,17340,531,292.37,134
2025-10-15,Google Ads,GG-200306,Search - Non-Brand - Broad | Android | EU | Static,9292,369,176.79,43
2025-10-15,Google Ads,GG-200307,UAC - Value | Android | LATAM | Playables,32076,1294,561.98,247
2025-10-15,Google Ads,GG-200308,Search - Non-Brand - Broad | iOS | EU | UGC,9803,225,86.65,21
2025-10-15,Google Ads,GG-200309,Search - Brand - Exact | Android | APAC | UGC,15793,560,246.12,109
2025-10-15,Google Ads,GG-200310,UAC - Value | Android | APAC | Playables,17086,750,292.05,138
2025-10-15,Google Ads,GG-200311,Search - Non-Brand - Broad | iOS | US | Static,6542,135,50.15,8
2025-10-15,Google Ads,GG-200312,Search - Brand - Exact | iOS | US | Playables,11682,505,258.0,78
2025-10-15,Google Ads,GG-200313,Search - Non-Brand - Broad | Android | LATAM | Carousel,10556,279,96.39,62
2025-10-15,Google Ads,GG-200314,UAC - Value | iOS | US | Carousel,19204,865,388.38,112
2025-10-15,Google Ads,GG-200315,UAC - Value | iOS | MENA | UGC,19034,381,156.63,76
2025-10-15,Google Ads,GG-200316,UAC - Value | Android | LATAM | Carousel,13509,665,370.14,189
2025-10-15,Google Ads,GG-200317,Search - Brand - Exact | Android | LATAM | Playables,11597,399,105.73,60
2025-10-15,Google Ads,GG-200318,Search - Non-Brand - Broad | Android | LATAM | Video,14374,686,251.83,121
2025-10-15,Google Ads,GG-200319,UAC - Installs | iOS | US | Static,22549,1097,491.24,305
2025-10-15,Google Ads,GG-200320,UAC - Value | Android | MENA | UGC,13582,549,254.63,144
2025-10-15,Google Ads,GG-200321,UAC - Value | Android | MENA | UGC,12986,628,287.75,111
2025-10-15,Google Ads,GG-200322,Search - Non-Brand - Broad | Android | APAC | Playables,10511,319,112.35,60
2025-10-15,Google Ads,GG-200323,Search - Non-Brand - Broad | Android | APAC | Carousel,7199,257,121.72,52
2025-10-15,Google Ads,GG-200324,Search - Brand - Exact | Android | LATAM | UGC,5379,197,56.26,39
2025-10-15,Google Ads,GG-200325,Search - Non-Brand - Broad | iOS | US | UGC,10225,486,254.47,98
2025-10-15,Google Ads,GG-200326,UAC - Value | Android | APAC | Playables,19960,670,220.83,154
2025-10-15,Google Ads,GG-200327,UAC - Value | iOS | APAC | UGC,22936,1095,568.85,296
2025-10-15,Google Ads,GG-200328,Search - Brand - Exact | iOS | EU | Video,15628,704,217.96,38
2025-10-15,Google Ads,GG-200329,UAC - Installs | Android | LATAM | Video,7381,249,83.04,40
2025-10-15,Google Ads,GG-200330,Search - Non-Brand - Broad | Android | MENA | Carousel,6017,210,102.52,25
2025-10-15,Google Ads,GG-200331,Search - Brand - Exact | iOS | MENA | UGC,9477,197,77.97,39
2025-10-15,Google Ads,GG-200332,UAC - Installs | Android | LATAM | Playables,12213,459,266.4,136
2025-10-15,Google Ads,GG-200333,Search - Non-Brand - Broad | Android | APAC | Playables,8320,413,186.18,75
2025-10-15,Google Ads,GG-200334,UAC - Installs | iOS | US | Static,12480,623,331.56,128
2025-10-15,Google Ads,GG-200335,UAC - Installs | Android | APAC | Carousel,12835,605,219.74,87
2025-10-15,Google Ads,GG-200336,Search - Non-Brand - Broad | Android | APAC | Video,8904,273,129.46,62
2025-10-15,Google Ads,GG-200337,UAC - Value | Android | MENA | Carousel,22428,648,198.48,100
2025-10-15,Google Ads,GG-200338,Search - Non-Brand - Broad | Android | MENA | Static,12515,301,136.38,39
2025-10-15,Google Ads,GG-200339,UAC - Installs | Android | US | Playables,18810,861,495.16,162
2025-10-15,Google Ads,GG-200340,Search - Non-Brand - Broad | iOS | MENA | Playables,30597,829,274.4,153
2025-10-15,Google Ads,GG-200341,UAC - Installs | iOS | LATAM | Carousel,13694,558,240.39,147
2025-10-15,Google Ads,GG-200342,Search - Brand - Exact | Android | EU | UGC,13796,347,170.55,55
2025-10-15,Google Ads,GG-200343,Search - Non-Brand - Broad | iOS | EU | Static,10747,528,210.72,36
2025-10-15,Google Ads,GG-200344,UAC - Value | Android | LATAM | Static,16649,709,231.06,110
2025-10-15,Google Ads,GG-200345,UAC - Installs | iOS | EU | Playables,11926,375,201.11,60
2025-10-15,Google Ads,GG-200346,Search - Brand - Exact | iOS | APAC | UGC,11502,285,95.3,57
2025-10-15,Google Ads,GG-200347,UAC - Installs | Android | APAC | Playables,14431,579,259.57,97
2025-10-15,Google Ads,GG-200348,UAC - Installs | iOS | APAC | UGC,11360,514,211.72,86
2025-10-15,Google Ads,GG-200349,UAC - Installs | Android | US | UGC,24418,695,416.93,114
2025-10-16,Google Ads,GG-200000,Search - Brand - Exact | iOS | US | Carousel,12157,320,185.12,37
2025-10-16,Google Ads,GG-200001,UAC - Value | Android | US | Static,13518,657,319.37,164
2025-10-16,Google Ads,GG-200002,Search - Non-Brand - Broad | iOS | MENA | Playables,6170,258,130.34,36
2025-10-16,Google Ads,GG-200003,UAC - Value | iOS | LATAM | Carousel,11947,530,343.81,103
2025-10-16,Google Ads,GG-200004,Search - Brand - Exact | iOS | LATAM | Playables,8248,240,130.51,27
2025-10-16,Google Ads,GG-200005,Search - Brand - Exact | iOS | US | Carousel,9458,406,126.55,75
2025-10-16,Google Ads,GG-200006,Search - Non-Brand - Broad | iOS | LATAM | Carousel,5894,225,101.75,24
2025-10-16,Google Ads,GG-200007,Search - Non-Brand - Broad | iOS | US | Playables,11244,434,139.92,46
2025-10-16,Google Ads,GG-200008,Search - Non-Brand - Broad | iOS | LATAM | UGC,8630,225,89.93,29
2025-10-16,Google Ads,GG-200009,UAC - Value | Android | LATAM | Playables,12627,341,180.39,97
2025-10-16,Google Ads,GG-200010,Search - Brand - Exact | iOS | EU | Playables,6764,142,47.5,12
2025-10-16,Google Ads,GG-200011,Search - Brand - Exact | iOS | MENA | Carousel,10958,280,149.88,41
2025-10-16,Google Ads,GG-200012,Search - Non-Brand - Broad | iOS | LATAM | Static,11285,538,172.59,111
2025-10-16,Google Ads,GG-200013,Search - Non-Brand - Broad | iOS | APAC | Static,9441,361,197.14,64
2025-10-16,Google Ads,GG-200014,UAC - Installs | Android | EU | Video,14665,426,176.24,98
2025-10-16,Google Ads,GG-200015,Search - Brand - Exact | Android | MENA | Playables,11911,582,281.16,109
2025-10-16,Google Ads,GG-200016,UAC - Value | iOS | MENA | Static,13057,582,269.87,113
2025-10-16,Google Ads,GG-200017,Search - Non-Brand - Broad | Android | EU | Static,9368,385,134.21,75
2025-10-16,Google Ads,GG-200018,UAC - Installs | iOS | US | UGC,12943,601,364.27,150
2025-10-16,Google Ads,GG-200019,UAC - Installs | Android | APAC | Playables,13958,579,251.34,135
2025-10-16,Google Ads,GG-200020,Search - Non-Brand - Broad | iOS | EU | Playables,8002,235,87.42,37
2025-10-16,Google Ads,GG-200021,UAC - Installs | iOS | APAC | Static,20340,406,225.33,64
2025-10-16,Google Ads,GG-200022,UAC - Value | iOS | APAC | Carousel,32414,1366,509.38,215
2025-10-16,Google Ads,GG-200023,Search - Non-Brand - Broad | iOS | EU | Static,7026,183,103.41,23
2025-10-16,Google Ads,GG-200024,UAC - Installs | iOS | US | UGC,14070,361,173.57,46
2025-10-16,Google Ads,GG-200025,UAC - Installs | Android | MENA | Video,16820,528,254.28,104
2025-10-16,Google Ads,GG-200026,UAC - Value | Android | EU | Carousel,13803,306,190.76,60
2025-10-16,Google Ads,GG-200027,Search - Non-Brand - Broad | Android | APAC | Video,11712,305,105.5,47
2025-10-16,Google Ads,GG-200028,UAC - Value | iOS | LATAM | Video,11242,386,234.19,54
2025-10-16,Google Ads,GG-200029,UAC - Installs | Android | APAC | Playables,17482,817,266.91,138
2025-10-16,Google Ads,GG-200030,UAC - Installs | Android | APAC | Video,15658,571,194.43,83
2025-10-16,Google Ads,GG-200031,Search - Brand - Exact | Android | US | Carousel,4848,193,76.27,33
2025-10-16,Google Ads,GG-200032,Search - Brand - Exact | iOS | EU | Static,6151,187,73.4,23
2025-10-16,Google Ads,GG-200033,UAC - Value | iOS | APAC | Static,9334,198,81.71,31
2025-10-16,Google Ads,GG-200034,Search - Brand - Exact | iOS | MENA | Video,14426,669,335.97,143
2025-10-16,Google Ads,GG-200035,Search - Non-Brand - Broad | Android | LATAM | Static,11972,349,78.66,25
2025-10-16,Google Ads,GG-200036,Search - Non-Brand - Broad | iOS | US | Carousel,8722,404,140.35,43
2025-10-16,Google Ads,GG-200037,Search - Non-Brand - Broad | iOS | US | Video,11793,429,171.81,85
2025-10-16,Google Ads,GG-200038,Search - Brand - Exact | iOS | MENA | UGC,8478,242,114.83,31
2025-10-16,Google Ads,GG-200039,Search - Brand - Exact | Android | APAC | Playables,6304,139,35.47,12
2025-10-16,Google Ads,GG-200040,UAC - Value | Android | EU | Carousel,30180,1169,745.71,278
2025-10-16,Google Ads,GG-200041,Search - Non-Brand - Broad | Android | MENA | Carousel,7480,305,73.75,53
2025-10-16,Google Ads,GG-200042,UAC - Installs | iOS | EU | Video,18504,504,312.88,68
2025-10-16,Google Ads,GG-200043,Search - Brand - Exact | Android | MENA | Playables,20082,442,181.04,102
2025-10-16,Google Ads,GG-200044,UAC - Value | iOS | APAC | Video,15618,685,350.93,152
2025-10-16,Google Ads,GG-200045,UAC - Installs | iOS | LATAM | Video,10208,323,155.46,64
2025-10-16,Google Ads,GG-200046,Search - Brand - Exact | Android | LATAM | Static,10660,402,126.63,87
2025-10-16,Google Ads,GG-200047,UAC - Installs | iOS | EU | Video,12177,336,160.64,66
2025-10-16,Google Ads,GG-200048,UAC - Value | iOS | EU | UGC,8888,279,117.01,62
2025-10-16,Google Ads,GG-200049,UAC - Value | Android | EU | Video,24354,900,484.11,206
2025-10-16,Google Ads,GG-200050,Search - Brand - Exact | Android | LATAM | Static,9935,260,111.23,41
2025-10-16,Google Ads,GG-200051,UAC - Installs | Android | US | Carousel,15567,778,481.97,177
2025-10-16,Google Ads,GG-200052,UAC - Installs | iOS | MENA | UGC,21760,702,433.7,79
2025-10-16,Google Ads,GG-200053,UAC - Installs | Android | EU | Carousel,15305,743,387.4,139
2025-10-16,Google Ads,GG-200054,Search - Brand - Exact | Android | LATAM | Carousel,12078,546,136.39,90
2025-10-16,Google Ads,GG-200055,UAC - Value | iOS | APAC | UGC,17372,493,313.3,76
2025-10-16,Google Ads,GG-200056,UAC - Value | iOS | LATAM | Static,12196,602,384.38,149
2025-10-16,Google Ads,GG-200057,UAC - Installs | iOS | LATAM | Playables,9970,428,275.85,55
2025-10-16,Google Ads,GG-200058,UAC - Value | Android | APAC | Video,16965,588,349.1,150
2025-10-16,Google Ads,GG-200059,UAC - Installs | Android | MENA | Carousel,19786,539,228.16,84
2025-10-16,Google Ads,GG-200060,UAC - Installs | Android | US | Carousel,21015,647,396.68,142
2025-10-16,Google Ads,GG-200061,UAC - Value | iOS | APAC | Playables,18767,552,278.82,153
2025-10-16,Google Ads,GG-200062,UAC - Value | Android | APAC | Carousel,15517,543,294.2,80
2025-10-16,Google Ads,GG-200063,UAC - Value | Android | LATAM | Playables,11827,517,170.66,72
2025-10-16,Google Ads,GG-200064,UAC - Value | iOS | US | Video,11006,525,316.15,88
2025-10-16,Google Ads,GG-200065,Search - Brand - Exact | iOS | MENA | Static,16814,377,107.9,79
2025-10-16,Google Ads,GG-200066,Search - Brand - Exact | Android | MENA | UGC,11583,540,210.71,92
2025-10-16,Google Ads,GG-200067,UAC - Installs | Android | US | Static,12016,275,118.58,37
2025-10-16,Google Ads,GG-200068,Search - Brand - Exact | iOS | APAC | Playables,5661,181,89.61,21
2025-10-16,Google Ads,GG-200069,UAC - Installs | Android | APAC | Carousel,22160,562,257.73,133
2025-10-16,Google Ads,GG-200070,Search - Non-Brand - Broad | iOS | US | Playables,8667,196,63.31,30
2025-10-16,Google Ads,GG-200071,UAC - Installs | iOS | APAC | Carousel,10571,423,204.35,49
2025-10-16,Google Ads,GG-200072,Search - Non-Brand - Broad | Android | US | Video,11051,298,74.65,52
2025-10-16,Google Ads,GG-200073,Search - Brand - Exact | iOS | MENA | UGC,7706,175,49.72,11
2025-10-16,Google Ads,GG-200074,Search - Non-Brand - Broad | iOS | LATAM | UGC,11323,477,224.86,25
2025-10-16,Google Ads,GG-200075,Search - Brand - Exact | iOS | APAC | Static,9110,327,139.5,24
2025-10-16,Google Ads,GG-200076,Search - Non-Brand - Broad | Android | US | UGC,19048,815,431.05,138
2025-10-16,Google Ads,GG-200077,UAC - Installs | iOS | US | Carousel,11876,325,165.07,39
2025-10-16,Google Ads,GG-200078,UAC - Installs | Android | MENA | Playables,17374,361,192.34,99
2025-10-16,Google Ads,GG-200079,UAC - Installs | iOS | EU | Static,16698,387,234.37,69
2025-10-16,Google Ads,GG-200080,Search - Non-Brand - Broad | Android | US | Static,9238,222,98.19,16
2025-10-16,Google Ads,GG-200081,UAC - Installs | Android | APAC | Video,10316,444,255.57,124
2025-10-16,Google Ads,GG-200082,Search - Non-Brand - Broad | iOS | APAC | Playables,8264,234,121.45,13
2025-10-16,Google Ads,GG-200083,UAC - Value | Android | US | Carousel,14419,504,246.15,72
2025-10-16,Google Ads,GG-200084,UAC - Value | iOS | MENA | UGC,12269,254,162.97,31
2025-10-16,Google Ads,GG-200085,Search - Brand - Exact | Android | EU | Carousel,8397,338,114.38,29
2025-10-16,Google Ads,GG-200086,UAC - Installs | iOS | APAC | Playables,16158,535,299.39,94
2025-10-16,Google Ads,GG-200087,Search - Non-Brand - Broad | Android | MENA | Playables,10633,473,113.66,89
2025-10-16,Google Ads,GG-200088,Search - Brand - Exact | Android | APAC | Playables,14101,387,160.95,76
2025-10-16,Google Ads,GG-200089,UAC - Installs | Android | MENA | Static,11821,512,296.19,126
2025-10-16,Google Ads,GG-200090,Search - Non-Brand - Broad | Android | EU | Carousel,8294,252,127.79,47
2025-10-16,Google Ads,GG-200091,Search - Brand - Exact | iOS | MENA | Carousel,11994,390,108.62,49
2025-10-16,Google Ads,GG-200092,UAC - Installs | iOS | EU | Playables,16256,566,244.17,128
2025-10-16,Google Ads,GG-200093,Search - Brand - Exact | Android | LATAM | Playables,11977,443,190.31,73
2025-10-16,Google Ads,GG-200094,Search - Non-Brand - Broad | Android | MENA | Playables,15741,485,223.78,45
2025-10-16,Google Ads,GG-200095,UAC - Installs | Android | MENA | Playables,14978,619,342.93,172
2025-10-16,Google Ads,GG-200096,Search - Brand - Exact | Android | US | Video,7897,284,142.6,40
2025-10-16,Google Ads,GG-200097,UAC - Value | iOS | EU | Playables,10514,410,255.06,58
2025-10-16,Google Ads,GG-200098,UAC - Installs | Android | APAC | Playables,22394,1035,571.63,229
2025-10-16,Google Ads,GG-200099,UAC - Value | iOS | APAC | Static,21907,891,329.14,134
2025-10-16,Google Ads,GG-200100,Search - Brand - Exact | iOS | APAC | Video,10683,216,70.03,45
2025-10-16,Google Ads,GG-200101,UAC - Value | Android | APAC | UGC,16859,709,402.71,160
2025-10-16,Google Ads,GG-200102,Search - Non-Brand - Broad | iOS | EU | Carousel,13133,552,190.11,60
2025-10-16,Google Ads,GG-200103,UAC - Value | iOS | LATAM | Carousel,11630,512,186.32,84
2025-10-16,Google Ads,GG-200104,Search - Brand - Exact | Android | LATAM | Playables,10836,343,109.25,74
2025-10-16,Google Ads,GG-200105,Search - Brand - Exact | iOS | EU | UGC,9835,349,124.91,48
2025-10-16,Google Ads,GG-200106,Search - Non-Brand - Broad | iOS | APAC | Static,7756,366,137.03,43
2025-10-16,Google Ads,GG-200107,UAC - Value | Android | US | Carousel,21463,735,271.88,210
2025-10-16,Google Ads,GG-200108,UAC - Installs | iOS | EU | Static,22620,655,394.31,92
2025-10-16,Google Ads,GG-200109,UAC - Value | iOS | EU | Static,12234,504,297.26,95
2025-10-16,Google Ads,GG-200110,UAC - Value | iOS | APAC | Carousel,14387,399,239.28,97
2025-10-16,Google Ads,GG-200111,UAC - Value | Android | US | UGC,28643,1253,741.02,263
2025-10-16,Google Ads,GG-200112,UAC - Installs | Android | EU | Playables,15735,566,290.36,165
2025-10-16,Google Ads,GG-200113,UAC - Value | Android | US | Carousel,32828,1181,704.23,230
2025-10-16,Google Ads,GG-200114,Search - Brand - Exact | iOS | LATAM | Playables,12909,480,252.48,40
2025-10-16,Google Ads,GG-200115,UAC - Installs | Android | APAC | Static,17471,724,282.07,114
2025-10-16,Google Ads,GG-200116,Search - Brand - Exact | iOS | APAC | Carousel,7917,231,96.0,46
2025-10-16,Google Ads,GG-200117,Search - Non-Brand - Broad | iOS | US | Playables,7021,337,132.51,33
2025-10-16,Google Ads,GG-200118,Search - Brand - Exact | iOS | MENA | Carousel,9238,417,220.22,33
2025-10-16,Google Ads,GG-200119,UAC - Installs | iOS | MENA | UGC,8155,220,110.11,45
2025-10-16,Google Ads,GG-200120,UAC - Value | Android | EU | Video,12097,533,226.37,138
2025-10-16,Google Ads,GG-200121,UAC - Installs | iOS | LATAM | Playables,19395,412,257.34,67
2025-10-16,Google Ads,GG-200122,UAC - Value | Android | EU | Playables,8965,358,131.46,101
2025-10-16,Google Ads,GG-200123,Search - Non-Brand - Broad | Android | US | Video,11783,481,224.29,83
2025-10-16,Google Ads,GG-200124,UAC - Value | iOS | APAC | Playables,20119,899,554.95,159
2025-10-16,Google Ads,GG-200125,Search - Non-Brand - Broad | Android | MENA | Playables,6069,189,43.05,14
2025-10-16,Google Ads,GG-200126,Search - Non-Brand - Broad | iOS | MENA | Carousel,12422,396,107.2,85
2025-10-16,Google Ads,GG-200127,UAC - Installs | iOS | MENA | Carousel,21311,442,214.86,117
2025-10-16,Google Ads,GG-200128,UAC - Value | iOS | MENA | Carousel,16983,470,203.18,79
2025-10-16,Google Ads,GG-200129,Search - Brand - Exact | Android | LATAM | Carousel,11400,309,149.4,41
2025-10-16,Google Ads,GG-200130,Search - Brand - Exact | iOS | MENA | Carousel,15182,700,179.55,48
2025-10-16,Google Ads,GG-200131,Search - Non-Brand - Broad | iOS | LATAM | Playables,18379,677,283.87,36
2025-10-16,Google Ads,GG-200132,Search - Non-Brand - Broad | Android | MENA | UGC,7933,325,67.83,74
2025-10-16,Google Ads,GG-200133,Search - Brand - Exact | iOS | EU | Static,6569,161,83.64,22
2025-10-16,Google Ads,GG-200134,UAC - Value | Android | EU | Video,10814,372,171.01,79
2025-10-16,Google Ads,GG-200135,UAC - Value | iOS | APAC | Static,8373,384,171.88,96
2025-10-16,Google Ads,GG-200136,UAC - Value | Android | APAC | Playables,15589,768,369.64,226
2025-10-16,Google Ads,GG-200137,Search - Non-Brand - Broad | Android | EU | Playables,16002,548,241.17,64
2025-10-16,Google Ads,GG-200138,UAC - Value | iOS | APAC | Playables,11057,493,226.78,119
2025-10-16,Google Ads,GG-200139,UAC - Installs | iOS | EU | UGC,17155,467,240.88,105
2025-10-16,Google Ads,GG-200140,UAC - Value | iOS | LATAM | Playables,12009,292,160.63,56
2025-10-16,Google Ads,GG-200141,UAC - Installs | Android | EU | Carousel,21950,746,379.79,127
2025-10-16,Google Ads,GG-200142,Search - Non-Brand - Broad | Android | LATAM | Carousel,17101,568,189.43,79
2025-10-16,Google Ads,GG-200143,UAC - Installs | iOS | LATAM | UGC,11221,545,353.87,77
2025-10-16,Google Ads,GG-200144,UAC - Value | iOS | LATAM | Video,28925,1010,618.22,274
2025-10-16,Google Ads,GG-200145,UAC - Installs | iOS | LATAM | Static,15092,530,268.5,92
2025-10-16,Google Ads,GG-200146,UAC - Installs | Android | LATAM | Video,17168,696,215.13,187
2025-10-16,Google Ads,GG-200147,Search - Non-Brand - Broad | iOS | LATAM | UGC,10516,265,131.68,31
2025-10-16,Google Ads,GG-200148,UAC - Installs | Android | MENA | Carousel,14838,640,258.43,92
2025-10-16,Google Ads,GG-200149,Search - Non-Brand - Broad | Android | US | Playables,5676,153,62.18,27
2025-10-16,Google Ads,GG-200150,Search - Non-Brand - Broad | Android | US | Playables,5866,193,77.72,23
2025-10-16,Google Ads,GG-200151,UAC - Value | Android | US | Video,14747,476,174.17,125
2025-10-16,Google Ads,GG-200152,Search - Non-Brand - Broad | iOS | APAC | Video,6484,219,61.78,44
2025-10-16,Google Ads,GG-200153,UAC - Value | Android | MENA | Static,13804,352,138.16,89
2025-10-16,Google Ads,GG-200154,UAC - Installs | iOS | APAC | Static,11524,553,293.26,128
2025-10-16,Google Ads,GG-200155,Search - Brand - Exact | iOS | LATAM | Video,15972,413,142.57,47
2025-10-16,Google Ads,GG-200156,Search - Non-Brand - Broad | Android | MENA | Video,16583,688,154.66,124
2025-10-16,Google Ads,GG-200157,UAC - Value | iOS | EU | Video,27850,789,438.45,91
2025-10-16,Google Ads,GG-200158,Search - Brand - Exact | iOS | EU | Carousel,7829,234,101.56,31
2025-10-16,Google Ads,GG-200159,Search - Brand - Exact | Android | LATAM | Playables,6197,157,73.01,12
2025-10-16,Google Ads,GG-200160,UAC - Value | iOS | LATAM | UGC,8134,221,103.23,54
2025-10-16,Google Ads,GG-200161,UAC - Installs | Android | MENA | UGC,13747,517,254.52,113
2025-10-16,Google Ads,GG-200162,Search - Non-Brand - Broad | Android | US | Carousel,12686,551,285.31,86
2025-10-16,Google Ads,GG-200163,Search - Brand - Exact | iOS | LATAM | Static,15689,737,226.19,43
2025-10-16,Google Ads,GG-200164,Search - Non-Brand - Broad | iOS | LATAM | Playables,8115,299,162.42,51
2025-10-16,Google Ads,GG-200165,UAC - Value | Android | MENA | UGC,14036,292,113.62,63
2025-10-16,Google Ads,GG-200166,Search - Brand - Exact | iOS | US | UGC,11859,493,196.95,99
2025-10-16,Google Ads,GG-200167,UAC - Installs | Android | EU | UGC,13209,654,281.48,118
2025-10-16,Google Ads,GG-200168,UAC - Value | Android | US | Carousel,15607,685,381.0,94
2025-10-16,Google Ads,GG-200169,UAC - Installs | Android | APAC | Carousel,9925,402,220.38,92
2025-10-16,Google Ads,GG-200170,Search - Brand - Exact | iOS | MENA | Playables,12857,388,108.21,28
2025-10-16,Google Ads,GG-200171,Search - Brand - Exact | iOS | LATAM | Static,17150,605,157.06,60
2025-10-16,Google Ads,GG-200172,Search - Non-Brand - Broad | Android | APAC | Carousel,16796,336,121.36,75
2025-10-16,Google Ads,GG-200173,Search - Brand - Exact | iOS | MENA | Carousel,9985,424,132.16,32
2025-10-16,Google Ads,GG-200174,Search - Non-Brand - Broad | iOS | LATAM | Playables,10335,438,141.04,53
2025-10-16,Google Ads,GG-200175,Search - Non-Brand - Broad | Android | EU | UGC,7581,213,93.87,17
2025-10-16,Google Ads,GG-200176,UAC - Value | iOS | MENA | Carousel,15901,762,451.41,188
2025-10-16,Google Ads,GG-200177,Search - Non-Brand - Broad | iOS | MENA | Static,12934,445,118.59,49
2025-10-16,Google Ads,GG-200178,UAC - Installs | Android | MENA | UGC,20773,628,369.2,126
2025-10-16,Google Ads,GG-200179,Search - Brand - Exact | Android | MENA | Video,9299,223,89.11,18
2025-10-16,Google Ads,GG-200180,Search - Non-Brand - Broad | Android | MENA | Playables,7331,308,77.15,32
2025-10-16,Google Ads,GG-200181,UAC - Value | Android | LATAM | Playables,16719,797,422.81,166
2025-10-16,Google Ads,GG-200182,UAC - Value | Android | EU | Playables,10326,415,266.35,99
2025-10-16,Google Ads,GG-200183,Search - Brand - Exact | Android | MENA | UGC,11262,528,235.17,63
2025-10-16,Google Ads,GG-200184,UAC - Value | iOS | EU | Playables,17208,463,200.53,114
2025-10-16,Google Ads,GG-200185,UAC - Value | iOS | MENA | Video,14674,507,195.25,59
2025-10-16,Google Ads,GG-200186,UAC - Installs | iOS | US | UGC,9110,424,242.36,66
2025-10-16,Google Ads,GG-200187,Search - Brand - Exact | Android | EU | Playables,7699,317,156.03,65
2025-10-16,Google Ads,GG-200188,Search - Brand - Exact | Android | APAC | Carousel,8212,197,50.65,20
2025-10-16,Google Ads,GG-200189,Search - Brand - Exact | Android | US | UGC,17687,614,166.58,59
2025-10-16,Google Ads,GG-200190,Search - Non-Brand - Broad | iOS | APAC | Static,10663,473,250.12,65
2025-10-16,Google Ads,GG-200191,UAC - Value | iOS | LATAM | UGC,27762,1367,861.35,357
2025-10-16,Google Ads,GG-200192,Search - Non-Brand - Broad | iOS | APAC | Video,16436,735,311.35,114
2025-10-16,Google Ads,GG-200193,UAC - Value | iOS | US | Static,17247,770,461.15,191
2025-10-16,Google Ads,GG-200194,Search - Brand - Exact | Android | EU | Video,10034,375,182.44,37
2025-10-16,Google Ads,GG-200195,UAC - Value | iOS | APAC | Playables,17759,881,433.01,199
2025-10-16,Google Ads,GG-200196,UAC - Value | iOS | EU | Static,23738,730,320.76,101
2025-10-16,Google Ads,GG-200197,Search - Non-Brand - Broad | iOS | EU | Carousel,25800,812,430.28,113
2025-10-16,Google Ads,GG-200198,Search - Brand - Exact | Android | US | UGC,12401,563,286.74,66
2025-10-16,Google Ads,GG-200199,Search - Brand - Exact | Android | EU | Video,9723,434,225.29,75
2025-10-16,Google Ads,GG-200200,Search - Brand - Exact | Android | APAC | Playables,6374,207,45.02,28
2025-10-16,Google Ads,GG-200201,UAC - Value | Android | US | UGC,13013,540,315.2,86
2025-10-16,Google Ads,GG-200202,Search - Brand - Exact | Android | MENA | Static,12059,260,105.72,57
2025-10-16,Google Ads,GG-200203,Search - Non-Brand - Broad | Android | MENA | Carousel,31437,816,344.84,165
2025-10-16,Google Ads,GG-200204,UAC - Installs | iOS | MENA | Playables,10187,287,108.03,78
2025-10-16,Google Ads,GG-200205,Search - Non-Brand - Broad | Android | LATAM | Static,19364,756,222.42,168
2025-10-16,Google Ads,GG-200206,Search - Brand - Exact | iOS | LATAM | Carousel,11346,476,155.32,73
2025-10-16,Google Ads,GG-200207,UAC - Value | Android | APAC | Playables,7521,219,66.84,63
2025-10-16,Google Ads,GG-200208,UAC - Installs | Android | LATAM | UGC,17781,495,214.93,87
2025-10-16,Google Ads,GG-200209,UAC - Installs | iOS | APAC | Static,6161,217,87.56,59
2025-10-16,Google Ads,GG-200210,UAC - Value | iOS | EU | Playables,12228,326,172.19,78
2025-10-16,Google Ads,GG-200211,Search - Non-Brand - Broad | Android | EU | Carousel,6850,179,57.39,22
2025-10-16,Google Ads,GG-200212,UAC - Value | iOS | US | Playables,10957,547,382.68,100
2025-10-16,Google Ads,GG-200213,Search - Non-Brand - Broad | iOS | MENA | Playables,12552,585,251.26,114
2025-10-16,Google Ads,GG-200214,Search - Non-Brand - Broad | iOS | EU | Carousel,9616,409,199.14,63
2025-10-16,Google Ads,GG-200215,UAC - Installs | iOS | US | UGC,10043,226,94.2,40
2025-10-16,Google Ads,GG-200216,Search - Brand - Exact | Android | MENA | Static,12599,372,152.45,66
2025-10-16,Google Ads,GG-200217,Search - Brand - Exact | iOS | APAC | Playables,9205,316,126.24,33
2025-10-16,Google Ads,GG-200218,Search - Non-Brand - Broad | Android | EU | Playables,6194,260,108.03,59
2025-10-16,Google Ads,GG-200219,UAC - Installs | iOS | EU | Carousel,14624,412,212.76,110
2025-10-16,Google Ads,GG-200220,Search - Brand - Exact | Android | EU | Static,8695,269,146.98,49
2025-10-16,Google Ads,GG-200221,Search - Non-Brand - Broad | iOS | EU | Playables,9419,362,126.08,42
2025-10-16,Google Ads,GG-200222,UAC - Installs | iOS | EU | Playables,8082,394,210.63,58
2025-10-16,Google Ads,GG-200223,UAC - Installs | iOS | APAC | UGC,17044,556,226.74,65
2025-10-16,Google Ads,GG-200224,UAC - Value | iOS | LATAM | Carousel,21320,575,309.41,115
2025-10-16,Google Ads,GG-200225,UAC - Installs | iOS | US | UGC,18416,626,328.96,151
2025-10-16,Google Ads,GG-200226,UAC - Value | Android | LATAM | Carousel,28816,836,377.54,196
2025-10-16,Google Ads,GG-200227,Search - Non-Brand - Broad | Android | MENA | Static,11211,359,162.34,30
2025-10-16,Google Ads,GG-200228,UAC - Value | Android | LATAM | Playables,18613,381,169.24,82
2025-10-16,Google Ads,GG-200229,UAC - Installs | iOS | EU | Static,16855,348,190.67,51
2025-10-16,Google Ads,GG-200230,Search - Non-Brand - Broad | Android | APAC | Playables,10632,513,179.81,87
2025-10-16,Google Ads,GG-200231,UAC - Installs | iOS | MENA | Carousel,30398,717,353.12,157
2025-10-16,Google Ads,GG-200232,Search - Non-Brand - Broad | iOS | APAC | UGC,7196,351,186.35,57
2025-10-16,Google Ads,GG-200233,UAC - Value | iOS | EU | Static,8916,383,255.58,79
2025-10-16,Google Ads,GG-200234,Search - Brand - Exact | Android | MENA | Video,11235,494,150.62,39
2025-10-16,Google Ads,GG-200235,UAC - Value | Android | US | Video,17690,569,367.46,97
2025-10-16,Google Ads,GG-200236,Search - Non-Brand - Broad | Android | EU | Video,14671,446,142.63,105
2025-10-16,Google Ads,GG-200237,UAC - Value | Android | EU | Playables,12238,467,269.09,75
2025-10-16,Google Ads,GG-200238,UAC - Value | iOS | US | Playables,30825,1084,501.78,127
2025-10-16,Google Ads,GG-200239,UAC - Value | iOS | US | Video,11447,276,189.67,34
2025-10-16,Google Ads,GG-200240,UAC - Installs | Android | US | Playables,23299,931,359.18,156
2025-10-16,Google Ads,GG-200241,UAC - Value | iOS | US | Playables,11870,547,290.46,106
2025-10-16,Google Ads,GG-200242,Search - Non-Brand - Broad | Android | US | Video,6959,243,107.33,17
2025-10-16,Google Ads,GG-200243,UAC - Installs | Android | EU | Playables,18187,814,340.5,113
2025-10-16,Google Ads,GG-200244,Search - Brand - Exact | iOS | LATAM | UGC,9376,192,100.74,12
2025-10-16,Google Ads,GG-200245,Search - Non-Brand - Broad | iOS | APAC | UGC,15571,671,282.63,45
2025-10-16,Google Ads,GG-200246,Search - Brand - Exact | Android | LATAM | Video,13357,574,276.5,66
2025-10-16,Google Ads,GG-200247,UAC - Value | Android | APAC | UGC,18455,529,218.58,115
2025-10-16,Google Ads,GG-200248,Search - Non-Brand - Broad | iOS | US | Video,5099,159,80.53,22
2025-10-16,Google Ads,GG-200249,UAC - Installs | Android | APAC | UGC,12772,381,201.21,69
2025-10-16,Google Ads,GG-200250,Search - Non-Brand - Broad | Android | MENA | Video,8768,296,147.59,26
2025-10-16,Google Ads,GG-200251,UAC - Installs | Android | MENA | UGC,14366,660,354.09,110
2025-10-16,Google Ads,GG-200252,Search - Brand - Exact | Android | US | Carousel,10110,344,151.53,69
2025-10-16,Google Ads,GG-200253,Search - Non-Brand - Broad | Android | LATAM | Video,12956,415,168.12,69
2025-10-16,Google Ads,GG-200254,UAC - Installs | Android | APAC | Video,24887,1227,688.1,300
2025-10-16,Google Ads,GG-200255,UAC - Value | Android | MENA | Static,11189,457,188.74,94
2025-10-16,Google Ads,GG-200256,Search - Brand - Exact | iOS | APAC | Static,5558,186,83.53,19
2025-10-16,Google Ads,GG-200257,UAC - Value | iOS | US | Video,20555,543,325.58,134
2025-10-16,Google Ads,GG-200258,UAC - Value | Android | US | Carousel,31492,1125,458.55,286
2025-10-16,Google Ads,GG-200259,UAC - Value | iOS | US | Carousel,17328,640,309.57,154
2025-10-16,Google Ads,GG-200260,UAC - Value | iOS | EU | Carousel,10016,321,160.92,38
2025-10-16,Google Ads,GG-200261,UAC - Value | iOS | EU | Playables,18126,562,366.42,62
2025-10-16,Google Ads,GG-200262,Search - Non-Brand - Broad | Android | MENA | Carousel,5589,147,32.34,15
2025-10-16,Google Ads,GG-200263,Search - Non-Brand - Broad | Android | US | Carousel,13395,493,148.0,87
2025-10-16,Google Ads,GG-200264,UAC - Installs | iOS | EU | UGC,13450,332,198.2,56
2025-10-16,Google Ads,GG-200265,Search - Brand - Exact | iOS | US | Video,6039,232,84.77,31
2025-10-16,Google Ads,GG-200266,UAC - Installs | iOS | APAC | Carousel,8933,373,223.73,83
2025-10-16,Google Ads,GG-200267,Search - Non-Brand - Broad | Android | EU | Video,13867,562,249.98,72
2025-10-16,Google Ads,GG-200268,UAC - Value | iOS | APAC | Playables,26916,788,476.74,87
2025-10-16,Google Ads,GG-200269,UAC - Installs | Android | US | Video,22931,731,283.04,182
2025-10-16,Google Ads,GG-200270,UAC - Installs | Android | MENA | Playables,10752,336,126.6,67
2025-10-16,Google Ads,GG-200271,UAC - Value | iOS | US | Carousel,9330,458,217.64,82
2025-10-16,Google Ads,GG-200272,Search - Non-Brand - Broad | iOS | US | Playables,7468,208,93.93,23
2025-10-16,Google Ads,GG-200273,Search - Non-Brand - Broad | Android | APAC | Static,14274,590,143.25,51
2025-10-16,Google Ads,GG-200274,UAC - Value | iOS | LATAM | Carousel,28882,644,315.24,121
2025-10-16,Google Ads,GG-200275,UAC - Value | Android | US | Static,22021,818,433.21,205
2025-10-16,Google Ads,GG-200276,UAC - Value | iOS | APAC | Carousel,20320,813,290.0,113
2025-10-16,Google Ads,GG-200277,Search - Non-Brand - Broad | Android | LATAM | Carousel,8058,257,75.56,26
2025-10-16,Google Ads,GG-200278,Search - Non-Brand - Broad | iOS | MENA | Playables,12535,284,154.21,57
2025-10-16,Google Ads,GG-200279,UAC - Installs | iOS | US | Static,17360,838,426.79,138
2025-10-16,Google Ads,GG-200280,UAC - Value | Android | APAC | Carousel,22075,682,219.94,180
2025-10-16,Google Ads,GG-200281,UAC - Value | iOS | APAC | Carousel,39990,1586,748.43,180
2025-10-16,Google Ads,GG-200282,Search - Non-Brand - Broad | Android | LATAM | Carousel,10225,306,66.22,70
2025-10-16,Google Ads,GG-200283,UAC - Value | iOS | LATAM | Static,10061,296,161.44,35
2025-10-16,Google Ads,GG-200284,Search - Non-Brand - Broad | iOS | LATAM | UGC,10038,319,121.38,39
2025-10-16,Google Ads,GG-200285,UAC - Value | iOS | APAC | Carousel,16211,570,216.43,144
2025-10-16,Google Ads,GG-200286,Search - Non-Brand - Broad | iOS | US | Playables,9087,331,142.33,59
2025-10-16,Google Ads,GG-200287,UAC - Value | Android | MENA | Video,33215,1578,743.55,384
2025-10-16,Google Ads,GG-200288,Search - Brand - Exact | Android | APAC | Carousel,12900,624,195.69,65
2025-10-16,Google Ads,GG-200289,UAC - Installs | iOS | APAC | Static,11845,380,144.21,100
2025-10-16,Google Ads,GG-200290,UAC - Value | Android | LATAM | Static,14380,332,116.83,86
2025-10-16,Google Ads,GG-200291,UAC - Value | iOS | US | UGC,24601,665,369.01,158
2025-10-16,Google Ads,GG-200292,UAC - Value | iOS | MENA | Playables,12598,258,94.07,54
2025-10-16,Google Ads,GG-200293,Search - Brand - Exact | Android | LATAM | Playables,10193,410,197.87,74
2025-10-16,Google Ads,GG-200294,Search - Non-Brand - Broad | Android | EU | Carousel,9040,417,157.83,63
2025-10-16,Google Ads,GG-200295,UAC - Installs | Android | MENA | UGC,14866,703,246.47,126
2025-10-16,Google Ads,GG-200296,Search - Brand - Exact | iOS | US | Video,9854,197,60.68,15
2025-10-16,Google Ads,GG-200297,Search - Non-Brand - Broad | iOS | EU | Playables,5520,261,156.03,40
2025-10-16,Google Ads,GG-200298,UAC - Value | iOS | LATAM | UGC,20909,494,278.91,91
2025-10-16,Google Ads,GG-200299,UAC - Value | Android | LATAM | Video,20595,498,291.13,138
2025-10-16,Google Ads,GG-200300,Search - Brand - Exact | Android | LATAM | UGC,8784,230,60.24,51
2025-10-16,Google Ads,GG-200301,UAC - Installs | Android | EU | Carousel,15123,548,267.48,84
2025-10-16,Google Ads,GG-200302,UAC - Value | iOS | APAC | Static,19939,954,594.53,109
2025-10-16,Google Ads,GG-200303,UAC - Value | iOS | APAC | Video,15713,548,316.09,100
2025-10-16,Google Ads,GG-200304,UAC - Installs | iOS | LATAM | Video,23678,679,316.28,93
2025-10-16,Google Ads,GG-200305,UAC - Installs | Android | US | Video,21305,808,283.77,176
2025-10-16,Google Ads,GG-200306,Search - Non-Brand - Broad | Android | EU | Static,22904,897,342.47,97
2025-10-16,Google Ads,GG-200307,UAC - Value | Android | LATAM | Playables,14028,683,256.6,188
2025-10-16,Google Ads,GG-200308,Search - Non-Brand - Broad | iOS | EU | UGC,11051,247,99.32,16
2025-10-16,Google Ads,GG-200309,Search - Brand - Exact | Android | APAC | UGC,16866,582,258.41,68
2025-10-16,Google Ads,GG-200310,UAC - Value | Android | APAC | Playables,16282,532,193.86,93
2025-10-16,Google Ads,GG-200311,Search - Non-Brand - Broad | iOS | US | Static,11700,490,203.84,51
2025-10-16,Google Ads,GG-200312,Search - Brand - Exact | iOS | US | Playables,8364,377,188.05,67
2025-10-16,Google Ads,GG-200313,Search - Non-Brand - Broad | Android | LATAM | Carousel,9133,343,101.46,24
2025-10-16,Google Ads,GG-200314,UAC - Value | iOS | US | Carousel,11607,404,248.5,98
2025-10-16,Google Ads,GG-200315,UAC - Value | iOS | MENA | UGC,26992,886,357.41,216
2025-10-16,Google Ads,GG-200316,UAC - Value | Android | LATAM | Carousel,18826,748,325.08,222
2025-10-16,Google Ads,GG-200317,Search - Brand - Exact | Android | LATAM | Playables,14721,504,143.39,56
2025-10-16,Google Ads,GG-200318,Search - Non-Brand - Broad | Android | LATAM | Video,21095,855,344.99,60
2025-10-16,Google Ads,GG-200319,UAC - Installs | iOS | US | Static,10987,503,285.65,59
2025-10-16,Google Ads,GG-200320,UAC - Value | Android | MENA | UGC,22340,791,280.57,237
2025-10-16,Google Ads,GG-200321,UAC - Value | Android | MENA | UGC,11562,271,133.87,72
2025-10-16,Google Ads,GG-200322,Search - Non-Brand - Broad | Android | APAC | Playables,9392,210,45.13,20
2025-10-16,Google Ads,GG-200323,Search - Non-Brand - Broad | Android | APAC | Carousel,7762,378,76.89,46
2025-10-16,Google Ads,GG-200324,Search - Brand - Exact | Android | LATAM | UGC,14085,672,161.88,88
2025-10-16,Google Ads,GG-200325,Search - Non-Brand - Broad | iOS | US | UGC,15235,538,246.19,57
2025-10-16,Google Ads,GG-200326,UAC - Value | Android | APAC | Playables,20350,889,328.57,242
2025-10-16,Google Ads,GG-200327,UAC - Value | iOS | APAC | UGC,13783,469,254.48,52
2025-10-16,Google Ads,GG-200328,Search - Brand - Exact | iOS | EU | Video,10342,324,129.05,32
2025-10-16,Google Ads,GG-200329,UAC - Installs | Android | LATAM | Video,15077,661,271.54,150
2025-10-16,Google Ads,GG-200330,Search - Non-Brand - Broad | Android | MENA | Carousel,12864,329,129.56,51
2025-10-16,Google Ads,GG-200331,Search - Brand - Exact | iOS | MENA | UGC,9600,356,155.57,45
2025-10-16,Google Ads,GG-200332,UAC - Installs | Android | LATAM | Playables,22722,708,336.16,99
2025-10-16,Google Ads,GG-200333,Search - Non-Brand - Broad | Android | APAC | Playables,14063,487,166.26,91
2025-10-16,Google Ads,GG-200334,UAC - Installs | iOS | US | Static,15211,579,305.6,91
2025-10-16,Google Ads,GG-200335,UAC - Installs | Android | APAC | Carousel,13803,332,155.81,81
2025-10-16,Google Ads,GG-200336,Search - Non-Brand - Broad | Android | APAC | Video,8168,402,200.36,86
2025-10-16,Google Ads,GG-200337,UAC - Value | Android | MENA | Carousel,17129,734,294.99,172
2025-10-16,Google Ads,GG-200338,Search - Non-Brand - Broad | Android | MENA | Static,6065,176,70.66,31
2025-10-16,Google Ads,GG-200339,UAC - Installs | Android | US | Playables,17810,790,452.28,197
2025-10-16,Google Ads,GG-200340,Search - Non-Brand - Broad | iOS | MENA | Playables,8233,250,73.65,39
2025-10-16,Google Ads,GG-200341,UAC - Installs | iOS | LATAM | Carousel,17463,526,283.72,91
2025-10-16,Google Ads,GG-200342,Search - Brand - Exact | Android | EU | UGC,16122,718,203.27,130
2025-10-16,Google Ads,GG-200343,Search - Non-Brand - Broad | iOS | EU | Static,9766,305,97.39,31
2025-10-16,Google Ads,GG-200344,UAC - Value | Android | LATAM | Static,23696,829,449.15,193
2025-10-16,Google Ads,GG-200345,UAC - Installs | iOS | EU | Playables,11775,491,253.31,110
2025-10-16,Google Ads,GG-200346,Search - Brand - Exact | iOS | APAC | UGC,8188,298,99.41,19
2025-10-16,Google Ads,GG-200347,UAC - Installs | Android | APAC | Playables,12414,532,159.71,77
2025-10-16,Google Ads,GG-200348,UAC - Installs | iOS | APAC | UGC,21658,793,320.69,200
2025-10-16,Google Ads,GG-200349,UAC - Installs | Android | US | UGC,16984,831,432.62,211
2025-10-17,Google Ads,GG-200000,Search - Brand - Exact | iOS | US | Carousel,8338,369,177.49,24
2025-10-17,Google Ads,GG-200001,UAC - Value | Android | US | Static,30352,875,514.59,181
2025-10-17,Google Ads,GG-200002,Search - Non-Brand - Broad | iOS | MENA | Playables,8942,359,162.48,71
2025-10-17,Google Ads,GG-200003,UAC - Value | iOS | LATAM | Carousel,14240,706,331.11,89
2025-10-17,Google Ads,GG-200004,Search - Brand - Exact | iOS | LATAM | Playables,7310,206,88.39,10
2025-10-17,Google Ads,GG-200005,Search - Brand - Exact | iOS | US | Carousel,6818,241,91.15,27
2025-10-17,Google Ads,GG-200006,Search - Non-Brand - Broad | iOS | LATAM | Carousel,8632,391,110.5,65
2025-10-17,Google Ads,GG-200007,Search - Non-Brand - Broad | iOS | US | Playables,7704,349,166.89,76
2025-10-17,Google Ads,GG-200008,Search - Non-Brand - Broad | iOS | LATAM | UGC,3981,177,79.83,21
2025-10-17,Google Ads,GG-200009,UAC - Value | Android | LATAM | Playables,23096,613,326.18,110
2025-10-17,Google Ads,GG-200010,Search - Brand - Exact | iOS | EU | Playables,13017,548,198.05,82
2025-10-17,Google Ads,GG-200011,Search - Brand - Exact | iOS | MENA | Carousel,6861,303,134.17,26
2025-10-17,Google Ads,GG-200012,Search - Non-Brand - Broad | iOS | LATAM | Static,8949,191,101.29,12
2025-10-17,Google Ads,GG-200013,Search - Non-Brand - Broad | iOS | APAC | Static,8517,301,115.67,28
2025-10-17,Google Ads,GG-200014,UAC - Installs | Android | EU | Video,32531,1545,633.14,201
2025-10-17,Google Ads,GG-200015,Search - Brand - Exact | Android | MENA | Playables,10606,408,112.32,36
2025-10-17,Google Ads,GG-200016,UAC - Value | iOS | MENA | Static,6393,143,80.72,27
2025-10-17,Google Ads,GG-200017,Search - Non-Brand - Broad | Android | EU | Static,11316,420,189.84,48
2025-10-17,Google Ads,GG-200018,UAC - Installs | iOS | US | UGC,10046,458,263.67,73
2025-10-17,Google Ads,GG-200019,UAC - Installs | Android | APAC | Playables,13523,536,180.31,80
2025-10-17,Google Ads,GG-200020,Search - Non-Brand - Broad | iOS | EU | Playables,16688,489,190.22,31
2025-10-17,Google Ads,GG-200021,UAC - Installs | iOS | APAC | Static,26047,1186,716.34,231
2025-10-17,Google Ads,GG-200022,UAC - Value | iOS | APAC | Carousel,17925,758,343.9,171
2025-10-17,Google Ads,GG-200023,Search - Non-Brand - Broad | iOS | EU | Static,10413,244,75.37,38
2025-10-17,Google Ads,GG-200024,UAC - Installs | iOS | US | UGC,16536,758,337.46,164
2025-10-17,Google Ads,GG-200025,UAC - Installs | Android | MENA | Video,14415,632,310.88,178
2025-10-17,Google Ads,GG-200026,UAC - Value | Android | EU | Carousel,13573,274,131.63,56
2025-10-17,Google Ads,GG-200027,Search - Non-Brand - Broad | Android | APAC | Video,16069,676,208.01,126
2025-10-17,Google Ads,GG-200028,UAC - Value | iOS | LATAM | Video,11037,348,137.43,76
2025-10-17,Google Ads,GG-200029,UAC - Installs | Android | APAC | Playables,9415,329,178.48,70
2025-10-17,Google Ads,GG-200030,UAC - Installs | Android | APAC | Video,9125,259,137.14,56
2025-10-17,Google Ads,GG-200031,Search - Brand - Exact | Android | US | Carousel,9665,236,78.94,31
2025-10-17,Google Ads,GG-200032,Search - Brand - Exact | iOS | EU | Static,5829,142,48.71,15
2025-10-17,Google Ads,GG-200033,UAC - Value | iOS | APAC | Static,15133,475,182.07,120
2025-10-17,Google Ads,GG-200034,Search - Brand - Exact | iOS | MENA | Video,13439,310,156.02,24
2025-10-17,Google Ads,GG-200035,Search - Non-Brand - Broad | Android | LATAM | Static,12493,593,208.2,138
2025-10-17,Google Ads,GG-200036,Search - Non-Brand - Broad | iOS | US | Carousel,7973,296,113.63,27
2025-10-17,Google Ads,GG-200037,Search - Non-Brand - Broad | iOS | US | Video,11654,356,183.95,25
2025-10-17,Google Ads,GG-200038,Search - Brand - Exact | iOS | MENA | UGC,10350,450,183.6,47
2025-10-17,Google Ads,GG-200039,Search - Brand - Exact | Android | APAC | Playables,7626,229,60.59,24
2025-10-17,Google Ads,GG-200040,UAC - Value | Android | EU | Carousel,11914,283,161.17,48
2025-10-17,Google Ads,GG-200041,Search - Non-Brand - Broad | Android | MENA | Carousel,8371,414,161.34,79
2025-10-17,Google Ads,GG-200042,UAC - Installs | iOS | EU | Video,28363,1372,626.73,242
2025-10-17,Google Ads,GG-200043,Search - Brand - Exact | Android | MENA | Playables,22354,593,132.77,48
2025-10-17,Google Ads,GG-200044,UAC - Value | iOS | APAC | Video,6515,283,157.66,33
2025-10-17,Google Ads,GG-200045,UAC - Installs | iOS | LATAM | Video,19188,566,264.27,128
2025-10-17,Google Ads,GG-200046,Search - Brand - Exact | Android | LATAM | Static,9721,227,107.8,21
2025-10-17,Google Ads,GG-200047,UAC - Installs | iOS | EU | Video,9175,420,282.07,115
2025-10-17,Google Ads,GG-200048,UAC - Value | iOS | EU | UGC,15082,550,250.69,63
2025-10-17,Google Ads,GG-200049,UAC - Value | Android | EU | Video,6721,283,141.36,39
2025-10-17,Google Ads,GG-200050,Search - Brand - Exact | Android | LATAM | Static,12276,455,218.17,48
2025-10-17,Google Ads,GG-200051,UAC - Installs | Android | US | Carousel,8715,330,123.49,76
2025-10-17,Google Ads,GG-200052,UAC - Installs | iOS | MENA | UGC,15793,426,205.84,100
2025-10-17,Google Ads,GG-200053,UAC - Installs | Android | EU | Carousel,17908,361,186.17,66
2025-10-17,Google Ads,GG-200054,Search - Brand - Exact | Android | LATAM | Carousel,10001,490,242.35,84
2025-10-17,Google Ads,GG-200055,UAC - Value | iOS | APAC | UGC,13896,519,298.22,112
2025-10-17,Google Ads,GG-200056,UAC - Value | iOS | LATAM | Static,15763,321,114.21,72
2025-10-17,Google Ads,GG-200057,UAC - Installs | iOS | LATAM | Playables,19514,927,532.93,219
2025-10-17,Google Ads,GG-200058,UAC - Value | Android | APAC | Video,27829,608,273.42,121
2025-10-17,Google Ads,GG-200059,UAC - Installs | Android | MENA | Carousel,21317,695,397.47,175
2025-10-17,Google Ads,GG-200060,UAC - Installs | Android | US | Carousel,28866,1105,482.33,312
2025-10-17,Google Ads,GG-200061,UAC - Value | iOS | APAC | Playables,15735,392,164.95,92
2025-10-17,Google Ads,GG-200062,UAC - Value | Android | APAC | Carousel,24580,876,415.49,209
2025-10-17,Google Ads,GG-200063,UAC - Value | Android | LATAM | Playables,11237,560,262.02,148
2025-10-17,Google Ads,GG-200064,UAC - Value | iOS | US | Video,16247,393,262.72,99
2025-10-17,Google Ads,GG-200065,Search - Brand - Exact | iOS | MENA | Static,17642,585,187.84,32
2025-10-17,Google Ads,GG-200066,Search - Brand - Exact | Android | MENA | UGC,26113,681,291.81,78
2025-10-17,Google Ads,GG-200067,UAC - Installs | Android | US | Static,17335,485,280.04,70
2025-10-17,Google Ads,GG-200068,Search - Brand - Exact | iOS | APAC | Playables,10072,266,76.93,43
2025-10-17,Google Ads,GG-200069,UAC - Installs | Android | APAC | Carousel,15138,502,160.94,139
2025-10-17,Google Ads,GG-200070,Search - Non-Brand - Broad | iOS | US | Playables,6542,289,167.22,26
2025-10-17,Google Ads,GG-200071,UAC - Installs | iOS | APAC | Carousel,17687,812,523.66,130
2025-10-17,Google Ads,GG-200072,Search - Non-Brand - Broad | Android | US | Video,11592,362,107.62,77
2025-10-17,Google Ads,GG-200073,Search - Brand - Exact | iOS | MENA | UGC,11295,384,186.32,70
2025-10-17,Google Ads,GG-200074,Search - Non-Brand - Broad | iOS | LATAM | UGC,14105,463,189.83,78
2025-10-17,Google Ads,GG-200075,Search - Brand - Exact | iOS | APAC | Static,12381,254,76.45,38
2025-10-17,Google Ads,GG-200076,Search - Non-Brand - Broad | Android | US | UGC,12947,634,217.21,49
2025-10-17,Google Ads,GG-200077,UAC - Installs | iOS | US | Carousel,15980,761,449.45,111
2025-10-17,Google Ads,GG-200078,UAC - Installs | Android | MENA | Playables,8929,265,88.96,74
2025-10-17,Google Ads,GG-200079,UAC - Installs | iOS | EU | Static,11906,590,290.87,156
2025-10-17,Google Ads,GG-200080,Search - Non-Brand - Broad | Android | US | Static,8203,174,59.19,31
2025-10-17,Google Ads,GG-200081,UAC - Installs | Android | APAC | Video,14719,624,189.88,108
2025-10-17,Google Ads,GG-200082,Search - Non-Brand - Broad | iOS | APAC | Playables,14928,669,279.44,126
2025-10-17,Google Ads,GG-200083,UAC - Value | Android | US | Carousel,9026,225,129.26,62
2025-10-17,Google Ads,GG-200084,UAC - Value | iOS | MENA | UGC,12120,555,308.03,68
2025-10-17,Google Ads,GG-200085,Search - Brand - Exact | Android | EU | Carousel,17707,429,213.47,53
2025-10-17,Google Ads,GG-200086,UAC - Installs | iOS | APAC | Playables,18729,548,205.39,135
2025-10-17,Google Ads,GG-200087,Search - Non-Brand - Broad | Android | MENA | Playables,11563,407,186.2,84
2025-10-17,Google Ads,GG-200088,Search - Brand - Exact | Android | APAC | Playables,13053,300,80.22,63
2025-10-17,Google Ads,GG-200089,UAC - Installs | Android | MENA | Static,17398,406,213.43,101
2025-10-17,Google Ads,GG-200090,Search - Non-Brand - Broad | Android | EU | Carousel,9198,262,98.56,31
2025-10-17,Google Ads,GG-200091,Search - Brand - Exact | iOS | MENA | Carousel,7248,322,101.46,64
2025-10-17,Google Ads,GG-200092,UAC - Installs | iOS | EU | Playables,13174,310,185.63,86
2025-10-17,Google Ads,GG-200093,Search - Brand - Exact | Android | LATAM | Playables,10735,255,62.63,59
2025-10-17,Google Ads,GG-200094,Search - Non-Brand - Broad | Android | MENA | Playables,12296,269,99.75,57
2025-10-17,Google Ads,GG-200095,UAC - Installs | Android | MENA | Playables,12885,349,111.75,93
2025-10-17,Google Ads,GG-200096,Search - Brand - Exact | Android | US | Video,6733,205,76.03,33
2025-10-17,Google Ads,GG-200097,UAC - Value | iOS | EU | Playables,24235,584,345.44,66
2025-10-17,Google Ads,GG-200098,UAC - Installs | Android | APAC | Playables,27757,1035,526.61,213
2025-10-17,Google Ads,GG-200099,UAC - Value | iOS | APAC | Static,13007,563,244.34,93
2025-10-17,Google Ads,GG-200100,Search - Brand - Exact | iOS | APAC | Video,8066,188,56.44,13
2025-10-17,Google Ads,GG-200101,UAC - Value | Android | APAC | UGC,14463,509,187.16,67
2025-10-17,Google Ads,GG-200102,Search - Non-Brand - Broad | iOS | EU | Carousel,8762,190,98.95,27
2025-10-17,Google Ads,GG-200103,UAC - Value | iOS | LATAM | Carousel,10783,515,304.62,83
2025-10-17,Google Ads,GG-200104,Search - Brand - Exact | Android | LATAM | Playables,14714,581,158.21,101
2025-10-17,Google Ads,GG-200105,Search - Brand - Exact | iOS | EU | UGC,12144,422,168.04,79
2025-10-17,Google Ads,GG-200106,Search - Non-Brand - Broad | iOS | APAC | Static,12370,342,87.86,69
2025-10-17,Google Ads,GG-200107,UAC - Value | Android | US | Carousel,26943,698,419.99,130
2025-10-17,Google Ads,GG-200108,UAC - Installs | iOS | EU | Static,13096,482,330.6,74
2025-10-17,Google Ads,GG-200109,UAC - Value | iOS | EU | Static,12735,629,343.75,144
2025-10-17,Google Ads,GG-200110,UAC - Value | iOS | APAC | Carousel,11424,549,198.41,138
2025-10-17,Google Ads,GG-200111,UAC - Value | Android | US | UGC,25184,731,286.41,161
2025-10-17,Google Ads,GG-200112,UAC - Installs | Android | EU | Playables,28026,1296,644.63,311
2025-10-17,Google Ads,GG-200113,UAC - Value | Android | US | Carousel,13721,526,316.55,134
2025-10-17,Google Ads,GG-200114,Search - Brand - Exact | iOS | LATAM | Playables,14099,316,171.43,35
2025-10-17,Google Ads,GG-200115,UAC - Installs | Android | APAC | Static,17005,521,268.21,132
2025-10-17,Google Ads,GG-200116,Search - Brand - Exact | iOS | APAC | Carousel,9842,463,193.86,63
2025-10-17,Google Ads,GG-200117,Search - Non-Brand - Broad | iOS | US | Playables,11932,342,127.12,45
2025-10-17,Google Ads,GG-200118,Search - Brand - Exact | iOS | MENA | Carousel,11987,247,134.39,14
2025-10-17,Google Ads,GG-200119,UAC - Installs | iOS | MENA | UGC,13847,529,196.31,116
2025-10-17,Google Ads,GG-200120,UAC - Value | Android | EU | Video,9142,228,138.08,64
2025-10-17,Google Ads,GG-200121,UAC - Installs | iOS | LATAM | Playables,17104,489,308.9,81
2025-10-17,Google Ads,GG-200122,UAC - Value | Android | EU | Playables,36298,1697,604.64,369
2025-10-17,Google Ads,GG-200123,Search - Non-Brand - Broad | Android | US | Video,6557,236,65.89,32
2025-10-17,Google Ads,GG-200124,UAC - Value | iOS | APAC | Playables,22510,811,471.92,156
2025-10-17,Google Ads,GG-200125,Search - Non-Brand - Broad | Android | MENA | Playables,7876,186,58.46,24
2025-10-17,Google Ads,GG-200126,Search - Non-Brand - Broad | iOS | MENA | Carousel,7039,301,132.29,61
2025-10-17,Google Ads,GG-200127,UAC - Installs | iOS | MENA | Carousel,14458,704,281.6,140
2025-10-17,Google Ads,GG-200128,UAC - Value | iOS | MENA | Carousel,13629,631,247.48,173
2025-10-17,Google Ads,GG-200129,Search - Brand - Exact | Android | LATAM | Carousel,14411,525,202.18,60
2025-10-17,Google Ads,GG-200130,Search - Brand - Exact | iOS | MENA | Carousel,9822,346,138.85,55
2025-10-17,Google Ads,GG-200131,Search - Non-Brand - Broad | iOS | LATAM | Playables,8457,358,174.02,33
2025-10-17,Google Ads,GG-200132,Search - Non-Brand - Broad | Android | MENA | UGC,12091,545,256.75,42
2025-10-17,Google Ads,GG-200133,Search - Brand - Exact | iOS | EU | Static,16480,374,209.51,76
2025-10-17,Google Ads,GG-200134,UAC - Value | Android | EU | Video,20715,598,216.18,92
2025-10-17,Google Ads,GG-200135,UAC - Value | iOS | APAC | Static,29592,798,363.33,147
2025-10-17,Google Ads,GG-200136,UAC - Value | Android | APAC | Playables,20524,624,341.08,154
2025-10-17,Google Ads,GG-200137,Search - Non-Brand - Broad | Android | EU | Playables,8859,247,125.08,44
2025-10-17,Google Ads,GG-200138,UAC - Value | iOS | APAC | Playables,8794,417,216.59,56
2025-10-17,Google Ads,GG-200139,UAC - Installs | iOS | EU | UGC,12283,473,250.03,81
2025-10-17,Google Ads,GG-200140,UAC - Value | iOS | LATAM | Playables,14724,520,313.61,73
2025-10-17,Google Ads,GG-200141,UAC - Installs | Android | EU | Carousel,26849,758,358.84,208
2025-10-17,Google Ads,GG-200142,Search - Non-Brand - Broad | Android | LATAM | Carousel,8467,390,193.01,58
2025-10-17,Google Ads,GG-200143,UAC - Installs | iOS | LATAM | UGC,20261,875,404.34,237
2025-10-17,Google Ads,GG-200144,UAC - Value | iOS | LATAM | Video,15358,606,222.64,168
2025-10-17,Google Ads,GG-200145,UAC - Installs | iOS | LATAM | Static,22812,984,605.65,262
2025-10-17,Google Ads,GG-200146,UAC - Installs | Android | LATAM | Video,19440,575,344.54,102
2025-10-17,Google Ads,GG-200147,Search - Non-Brand - Broad | iOS | LATAM | UGC,13554,431,137.23,90
2025-10-17,Google Ads,GG-200148,UAC - Installs | Android | MENA | Carousel,35169,1238,540.76,219
2025-10-17,Google Ads,GG-200149,Search - Non-Brand - Broad | Android | US | Playables,13965,524,172.92,120
2025-10-17,Google Ads,GG-200150,Search - Non-Brand - Broad | Android | US | Playables,13154,340,107.34,64
2025-10-17,Google Ads,GG-200151,UAC - Value | Android | US | Video,10763,249,111.4,38
2025-10-17,Google Ads,GG-200152,Search - Non-Brand - Broad | iOS | APAC | Video,16465,595,296.43,119
2025-10-17,Google Ads,GG-200153,UAC - Value | Android | MENA | Static,8180,214,68.39,31
2025-10-17,Google Ads,GG-200154,UAC - Installs | iOS | APAC | Static,22917,772,448.45,143
2025-10-17,Google Ads,GG-200155,Search - Brand - Exact | iOS | LATAM | Video,14921,417,164.17,33
2025-10-17,Google Ads,GG-200156,Search - Non-Brand - Broad | Android | MENA | Video,16270,708,266.63,163
2025-10-17,Google Ads,GG-200157,UAC - Value | iOS | EU | Video,14227,454,289.47,71
2025-10-17,Google Ads,GG-200158,Search - Brand - Exact | iOS | EU | Carousel,9308,461,219.85,97
2025-10-17,Google Ads,GG-200159,Search - Brand - Exact | Android | LATAM | Playables,11861,530,194.35,115
2025-10-17,Google Ads,GG-200160,UAC - Value | iOS | LATAM | UGC,9291,247,100.16,31
2025-10-17,Google Ads,GG-200161,UAC - Installs | Android | MENA | UGC,10178,430,147.32,102
2025-10-17,Google Ads,GG-200162,Search - Non-Brand - Broad | Android | US | Carousel,8748,418,148.81,77
2025-10-17,Google Ads,GG-200163,Search - Brand - Exact | iOS | LATAM | Static,15979,463,240.71,64
2025-10-17,Google Ads,GG-200164,Search - Non-Brand - Broad | iOS | LATAM | Playables,6124,206,92.64,40
2025-10-17,Google Ads,GG-200165,UAC - Value | Android | MENA | UGC,19867,859,498.31,206
2025-10-17,Google Ads,GG-200166,Search - Brand - Exact | iOS | US | UGC,9030,436,202.04,64
2025-10-17,Google Ads,GG-200167,UAC - Installs | Android | EU | UGC,6692,310,130.11,82
2025-10-17,Google Ads,GG-200168,UAC - Value | Android | US | Carousel,10825,341,207.7,51
2025-10-17,Google Ads,GG-200169,UAC - Installs | Android | APAC | Carousel,20825,699,286.8,121
2025-10-17,Google Ads,GG-200170,Search - Brand - Exact | iOS | MENA | Playables,12856,450,119.38,27
2025-10-17,Google Ads,GG-200171,Search - Brand - Exact | iOS | LATAM | Static,9369,224,110.48,45
2025-10-17,Google Ads,GG-200172,Search - Non-Brand - Broad | Android | APAC | Carousel,17961,713,297.96,115
2025-10-17,Google Ads,GG-200173,Search - Brand - Exact | iOS | MENA | Carousel,5374,174,47.08,21
2025-10-17,Google Ads,GG-200174,Search - Non-Brand - Broad | iOS | LATAM | Playables,17272,358,107.87,76
2025-10-17,Google Ads,GG-200175,Search - Non-Brand - Broad | Android | EU | UGC,20034,450,206.55,56
2025-10-17,Google Ads,GG-200176,UAC - Value | iOS | MENA | Carousel,6263,284,129.65,55
2025-10-17,Google Ads,GG-200177,Search - Non-Brand - Broad | iOS | MENA | Static,19456,698,215.75,102
2025-10-17,Google Ads,GG-200178,UAC - Installs | Android | MENA | UGC,16042,663,236.16,130
2025-10-17,Google Ads,GG-200179,Search - Brand - Exact | Android | MENA | Video,18218,679,210.22,98
2025-10-17,Google Ads,GG-200180,Search - Non-Brand - Broad | Android | MENA | Playables,9387,261,56.53,48
2025-10-17,Google Ads,GG-200181,UAC - Value | Android | LATAM | Playables,25251,1208,471.12,188
2025-10-17,Google Ads,GG-200182,UAC - Value | Android | EU | Playables,24480,1081,568.82,216
2025-10-17,Google Ads,GG-200183,Search - Brand - Exact | Android | MENA | UGC,7668,178,67.87,40
2025-10-17,Google Ads,GG-200184,UAC - Value | iOS | EU | Playables,16080,671,277.66,179
2025-10-17,Google Ads,GG-200185,UAC - Value | iOS | MENA | Video,26235,826,454.8,98
2025-10-17,Google Ads,GG-200186,UAC - Installs | iOS | US | UGC,13159,568,264.23,78
2025-10-17,Google Ads,GG-200187,Search - Brand - Exact | Android | EU | Playables,7939,302,84.68,72
2025-10-17,Google Ads,GG-200188,Search - Brand - Exact | Android | APAC | Carousel,10011,422,197.62,41
2025-10-17,Google Ads,GG-200189,Search - Brand - Exact | Android | US | UGC,9887,368,103.7,81
2025-10-17,Google Ads,GG-200190,Search - Non-Brand - Broad | iOS | APAC | Static,13484,309,149.22,32
2025-10-17,Google Ads,GG-200191,UAC - Value | iOS | LATAM | UGC,23804,1081,683.19,123
2025-10-17,Google Ads,GG-200192,Search - Non-Brand - Broad | iOS | APAC | Video,6219,214,96.92,28
2025-10-17,Google Ads,GG-200193,UAC - Value | iOS | US | Static,14613,604,259.6,137
2025-10-17,Google Ads,GG-200194,Search - Brand - Exact | Android | EU | Video,13120,635,338.01,106
2025-10-17,Google Ads,GG-200195,UAC - Value | iOS | APAC | Playables,10267,455,162.16,96
2025-10-17,Google Ads,GG-200196,UAC - Value | iOS | EU | Static,23153,791,330.64,127
2025-10-17,Google Ads,GG-200197,Search - Non-Brand - Broad | iOS | EU | Carousel,15743,626,235.5,88
2025-10-17,Google Ads,GG-200198,Search - Brand - Exact | Android | US | UGC,7360,260,107.04,19
2025-10-17,Google Ads,GG-200199,Search - Brand - Exact | Android | EU | Video,10267,450,177.84,91
2025-10-17,Google Ads,GG-200200,Search - Brand - Exact | Android | APAC | Playables,9747,397,162.1,69
2025-10-17,Google Ads,GG-200201,UAC - Value | Android | US | UGC,16807,835,436.87,199
2025-10-17,Google Ads,GG-200202,Search - Brand - Exact | Android | MENA | Static,10449,272,131.35,19
2025-10-17,Google Ads,GG-200203,Search - Non-Brand - Broad | Android | MENA | Carousel,6086,295,76.14,53
2025-10-17,Google Ads,GG-200204,UAC - Installs | iOS | MENA | Playables,11263,330,145.27,80
2025-10-17,Google Ads,GG-200205,Search - Non-Brand - Broad | Android | LATAM | Static,7661,340,163.03,25
2025-10-17,Google Ads,GG-200206,Search - Brand - Exact | iOS | LATAM | Carousel,7223,182,95.08,14
2025-10-17,Google Ads,GG-200207,UAC - Value | Android | APAC | Playables,22395,861,335.36,136
2025-10-17,Google Ads,GG-200208,UAC - Installs | Android | LATAM | UGC,15505,709,316.14,112
2025-10-17,Google Ads,GG-200209,UAC - Installs | iOS | APAC | Static,22230,666,316.95,124
2025-10-17,Google Ads,GG-200210,UAC - Value | iOS | EU | Playables,21109,712,488.93,108
2025-10-17,Google Ads,GG-200211,Search - Non-Brand - Broad | Android | EU | Carousel,17689,414,137.53,45
2025-10-17,Google Ads,GG-200212,UAC - Value | iOS | US | Playables,16565,590,283.97,150
2025-10-17,Google Ads,GG-200213,Search - Non-Brand - Broad | iOS | MENA | Playables,4703,173,90.24,32
2025-10-17,Google Ads,GG-200214,Search - Non-Brand - Broad | iOS | EU | Carousel,6654,134,74.53,21
2025-10-17,Google Ads,GG-200215,UAC - Installs | iOS | US | UGC,21922,474,330.8,128
2025-10-17,Google Ads,GG-200216,Search - Brand - Exact | Android | MENA | Static,12865,313,134.4,32
2025-10-17,Google Ads,GG-200217,Search - Brand - Exact | iOS | APAC | Playables,15757,646,203.49,141
2025-10-17,Google Ads,GG-200218,Search - Non-Brand - Broad | Android | EU | Playables,10890,263,101.83,52
2025-10-17,Google Ads,GG-200219,UAC - Installs | iOS | EU | Carousel,16527,388,206.61,87
2025-10-17,Google Ads,GG-200220,Search - Brand - Exact | Android | EU | Static,7778,212,77.13,46
2025-10-17,Google Ads,GG-200221,Search - Non-Brand - Broad | iOS | EU | Playables,13981,361,187.32,36
2025-10-17,Google Ads,GG-200222,UAC - Installs | iOS | EU | Playables,12071,572,245.22,114
2025-10-17,Google Ads,GG-200223,UAC - Installs | iOS | APAC | UGC,19744,892,405.5,146
2025-10-17,Google Ads,GG-200224,UAC - Value | iOS | LATAM | Carousel,12945,387,144.62,98
2025-10-17,Google Ads,GG-200225,UAC - Installs | iOS | US | UGC,9686,354,177.42,65
2025-10-17,Google Ads,GG-200226,UAC - Value | Android | LATAM | Carousel,20004,488,224.92,133
2025-10-17,Google Ads,GG-200227,Search - Non-Brand - Broad | Android | MENA | Static,10532,384,154.02,67
2025-10-17,Google Ads,GG-200228,UAC - Value | Android | LATAM | Playables,19441,596,322.91,110
2025-10-17,Google Ads,GG-200229,UAC - Installs | iOS | EU | Static,11773,417,269.47,113
2025-10-17,Google Ads,GG-200230,Search - Non-Brand - Broad | Android | APAC | Playables,8571,320,116.67,50
2025-10-17,Google Ads,GG-200231,UAC - Installs | iOS | MENA | Carousel,13229,511,306.5,131
2025-10-17,Google Ads,GG-200232,Search - Non-Brand - Broad | iOS | APAC | UGC,18343,685,362.57,100
2025-10-17,Google Ads,GG-200233,UAC - Value | iOS | EU | Static,17547,689,297.37,142
2025-10-17,Google Ads,GG-200234,Search - Brand - Exact | Android | MENA | Video,12564,439,94.52,102
2025-10-17,Google Ads,GG-200235,UAC - Value | Android | US | Video,11330,281,147.24,46
2025-10-17,Google Ads,GG-200236,Search - Non-Brand - Broad | Android | EU | Video,13399,466,135.61,51
2025-10-17,Google Ads,GG-200237,UAC - Value | Android | EU | Playables,18050,814,394.55,193
2025-10-17,Google Ads,GG-200238,UAC - Value | iOS | US | Playables,15194,540,306.83,131
2025-10-17,Google Ads,GG-200239,UAC - Value | iOS | US | Video,26082,759,321.59,105
2025-10-17,Google Ads,GG-200240,UAC - Installs | Android | US | Playables,18016,814,488.89,150
2025-10-17,Google Ads,GG-200241,UAC - Value | iOS | US | Playables,13233,563,227.79,126
2025-10-17,Google Ads,GG-200242,Search - Non-Brand - Broad | Android | US | Video,9882,355,182.47,54
2025-10-17,Google Ads,GG-200243,UAC - Installs | Android | EU | Playables,12151,551,273.79,73
2025-10-17,Google Ads,GG-200244,Search - Brand - Exact | iOS | LATAM | UGC,8791,383,96.94,31
2025-10-17,Google Ads,GG-200245,Search - Non-Brand - Broad | iOS | APAC | UGC,6255,244,129.86,44
2025-10-17,Google Ads,GG-200246,Search - Brand - Exact | Android | LATAM | Video,13778,417,136.53,79
2025-10-17,Google Ads,GG-200247,UAC - Value | Android | APAC | UGC,23098,986,354.96,139
2025-10-17,Google Ads,GG-200248,Search - Non-Brand - Broad | iOS | US | Video,8128,182,63.3,39
2025-10-17,Google Ads,GG-200249,UAC - Installs | Android | APAC | UGC,14365,436,169.17,123
2025-10-17,Google Ads,GG-200250,Search - Non-Brand - Broad | Android | MENA | Video,12116,519,127.26,86
2025-10-17,Google Ads,GG-200251,UAC - Installs | Android | MENA | UGC,21539,659,214.57,150
2025-10-17,Google Ads,GG-200252,Search - Brand - Exact | Android | US | Carousel,3981,83,39.58,11
2025-10-17,Google Ads,GG-200253,Search - Non-Brand - Broad | Android | LATAM | Video,13450,585,240.79,88
2025-10-17,Google Ads,GG-200254,UAC - Installs | Android | APAC | Video,18914,821,268.22,241
2025-10-17,Google Ads,GG-200255,UAC - Value | Android | MENA | Static,11593,241,130.84,61
2025-10-17,Google Ads,GG-200256,Search - Brand - Exact | iOS | APAC | Static,6291,207,90.67,21
2025-10-17,Google Ads,GG-200257,UAC - Value | iOS | US | Video,9479,250,111.15,48
2025-10-17,Google Ads,GG-200258,UAC - Value | Android | US | Carousel,18709,422,176.9,76
2025-10-17,Google Ads,GG-200259,UAC - Value | iOS | US | Carousel,18123,734,435.78,131
2025-10-17,Google Ads,GG-200260,UAC - Value | iOS | EU | Carousel,18967,590,399.55,137
2025-10-17,Google Ads,GG-200261,UAC - Value | iOS | EU | Playables,13133,413,277.49,107
2025-10-17,Google Ads,GG-200262,Search - Non-Brand - Broad | Android | MENA | Carousel,12401,499,110.38,99
2025-10-17,Google Ads,GG-200263,Search - Non-Brand - Broad | Android | US | Carousel,20048,636,174.9,92
2025-10-17,Google Ads,GG-200264,UAC - Installs | iOS | EU | UGC,18182,422,187.33,95
2025-10-17,Google Ads,GG-200265,Search - Brand - Exact | iOS | US | Video,10819,344,129.65,34
2025-10-17,Google Ads,GG-200266,UAC - Installs | iOS | APAC | Carousel,11695,547,350.9,61
2025-10-17,Google Ads,GG-200267,Search - Non-Brand - Broad | Android | EU | Video,22678,1025,445.88,155
2025-10-17,Google Ads,GG-200268,UAC - Value | iOS | APAC | Playables,10057,437,217.58,102
2025-10-17,Google Ads,GG-200269,UAC - Installs | Android | US | Video,24658,623,266.08,132
2025-10-17,Google Ads,GG-200270,UAC - Installs | Android | MENA | Playables,11317,366,210.74,96
2025-10-17,Google Ads,GG-200271,UAC - Value | iOS | US | Carousel,13705,675,302.26,170
2025-10-17,Google Ads,GG-200272,Search - Non-Brand - Broad | iOS | US | Playables,6562,297,147.79,56
2025-10-17,Google Ads,GG-200273,Search - Non-Brand - Broad | Android | APAC | Static,12943,273,112.48,24
2025-10-17,Google Ads,GG-200274,UAC - Value | iOS | LATAM | Carousel,14402,303,144.71,76
2025-10-17,Google Ads,GG-200275,UAC - Value | Android | US | Static,12594,400,255.36,87
2025-10-17,Google Ads,GG-200276,UAC - Value | iOS | APAC | Carousel,31733,965,451.14,138
2025-10-17,Google Ads,GG-200277,Search - Non-Brand - Broad | Android | LATAM | Carousel,16268,686,320.91,56
2025-10-17,Google Ads,GG-200278,Search - Non-Brand - Broad | iOS | MENA | Playables,11215,469,187.79,93
2025-10-17,Google Ads,GG-200279,UAC - Installs | iOS | US | Static,10141,330,189.55,92
2025-10-17,Google Ads,GG-200280,UAC - Value | Android | APAC | Carousel,17188,597,184.53,115
2025-10-17,Google Ads,GG-200281,UAC - Value | iOS | APAC | Carousel,21278,726,383.26,196
2025-10-17,Google Ads,GG-200282,Search - Non-Brand - Broad | Android | LATAM | Carousel,13916,667,165.95,158
2025-10-17,Google Ads,GG-200283,UAC - Value | iOS | LATAM | Static,11734,380,213.71,64
2025-10-17,Google Ads,GG-200284,Search - Non-Brand - Broad | iOS | LATAM | UGC,12332,261,86.99,27
2025-10-17,Google Ads,GG-200285,UAC - Value | iOS | APAC | Carousel,11812,377,175.08,67
2025-10-17,Google Ads,GG-200286,Search - Non-Brand - Broad | iOS | US | Playables,6394,168,82.64,27
2025-10-17,Google Ads,GG-200287,UAC - Value | Android | MENA | Video,13620,372,128.94,72
2025-10-17,Google Ads,GG-200288,Search - Brand - Exact | Android | APAC | Carousel,8006,393,175.08,38
2025-10-17,Google Ads,GG-200289,UAC - Installs | iOS | APAC | Static,13781,492,298.0,75
2025-10-17,Google Ads,GG-200290,UAC - Value | Android | LATAM | Static,10507,418,137.23,105
2025-10-17,Google Ads,GG-200291,UAC - Value | iOS | US | UGC,18558,884,616.41,198
2025-10-17,Google Ads,GG-200292,UAC - Value | iOS | MENA | Playables,25476,750,387.97,110
2025-10-17,Google Ads,GG-200293,Search - Brand - Exact | Android | LATAM | Playables,15366,448,168.94,52
2025-10-17,Google Ads,GG-200294,Search - Non-Brand - Broad | Android | EU | Carousel,8888,429,177.69,86
2025-10-17,Google Ads,GG-200295,UAC - Installs | Android | MENA | UGC,12566,616,196.75,160
2025-10-17,Google Ads,GG-200296,Search - Brand - Exact | iOS | US | Video,18712,708,293.75,116
2025-10-17,Google Ads,GG-200297,Search - Non-Brand - Broad | iOS | EU | Playables,6200,201,106.27,35
2025-10-17,Google Ads,GG-200298,UAC - Value | iOS | LATAM | UGC,20950,479,290.75,113
2025-10-17,Google Ads,GG-200299,UAC - Value | Android | LATAM | Video,15118,547,168.75,113
2025-10-17,Google Ads,GG-200300,Search - Brand - Exact | Android | LATAM | UGC,16677,339,151.57,75
2025-10-17,Google Ads,GG-200301,UAC - Installs | Android | EU | Carousel,15237,485,224.02,127
2025-10-17,Google Ads,GG-200302,UAC - Value | iOS | APAC | Static,12693,475,264.95,95
2025-10-17,Google Ads,GG-200303,UAC - Value | iOS | APAC | Video,11792,528,318.28,119
2025-10-17,Google Ads,GG-200304,UAC - Installs | iOS | LATAM | Video,19102,649,339.23,181
2025-10-17,Google Ads,GG-200305,UAC - Installs | Android | US | Video,20205,885,362.05,245
2025-10-17,Google Ads,GG-200306,Search - Non-Brand - Broad | Android | EU | Static,29993,1178,481.57,151
2025-10-17,Google Ads,GG-200307,UAC - Value | Android | LATAM | Playables,11318,562,274.31,154
2025-10-17,Google Ads,GG-200308,Search - Non-Brand - Broad | iOS | EU | UGC,8887,367,195.61,36
2025-10-17,Google Ads,GG-200309,Search - Brand - Exact | Android | APAC | UGC,10283,383,121.79,57
2025-10-17,Google Ads,GG-200310,UAC - Value | Android | APAC | Playables,13820,321,172.41,46
2025-10-17,Google Ads,GG-200311,Search - Non-Brand - Broad | iOS | US | Static,19592,414,177.9,90
2025-10-17,Google Ads,GG-200312,Search - Brand - Exact | iOS | US | Playables,8098,183,81.54,22
2025-10-17,Google Ads,GG-200313,Search - Non-Brand - Broad | Android | LATAM | Carousel,8851,192,41.28,17
2025-10-17,Google Ads,GG-200314,UAC - Value | iOS | US | Carousel,19392,629,433.0,167
2025-10-17,Google Ads,GG-200315,UAC - Value | iOS | MENA | UGC,11452,402,241.32,111
2025-10-17,Google Ads,GG-200316,UAC - Value | Android | LATAM | Carousel,38938,1011,474.46,268
2025-10-17,Google Ads,GG-200317,Search - Brand - Exact | Android | LATAM | Playables,7174,347,147.93,76
2025-10-17,Google Ads,GG-200318,Search - Non-Brand - Broad | Android | LATAM | Video,7911,186,57.86,26
2025-10-17,Google Ads,GG-200319,UAC - Installs | iOS | US | Static,16980,750,303.38,102
2025-10-17,Google Ads,GG-200320,UAC - Value | Android | MENA | UGC,17924,495,201.46,70
2025-10-17,Google Ads,GG-200321,UAC - Value | Android | MENA | UGC,9428,382,154.86,49
2025-10-17,Google Ads,GG-200322,Search - Non-Brand - Broad | Android | APAC | Playables,13124,341,71.44,42
2025-10-17,Google Ads,GG-200323,Search - Non-Brand - Broad | Android | APAC | Carousel,14691,529,232.81,92
2025-10-17,Google Ads,GG-200324,Search - Brand - Exact | Android | LATAM | UGC,11974,377,165.24,72
2025-10-17,Google Ads,GG-200325,Search - Non-Brand - Broad | iOS | US | UGC,9980,391,152.14,28
2025-10-17,Google Ads,GG-200326,UAC - Value | Android | APAC | Playables,18015,438,225.66,131
2025-10-17,Google Ads,GG-200327,UAC - Value | iOS | APAC | UGC,19971,439,219.46,69
2025-10-17,Google Ads,GG-200328,Search - Brand - Exact | iOS | EU | Video,9571,381,196.33,62
2025-10-17,Google Ads,GG-200329,UAC - Installs | Android | LATAM | Video,15753,373,218.84,79
2025-10-17,Google Ads,GG-200330,Search - Non-Brand - Broad | Android | MENA | Carousel,9755,453,200.23,78
2025-10-17,Google Ads,GG-200331,Search - Brand - Exact | iOS | MENA | UGC,12423,517,192.27,62
2025-10-17,Google Ads,GG-200332,UAC - Installs | Android | LATAM | Playables,12249,305,161.16,47
2025-10-17,Google Ads,GG-200333,Search - Non-Brand - Broad | Android | APAC | Playables,13260,608,246.54,56
2025-10-17,Google Ads,GG-200334,UAC - Installs | iOS | US | Static,23711,745,350.82,154
2025-10-17,Google Ads,GG-200335,UAC - Installs | Android | APAC | Carousel,18015,655,333.07,129
2025-10-17,Google Ads,GG-200336,Search - Non-Brand - Broad | Android | APAC | Video,10935,223,94.15,37
2025-10-17,Google Ads,GG-200337,UAC - Value | Android | MENA | Carousel,24529,700,233.73,206
2025-10-17,Google Ads,GG-200338,Search - Non-Brand - Broad | Android | MENA | Static,23895,763,172.67,75
2025-10-17,Google Ads,GG-200339,UAC - Installs | Android | US | Playables,27055,844,324.43,206
2025-10-17,Google Ads,GG-200340,Search - Non-Brand - Broad | iOS | MENA | Playables,12598,555,204.02,108
2025-10-17,Google Ads,GG-200341,UAC - Installs | iOS | LATAM | Carousel,16008,392,215.87,88
2025-10-17,Google Ads,GG-200342,Search - Brand - Exact | Android | EU | UGC,13513,482,151.44,89
2025-10-17,Google Ads,GG-200343,Search - Non-Brand - Broad | iOS | EU | Static,11882,268,133.89,34
2025-10-17,Google Ads,GG-200344,UAC - Value | Android | LATAM | Static,17005,737,228.4,215
2025-10-17,Google Ads,GG-200345,UAC - Installs | iOS | EU | Playables,19968,685,296.81,164
2025-10-17,Google Ads,GG-200346,Search - Brand - Exact | iOS | APAC | UGC,8057,227,67.42,26
2025-10-17,Google Ads,GG-200347,UAC - Installs | Android | APAC | Playables,17008,771,303.54,107
2025-10-17,Google Ads,GG-200348,UAC - Installs | iOS | APAC | UGC,9972,412,163.93,63
2025-10-17,Google Ads,GG-200349,UAC - Installs | Android | US | UGC,13319,608,217.79,155
2025-10-18,Google Ads,GG-200000,Search - Brand - Exact | iOS | US | Carousel,18324,743,391.78,119
2025-10-18,Google Ads,GG-200001,UAC - Value | Android | US | Static,18454,419,237.74,105
2025-10-18,Google Ads,GG-200002,Search - Non-Brand - Broad | iOS | MENA | Playables,11110,242,76.4,36
2025-10-18,Google Ads,GG-200003,UAC - Value | iOS | LATAM | Carousel,16157,709,272.97,168
2025-10-18,Google Ads,GG-200004,Search - Brand - Exact | iOS | LATAM | Playables,20369,870,224.29,166
2025-10-18,Google Ads,GG-200005,Search - Brand - Exact | iOS | US | Carousel,11091,472,244.17,77
2025-10-18,Google Ads,GG-200006,Search - Non-Brand - Broad | iOS | LATAM | Carousel,9555,423,140.73,89
2025-10-18,Google Ads,GG-200007,Search - Non-Brand - Broad | iOS | US | Playables,10057,370,187.85,73
2025-10-18,Google Ads,GG-200008,Search - Non-Brand - Broad | iOS | LATAM | UGC,11384,545,173.15,84
2025-10-18,Google Ads,GG-200009,UAC - Value | Android | LATAM | Playables,7762,256,81.56,65
2025-10-18,Google Ads,GG-200010,Search - Brand - Exact | iOS | EU | Playables,5787,215,110.42,35
2025-10-18,Google Ads,GG-200011,Search - Brand - Exact | iOS | MENA | Carousel,8241,373,112.12,25
2025-10-18,Google Ads,GG-200012,Search - Non-Brand - Broad | iOS | LATAM | Static,8656,298,120.39,38
2025-10-18,Google Ads,GG-200013,Search - Non-Brand - Broad | iOS | APAC | Static,13924,570,270.18,74
2025-10-18,Google Ads,GG-200014,UAC - Installs | Android | EU | Video,16520,486,207.96,69
2025-10-18,Google Ads,GG-200015,Search - Brand - Exact | Android | MENA | Playables,18623,764,314.31,80
2025-10-18,Google Ads,GG-200016,UAC - Value | iOS | MENA | Static,25318,1236,760.39,320
2025-10-18,Google Ads,GG-200017,Search - Non-Brand - Broad | Android | EU | Static,12590,295,103.22,68
2025-10-18,Google Ads,GG-200018,UAC - Installs | iOS | US | UGC,23616,1147,780.76,223
2025-10-18,Google Ads,GG-200019,UAC - Installs | Android | APAC | Playables,17165,818,338.16,110
2025-10-18,Google Ads,GG-200020,Search - Non-Brand - Broad | iOS | EU | Playables,11350,345,156.01,21
2025-10-18,Google Ads,GG-200021,UAC - Installs | iOS | APAC | Static,14395,352,196.73,64
2025-10-18,Google Ads,GG-200022,UAC - Value | iOS | APAC | Carousel,19406,778,401.45,159
2025-10-18,Google Ads,GG-200023,Search - Non-Brand - Broad | iOS | EU | Static,12486,554,216.17,94
2025-10-18,Google Ads,GG-200024,UAC - Installs | iOS | US | UGC,13300,529,325.33,136
2025-10-18,Google Ads,GG-200025,UAC - Installs | Android | MENA | Video,29868,1203,407.94,169
2025-10-18,Google Ads,GG-200026,UAC - Value | Android | EU | Carousel,19911,771,452.65,128
2025-10-18,Google Ads,GG-200027,Search - Non-Brand - Broad | Android | APAC | Video,6179,130,35.16,12
2025-10-18,Google Ads,GG-200028,UAC - Value | iOS | LATAM | Video,16860,816,341.25,192
2025-10-18,Google Ads,GG-200029,UAC - Installs | Android | APAC | Playables,9913,403,197.11,72
2025-10-18,Google Ads,GG-200030,UAC - Installs | Android | APAC | Video,15813,376,199.96,87
2025-10-18,Google Ads,GG-200031,Search - Brand - Exact | Android | US | Carousel,11947,332,112.78,27
2025-10-18,Google Ads,GG-200032,Search - Brand - Exact | iOS | EU | Static,4874,134,53.04,10
2025-10-18,Google Ads,GG-200033,UAC - Value | iOS | APAC | Static,14278,696,373.4,106
2025-10-18,Google Ads,GG-200034,Search - Brand - Exact | iOS | MENA | Video,12805,599,284.94,104
2025-10-18,Google Ads,GG-200035,Search - Non-Brand - Broad | Android | LATAM | Static,9858,324,75.36,34
2025-10-18,Google Ads,GG-200036,Search - Non-Brand - Broad | iOS | US | Carousel,5699,221,81.37,13
2025-10-18,Google Ads,GG-200037,Search - Non-Brand - Broad | iOS | US | Video,13326,643,327.29,127
2025-10-18,Google Ads,GG-200038,Search - Brand - Exact | iOS | MENA | UGC,5672,134,42.0,26
2025-10-18,Google Ads,GG-200039,Search - Brand - Exact | Android | APAC | Playables,10739,239,56.21,20
2025-10-18,Google Ads,GG-200040,UAC - Value | Android | EU | Carousel,15857,546,284.47,153
2025-10-18,Google Ads,GG-200041,Search - Non-Brand - Broad | Android | MENA | Carousel,10191,261,115.26,45
2025-10-18,Google Ads,GG-200042,UAC - Installs | iOS | EU | Video,19338,398,161.35,95
2025-10-18,Google Ads,GG-200043,Search - Brand - Exact | Android | MENA | Playables,6135,243,97.01,37
2025-10-18,Google Ads,GG-200044,UAC - Value | iOS | APAC | Video,16245,638,413.81,126
2025-10-18,Google Ads,GG-200045,UAC - Installs | iOS | LATAM | Video,6869,213,120.41,23
2025-10-18,Google Ads,GG-200046,Search - Brand - Exact | Android | LATAM | Static,4754,179,62.67,26
2025-10-18,Google Ads,GG-200047,UAC - Installs | iOS | EU | Video,16309,464,221.98,63
2025-10-18,Google Ads,GG-200048,UAC - Value | iOS | EU | UGC,13877,436,241.67,50
2025-10-18,Google Ads,GG-200049,UAC - Value | Android | EU | Video,10307,445,159.67,68
2025-10-18,Google Ads,GG-200050,Search - Brand - Exact | Android | LATAM | Static,20839,997,476.57,178
2025-10-18,Google Ads,GG-200051,UAC - Installs | Android | US | Carousel,15762,534,273.57,119
2025-10-18,Google Ads,GG-200052,UAC - Installs | iOS | MENA | UGC,11345,263,162.72,46
2025-10-18,Google Ads,GG-200053,UAC - Installs | Android | EU | Carousel,11462,476,181.83,66
2025-10-18,Google Ads,GG-200054,Search - Brand - Exact | Android | LATAM | Carousel,22200,660,215.42,109
2025-10-18,Google Ads,GG-200055,UAC - Value | iOS | APAC | UGC,8432,398,161.99,61
2025-10-18,Google Ads,GG-200056,UAC - Value | iOS | LATAM | Static,21611,1067,656.1,185
2025-10-18,Google Ads,GG-200057,UAC - Installs | iOS | LATAM | Playables,17971,715,333.69,141
2025-10-18,Google Ads,GG-200058,UAC - Value | Android | APAC | Video,8984,274,92.31,58
2025-10-18,Google Ads,GG-200059,UAC - Installs | Android | MENA | Carousel,10234,492,172.2,81
2025-10-18,Google Ads,GG-200060,UAC - Installs | Android | US | Carousel,12495,381,171.6,72
2025-10-18,Google Ads,GG-200061,UAC - Value | iOS | APAC | Playables,17890,883,315.14,197
2025-10-18,Google Ads,GG-200062,UAC - Value | Android | APAC | Carousel,15882,786,361.64,196
2025-10-18,Google Ads,GG-200063,UAC - Value | Android | LATAM | Playables,25488,593,228.48,121
2025-10-18,Google Ads,GG-200064,UAC - Value | iOS | US | Video,12122,400,243.76,44
2025-10-18,Google Ads,GG-200065,Search - Brand - Exact | iOS | MENA | Static,11143,538,288.15,86
2025-10-18,Google Ads,GG-200066,Search - Brand - Exact | Android | MENA | UGC,9317,316,89.27,45
2025-10-18,Google Ads,GG-200067,UAC - Installs | Android | US | Static,9549,192,107.92,39
2025-10-18,Google Ads,GG-200068,Search - Brand - Exact | iOS | APAC | Playables,8443,219,67.54,47
2025-10-18,Google Ads,GG-200069,UAC - Installs | Android | APAC | Carousel,10274,435,258.61,91
2025-10-18,Google Ads,GG-200070,Search - Non-Brand - Broad | iOS | US | Playables,7745,206,92.76,28
2025-10-18,Google Ads,GG-200071,UAC - Installs | iOS | APAC | Carousel,11717,371,143.69,83
2025-10-18,Google Ads,GG-200072,Search - Non-Brand - Broad | Android | US | Video,13637,357,107.39,80
2025-10-18,Google Ads,GG-200073,Search - Brand - Exact | iOS | MENA | UGC,9674,439,192.33,47
2025-10-18,Google Ads,GG-200074,Search - Non-Brand - Broad | iOS | LATAM | UGC,10666,481,139.63,85
2025-10-18,Google Ads,GG-200075,Search - Brand - Exact | iOS | APAC | Static,10802,381,148.97,44
2025-10-18,Google Ads,GG-200076,Search - Non-Brand - Broad | Android | US | UGC,8519,282,131.13,54
2025-10-18,Google Ads,GG-200077,UAC - Installs | iOS | US | Carousel,13946,567,248.29,70
2025-10-18,Google Ads,GG-200078,UAC - Installs | Android | MENA | Playables,20173,470,179.16,74
2025-10-18,Google Ads,GG-200079,UAC - Installs | iOS | EU | Static,17370,711,341.99,174
2025-10-18,Google Ads,GG-200080,Search - Non-Brand - Broad | Android | US | Static,18391,812,300.93,131
2025-10-18,Google Ads,GG-200081,UAC - Installs | Android | APAC | Video,24612,662,291.28,123
2025-10-18,Google Ads,GG-200082,Search - Non-Brand - Broad | iOS | APAC | Playables,7027,338,159.94,51
2025-10-18,Google Ads,GG-200083,UAC - Value | Android | US | Carousel,19027,723,258.69,103
2025-10-18,Google Ads,GG-200084,UAC - Value | iOS | MENA | UGC,12047,360,155.2,88
2025-10-18,Google Ads,GG-200085,Search - Brand - Exact | Android | EU | Carousel,6702,271,104.47,49
2025-10-18,Google Ads,GG-200086,UAC - Installs | iOS | APAC | Playables,17679,863,440.13,155
2025-10-18,Google Ads,GG-200087,Search - Non-Brand - Broad | Android | MENA | Playables,8502,263,111.93,59
2025-10-18,Google Ads,GG-200088,Search - Brand - Exact | Android | APAC | Playables,8323,251,69.78,59
2025-10-18,Google Ads,GG-200089,UAC - Installs | Android | MENA | Static,18217,401,120.74,116
2025-10-18,Google Ads,GG-200090,Search - Non-Brand - Broad | Android | EU | Carousel,8190,263,66.12,48
2025-10-18,Google Ads,GG-200091,Search - Brand - Exact | iOS | MENA | Carousel,9693,307,117.49,26
2025-10-18,Google Ads,GG-200092,UAC - Installs | iOS | EU | Playables,6798,215,132.1,55
2025-10-18,Google Ads,GG-200093,Search - Brand - Exact | Android | LATAM | Playables,9245,350,145.04,58
2025-10-18,Google Ads,GG-200094,Search - Non-Brand - Broad | Android | MENA | Playables,7199,251,118.35,42
2025-10-18,Google Ads,GG-200095,UAC - Installs | Android | MENA | Playables,10560,376,212.03,55
2025-10-18,Google Ads,GG-200096,Search - Brand - Exact | Android | US | Video,19941,447,156.58,82
2025-10-18,Google Ads,GG-200097,UAC - Value | iOS | EU | Playables,15423,491,238.53,75
2025-10-18,Google Ads,GG-200098,UAC - Installs | Android | APAC | Playables,16204,778,447.04,144
2025-10-18,Google Ads,GG-200099,UAC - Value | iOS | APAC | Static,12181,434,219.69,96
2025-10-18,Google Ads,GG-200100,Search - Brand - Exact | iOS | APAC | Video,19447,607,212.09,79
2025-10-18,Google Ads,GG-200101,UAC - Value | Android | APAC | UGC,17620,653,225.15,118
2025-10-18,Google Ads,GG-200102,Search - Non-Brand - Broad | iOS | EU | Carousel,12861,324,166.02,26
2025-10-18,Google Ads,GG-200103,UAC - Value | iOS | LATAM | Carousel,17806,487,275.69,125
2025-10-18,Google Ads,GG-200104,Search - Brand - Exact | Android | LATAM | Playables,8484,177,74.61,29
2025-10-18,Google Ads,GG-200105,Search - Brand - Exact | iOS | EU | UGC,9172,328,185.94,29
2025-10-18,Google Ads,GG-200106,Search - Non-Brand - Broad | iOS | APAC | Static,10595,255,126.81,26
2025-10-18,Google Ads,GG-200107,UAC - Value | Android | US | Carousel,16445,491,172.64,140
2025-10-18,Google Ads,GG-200108,UAC - Installs | iOS | EU | Static,22239,904,425.78,229
2025-10-18,Google Ads,GG-200109,UAC - Value | iOS | EU | Static,30116,617,318.68,100
2025-10-18,Google Ads,GG-200110,UAC - Value | iOS | APAC | Carousel,22261,819,495.74,135
2025-10-18,Google Ads,GG-200111,UAC - Value | Android | US | UGC,28299,1228,748.96,161
2025-10-18,Google Ads,GG-200112,UAC - Installs | Android | EU | Playables,27806,779,456.42,179
2025-10-18,Google Ads,GG-200113,UAC - Value | Android | US | Carousel,28338,566,261.1,136
2025-10-18,Google Ads,GG-200114,Search - Brand - Exact | iOS | LATAM | Playables,9904,421,153.5,90
2025-10-18,Google Ads,GG-200115,UAC - Installs | Android | APAC | Static,16996,599,212.35,107
2025-10-18,Google Ads,GG-200116,Search - Brand - Exact | iOS | APAC | Carousel,9729,217,62.52,17
2025-10-18,Google Ads,GG-200117,Search - Non-Brand - Broad | iOS | US | Playables,7203,319,116.5,47
2025-10-18,Google Ads,GG-200118,Search - Brand - Exact | iOS | MENA | Carousel,18315,857,287.01,70
2025-10-18,Google Ads,GG-200119,UAC - Installs | iOS | MENA | UGC,11231,464,271.21,114
2025-10-18,Google Ads,GG-200120,UAC - Value | Android | EU | Video,17318,786,355.11,193
2025-10-18,Google Ads,GG-200121,UAC - Installs | iOS | LATAM | Playables,9425,330,144.94,73
2025-10-18,Google Ads,GG-200122,UAC - Value | Android | EU | Playables,9160,439,267.57,104
2025-10-18,Google Ads,GG-200123,Search - Non-Brand - Broad | Android | US | Video,9577,279,128.87,49
2025-10-18,Google Ads,GG-200124,UAC - Value | iOS | APAC | Playables,19888,541,297.23,114
2025-10-18,Google Ads,GG-200125,Search - Non-Brand - Broad | Android | MENA | Playables,8329,193,54.6,43
2025-10-18,Google Ads,GG-200126,Search - Non-Brand - Broad | iOS | MENA | Carousel,11612,334,178.06,16
2025-10-18,Google Ads,GG-200127,UAC - Installs | iOS | MENA | Carousel,15114,671,339.86,166
2025-10-18,Google Ads,GG-200128,UAC - Value | iOS | MENA | Carousel,20393,793,424.1,112
2025-10-18,Google Ads,GG-200129,Search - Brand - Exact | Android | LATAM | Carousel,16524,512,201.93,94
2025-10-18,Google Ads,GG-200130,Search - Brand - Exact | iOS | MENA | Carousel,17717,421,199.13,66
2025-10-18,Google Ads,GG-200131,Search - Non-Brand - Broad | iOS | LATAM | Playables,9597,370,103.01,66
2025-10-18,Google Ads,GG-200132,Search - Non-Brand - Broad | Android | MENA | UGC,16779,815,313.69,168
2025-10-18,Google Ads,GG-200133,Search - Brand - Exact | iOS | EU | Static,16678,822,357.73,85
2025-10-18,Google Ads,GG-200134,UAC - Value | Android | EU | Video,17923,791,385.61,129
2025-10-18,Google Ads,GG-200135,UAC - Value | iOS | APAC | Static,9559,326,167.99,60
2025-10-18,Google Ads,GG-200136,UAC - Value | Android | APAC | Playables,27291,1274,695.35,196
2025-10-18,Google Ads,GG-200137,Search - Non-Brand - Broad | Android | EU | Playables,13608,329,156.31,46
2025-10-18,Google Ads,GG-200138,UAC - Value | iOS | APAC | Playables,14347,424,203.31,93
2025-10-18,Google Ads,GG-200139,UAC - Installs | iOS | EU | UGC,16916,396,248.25,70
2025-10-18,Google Ads,GG-200140,UAC - Value | iOS | LATAM | Playables,8920,325,141.38,61
2025-10-18,Google Ads,GG-200141,UAC - Installs | Android | EU | Carousel,14494,556,271.49,81
2025-10-18,Google Ads,GG-200142,Search - Non-Brand - Broad | Android | LATAM | Carousel,9695,433,115.52,100
2025-10-18,Google Ads,GG-200143,UAC - Installs | iOS | LATAM | UGC,14230,373,198.96,49
2025-10-18,Google Ads,GG-200144,UAC - Value | iOS | LATAM | Video,15557,643,400.52,173
2025-10-18,Google Ads,GG-200145,UAC - Installs | iOS | LATAM | Static,16860,520,222.35,111
2025-10-18,Google Ads,GG-200146,UAC - Installs | Android | LATAM | Video,11924,394,205.0,105
2025-10-18,Google Ads,GG-200147,Search - Non-Brand - Broad | iOS | LATAM | UGC,17214,705,340.44,127
2025-10-18,Google Ads,GG-200148,UAC - Installs | Android | MENA | Carousel,17096,668,260.65,185
2025-10-18,Google Ads,GG-200149,Search - Non-Brand - Broad | Android | US | Playables,3443,83,37.84,14
2025-10-18,Google Ads,GG-200150,Search - Non-Brand - Broad | Android | US | Playables,18491,486,243.19,100
2025-10-18,Google Ads,GG-200151,UAC - Value | Android | US | Video,22780,1064,466.24,187
2025-10-18,Google Ads,GG-200152,Search - Non-Brand - Broad | iOS | APAC | Video,7284,291,150.48,63
2025-10-18,Google Ads,GG-200153,UAC - Value | Android | MENA | Static,12187,572,274.5,163
2025-10-18,Google Ads,GG-200154,UAC - Installs | iOS | APAC | Static,22767,688,357.97,168
2025-10-18,Google Ads,GG-200155,Search - Brand - Exact | iOS | LATAM | Video,6068,190,63.75,37
2025-10-18,Google Ads,GG-200156,Search - Non-Brand - Broad | Android | MENA | Video,10539,526,261.26,101
2025-10-18,Google Ads,GG-200157,UAC - Value | iOS | EU | Video,13529,313,206.99,61
2025-10-18,Google Ads,GG-200158,Search - Brand - Exact | iOS | EU | Carousel,24521,809,459.43,91
2025-10-18,Google Ads,GG-200159,Search - Brand - Exact | Android | LATAM | Playables,10203,396,182.28,27
2025-10-18,Google Ads,GG-200160,UAC - Value | iOS | LATAM | UGC,16829,767,277.81,129
2025-10-18,Google Ads,GG-200161,UAC - Installs | Android | MENA | UGC,22408,871,480.01,225
2025-10-18,Google Ads,GG-200162,Search - Non-Brand - Broad | Android | US | Carousel,10848,453,173.45,47
2025-10-18,Google Ads,GG-200163,Search - Brand - Exact | iOS | LATAM | Static,14255,368,167.0,56
2025-10-18,Google Ads,GG-200164,Search - Non-Brand - Broad | iOS | LATAM | Playables,5971,237,67.97,44
2025-10-18,Google Ads,GG-200165,UAC - Value | Android | MENA | UGC,19408,617,243.47,128
2025-10-18,Google Ads,GG-200166,Search - Brand - Exact | iOS | US | UGC,7764,181,60.58,10
2025-10-18,Google Ads,GG-200167,UAC - Installs | Android | EU | UGC,23266,883,472.14,260
2025-10-18,Google Ads,GG-200168,UAC - Value | Android | US | Carousel,19933,518,274.64,82
2025-10-18,Google Ads,GG-200169,UAC - Installs | Android | APAC | Carousel,21556,892,322.81,191
2025-10-18,Google Ads,GG-200170,Search - Brand - Exact | iOS | MENA | Playables,16934,452,146.54,79
2025-10-18,Google Ads,GG-200171,Search - Brand - Exact | iOS | LATAM | Static,12827,463,174.78,53
2025-10-18,Google Ads,GG-200172,Search - Non-Brand - Broad | Android | APAC | Carousel,12323,367,133.7,68
2025-10-18,Google Ads,GG-200173,Search - Brand - Exact | iOS | MENA | Carousel,10069,401,143.88,41
2025-10-18,Google Ads,GG-200174,Search - Non-Brand - Broad | iOS | LATAM | Playables,16541,384,193.46,44
2025-10-18,Google Ads,GG-200175,Search - Non-Brand - Broad | Android | EU | UGC,13405,656,295.53,87
2025-10-18,Google Ads,GG-200176,UAC - Value | iOS | MENA | Carousel,17090,534,327.72,118
2025-10-18,Google Ads,GG-200177,Search - Non-Brand - Broad | iOS | MENA | Static,8236,264,77.38,17
2025-10-18,Google Ads,GG-200178,UAC - Installs | Android | MENA | UGC,17785,861,511.43,173
2025-10-18,Google Ads,GG-200179,Search - Brand - Exact | Android | MENA | Video,15763,636,287.66,145
2025-10-18,Google Ads,GG-200180,Search - Non-Brand - Broad | Android | MENA | Playables,15424,398,124.18,58
2025-10-18,Google Ads,GG-200181,UAC - Value | Android | LATAM | Playables,28444,919,466.76,235
2025-10-18,Google Ads,GG-200182,UAC - Value | Android | EU | Playables,20541,654,414.64,158
2025-10-18,Google Ads,GG-200183,Search - Brand - Exact | Android | MENA | UGC,11608,550,226.44,114
2025-10-18,Google Ads,GG-200184,UAC - Value | iOS | EU | Playables,13959,469,225.73,108
2025-10-18,Google Ads,GG-200185,UAC - Value | iOS | MENA | Video,41561,1624,580.9,343
2025-10-18,Google Ads,GG-200186,UAC - Installs | iOS | US | UGC,20705,565,314.03,135
2025-10-18,Google Ads,GG-200187,Search - Brand - Exact | Android | EU | Playables,4811,204,72.46,40
2025-10-18,Google Ads,GG-200188,Search - Brand - Exact | Android | APAC | Carousel,11309,453,162.99,56
2025-10-18,Google Ads,GG-200189,Search - Brand - Exact | Android | US | UGC,30156,655,275.49,122
2025-10-18,Google Ads,GG-200190,Search - Non-Brand - Broad | iOS | APAC | Static,6907,156,41.01,12
2025-10-18,Google Ads,GG-200191,UAC - Value | iOS | LATAM | UGC,23335,1079,548.56,157
2025-10-18,Google Ads,GG-200192,Search - Non-Brand - Broad | iOS | APAC | Video,13288,372,196.97,23
2025-10-18,Google Ads,GG-200193,UAC - Value | iOS | US | Static,16701,434,174.08,62
2025-10-18,Google Ads,GG-200194,Search - Brand - Exact | Android | EU | Video,7277,309,155.4,22
2025-10-18,Google Ads,GG-200195,UAC - Value | iOS | APAC | Playables,19209,913,405.65,201
2025-10-18,Google Ads,GG-200196,UAC - Value | iOS | EU | Static,8756,269,164.76,41
2025-10-18,Google Ads,GG-200197,Search - Non-Brand - Broad | iOS | EU | Carousel,9317,351,158.13,21
2025-10-18,Google Ads,GG-200198,Search - Brand - Exact | Android | US | UGC,6683,201,67.21,43
2025-10-18,Google Ads,GG-200199,Search - Brand - Exact | Android | EU | Video,12857,465,220.69,94
2025-10-18,Google Ads,GG-200200,Search - Brand - Exact | Android | APAC | Playables,13601,664,250.59,114
2025-10-18,Google Ads,GG-200201,UAC - Value | Android | US | UGC,10500,321,177.8,76
2025-10-18,Google Ads,GG-200202,Search - Brand - Exact | Android | MENA | Static,9119,240,73.82,22
2025-10-18,Google Ads,GG-200203,Search - Non-Brand - Broad | Android | MENA | Carousel,12958,499,164.97,109
2025-10-18,Google Ads,GG-200204,UAC - Installs | iOS | MENA | Playables,18937,852,399.42,184
2025-10-18,Google Ads,GG-200205,Search - Non-Brand - Broad | Android | LATAM | Static,21961,465,194.65,103
2025-10-18,Google Ads,GG-200206,Search - Brand - Exact | iOS | LATAM | Carousel,9336,220,111.01,16
2025-10-18,Google Ads,GG-200207,UAC - Value | Android | APAC | Playables,12861,304,112.97,81
2025-10-18,Google Ads,GG-200208,UAC - Installs | Android | LATAM | UGC,17113,847,377.93,198
2025-10-18,Google Ads,GG-200209,UAC - Installs | iOS | APAC | Static,14222,285,142.87,57
2025-10-18,Google Ads,GG-200210,UAC - Value | iOS | EU | Playables,13808,683,349.01,111
2025-10-18,Google Ads,GG-200211,Search - Non-Brand - Broad | Android | EU | Carousel,11129,262,131.73,39
2025-10-18,Google Ads,GG-200212,UAC - Value | iOS | US | Playables,36622,1366,563.07,283
2025-10-18,Google Ads,GG-200213,Search - Non-Brand - Broad | iOS | MENA | Playables,10961,325,160.09,58
2025-10-18,Google Ads,GG-200214,Search - Non-Brand - Broad | iOS | EU | Carousel,13791,554,322.48,61
2025-10-18,Google Ads,GG-200215,UAC - Installs | iOS | US | UGC,12730,403,210.49,109
2025-10-18,Google Ads,GG-200216,Search - Brand - Exact | Android | MENA | Static,11310,249,63.99,27
2025-10-18,Google Ads,GG-200217,Search - Brand - Exact | iOS | APAC | Playables,12424,412,226.39,23
2025-10-18,Google Ads,GG-200218,Search - Non-Brand - Broad | Android | EU | Playables,9824,416,225.01,32
2025-10-18,Google Ads,GG-200219,UAC - Installs | iOS | EU | Carousel,18455,661,266.18,88
2025-10-18,Google Ads,GG-200220,Search - Brand - Exact | Android | EU | Static,17008,676,275.54,111
2025-10-18,Google Ads,GG-200221,Search - Non-Brand - Broad | iOS | EU | Playables,7765,359,192.75,56
2025-10-18,Google Ads,GG-200222,UAC - Installs | iOS | EU | Playables,18786,759,363.79,132
2025-10-18,Google Ads,GG-200223,UAC - Installs | iOS | APAC | UGC,27330,873,339.25,126
2025-10-18,Google Ads,GG-200224,UAC - Value | iOS | LATAM | Carousel,31976,1557,916.29,248
2025-10-18,Google Ads,GG-200225,UAC - Installs | iOS | US | UGC,16201,646,261.69,127
2025-10-18,Google Ads,GG-200226,UAC - Value | Android | LATAM | Carousel,15886,478,193.35,75
2025-10-18,Google Ads,GG-200227,Search - Non-Brand - Broad | Android | MENA | Static,19759,679,187.54,58
2025-10-18,Google Ads,GG-200228,UAC - Value | Android | LATAM | Playables,14247,620,342.61,142
2025-10-18,Google Ads,GG-200229,UAC - Installs | iOS | EU | Static,19068,514,340.88,102
2025-10-18,Google Ads,GG-200230,Search - Non-Brand - Broad | Android | APAC | Playables,19336,599,248.23,64
2025-10-18,Google Ads,GG-200231,UAC - Installs | iOS | MENA | Carousel,16700,610,279.5,106
2025-10-18,Google Ads,GG-200232,Search - Non-Brand - Broad | iOS | APAC | UGC,19717,810,246.56,45
2025-10-18,Google Ads,GG-200233,UAC - Value | iOS | EU | Static,12549,618,301.27,154
2025-10-18,Google Ads,GG-200234,Search - Brand - Exact | Android | MENA | Video,10429,443,192.57,69
2025-10-18,Google Ads,GG-200235,UAC - Value | Android | US | Video,20948,1003,474.72,173
2025-10-18,Google Ads,GG-200236,Search - Non-Brand - Broad | Android | EU | Video,9605,203,98.29,41
2025-10-18,Google Ads,GG-200237,UAC - Value | Android | EU | Playables,11496,421,190.88,103
2025-10-18,Google Ads,GG-200238,UAC - Value | iOS | US | Playables,11324,289,138.32,37
2025-10-18,Google Ads,GG-200239,UAC - Value | iOS | US | Video,12721,472,202.49,92
2025-10-18,Google Ads,GG-200240,UAC - Installs | Android | US | Playables,11295,485,227.9,112
2025-10-18,Google Ads,GG-200241,UAC - Value | iOS | US | Playables,14335,406,172.47,66
2025-10-18,Google Ads,GG-200242,Search - Non-Brand - Broad | Android | US | Video,17143,735,396.53,147
2025-10-18,Google Ads,GG-200243,UAC - Installs | Android | EU | Playables,12350,318,123.67,90
2025-10-18,Google Ads,GG-200244,Search - Brand - Exact | iOS | LATAM | UGC,22683,685,326.13,113
2025-10-18,Google Ads,GG-200245,Search - Non-Brand - Broad | iOS | APAC | UGC,11885,539,188.97,77
2025-10-18,Google Ads,GG-200246,Search - Brand - Exact | Android | LATAM | Video,11707,557,256.0,49
2025-10-18,Google Ads,GG-200247,UAC - Value | Android | APAC | UGC,15650,514,209.4,90
2025-10-18,Google Ads,GG-200248,Search - Non-Brand - Broad | iOS | US | Video,9284,383,177.48,41
2025-10-18,Google Ads,GG-200249,UAC - Installs | Android | APAC | UGC,21840,540,282.2,156
2025-10-18,Google Ads,GG-200250,Search - Non-Brand - Broad | Android | MENA | Video,10105,245,65.12,21
2025-10-18,Google Ads,GG-200251,UAC - Installs | Android | MENA | UGC,15758,408,206.9,88
2025-10-18,Google Ads,GG-200252,Search - Brand - Exact | Android | US | Carousel,19343,493,163.58,93
2025-10-18,Google Ads,GG-200253,Search - Non-Brand - Broad | Android | LATAM | Video,8441,357,148.33,31
2025-10-18,Google Ads,GG-200254,UAC - Installs | Android | APAC | Video,10870,540,314.5,116
2025-10-18,Google Ads,GG-200255,UAC - Value | Android | MENA | Static,11482,381,167.53,57
2025-10-18,Google Ads,GG-200256,Search - Brand - Exact | iOS | APAC | Static,10449,457,133.76,80
2025-10-18,Google Ads,GG-200257,UAC - Value | iOS | US | Video,16824,392,217.76,81
2025-10-18,Google Ads,GG-200258,UAC - Value | Android | US | Carousel,14986,619,266.48,168
2025-10-18,Google Ads,GG-200259,UAC - Value | iOS | US | Carousel,27254,964,646.75,160
2025-10-18,Google Ads,GG-200260,UAC - Value | iOS | EU | Carousel,9318,245,145.46,29
2025-10-18,Google Ads,GG-200261,UAC - Value | iOS | EU | Playables,16872,729,411.59,99
2025-10-18,Google Ads,GG-200262,Search - Non-Brand - Broad | Android | MENA | Carousel,11165,392,124.11,58
2025-10-18,Google Ads,GG-200263,Search - Non-Brand - Broad | Android | US | Carousel,18187,647,241.14,102
2025-10-18,Google Ads,GG-200264,UAC - Installs | iOS | EU | UGC,15433,619,399.19,171
2025-10-18,Google Ads,GG-200265,Search - Brand - Exact | iOS | US | Video,5242,181,64.51,14
2025-10-18,Google Ads,GG-200266,UAC - Installs | iOS | APAC | Carousel,22747,666,345.39,182
2025-10-18,Google Ads,GG-200267,Search - Non-Brand - Broad | Android | EU | Video,14877,360,140.51,47
2025-10-18,Google Ads,GG-200268,UAC - Value | iOS | APAC | Playables,9904,348,207.09,53
2025-10-18,Google Ads,GG-200269,UAC - Installs | Android | US | Video,44165,1630,782.4,435
2025-10-18,Google Ads,GG-200270,UAC - Installs | Android | MENA | Playables,22377,471,222.55,91
2025-10-18,Google Ads,GG-200271,UAC - Value | iOS | US | Carousel,11760,288,200.88,62
2025-10-18,Google Ads,GG-200272,Search - Non-Brand - Broad | iOS | US | Playables,11890,402,217.08,77
2025-10-18,Google Ads,GG-200273,Search - Non-Brand - Broad | Android | APAC | Static,14215,465,221.8,53
2025-10-18,Google Ads,GG-200274,UAC - Value | iOS | LATAM | Carousel,10555,503,242.5,59
2025-10-18,Google Ads,GG-200275,UAC - Value | Android | US | Static,20438,969,615.41,187
2025-10-18,Google Ads,GG-200276,UAC - Value | iOS | APAC | Carousel,9520,441,280.3,58
2025-10-18,Google Ads,GG-200277,Search - Non-Brand - Broad | Android | LATAM | Carousel,20610,837,282.65,197
2025-10-18,Google Ads,GG-200278,Search - Non-Brand - Broad | iOS | MENA | Playables,7267,221,117.11,35
2025-10-18,Google Ads,GG-200279,UAC - Installs | iOS | US | Static,6750,230,148.63,28
2025-10-18,Google Ads,GG-200280,UAC - Value | Android | APAC | Carousel,14453,527,282.74,115
2025-10-18,Google Ads,GG-200281,UAC - Value | iOS | APAC | Carousel,15051,511,219.83,99
2025-10-18,Google Ads,GG-200282,Search - Non-Brand - Broad | Android | LATAM | Carousel,9179,411,103.98,36
2025-10-18,Google Ads,GG-200283,UAC - Value | iOS | LATAM | Static,20290,702,410.95,171
2025-10-18,Google Ads,GG-200284,Search - Non-Brand - Broad | iOS | LATAM | UGC,14083,621,162.39,36
2025-10-18,Google Ads,GG-200285,UAC - Value | iOS | APAC | Carousel,11696,561,363.64,145
2025-10-18,Google Ads,GG-200286,Search - Non-Brand - Broad | iOS | US | Playables,9131,399,174.76,39
2025-10-18,Google Ads,GG-200287,UAC - Value | Android | MENA | Video,15791,527,260.71,80
2025-10-18,Google Ads,GG-200288,Search - Brand - Exact | Android | APAC | Carousel,2916,143,45.49,10
2025-10-18,Google Ads,GG-200289,UAC - Installs | iOS | APAC | Static,19256,908,360.57,196
2025-10-18,Google Ads,GG-200290,UAC - Value | Android | LATAM | Static,15397,351,210.39,62
2025-10-18,Google Ads,GG-200291,UAC - Value | iOS | US | UGC,16287,569,266.75,76
2025-10-18,Google Ads,GG-200292,UAC - Value | iOS | MENA | Playables,13094,268,103.42,47
2025-10-18,Google Ads,GG-200293,Search - Brand - Exact | Android | LATAM | Playables,11178,246,103.81,55
2025-10-18,Google Ads,GG-200294,Search - Non-Brand - Broad | Android | EU | Carousel,13896,496,201.87,93
2025-10-18,Google Ads,GG-200295,UAC - Installs | Android | MENA | UGC,13948,652,314.52,139
2025-10-18,Google Ads,GG-200296,Search - Brand - Exact | iOS | US | Video,10566,452,210.68,34
2025-10-18,Google Ads,GG-200297,Search - Non-Brand - Broad | iOS | EU | Playables,8312,376,148.86,24
2025-10-18,Google Ads,GG-200298,UAC - Value | iOS | LATAM | UGC,19491,554,326.36,92
2025-10-18,Google Ads,GG-200299,UAC - Value | Android | LATAM | Video,14695,423,141.2,69
2025-10-18,Google Ads,GG-200300,Search - Brand - Exact | Android | LATAM | UGC,21797,909,263.43,158
2025-10-18,Google Ads,GG-200301,UAC - Installs | Android | EU | Carousel,19429,662,251.16,178
2025-10-18,Google Ads,GG-200302,UAC - Value | iOS | APAC | Static,13063,411,145.12,64
2025-10-18,Google Ads,GG-200303,UAC - Value | iOS | APAC | Video,18203,550,292.6,73
2025-10-18,Google Ads,GG-200304,UAC - Installs | iOS | LATAM | Video,18445,838,466.35,216
2025-10-18,Google Ads,GG-200305,UAC - Installs | Android | US | Video,34829,1291,636.33,376
2025-10-18,Google Ads,GG-200306,Search - Non-Brand - Broad | Android | EU | Static,10614,419,184.82,46
2025-10-18,Google Ads,GG-200307,UAC - Value | Android | LATAM | Playables,19044,712,379.5,212
2025-10-18,Google Ads,GG-200308,Search - Non-Brand - Broad | iOS | EU | UGC,7388,177,78.82,9
2025-10-18,Google Ads,GG-200309,Search - Brand - Exact | Android | APAC | UGC,23880,1039,397.73,76
2025-10-18,Google Ads,GG-200310,UAC - Value | Android | APAC | Playables,25259,925,386.28,198
2025-10-18,Google Ads,GG-200311,Search - Non-Brand - Broad | iOS | US | Static,9826,341,164.57,32
2025-10-18,Google Ads,GG-200312,Search - Brand - Exact | iOS | US | Playables,7134,166,95.02,16
2025-10-18,Google Ads,GG-200313,Search - Non-Brand - Broad | Android | LATAM | Carousel,7754,161,34.04,31
2025-10-18,Google Ads,GG-200314,UAC - Value | iOS | US | Carousel,14998,642,303.54,106
2025-10-18,Google Ads,GG-200315,UAC - Value | iOS | MENA | UGC,15983,324,150.85,36
2025-10-18,Google Ads,GG-200316,UAC - Value | Android | LATAM | Carousel,28121,1383,672.14,265
2025-10-18,Google Ads,GG-200317,Search - Brand - Exact | Android | LATAM | Playables,16209,559,236.9,39
2025-10-18,Google Ads,GG-200318,Search - Non-Brand - Broad | Android | LATAM | Video,6947,154,62.25,13
2025-10-18,Google Ads,GG-200319,UAC - Installs | iOS | US | Static,18179,771,405.78,112
2025-10-18,Google Ads,GG-200320,UAC - Value | Android | MENA | UGC,13029,590,324.8,173
2025-10-18,Google Ads,GG-200321,UAC - Value | Android | MENA | UGC,16282,740,344.54,148
2025-10-18,Google Ads,GG-200322,Search - Non-Brand - Broad | Android | APAC | Playables,9198,385,133.56,33
2025-10-18,Google Ads,GG-200323,Search - Non-Brand - Broad | Android | APAC | Carousel,5160,132,57.05,13
2025-10-18,Google Ads,GG-200324,Search - Brand - Exact | Android | LATAM | UGC,15378,495,195.57,66
2025-10-18,Google Ads,GG-200325,Search - Non-Brand - Broad | iOS | US | UGC,5666,146,44.09,25
2025-10-18,Google Ads,GG-200326,UAC - Value | Android | APAC | Playables,12484,257,127.29,54
2025-10-18,Google Ads,GG-200327,UAC - Value | iOS | APAC | UGC,18362,414,222.77,95
2025-10-18,Google Ads,GG-200328,Search - Brand - Exact | iOS | EU | Video,8567,216,90.94,37
2025-10-18,Google Ads,GG-200329,UAC - Installs | Android | LATAM | Video,10021,428,240.36,109
2025-10-18,Google Ads,GG-200330,Search - Non-Brand - Broad | Android | MENA | Carousel,12998,607,152.3,86
2025-10-18,Google Ads,GG-200331,Search - Brand - Exact | iOS | MENA | UGC,10869,361,109.17,76
2025-10-18,Google Ads,GG-200332,UAC - Installs | Android | LATAM | Playables,7073,254,85.9,33
2025-10-18,Google Ads,GG-200333,Search - Non-Brand - Broad | Android | APAC | Playables,17499,573,121.59,101
2025-10-18,Google Ads,GG-200334,UAC - Installs | iOS | US | Static,28606,984,548.58,265
2025-10-18,Google Ads,GG-200335,UAC - Installs | Android | APAC | Carousel,10691,238,81.52,34
2025-10-18,Google Ads,GG-200336,Search - Non-Brand - Broad | Android | APAC | Video,8593,262,62.43,55
2025-10-18,Google Ads,GG-200337,UAC - Value | Android | MENA | Carousel,9364,263,92.97,72
2025-10-18,Google Ads,GG-200338,Search - Non-Brand - Broad | Android | MENA | Static,12686,485,202.29,43
2025-10-18,Google Ads,GG-200339,UAC - Installs | Android | US | Playables,15664,371,238.0,52
2025-10-18,Google Ads,GG-200340,Search - Non-Brand - Broad | iOS | MENA | Playables,8653,216,64.48,42
2025-10-18,Google Ads,GG-200341,UAC - Installs | iOS | LATAM | Carousel,11717,552,268.66,132
2025-10-18,Google Ads,GG-200342,Search - Brand - Exact | Android | EU | UGC,10136,374,159.59,41
2025-10-18,Google Ads,GG-200343,Search - Non-Brand - Broad | iOS | EU | Static,10291,392,145.9,80
2025-10-18,Google Ads,GG-200344,UAC - Value | Android | LATAM | Static,13708,379,193.78,81
2025-10-18,Google Ads,GG-200345,UAC - Installs | iOS | EU | Playables,18784,606,250.04,102
2025-10-18,Google Ads,GG-200346,Search - Brand - Exact | iOS | APAC | UGC,10637,233,69.39,24
2025-10-18,Google Ads,GG-200347,UAC - Installs | Android | APAC | Playables,37657,1796,793.65,532
2025-10-18,Google Ads,GG-200348,UAC - Installs | iOS | APAC | UGC,10745,427,188.9,71
2025-10-18,Google Ads,GG-200349,UAC - Installs | Android | US | UGC,7855,173,85.67,28
2025-10-19,Google Ads,GG-200000,Search - Brand - Exact | iOS | US | Carousel,16312,791,431.1,169
2025-10-19,Google Ads,GG-200001,UAC - Value | Android | US | Static,19834,527,331.96,139
2025-10-19,Google Ads,GG-200002,Search - Non-Brand - Broad | iOS | MENA | Playables,6721,146,45.61,29
2025-10-19,Google Ads,GG-200003,UAC - Value | iOS | LATAM | Carousel,15600,734,463.74,144
2025-10-19,Google Ads,GG-200004,Search - Brand - Exact | iOS | LATAM | Playables,7338,202,91.36,43
2025-10-19,Google Ads,GG-200005,Search - Brand - Exact | iOS | US | Carousel,4849,212,104.94,23
2025-10-19,Google Ads,GG-200006,Search - Non-Brand - Broad | iOS | LATAM | Carousel,8414,174,58.9,30
2025-10-19,Google Ads,GG-200007,Search - Non-Brand - Broad | iOS | US | Playables,5337,188,78.13,37
2025-10-19,Google Ads,GG-200008,Search - Non-Brand - Broad | iOS | LATAM | UGC,19681,934,302.9,56
2025-10-19,Google Ads,GG-200009,UAC - Value | Android | LATAM | Playables,15551,440,234.21,64
2025-10-19,Google Ads,GG-200010,Search - Brand - Exact | iOS | EU | Playables,6985,163,72.55,16
2025-10-19,Google Ads,GG-200011,Search - Brand - Exact | iOS | MENA | Carousel,12013,277,126.98,54
2025-10-19,Google Ads,GG-200012,Search - Non-Brand - Broad | iOS | LATAM | Static,8195,165,70.34,9
2025-10-19,Google Ads,GG-200013,Search - Non-Brand - Broad | iOS | APAC | Static,8646,198,55.06,36
2025-10-19,Google Ads,GG-200014,UAC - Installs | Android | EU | Video,7557,248,111.58,44
2025-10-19,Google Ads,GG-200015,Search - Brand - Exact | Android | MENA | Playables,9065,417,130.77,61
2025-10-19,Google Ads,GG-200016,UAC - Value | iOS | MENA | Static,21289,1061,414.85,191
2025-10-19,Google Ads,GG-200017,Search - Non-Brand - Broad | Android | EU | Static,12119,589,166.57,47
2025-10-19,Google Ads,GG-200018,UAC - Installs | iOS | US | UGC,14629,327,163.3,51
2025-10-19,Google Ads,GG-200019,UAC - Installs | Android | APAC | Playables,10868,329,141.44,53
2025-10-19,Google Ads,GG-200020,Search - Non-Brand - Broad | iOS | EU | Playables,4750,121,59.17,15
2025-10-19,Google Ads,GG-200021,UAC - Installs | iOS | APAC | Static,15166,539,215.11,134
2025-10-19,Google Ads,GG-200022,UAC - Value | iOS | APAC | Carousel,20038,572,233.2,74
2025-10-19,Google Ads,GG-200023,Search - Non-Brand - Broad | iOS | EU | Static,13665,530,228.01,31
2025-10-19,Google Ads,GG-200024,UAC - Installs | iOS | US | UGC,16045,676,383.43,178
2025-10-19,Google Ads,GG-200025,UAC - Installs | Android | MENA | Video,9394,206,70.76,60
2025-10-19,Google Ads,GG-200026,UAC - Value | Android | EU | Carousel,20752,705,406.43,122
2025-10-19,Google Ads,GG-200027,Search - Non-Brand - Broad | Android | APAC | Video,5438,268,105.24,63
2025-10-19,Google Ads,GG-200028,UAC - Value | iOS | LATAM | Video,10114,258,102.35,35
2025-10-19,Google Ads,GG-200029,UAC - Installs | Android | APAC | Playables,21134,650,201.7,190
2025-10-19,Google Ads,GG-200030,UAC - Installs | Android | APAC | Video,13054,504,199.68,126
2025-10-19,Google Ads,GG-200031,Search - Brand - Exact | Android | US | Carousel,12752,435,193.01,87
2025-10-19,Google Ads,GG-200032,Search - Brand - Exact | iOS | EU | Static,7302,198,79.83,19
2025-10-19,Google Ads,GG-200033,UAC - Value | iOS | APAC | Static,20439,647,289.14,96
2025-10-19,Google Ads,GG-200034,Search - Brand - Exact | iOS | MENA | Video,3656,137,64.42,26
2025-10-19,Google Ads,GG-200035,Search - Non-Brand - Broad | Android | LATAM | Static,11188,536,183.04,99
2025-10-19,Google Ads,GG-200036,Search - Non-Brand - Broad | iOS | US | Carousel,12371,371,189.69,66
2025-10-19,Google Ads,GG-200037,Search - Non-Brand - Broad | iOS | US | Video,4099,184,67.51,10
2025-10-19,Google Ads,GG-200038,Search - Brand - Exact | iOS | MENA | UGC,19433,449,224.72,55
2025-10-19,Google Ads,GG-200039,Search - Brand - Exact | Android | APAC | Playables,7792,307,103.06,28
2025-10-19,Google Ads,GG-200040,UAC - Value | Android | EU | Carousel,19346,757,298.56,180
2025-10-19,Google Ads,GG-200041,Search - Non-Brand - Broad | Android | MENA | Carousel,18621,921,223.8,115
2025-10-19,Google Ads,GG-200042,UAC - Installs | iOS | EU | Video,32172,916,600.9,236
2025-10-19,Google Ads,GG-200043,Search - Brand - Exact | Android | MENA | Playables,10810,240,48.7,27
2025-10-19,Google Ads,GG-200044,UAC - Value | iOS | APAC | Video,22594,487,249.59,85
2025-10-19,Google Ads,GG-200045,UAC - Installs | iOS | LATAM | Video,12452,366,151.05,55
2025-10-19,Google Ads,GG-200046,Search - Brand - Exact | Android | LATAM | Static,11355,436,114.76,50
2025-10-19,Google Ads,GG-200047,UAC - Installs | iOS | EU | Video,19601,574,389.17,130
2025-10-19,Google Ads,GG-200048,UAC - Value | iOS | EU | UGC,11462,409,169.9,107
2025-10-19,Google Ads,GG-200049,UAC - Value | Android | EU | Video,23217,593,322.0,145
2025-10-19,Google Ads,GG-200050,Search - Brand - Exact | Android | LATAM | Static,8619,226,53.97,38
2025-10-19,Google Ads,GG-200051,UAC - Installs | Android | US | Carousel,13674,639,249.21,168
2025-10-19,Google Ads,GG-200052,UAC - Installs | iOS | MENA | UGC,23497,502,230.72,132
2025-10-19,Google Ads,GG-200053,UAC - Installs | Android | EU | Carousel,17394,702,353.67,161
2025-10-19,Google Ads,GG-200054,Search - Brand - Exact | Android | LATAM | Carousel,9174,409,195.91,42
2025-10-19,Google Ads,GG-200055,UAC - Value | iOS | APAC | UGC,21257,1005,650.24,179
2025-10-19,Google Ads,GG-200056,UAC - Value | iOS | LATAM | Static,9267,238,123.69,42
2025-10-19,Google Ads,GG-200057,UAC - Installs | iOS | LATAM | Playables,16046,418,201.89,54
2025-10-19,Google Ads,GG-200058,UAC - Value | Android | APAC | Video,13338,597,194.92,97
2025-10-19,Google Ads,GG-200059,UAC - Installs | Android | MENA | Carousel,9915,256,124.13,75
2025-10-19,Google Ads,GG-200060,UAC - Installs | Android | US | Carousel,12587,415,192.06,98
2025-10-19,Google Ads,GG-200061,UAC - Value | iOS | APAC | Playables,13981,393,238.24,96
2025-10-19,Google Ads,GG-200062,UAC - Value | Android | APAC | Carousel,16287,570,209.87,124
2025-10-19,Google Ads,GG-200063,UAC - Value | Android | LATAM | Playables,12706,605,276.61,151
2025-10-19,Google Ads,GG-200064,UAC - Value | iOS | US | Video,10951,315,175.77,81
2025-10-19,Google Ads,GG-200065,Search - Brand - Exact | iOS | MENA | Static,11485,560,276.86,107
2025-10-19,Google Ads,GG-200066,Search - Brand - Exact | Android | MENA | UGC,12060,357,169.47,26
2025-10-19,Google Ads,GG-200067,UAC - Installs | Android | US | Static,7301,272,160.1,78
2025-10-19,Google Ads,GG-200068,Search - Brand - Exact | iOS | APAC | Playables,8196,291,77.64,24
2025-10-19,Google Ads,GG-200069,UAC - Installs | Android | APAC | Carousel,12006,542,217.67,155
2025-10-19,Google Ads,GG-200070,Search - Non-Brand - Broad | iOS | US | Playables,12680,301,164.74,41
2025-10-19,Google Ads,GG-200071,UAC - Installs | iOS | APAC | Carousel,29393,1434,667.38,228
2025-10-19,Google Ads,GG-200072,Search - Non-Brand - Broad | Android | US | Video,7178,291,82.7,69
2025-10-19,Google Ads,GG-200073,Search - Brand - Exact | iOS | MENA | UGC,14419,658,300.25,65
2025-10-19,Google Ads,GG-200074,Search - Non-Brand - Broad | iOS | LATAM | UGC,11580,465,170.61,72
2025-10-19,Google Ads,GG-200075,Search - Brand - Exact | iOS | APAC | Static,6765,152,43.55,27
2025-10-19,Google Ads,GG-200076,Search - Non-Brand - Broad | Android | US | UGC,11990,380,187.07,73
2025-10-19,Google Ads,GG-200077,UAC - Installs | iOS | US | Carousel,10395,329,139.17,86
2025-10-19,Google Ads,GG-200078,UAC - Installs | Android | MENA | Playables,20164,767,372.69,161
2025-10-19,Google Ads,GG-200079,UAC - Installs | iOS | EU | Static,21264,994,562.41,131
2025-10-19,Google Ads,GG-200080,Search - Non-Brand - Broad | Android | US | Static,8379,192,103.03,17
2025-10-19,Google Ads,GG-200081,UAC - Installs | Android | APAC | Video,17345,413,153.26,68
2025-10-19,Google Ads,GG-200082,Search - Non-Brand - Broad | iOS | APAC | Playables,6354,133,51.3,27
2025-10-19,Google Ads,GG-200083,UAC - Value | Android | US | Carousel,16861,711,373.56,123
2025-10-19,Google Ads,GG-200084,UAC - Value | iOS | MENA | UGC,17320,516,203.36,109
2025-10-19,Google Ads,GG-200085,Search - Brand - Exact | Android | EU | Carousel,16408,411,105.22,54
2025-10-19,Google Ads,GG-200086,UAC - Installs | iOS | APAC | Playables,9777,234,128.14,42
2025-10-19,Google Ads,GG-200087,Search - Non-Brand - Broad | Android | MENA | Playables,9617,207,72.76,41
2025-10-19,Google Ads,GG-200088,Search - Brand - Exact | Android | APAC | Playables,11720,447,193.91,61
2025-10-19,Google Ads,GG-200089,UAC - Installs | Android | MENA | Static,13858,480,270.43,116
2025-10-19,Google Ads,GG-200090,Search - Non-Brand - Broad | Android | EU | Carousel,11595,378,97.79,39
2025-10-19,Google Ads,GG-200091,Search - Brand - Exact | iOS | MENA | Carousel,8492,361,130.5,32
2025-10-19,Google Ads,GG-200092,UAC - Installs | iOS | EU | Playables,18687,426,197.24,50
2025-10-19,Google Ads,GG-200093,Search - Brand - Exact | Android | LATAM | Playables,11528,286,129.53,23
2025-10-19,Google Ads,GG-200094,Search - Non-Brand - Broad | Android | MENA | Playables,16395,617,168.81,66
2025-10-19,Google Ads,GG-200095,UAC - Installs | Android | MENA | Playables,8098,346,125.15,83
2025-10-19,Google Ads,GG-200096,Search - Brand - Exact | Android | US | Video,13620,318,105.67,30
2025-10-19,Google Ads,GG-200097,UAC - Value | iOS | EU | Playables,13703,615,334.13,83
2025-10-19,Google Ads,GG-200098,UAC - Installs | Android | APAC | Playables,18161,439,169.06,63
2025-10-19,Google Ads,GG-200099,UAC - Value | iOS | APAC | Static,13842,386,143.13,45
2025-10-19,Google Ads,GG-200100,Search - Brand - Exact | iOS | APAC | Video,12482,258,108.82,46
2025-10-19,Google Ads,GG-200101,UAC - Value | Android | APAC | UGC,15673,371,122.06,85
2025-10-19,Google Ads,GG-200102,Search - Non-Brand - Broad | iOS | EU | Carousel,12326,522,261.26,80
2025-10-19,Google Ads,GG-200103,UAC - Value | iOS | LATAM | Carousel,15167,587,235.33,137
2025-10-19,Google Ads,GG-200104,Search - Brand - Exact | Android | LATAM | Playables,14409,533,165.87,115
2025-10-19,Google Ads,GG-200105,Search - Brand - Exact | iOS | EU | UGC,6761,235,79.08,44
2025-10-19,Google Ads,GG-200106,Search - Non-Brand - Broad | iOS | APAC | Static,12148,578,304.95,126
2025-10-19,Google Ads,GG-200107,UAC - Value | Android | US | Carousel,22282,446,256.67,93
2025-10-19,Google Ads,GG-200108,UAC - Installs | iOS | EU | Static,20408,424,267.54,101
2025-10-19,Google Ads,GG-200109,UAC - Value | iOS | EU | Static,11177,513,306.88,90
2025-10-19,Google Ads,GG-200110,UAC - Value | iOS | APAC | Carousel,12929,532,208.07,110
2025-10-19,Google Ads,GG-200111,UAC - Value | Android | US | UGC,18193,833,440.07,170
2025-10-19,Google Ads,GG-200112,UAC - Installs | Android | EU | Playables,27586,1149,738.81,285
2025-10-19,Google Ads,GG-200113,UAC - Value | Android | US | Carousel,24655,723,259.48,135
2025-10-19,Google Ads,GG-200114,Search - Brand - Exact | iOS | LATAM | Playables,7562,244,99.19,40
2025-10-19,Google Ads,GG-200115,UAC - Installs | Android | APAC | Static,18728,812,386.67,137
2025-10-19,Google Ads,GG-200116,Search - Brand - Exact | iOS | APAC | Carousel,15236,496,211.25,41
2025-10-19,Google Ads,GG-200117,Search - Non-Brand - Broad | iOS | US | Playables,8042,221,69.75,16
2025-10-19,Google Ads,GG-200118,Search - Brand - Exact | iOS | MENA | Carousel,10063,476,139.75,60
2025-10-19,Google Ads,GG-200119,UAC - Installs | iOS | MENA | UGC,17925,639,341.48,118
2025-10-19,Google Ads,GG-200120,UAC - Value | Android | EU | Video,17465,695,314.49,202
2025-10-19,Google Ads,GG-200121,UAC - Installs | iOS | LATAM | Playables,12955,495,277.94,119
2025-10-19,Google Ads,GG-200122,UAC - Value | Android | EU | Playables,22149,739,297.74,161
2025-10-19,Google Ads,GG-200123,Search - Non-Brand - Broad | Android | US | Video,13808,543,222.74,41
2025-10-19,Google Ads,GG-200124,UAC - Value | iOS | APAC | Playables,7559,329,169.34,71
2025-10-19,Google Ads,GG-200125,Search - Non-Brand - Broad | Android | MENA | Playables,8011,389,187.07,61
2025-10-19,Google Ads,GG-200126,Search - Non-Brand - Broad | iOS | MENA | Carousel,6444,140,76.33,24
2025-10-19,Google Ads,GG-200127,UAC - Installs | iOS | MENA | Carousel,13077,313,171.65,60
2025-10-19,Google Ads,GG-200128,UAC - Value | iOS | MENA | Carousel,11525,455,270.04,52
2025-10-19,Google Ads,GG-200129,Search - Brand - Exact | Android | LATAM | Carousel,14732,398,172.49,82
2025-10-19,Google Ads,GG-200130,Search - Brand - Exact | iOS | MENA | Carousel,8049,381,181.2,34
2025-10-19,Google Ads,GG-200131,Search - Non-Brand - Broad | iOS | LATAM | Playables,11166,387,149.19,24
2025-10-19,Google Ads,GG-200132,Search - Non-Brand - Broad | Android | MENA | UGC,19638,917,285.28,162
2025-10-19,Google Ads,GG-200133,Search - Brand - Exact | iOS | EU | Static,9386,391,211.73,32
2025-10-19,Google Ads,GG-200134,UAC - Value | Android | EU | Video,9870,459,229.04,79
2025-10-19,Google Ads,GG-200135,UAC - Value | iOS | APAC | Static,21249,786,500.29,213
2025-10-19,Google Ads,GG-200136,UAC - Value | Android | APAC | Playables,13325,328,186.14,50
2025-10-19,Google Ads,GG-200137,Search - Non-Brand - Broad | Android | EU | Playables,12453,507,194.28,64
2025-10-19,Google Ads,GG-200138,UAC - Value | iOS | APAC | Playables,25239,1138,410.7,194
2025-10-19,Google Ads,GG-200139,UAC - Installs | iOS | EU | UGC,23213,634,396.19,96
2025-10-19,Google Ads,GG-200140,UAC - Value | iOS | LATAM | Playables,18071,610,375.7,113
2025-10-19,Google Ads,GG-200141,UAC - Installs | Android | EU | Carousel,14384,597,249.67,140
2025-10-19,Google Ads,GG-200142,Search - Non-Brand - Broad | Android | LATAM | Carousel,9770,484,132.66,46
2025-10-19,Google Ads,GG-200143,UAC - Installs | iOS | LATAM | UGC,23091,487,199.86,97
2025-10-19,Google Ads,GG-200144,UAC - Value | iOS | LATAM | Video,8474,375,192.41,78
2025-10-19,Google Ads,GG-200145,UAC - Installs | iOS | LATAM | Static,19754,549,237.77,91
2025-10-19,Google Ads,GG-200146,UAC - Installs | Android | LATAM | Video,19427,860,453.56,150
2025-10-19,Google Ads,GG-200147,Search - Non-Brand - Broad | iOS | LATAM | UGC,7874,267,67.28,52
2025-10-19,Google Ads,GG-200148,UAC - Installs | Android | MENA | Carousel,19814,670,227.06,171
2025-10-19,Google Ads,GG-200149,Search - Non-Brand - Broad | Android | US | Playables,7445,286,154.21,29
2025-10-19,Google Ads,GG-200150,Search - Non-Brand - Broad | Android | US | Playables,19788,732,347.11,140
2025-10-19,Google Ads,GG-200151,UAC - Value | Android | US | Video,14925,542,229.21,88
2025-10-19,Google Ads,GG-200152,Search - Non-Brand - Broad | iOS | APAC | Video,8508,303,105.41,61
2025-10-19,Google Ads,GG-200153,UAC - Value | Android | MENA | Static,12942,621,298.51,116
2025-10-19,Google Ads,GG-200154,UAC - Installs | iOS | APAC | Static,11185,430,159.14,72
2025-10-19,Google Ads,GG-200155,Search - Brand - Exact | iOS | LATAM | Video,9400,468,142.69,39
2025-10-19,Google Ads,GG-200156,Search - Non-Brand - Broad | Android | MENA | Video,20708,711,204.84,66
2025-10-19,Google Ads,GG-200157,UAC - Value | iOS | EU | Video,17571,703,470.52,150
2025-10-19,Google Ads,GG-200158,Search - Brand - Exact | iOS | EU | Carousel,9626,249,123.9,33
2025-10-19,Google Ads,GG-200159,Search - Brand - Exact | Android | LATAM | Playables,16111,771,334.54,156
2025-10-19,Google Ads,GG-200160,UAC - Value | iOS | LATAM | UGC,7768,368,194.16,77
2025-10-19,Google Ads,GG-200161,UAC - Installs | Android | MENA | UGC,20509,423,168.99,96
2025-10-19,Google Ads,GG-200162,Search - Non-Brand - Broad | Android | US | Carousel,6350,219,59.33,23
2025-10-19,Google Ads,GG-200163,Search - Brand - Exact | iOS | LATAM | Static,9932,293,115.97,28
2025-10-19,Google Ads,GG-200164,Search - Non-Brand - Broad | iOS | LATAM | Playables,11324,506,203.46,61
2025-10-19,Google Ads,GG-200165,UAC - Value | Android | MENA | UGC,19134,631,195.04,132
2025-10-19,Google Ads,GG-200166,Search - Brand - Exact | iOS | US | UGC,4191,146,77.45,9
2025-10-19,Google Ads,GG-200167,UAC - Installs | Android | EU | UGC,10246,408,174.13,101
2025-10-19,Google Ads,GG-200168,UAC - Value | Android | US | Carousel,19247,407,257.18,66
2025-10-19,Google Ads,GG-200169,UAC - Installs | Android | APAC | Carousel,16481,575,221.83,92
2025-10-19,Google Ads,GG-200170,Search - Brand - Exact | iOS | MENA | Playables,15361,661,258.65,102
2025-10-19,Google Ads,GG-200171,Search - Brand - Exact | iOS | LATAM | Static,11283,363,98.55,31
2025-10-19,Google Ads,GG-200172,Search - Non-Brand - Broad | Android | APAC | Carousel,13529,392,156.49,48
2025-10-19,Google Ads,GG-200173,Search - Brand - Exact | iOS | MENA | Carousel,14106,416,175.59,60
2025-10-19,Google Ads,GG-200174,Search - Non-Brand - Broad | iOS | LATAM | Playables,9594,220,67.28,16
2025-10-19,Google Ads,GG-200175,Search - Non-Brand - Broad | Android | EU | UGC,9020,378,197.77,39
2025-10-19,Google Ads,GG-200176,UAC - Value | iOS | MENA | Carousel,21689,681,251.29,162
2025-10-19,Google Ads,GG-200177,Search - Non-Brand - Broad | iOS | MENA | Static,8622,375,150.79,20
2025-10-19,Google Ads,GG-200178,UAC - Installs | Android | MENA | UGC,22746,1096,504.82,210
2025-10-19,Google Ads,GG-200179,Search - Brand - Exact | Android | MENA | Video,11470,530,246.08,95
2025-10-19,Google Ads,GG-200180,Search - Non-Brand - Broad | Android | MENA | Playables,23715,685,149.4,101
2025-10-19,Google Ads,GG-200181,UAC - Value | Android | LATAM | Playables,27344,614,247.01,96
2025-10-19,Google Ads,GG-200182,UAC - Value | Android | EU | Playables,14760,450,284.04,89
2025-10-19,Google Ads,GG-200183,Search - Brand - Exact | Android | MENA | UGC,8558,414,83.63,58
2025-10-19,Google Ads,GG-200184,UAC - Value | iOS | EU | Playables,15774,379,154.1,60
2025-10-19,Google Ads,GG-200185,UAC - Value | iOS | MENA | Video,16784,340,134.98,91
2025-10-19,Google Ads,GG-200186,UAC - Installs | iOS | US | UGC,19113,658,321.56,74
2025-10-19,Google Ads,GG-200187,Search - Brand - Exact | Android | EU | Playables,11072,228,78.71,44
2025-10-19,Google Ads,GG-200188,Search - Brand - Exact | Android | APAC | Carousel,17441,467,147.1,56
2025-10-19,Google Ads,GG-200189,Search - Brand - Exact | Android | US | UGC,19798,470,133.86,103
2025-10-19,Google Ads,GG-200190,Search - Non-Brand - Broad | iOS | APAC | Static,8005,311,123.75,49
2025-10-19,Google Ads,GG-200191,UAC - Value | iOS | LATAM | UGC,21579,925,361.49,183
2025-10-19,Google Ads,GG-200192,Search - Non-Brand - Broad | iOS | APAC | Video,8267,218,91.8,30
2025-10-19,Google Ads,GG-200193,UAC - Value | iOS | US | Static,12665,256,136.76,30
2025-10-19,Google Ads,GG-200194,Search - Brand - Exact | Android | EU | Video,9714,216,81.11,38
2025-10-19,Google Ads,GG-200195,UAC - Value | iOS | APAC | Playables,18502,624,298.4,101
2025-10-19,Google Ads,GG-200196,UAC - Value | iOS | EU | Static,12867,267,123.65,30
2025-10-19,Google Ads,GG-200197,Search - Non-Brand - Broad | iOS | EU | Carousel,9456,358,185.73,58
2025-10-19,Google Ads,GG-200198,Search - Brand - Exact | Android | US | UGC,8721,408,170.38,67
2025-10-19,Google Ads,GG-200199,Search - Brand - Exact | Android | EU | Video,25592,636,333.9,106
2025-10-19,Google Ads,GG-200200,Search - Brand - Exact | Android | APAC | Playables,18587,682,256.3,95
2025-10-19,Google Ads,GG-200201,UAC - Value | Android | US | UGC,17741,787,405.38,133
2025-10-19,Google Ads,GG-200202,Search - Brand - Exact | Android | MENA | Static,8875,387,111.84,40
2025-10-19,Google Ads,GG-200203,Search - Non-Brand - Broad | Android | MENA | Carousel,14523,509,197.75,46
2025-10-19,Google Ads,GG-200204,UAC - Installs | iOS | MENA | Playables,7027,288,169.0,61
2025-10-19,Google Ads,GG-200205,Search - Non-Brand - Broad | Android | LATAM | Static,12753,374,163.33,59
2025-10-19,Google Ads,GG-200206,Search - Brand - Exact | iOS | LATAM | Carousel,11392,498,246.21,109
2025-10-19,Google Ads,GG-200207,UAC - Value | Android | APAC | Playables,15860,435,205.02,98
2025-10-19,Google Ads,GG-200208,UAC - Installs | Android | LATAM | UGC,37644,892,306.22,218
2025-10-19,Google Ads,GG-200209,UAC - Installs | iOS | APAC | Static,13040,321,190.8,73
2025-10-19,Google Ads,GG-200210,UAC - Value | iOS | EU | Playables,13402,340,204.85,62
2025-10-19,Google Ads,GG-200211,Search - Non-Brand - Broad | Android | EU | Carousel,11426,518,147.32,102
2025-10-19,Google Ads,GG-200212,UAC - Value | iOS | US | Playables,18379,869,527.83,165
2025-10-19,Google Ads,GG-200213,Search - Non-Brand - Broad | iOS | MENA | Playables,5763,157,57.76,25
2025-10-19,Google Ads,GG-200214,Search - Non-Brand - Broad | iOS | EU | Carousel,9597,349,179.32,69
2025-10-19,Google Ads,GG-200215,UAC - Installs | iOS | US | UGC,17869,743,506.95,184
2025-10-19,Google Ads,GG-200216,Search - Brand - Exact | Android | MENA | Static,24162,696,313.13,136
2025-10-19,Google Ads,GG-200217,Search - Brand - Exact | iOS | APAC | Playables,16395,591,254.6,38
2025-10-19,Google Ads,GG-200218,Search - Non-Brand - Broad | Android | EU | Playables,5321,154,53.7,14
2025-10-19,Google Ads,GG-200219,UAC - Installs | iOS | EU | Carousel,12559,575,383.35,87
2025-10-19,Google Ads,GG-200220,Search - Brand - Exact | Android | EU | Static,11971,296,107.6,67
2025-10-19,Google Ads,GG-200221,Search - Non-Brand - Broad | iOS | EU | Playables,14157,483,152.05,101
2025-10-19,Google Ads,GG-200222,UAC - Installs | iOS | EU | Playables,16512,779,411.47,119
2025-10-19,Google Ads,GG-200223,UAC - Installs | iOS | APAC | UGC,25776,863,411.65,171
2025-10-19,Google Ads,GG-200224,UAC - Value | iOS | LATAM | Carousel,13522,641,328.64,175
2025-10-19,Google Ads,GG-200225,UAC - Installs | iOS | US | UGC,13930,387,214.71,99
2025-10-19,Google Ads,GG-200226,UAC - Value | Android | LATAM | Carousel,19065,848,377.44,196
2025-10-19,Google Ads,GG-200227,Search - Non-Brand - Broad | Android | MENA | Static,10179,390,106.51,62
2025-10-19,Google Ads,GG-200228,UAC - Value | Android | LATAM | Playables,17617,527,228.4,82
2025-10-19,Google Ads,GG-200229,UAC - Installs | iOS | EU | Static,16092,544,280.6,97
2025-10-19,Google Ads,GG-200230,Search - Non-Brand - Broad | Android | APAC | Playables,9840,425,107.1,80
2025-10-19,Google Ads,GG-200231,UAC - Installs | iOS | MENA | Carousel,8182,218,99.71,38
2025-10-19,Google Ads,GG-200232,Search - Non-Brand - Broad | iOS | APAC | UGC,9710,253,85.41,15
2025-10-19,Google Ads,GG-200233,UAC - Value | iOS | EU | Static,18172,441,276.29,92
2025-10-19,Google Ads,GG-200234,Search - Brand - Exact | Android | MENA | Video,11054,223,52.07,16
2025-10-19,Google Ads,GG-200235,UAC - Value | Android | US | Video,26320,1280,651.39,251
2025-10-19,Google Ads,GG-200236,Search - Non-Brand - Broad | Android | EU | Video,11729,371,148.33,66
2025-10-19,Google Ads,GG-200237,UAC - Value | Android | EU | Playables,13646,596,243.41,111
2025-10-19,Google Ads,GG-200238,UAC - Value | iOS | US | Playables,17792,629,328.65,106
2025-10-19,Google Ads,GG-200239,UAC - Value | iOS | US | Video,15488,372,171.31,57
2025-10-19,Google Ads,GG-200240,UAC - Installs | Android | US | Playables,26374,839,542.67,190
2025-10-19,Google Ads,GG-200241,UAC - Value | iOS | US | Playables,28525,639,295.22,95
2025-10-19,Google Ads,GG-200242,Search - Non-Brand - Broad | Android | US | Video,6546,277,88.53,52
2025-10-19,Google Ads,GG-200243,UAC - Installs | Android | EU | Playables,20634,752,481.66,113
2025-10-19,Google Ads,GG-200244,Search - Brand - Exact | iOS | LATAM | UGC,7501,261,97.35,50
2025-10-19,Google Ads,GG-200245,Search - Non-Brand - Broad | iOS | APAC | UGC,14869,573,300.54,31
2025-10-19,Google Ads,GG-200246,Search - Brand - Exact | Android | LATAM | Video,10278,496,238.72,113
2025-10-19,Google Ads,GG-200247,UAC - Value | Android | APAC | UGC,18942,930,502.76,148
2025-10-19,Google Ads,GG-200248,Search - Non-Brand - Broad | iOS | US | Video,7899,219,101.77,39
2025-10-19,Google Ads,GG-200249,UAC - Installs | Android | APAC | UGC,12948,343,123.38,58
2025-10-19,Google Ads,GG-200250,Search - Non-Brand - Broad | Android | MENA | Video,17149,837,406.78,154
2025-10-19,Google Ads,GG-200251,UAC - Installs | Android | MENA | UGC,14589,407,133.05,74
2025-10-19,Google Ads,GG-200252,Search - Brand - Exact | Android | US | Carousel,4564,134,45.55,10
2025-10-19,Google Ads,GG-200253,Search - Non-Brand - Broad | Android | LATAM | Video,14926,559,176.36,129
2025-10-19,Google Ads,GG-200254,UAC - Installs | Android | APAC | Video,14157,609,356.45,175
2025-10-19,Google Ads,GG-200255,UAC - Value | Android | MENA | Static,11894,427,164.35,124
2025-10-19,Google Ads,GG-200256,Search - Brand - Exact | iOS | APAC | Static,9988,233,116.15,25
2025-10-19,Google Ads,GG-200257,UAC - Value | iOS | US | Video,15526,727,383.06,130
2025-10-19,Google Ads,GG-200258,UAC - Value | Android | US | Carousel,9406,295,134.52,50
2025-10-19,Google Ads,GG-200259,UAC - Value | iOS | US | Carousel,13449,593,383.55,148
2025-10-19,Google Ads,GG-200260,UAC - Value | iOS | EU | Carousel,21827,561,286.22,84
2025-10-19,Google Ads,GG-200261,UAC - Value | iOS | EU | Playables,16615,377,205.2,90
2025-10-19,Google Ads,GG-200262,Search - Non-Brand - Broad | Android | MENA | Carousel,16472,398,152.95,85
2025-10-19,Google Ads,GG-200263,Search - Non-Brand - Broad | Android | US | Carousel,11584,285,152.85,45
2025-10-19,Google Ads,GG-200264,UAC - Installs | iOS | EU | UGC,15005,623,251.13,118
2025-10-19,Google Ads,GG-200265,Search - Brand - Exact | iOS | US | Video,6682,153,51.99,27
2025-10-19,Google Ads,GG-200266,UAC - Installs | iOS | APAC | Carousel,13386,621,290.38,125
2025-10-19,Google Ads,GG-200267,Search - Non-Brand - Broad | Android | EU | Video,24745,534,192.99,68
2025-10-19,Google Ads,GG-200268,UAC - Value | iOS | APAC | Playables,9899,211,119.87,37
2025-10-19,Google Ads,GG-200269,UAC - Installs | Android | US | Video,19340,710,389.08,127
2025-10-19,Google Ads,GG-200270,UAC - Installs | Android | MENA | Playables,15779,599,226.96,106
2025-10-19,Google Ads,GG-200271,UAC - Value | iOS | US | Carousel,17625,440,198.18,103
2025-10-19,Google Ads,GG-200272,Search - Non-Brand - Broad | iOS | US | Playables,6925,323,115.92,49
2025-10-19,Google Ads,GG-200273,Search - Non-Brand - Broad | Android | APAC | Static,13970,326,99.14,48
2025-10-19,Google Ads,GG-200274,UAC - Value | iOS | LATAM | Carousel,9504,322,149.41,77
2025-10-19,Google Ads,GG-200275,UAC - Value | Android | US | Static,8841,404,187.98,100
2025-10-19,Google Ads,GG-200276,UAC - Value | iOS | APAC | Carousel,17969,647,383.28,151
2025-10-19,Google Ads,GG-200277,Search - Non-Brand - Broad | Android | LATAM | Carousel,8433,419,138.65,39
2025-10-19,Google Ads,GG-200278,Search - Non-Brand - Broad | iOS | MENA | Playables,8360,299,124.29,56
2025-10-19,Google Ads,GG-200279,UAC - Installs | iOS | US | Static,9572,341,149.19,56
2025-10-19,Google Ads,GG-200280,UAC - Value | Android | APAC | Carousel,26612,1174,677.28,177
2025-10-19,Google Ads,GG-200281,UAC - Value | iOS | APAC | Carousel,11991,371,156.49,77
2025-10-19,Google Ads,GG-200282,Search - Non-Brand - Broad | Android | LATAM | Carousel,6565,175,42.03,37
2025-10-19,Google Ads,GG-200283,UAC - Value | iOS | LATAM | Static,13978,558,285.53,103
2025-10-19,Google Ads,GG-200284,Search - Non-Brand - Broad | iOS | LATAM | UGC,7181,222,55.79,34
2025-10-19,Google Ads,GG-200285,UAC - Value | iOS | APAC | Carousel,16653,416,195.94,52
2025-10-19,Google Ads,GG-200286,Search - Non-Brand - Broad | iOS | US | Playables,17983,851,434.78,156
2025-10-19,Google Ads,GG-200287,UAC - Value | Android | MENA | Video,21230,580,301.95,117
2025-10-19,Google Ads,GG-200288,Search - Brand - Exact | Android | APAC | Carousel,9020,441,99.05,73
2025-10-19,Google Ads,GG-200289,UAC - Installs | iOS | APAC | Static,9026,388,138.44,90
2025-10-19,Google Ads,GG-200290,UAC - Value | Android | LATAM | Static,16910,488,245.51,71
2025-10-19,Google Ads,GG-200291,UAC - Value | iOS | US | UGC,17227,410,219.39,60
2025-10-19,Google Ads,GG-200292,UAC - Value | iOS | MENA | Playables,12635,374,179.89,52
2025-10-19,Google Ads,GG-200293,Search - Brand - Exact | Android | LATAM | Playables,15142,497,137.82,83
2025-10-19,Google Ads,GG-200294,Search - Non-Brand - Broad | Android | EU | Carousel,14576,389,99.27,83
2025-10-19,Google Ads,GG-200295,UAC - Installs | Android | MENA | UGC,13547,356,205.77,84
2025-10-19,Google Ads,GG-200296,Search - Brand - Exact | iOS | US | Video,19338,759,240.22,137
2025-10-19,Google Ads,GG-200297,Search - Non-Brand - Broad | iOS | EU | Playables,10472,405,240.33,81
2025-10-19,Google Ads,GG-200298,UAC - Value | iOS | LATAM | UGC,11656,320,122.82,47
2025-10-19,Google Ads,GG-200299,UAC - Value | Android | LATAM | Video,10516,291,174.4,51
2025-10-19,Google Ads,GG-200300,Search - Brand - Exact | Android | LATAM | UGC,14056,568,170.97,63
2025-10-19,Google Ads,GG-200301,UAC - Installs | Android | EU | Carousel,10357,254,90.5,67
2025-10-19,Google Ads,GG-200302,UAC - Value | iOS | APAC | Static,23532,1006,488.01,269
2025-10-19,Google Ads,GG-200303,UAC - Value | iOS | APAC | Video,26118,709,299.13,189
2025-10-19,Google Ads,GG-200304,UAC - Installs | iOS | LATAM | Video,13792,627,261.15,164
2025-10-19,Google Ads,GG-200305,UAC - Installs | Android | US | Video,12460,507,301.16,102
2025-10-19,Google Ads,GG-200306,Search - Non-Brand - Broad | Android | EU | Static,12806,374,181.73,65
2025-10-19,Google Ads,GG-200307,UAC - Value | Android | LATAM | Playables,16796,742,277.58,203
2025-10-19,Google Ads,GG-200308,Search - Non-Brand - Broad | iOS | EU | UGC,16988,641,317.81,127
2025-10-19,Google Ads,GG-200309,Search - Brand - Exact | Android | APAC | UGC,8163,317,66.03,40
2025-10-19,Google Ads,GG-200310,UAC - Value | Android | APAC | Playables,20835,1040,463.32,172
2025-10-19,Google Ads,GG-200311,Search - Non-Brand - Broad | iOS | US | Static,7234,344,148.57,25
2025-10-19,Google Ads,GG-200312,Search - Brand - Exact | iOS | US | Playables,11319,412,208.84,70
2025-10-19,Google Ads,GG-200313,Search - Non-Brand - Broad | Android | LATAM | Carousel,15816,623,147.96,100
2025-10-19,Google Ads,GG-200314,UAC - Value | iOS | US | Carousel,13664,436,294.82,85
2025-10-19,Google Ads,GG-200315,UAC - Value | iOS | MENA | UGC,12210,426,270.04,89
2025-10-19,Google Ads,GG-200316,UAC - Value | Android | LATAM | Carousel,11994,358,151.04,47
2025-10-19,Google Ads,GG-200317,Search - Brand - Exact | Android | LATAM | Playables,5481,137,45.91,31
2025-10-19,Google Ads,GG-200318,Search - Non-Brand - Broad | Android | LATAM | Video,15227,550,111.27,61
2025-10-19,Google Ads,GG-200319,UAC - Installs | iOS | US | Static,9855,232,149.41,60
2025-10-19,Google Ads,GG-200320,UAC - Value | Android | MENA | UGC,19408,389,119.38,110
2025-10-19,Google Ads,GG-200321,UAC - Value | Android | MENA | UGC,12703,560,261.69,117
2025-10-19,Google Ads,GG-200322,Search - Non-Brand - Broad | Android | APAC | Playables,20544,627,149.85,44
2025-10-19,Google Ads,GG-200323,Search - Non-Brand - Broad | Android | APAC | Carousel,17588,793,237.9,90
2025-10-19,Google Ads,GG-200324,Search - Brand - Exact | Android | LATAM | UGC,8822,243,82.38,28
2025-10-19,Google Ads,GG-200325,Search - Non-Brand - Broad | iOS | US | UGC,8856,404,207.01,62
2025-10-19,Google Ads,GG-200326,UAC - Value | Android | APAC | Playables,13615,393,198.23,76
2025-10-19,Google Ads,GG-200327,UAC - Value | iOS | APAC | UGC,22700,474,194.86,103
2025-10-19,Google Ads,GG-200328,Search - Brand - Exact | iOS | EU | Video,6614,228,125.06,35
2025-10-19,Google Ads,GG-200329,UAC - Installs | Android | LATAM | Video,7715,253,93.1,63
2025-10-19,Google Ads,GG-200330,Search - Non-Brand - Broad | Android | MENA | Carousel,6608,237,108.57,20
2025-10-19,Google Ads,GG-200331,Search - Brand - Exact | iOS | MENA | UGC,10009,399,117.94,30
2025-10-19,Google Ads,GG-200332,UAC - Installs | Android | LATAM | Playables,17095,661,255.81,161
2025-10-19,Google Ads,GG-200333,Search - Non-Brand - Broad | Android | APAC | Playables,5679,206,95.91,22
2025-10-19,Google Ads,GG-200334,UAC - Installs | iOS | US | Static,30245,1062,529.62,123
2025-10-19,Google Ads,GG-200335,UAC - Installs | Android | APAC | Carousel,13716,542,315.34,112
2025-10-19,Google Ads,GG-200336,Search - Non-Brand - Broad | Android | APAC | Video,10094,391,129.19,39
2025-10-19,Google Ads,GG-200337,UAC - Value | Android | MENA | Carousel,10057,282,159.7,44
2025-10-19,Google Ads,GG-200338,Search - Non-Brand - Broad | Android | MENA | Static,24678,1214,353.76,149
2025-10-19,Google Ads,GG-200339,UAC - Installs | Android | US | Playables,15260,743,327.37,188
2025-10-19,Google Ads,GG-200340,Search - Non-Brand - Broad | iOS | MENA | Playables,11615,504,170.55,106
2025-10-19,Google Ads,GG-200341,UAC - Installs | iOS | LATAM | Carousel,14601,451,183.87,126
2025-10-19,Google Ads,GG-200342,Search - Brand - Exact | Android | EU | UGC,6880,249,118.42,20
2025-10-19,Google Ads,GG-200343,Search - Non-Brand - Broad | iOS | EU | Static,5522,197,100.45,36
2025-10-19,Google Ads,GG-200344,UAC - Value | Android | LATAM | Static,22693,527,314.51,151
2025-10-19,Google Ads,GG-200345,UAC - Installs | iOS | EU | Playables,12644,447,296.36,54
2025-10-19,Google Ads,GG-200346,Search - Brand - Exact | iOS | APAC | UGC,15649,512,133.12,102
2025-10-19,Google Ads,GG-200347,UAC - Installs | Android | APAC | Playables,13220,547,321.03,103
2025-10-19,Google Ads,GG-200348,UAC - Installs | iOS | APAC | UGC,27822,673,288.38,92
2025-10-19,Google Ads,GG-200349,UAC - Installs | Android | US | UGC,16349,534,334.12,142
2025-10-20,Google Ads,GG-200000,Search - Brand - Exact | iOS | US | Carousel,8556,347,155.28,45
2025-10-20,Google Ads,GG-200001,UAC - Value | Android | US | Static,12147,426,256.07,119
2025-10-20,Google Ads,GG-200002,Search - Non-Brand - Broad | iOS | MENA | Playables,11510,301,130.9,42
2025-10-20,Google Ads,GG-200003,UAC - Value | iOS | LATAM | Carousel,19744,591,268.79,145
2025-10-20,Google Ads,GG-200004,Search - Brand - Exact | iOS | LATAM | Playables,12241,565,161.14,45
2025-10-20,Google Ads,GG-200005,Search - Brand - Exact | iOS | US | Carousel,14838,418,243.74,56
2025-10-20,Google Ads,GG-200006,Search - Non-Brand - Broad | iOS | LATAM | Carousel,10935,481,130.16,83
2025-10-20,Google Ads,GG-200007,Search - Non-Brand - Broad | iOS | US | Playables,6863,176,100.44,14
2025-10-20,Google Ads,GG-200008,Search - Non-Brand - Broad | iOS | LATAM | UGC,7504,200,83.22,21
2025-10-20,Google Ads,GG-200009,UAC - Value | Android | LATAM | Playables,11478,497,295.37,130
2025-10-20,Google Ads,GG-200010,Search - Brand - Exact | iOS | EU | Playables,8104,220,123.02,34
2025-10-20,Google Ads,GG-200011,Search - Brand - Exact | iOS | MENA | Carousel,7870,289,156.38,46
2025-10-20,Google Ads,GG-200012,Search - Non-Brand - Broad | iOS | LATAM | Static,14218,697,283.47,49
2025-10-20,Google Ads,GG-200013,Search - Non-Brand - Broad | iOS | APAC | Static,9458,361,171.76,21
2025-10-20,Google Ads,GG-200014,UAC - Installs | Android | EU | Video,17899,361,146.35,95
2025-10-20,Google Ads,GG-200015,Search - Brand - Exact | Android | MENA | Playables,5652,200,75.54,21
2025-10-20,Google Ads,GG-200016,UAC - Value | iOS | MENA | Static,10625,462,211.6,90
2025-10-20,Google Ads,GG-200017,Search - Non-Brand - Broad | Android | EU | Static,12630,355,144.48,76
2025-10-20,Google Ads,GG-200018,UAC - Installs | iOS | US | UGC,11325,400,234.52,53
2025-10-20,Google Ads,GG-200019,UAC - Installs | Android | APAC | Playables,13041,260,79.9,71
2025-10-20,Google Ads,GG-200020,Search - Non-Brand - Broad | iOS | EU | Playables,6315,145,64.13,17
2025-10-20,Google Ads,GG-200021,UAC - Installs | iOS | APAC | Static,13926,590,232.87,153
2025-10-20,Google Ads,GG-200022,UAC - Value | iOS | APAC | Carousel,15853,779,294.46,183
2025-10-20,Google Ads,GG-200023,Search - Non-Brand - Broad | iOS | EU | Static,10919,432,171.85,67
2025-10-20,Google Ads,GG-200024,UAC - Installs | iOS | US | UGC,17305,417,287.19,95
2025-10-20,Google Ads,GG-200025,UAC - Installs | Android | MENA | Video,15952,409,191.66,105
2025-10-20,Google Ads,GG-200026,UAC - Value | Android | EU | Carousel,16706,544,287.18,74
2025-10-20,Google Ads,GG-200027,Search - Non-Brand - Broad | Android | APAC | Video,16306,640,260.54,80
2025-10-20,Google Ads,GG-200028,UAC - Value | iOS | LATAM | Video,21543,675,358.43,158
2025-10-20,Google Ads,GG-200029,UAC - Installs | Android | APAC | Playables,23783,717,228.58,124
2025-10-20,Google Ads,GG-200030,UAC - Installs | Android | APAC | Video,11147,461,217.41,86
2025-10-20,Google Ads,GG-200031,Search - Brand - Exact | Android | US | Carousel,13597,591,177.24,89
2025-10-20,Google Ads,GG-200032,Search - Brand - Exact | iOS | EU | Static,10504,462,196.07,27
2025-10-20,Google Ads,GG-200033,UAC - Value | iOS | APAC | Static,14631,484,217.27,76
2025-10-20,Google Ads,GG-200034,Search - Brand - Exact | iOS | MENA | Video,9743,446,174.56,84
2025-10-20,Google Ads,GG-200035,Search - Non-Brand - Broad | Android | LATAM | Static,9957,449,169.86,43
2025-10-20,Google Ads,GG-200036,Search - Non-Brand - Broad | iOS | US | Carousel,9925,311,123.09,37
2025-10-20,Google Ads,GG-200037,Search - Non-Brand - Broad | iOS | US | Video,21011,839,363.29,81
2025-10-20,Google Ads,GG-200038,Search - Brand - Exact | iOS | MENA | UGC,13237,617,216.81,74
2025-10-20,Google Ads,GG-200039,Search - Brand - Exact | Android | APAC | Playables,9159,409,110.23,94
2025-10-20,Google Ads,GG-200040,UAC - Value | Android | EU | Carousel,17461,474,289.52,63
2025-10-20,Google Ads,GG-200041,Search - Non-Brand - Broad | Android | MENA | Carousel,21425,948,335.4,143
2025-10-20,Google Ads,GG-200042,UAC - Installs | iOS | EU | Video,12686,353,199.55,75
2025-10-20,Google Ads,GG-200043,Search - Brand - Exact | Android | MENA | Playables,9708,431,134.86,46
2025-10-20,Google Ads,GG-200044,UAC - Value | iOS | APAC | Video,8448,206,79.35,50
2025-10-20,Google Ads,GG-200045,UAC - Installs | iOS | LATAM | Video,17659,768,310.2,141
2025-10-20,Google Ads,GG-200046,Search - Brand - Exact | Android | LATAM | Static,6868,138,41.3,16
2025-10-20,Google Ads,GG-200047,UAC - Installs | iOS | EU | Video,14496,553,262.68,136
2025-10-20,Google Ads,GG-200048,UAC - Value | iOS | EU | UGC,8705,324,203.5,54
2025-10-20,Google Ads,GG-200049,UAC - Value | Android | EU | Video,14164,475,300.15,134
2025-10-20,Google Ads,GG-200050,Search - Brand - Exact | Android | LATAM | Static,11529,379,187.3,64
2025-10-20,Google Ads,GG-200051,UAC - Installs | Android | US | Carousel,26276,672,262.89,116
2025-10-20,Google Ads,GG-200052,UAC - Installs | iOS | MENA | UGC,22972,1062,663.01,253
2025-10-20,Google Ads,GG-200053,UAC - Installs | Android | EU | Carousel,21355,833,413.67,109
2025-10-20,Google Ads,GG-200054,Search - Brand - Exact | Android | LATAM | Carousel,9937,228,65.07,20
2025-10-20,Google Ads,GG-200055,UAC - Value | iOS | APAC | UGC,21730,580,358.67,150
2025-10-20,Google Ads,GG-200056,UAC - Value | iOS | LATAM | Static,38569,1814,678.25,261
2025-10-20,Google Ads,GG-200057,UAC - Installs | iOS | LATAM | Playables,19230,600,243.66,165
2025-10-20,Google Ads,GG-200058,UAC - Value | Android | APAC | Video,22422,730,249.0,203
2025-10-20,Google Ads,GG-200059,UAC - Installs | Android | MENA | Carousel,22288,813,404.63,212
2025-10-20,Google Ads,GG-200060,UAC - Installs | Android | US | Carousel,20679,566,256.51,160
2025-10-20,Google Ads,GG-200061,UAC - Value | iOS | APAC | Playables,9522,230,126.82,64
2025-10-20,Google Ads,GG-200062,UAC - Value | Android | APAC | Carousel,19835,943,551.56,207
2025-10-20,Google Ads,GG-200063,UAC - Value | Android | LATAM | Playables,11553,402,187.05,76
2025-10-20,Google Ads,GG-200064,UAC - Value | iOS | US | Video,10360,387,257.86,82
2025-10-20,Google Ads,GG-200065,Search - Brand - Exact | iOS | MENA | Static,16795,344,137.02,54
2025-10-20,Google Ads,GG-200066,Search - Brand - Exact | Android | MENA | UGC,16626,656,175.28,131
2025-10-20,Google Ads,GG-200067,UAC - Installs | Android | US | Static,16631,700,430.29,160
2025-10-20,Google Ads,GG-200068,Search - Brand - Exact | iOS | APAC | Playables,20379,507,136.13,71
2025-10-20,Google Ads,GG-200069,UAC - Installs | Android | APAC | Carousel,21259,1019,467.42,147
2025-10-20,Google Ads,GG-200070,Search - Non-Brand - Broad | iOS | US | Playables,4547,124,45.07,15
2025-10-20,Google Ads,GG-200071,UAC - Installs | iOS | APAC | Carousel,9286,223,131.06,50
2025-10-20,Google Ads,GG-200072,Search - Non-Brand - Broad | Android | US | Video,13551,316,165.2,27
2025-10-20,Google Ads,GG-200073,Search - Brand - Exact | iOS | MENA | UGC,17452,523,240.89,110
2025-10-20,Google Ads,GG-200074,Search - Non-Brand - Broad | iOS | LATAM | UGC,19583,433,143.89,24
2025-10-20,Google Ads,GG-200075,Search - Brand - Exact | iOS | APAC | Static,7642,260,140.84,30
2025-10-20,Google Ads,GG-200076,Search - Non-Brand - Broad | Android | US | UGC,10251,280,146.86,47
2025-10-20,Google Ads,GG-200077,UAC - Installs | iOS | US | Carousel,15694,600,343.74,77
2025-10-20,Google Ads,GG-200078,UAC - Installs | Android | MENA | Playables,18859,555,170.0,135
2025-10-20,Google Ads,GG-200079,UAC - Installs | iOS | EU | Static,14344,574,288.15,158
2025-10-20,Google Ads,GG-200080,Search - Non-Brand - Broad | Android | US | Static,12726,455,125.58,81
2025-10-20,Google Ads,GG-200081,UAC - Installs | Android | APAC | Video,12620,322,118.08,46
2025-10-20,Google Ads,GG-200082,Search - Non-Brand - Broad | iOS | APAC | Playables,8239,203,73.1,31
2025-10-20,Google Ads,GG-200083,UAC - Value | Android | US | Carousel,16435,735,294.15,199
2025-10-20,Google Ads,GG-200084,UAC - Value | iOS | MENA | UGC,24201,653,247.1,107
2025-10-20,Google Ads,GG-200085,Search - Brand - Exact | Android | EU | Carousel,7795,384,194.76,87
2025-10-20,Google Ads,GG-200086,UAC - Installs | iOS | APAC | Playables,15111,481,244.11,126
2025-10-20,Google Ads,GG-200087,Search - Non-Brand - Broad | Android | MENA | Playables,11775,360,178.13,42
2025-10-20,Google Ads,GG-200088,Search - Brand - Exact | Android | APAC | Playables,25875,813,388.04,115
2025-10-20,Google Ads,GG-200089,UAC - Installs | Android | MENA | Static,13240,463,237.1,119
2025-10-20,Google Ads,GG-200090,Search - Non-Brand - Broad | Android | EU | Carousel,9140,273,92.22,24
2025-10-20,Google Ads,GG-200091,Search - Brand - Exact | iOS | MENA | Carousel,7977,356,154.9,31
2025-10-20,Google Ads,GG-200092,UAC - Installs | iOS | EU | Playables,18477,902,498.08,219
2025-10-20,Google Ads,GG-200093,Search - Brand - Exact | Android | LATAM | Playables,11908,375,97.54,64
2025-10-20,Google Ads,GG-200094,Search - Non-Brand - Broad | Android | MENA | Playables,7516,360,103.0,62
2025-10-20,Google Ads,GG-200095,UAC - Installs | Android | MENA | Playables,13889,670,263.58,183
2025-10-20,Google Ads,GG-200096,Search - Brand - Exact | Android | US | Video,6958,344,87.31,32
2025-10-20,Google Ads,GG-200097,UAC - Value | iOS | EU | Playables,11745,582,254.92,117
2025-10-20,Google Ads,GG-200098,UAC - Installs | Android | APAC | Playables,22282,1007,548.21,270
2025-10-20,Google Ads,GG-200099,UAC - Value | iOS | APAC | Static,11430,295,146.44,61
2025-10-20,Google Ads,GG-200100,Search - Brand - Exact | iOS | APAC | Video,19644,586,239.73,119
2025-10-20,Google Ads,GG-200101,UAC - Value | Android | APAC | UGC,22402,1078,557.33,292
2025-10-20,Google Ads,GG-200102,Search - Non-Brand - Broad | iOS | EU | Carousel,14248,641,214.41,75
2025-10-20,Google Ads,GG-200103,UAC - Value | iOS | LATAM | Carousel,22316,560,280.0,115
2025-10-20,Google Ads,GG-200104,Search - Brand - Exact | Android | LATAM | Playables,11534,531,157.12,76
2025-10-20,Google Ads,GG-200105,Search - Brand - Exact | iOS | EU | UGC,13475,321,182.1,26
2025-10-20,Google Ads,GG-200106,Search - Non-Brand - Broad | iOS | APAC | Static,7689,382,163.53,54
2025-10-20,Google Ads,GG-200107,UAC - Value | Android | US | Carousel,20314,420,156.74,80
2025-10-20,Google Ads,GG-200108,UAC - Installs | iOS | EU | Static,22659,777,443.67,156
2025-10-20,Google Ads,GG-200109,UAC - Value | iOS | EU | Static,14553,641,411.84,94
2025-10-20,Google Ads,GG-200110,UAC - Value | iOS | APAC | Carousel,15515,553,289.44,96
2025-10-20,Google Ads,GG-200111,UAC - Value | Android | US | UGC,11523,311,122.84,87
2025-10-20,Google Ads,GG-200112,UAC - Installs | Android | EU | Playables,21922,979,475.5,153
2025-10-20,Google Ads,GG-200113,UAC - Value | Android | US | Carousel,20609,660,238.33,136
2025-10-20,Google Ads,GG-200114,Search - Brand - Exact | iOS | LATAM | Playables,9486,411,128.15,24
2025-10-20,Google Ads,GG-200115,UAC - Installs | Android | APAC | Static,10969,264,91.0,48
2025-10-20,Google Ads,GG-200116,Search - Brand - Exact | iOS | APAC | Carousel,14364,590,195.41,62
2025-10-20,Google Ads,GG-200117,Search - Non-Brand - Broad | iOS | US | Playables,10978,334,119.94,24
2025-10-20,Google Ads,GG-200118,Search - Brand - Exact | iOS | MENA | Carousel,12414,427,163.37,40
2025-10-20,Google Ads,GG-200119,UAC - Installs | iOS | MENA | UGC,10181,424,227.6,55
2025-10-20,Google Ads,GG-200120,UAC - Value | Android | EU | Video,20242,411,258.64,66
2025-10-20,Google Ads,GG-200121,UAC - Installs | iOS | LATAM | Playables,10569,445,262.33,67
2025-10-20,Google Ads,GG-200122,UAC - Value | Android | EU | Playables,17013,568,271.84,139
2025-10-20,Google Ads,GG-200123,Search - Non-Brand - Broad | Android | US | Video,5535,172,46.15,14
2025-10-20,Google Ads,GG-200124,UAC - Value | iOS | APAC | Playables,13172,383,175.99,73
2025-10-20,Google Ads,GG-200125,Search - Non-Brand - Broad | Android | MENA | Playables,10603,387,148.26,63
2025-10-20,Google Ads,GG-200126,Search - Non-Brand - Broad | iOS | MENA | Carousel,11997,591,187.11,61
2025-10-20,Google Ads,GG-200127,UAC - Installs | iOS | MENA | Carousel,13003,435,153.69,113
2025-10-20,Google Ads,GG-200128,UAC - Value | iOS | MENA | Carousel,24807,1023,652.88,260
2025-10-20,Google Ads,GG-200129,Search - Brand - Exact | Android | LATAM | Carousel,11768,363,126.14,40
2025-10-20,Google Ads,GG-200130,Search - Brand - Exact | iOS | MENA | Carousel,12648,285,104.51,53
2025-10-20,Google Ads,GG-200131,Search - Non-Brand - Broad | iOS | LATAM | Playables,5243,141,69.53,12
2025-10-20,Google Ads,GG-200132,Search - Non-Brand - Broad | Android | MENA | UGC,9331,242,84.26,54
2025-10-20,Google Ads,GG-200133,Search - Brand - Exact | iOS | EU | Static,12764,383,119.23,28
2025-10-20,Google Ads,GG-200134,UAC - Value | Android | EU | Video,23123,615,309.04,106
2025-10-20,Google Ads,GG-200135,UAC - Value | iOS | APAC | Static,27564,1339,559.84,288
2025-10-20,Google Ads,GG-200136,UAC - Value | Android | APAC | Playables,18565,609,317.23,153
2025-10-20,Google Ads,GG-200137,Search - Non-Brand - Broad | Android | EU | Playables,8952,392,166.48,66
2025-10-20,Google Ads,GG-200138,UAC - Value | iOS | APAC | Playables,10196,225,137.03,60
2025-10-20,Google Ads,GG-200139,UAC - Installs | iOS | EU | UGC,9938,444,204.24,113
2025-10-20,Google Ads,GG-200140,UAC - Value | iOS | LATAM | Playables,10963,430,176.43,109
2025-10-20,Google Ads,GG-200141,UAC - Installs | Android | EU | Carousel,10083,399,168.1,62
2025-10-20,Google Ads,GG-200142,Search - Non-Brand - Broad | Android | LATAM | Carousel,23980,602,251.94,96
2025-10-20,Google Ads,GG-200143,UAC - Installs | iOS | LATAM | UGC,22988,1036,648.95,135
2025-10-20,Google Ads,GG-200144,UAC - Value | iOS | LATAM | Video,12323,562,227.89,100
2025-10-20,Google Ads,GG-200145,UAC - Installs | iOS | LATAM | Static,13301,610,387.23,162
2025-10-20,Google Ads,GG-200146,UAC - Installs | Android | LATAM | Video,12042,244,86.72,49
2025-10-20,Google Ads,GG-200147,Search - Non-Brand - Broad | iOS | LATAM | UGC,8781,184,63.19,21
2025-10-20,Google Ads,GG-200148,UAC - Installs | Android | MENA | Carousel,13470,569,201.14,126
2025-10-20,Google Ads,GG-200149,Search - Non-Brand - Broad | Android | US | Playables,9147,282,140.07,37
2025-10-20,Google Ads,GG-200150,Search - Non-Brand - Broad | Android | US | Playables,7271,329,97.78,48
2025-10-20,Google Ads,GG-200151,UAC - Value | Android | US | Video,17532,362,169.49,48
2025-10-20,Google Ads,GG-200152,Search - Non-Brand - Broad | iOS | APAC | Video,5691,133,40.46,25
2025-10-20,Google Ads,GG-200153,UAC - Value | Android | MENA | Static,24096,632,375.6,92
2025-10-20,Google Ads,GG-200154,UAC - Installs | iOS | APAC | Static,11972,419,207.03,90
2025-10-20,Google Ads,GG-200155,Search - Brand - Exact | iOS | LATAM | Video,10258,457,151.5,94
2025-10-20,Google Ads,GG-200156,Search - Non-Brand - Broad | Android | MENA | Video,13371,465,167.07,47
2025-10-20,Google Ads,GG-200157,UAC - Value | iOS | EU | Video,8896,365,154.32,49
2025-10-20,Google Ads,GG-200158,Search - Brand - Exact | iOS | EU | Carousel,8716,226,101.99,42
2025-10-20,Google Ads,GG-200159,Search - Brand - Exact | Android | LATAM | Playables,8961,190,69.33,18
2025-10-20,Google Ads,GG-200160,UAC - Value | iOS | LATAM | UGC,13308,611,245.68,85
2025-10-20,Google Ads,GG-200161,UAC - Installs | Android | MENA | UGC,7890,281,164.38,66
2025-10-20,Google Ads,GG-200162,Search - Non-Brand - Broad | Android | US | Carousel,8554,191,55.77,21
2025-10-20,Google Ads,GG-200163,Search - Brand - Exact | iOS | LATAM | Static,9562,337,112.19,70
2025-10-20,Google Ads,GG-200164,Search - Non-Brand - Broad | iOS | LATAM | Playables,10587,346,88.61,29
2025-10-20,Google Ads,GG-200165,UAC - Value | Android | MENA | UGC,20414,1012,584.73,269
2025-10-20,Google Ads,GG-200166,Search - Brand - Exact | iOS | US | UGC,11276,351,140.22,21
2025-10-20,Google Ads,GG-200167,UAC - Installs | Android | EU | UGC,27088,733,281.33,180
2025-10-20,Google Ads,GG-200168,UAC - Value | Android | US | Carousel,24642,924,541.19,166
2025-10-20,Google Ads,GG-200169,UAC - Installs | Android | APAC | Carousel,17144,586,344.28,87
2025-10-20,Google Ads,GG-200170,Search - Brand - Exact | iOS | MENA | Playables,12923,351,124.75,57
2025-10-20,Google Ads,GG-200171,Search - Brand - Exact | iOS | LATAM | Static,7480,330,181.1,53
2025-10-20,Google Ads,GG-200172,Search - Non-Brand - Broad | Android | APAC | Carousel,17139,692,291.82,164
2025-10-20,Google Ads,GG-200173,Search - Brand - Exact | iOS | MENA | Carousel,7697,244,115.95,44
2025-10-20,Google Ads,GG-200174,Search - Non-Brand - Broad | iOS | LATAM | Playables,8661,407,162.68,26
2025-10-20,Google Ads,GG-200175,Search - Non-Brand - Broad | Android | EU | UGC,9727,435,160.12,49
2025-10-20,Google Ads,GG-200176,UAC - Value | iOS | MENA | Carousel,10819,393,245.59,77
2025-10-20,Google Ads,GG-200177,Search - Non-Brand - Broad | iOS | MENA | Static,12592,522,147.73,68
2025-10-20,Google Ads,GG-200178,UAC - Installs | Android | MENA | UGC,15536,495,289.62,83
2025-10-20,Google Ads,GG-200179,Search - Brand - Exact | Android | MENA | Video,7834,341,135.17,66
2025-10-20,Google Ads,GG-200180,Search - Non-Brand - Broad | Android | MENA | Playables,13984,317,89.87,71
2025-10-20,Google Ads,GG-200181,UAC - Value | Android | LATAM | Playables,19909,580,177.71,105
2025-10-20,Google Ads,GG-200182,UAC - Value | Android | EU | Playables,20285,444,250.11,64
2025-10-20,Google Ads,GG-200183,Search - Brand - Exact | Android | MENA | UGC,6323,131,27.56,15
2025-10-20,Google Ads,GG-200184,UAC - Value | iOS | EU | Playables,7080,248,152.69,28
2025-10-20,Google Ads,GG-200185,UAC - Value | iOS | MENA | Video,22995,733,306.32,121
2025-10-20,Google Ads,GG-200186,UAC - Installs | iOS | US | UGC,18490,567,297.62,143
2025-10-20,Google Ads,GG-200187,Search - Brand - Exact | Android | EU | Playables,18685,760,382.28,174
2025-10-20,Google Ads,GG-200188,Search - Brand - Exact | Android | APAC | Carousel,13675,323,72.9,23
2025-10-20,Google Ads,GG-200189,Search - Brand - Exact | Android | US | UGC,14690,551,216.38,120
2025-10-20,Google Ads,GG-200190,Search - Non-Brand - Broad | iOS | APAC | Static,15549,498,190.19,53
2025-10-20,Google Ads,GG-200191,UAC - Value | iOS | LATAM | UGC,24366,1112,630.62,141
2025-10-20,Google Ads,GG-200192,Search - Non-Brand - Broad | iOS | APAC | Video,5924,134,40.11,14
2025-10-20,Google Ads,GG-200193,UAC - Value | iOS | US | Static,24590,659,414.51,117
2025-10-20,Google Ads,GG-200194,Search - Brand - Exact | Android | EU | Video,7078,329,155.49,61
2025-10-20,Google Ads,GG-200195,UAC - Value | iOS | APAC | Playables,16197,627,338.83,119
2025-10-20,Google Ads,GG-200196,UAC - Value | iOS | EU | Static,16419,515,339.33,97
2025-10-20,Google Ads,GG-200197,Search - Non-Brand - Broad | iOS | EU | Carousel,6649,183,91.46,39
2025-10-20,Google Ads,GG-200198,Search - Brand - Exact | Android | US | UGC,8679,263,114.3,30
2025-10-20,Google Ads,GG-200199,Search - Brand - Exact | Android | EU | Video,12300,356,132.43,35
2025-10-20,Google Ads,GG-200200,Search - Brand - Exact | Android | APAC | Playables,7279,302,60.94,70
2025-10-20,Google Ads,GG-200201,UAC - Value | Android | US | UGC,23067,696,391.43,116
2025-10-20,Google Ads,GG-200202,Search - Brand - Exact | Android | MENA | Static,8634,299,63.69,64
2025-10-20,Google Ads,GG-200203,Search - Non-Brand - Broad | Android | MENA | Carousel,13232,622,167.75,120
2025-10-20,Google Ads,GG-200204,UAC - Installs | iOS | MENA | Playables,7814,277,133.02,37
2025-10-20,Google Ads,GG-200205,Search - Non-Brand - Broad | Android | LATAM | Static,11725,535,212.07,43
2025-10-20,Google Ads,GG-200206,Search - Brand - Exact | iOS | LATAM | Carousel,7865,329,123.97,40
2025-10-20,Google Ads,GG-200207,UAC - Value | Android | APAC | Playables,18585,591,299.58,170
2025-10-20,Google Ads,GG-200208,UAC - Installs | Android | LATAM | UGC,17724,505,182.36,128
2025-10-20,Google Ads,GG-200209,UAC - Installs | iOS | APAC | Static,15209,352,128.2,78
2025-10-20,Google Ads,GG-200210,UAC - Value | iOS | EU | Playables,14321,674,408.31,161
2025-10-20,Google Ads,GG-200211,Search - Non-Brand - Broad | Android | EU | Carousel,10591,433,190.95,50
2025-10-20,Google Ads,GG-200212,UAC - Value | iOS | US | Playables,16442,398,173.69,57
2025-10-20,Google Ads,GG-200213,Search - Non-Brand - Broad | iOS | MENA | Playables,11382,547,145.72,97
2025-10-20,Google Ads,GG-200214,Search - Non-Brand - Broad | iOS | EU | Carousel,8576,288,112.09,57
2025-10-20,Google Ads,GG-200215,UAC - Installs | iOS | US | UGC,8478,210,142.13,45
2025-10-20,Google Ads,GG-200216,Search - Brand - Exact | Android | MENA | Static,9772,348,135.93,83
2025-10-20,Google Ads,GG-200217,Search - Brand - Exact | iOS | APAC | Playables,9969,450,184.86,57
2025-10-20,Google Ads,GG-200218,Search - Non-Brand - Broad | Android | EU | Playables,14221,433,133.58,85
2025-10-20,Google Ads,GG-200219,UAC - Installs | iOS | EU | Carousel,22123,650,418.01,103
2025-10-20,Google Ads,GG-200220,Search - Brand - Exact | Android | EU | Static,9230,399,146.63,87
2025-10-20,Google Ads,GG-200221,Search - Non-Brand - Broad | iOS | EU | Playables,13031,439,156.68,23
2025-10-20,Google Ads,GG-200222,UAC - Installs | iOS | EU | Playables,9070,302,195.88,37
2025-10-20,Google Ads,GG-200223,UAC - Installs | iOS | APAC | UGC,12967,393,168.24,59
2025-10-20,Google Ads,GG-200224,UAC - Value | iOS | LATAM | Carousel,13799,580,339.01,95
2025-10-20,Google Ads,GG-200225,UAC - Installs | iOS | US | UGC,25718,651,343.53,134
2025-10-20,Google Ads,GG-200226,UAC - Value | Android | LATAM | Carousel,11870,409,178.61,116
2025-10-20,Google Ads,GG-200227,Search - Non-Brand - Broad | Android | MENA | Static,10950,480,164.93,54
2025-10-20,Google Ads,GG-200228,UAC - Value | Android | LATAM | Playables,20086,806,328.85,121
2025-10-20,Google Ads,GG-200229,UAC - Installs | iOS | EU | Static,16772,346,194.73,72
2025-10-20,Google Ads,GG-200230,Search - Non-Brand - Broad | Android | APAC | Playables,12476,391,180.17,66
2025-10-20,Google Ads,GG-200231,UAC - Installs | iOS | MENA | Carousel,14381,547,196.37,127
2025-10-20,Google Ads,GG-200232,Search - Non-Brand - Broad | iOS | APAC | UGC,10082,265,69.14,43
2025-10-20,Google Ads,GG-200233,UAC - Value | iOS | EU | Static,15267,335,187.57,83
2025-10-20,Google Ads,GG-200234,Search - Brand - Exact | Android | MENA | Video,12538,505,183.62,107
2025-10-20,Google Ads,GG-200235,UAC - Value | Android | US | Video,22283,560,238.34,110
2025-10-20,Google Ads,GG-200236,Search - Non-Brand - Broad | Android | EU | Video,12761,600,234.78,60
2025-10-20,Google Ads,GG-200237,UAC - Value | Android | EU | Playables,27066,955,337.02,263
2025-10-20,Google Ads,GG-200238,UAC - Value | iOS | US | Playables,21186,576,246.07,133
2025-10-20,Google Ads,GG-200239,UAC - Value | iOS | US | Video,25770,1114,743.6,243
2025-10-20,Google Ads,GG-200240,UAC - Installs | Android | US | Playables,19505,448,237.08,80
2025-10-20,Google Ads,GG-200241,UAC - Value | iOS | US | Playables,20093,635,365.7,130
2025-10-20,Google Ads,GG-200242,Search - Non-Brand - Broad | Android | US | Video,11586,416,210.12,79
2025-10-20,Google Ads,GG-200243,UAC - Installs | Android | EU | Playables,19128,606,219.8,131
2025-10-20,Google Ads,GG-200244,Search - Brand - Exact | iOS | LATAM | UGC,5316,174,77.12,10
2025-10-20,Google Ads,GG-200245,Search - Non-Brand - Broad | iOS | APAC | UGC,10551,515,242.62,112
2025-10-20,Google Ads,GG-200246,Search - Brand - Exact | Android | LATAM | Video,12406,321,102.98,39
2025-10-20,Google Ads,GG-200247,UAC - Value | Android | APAC | UGC,15969,372,139.76,57
2025-10-20,Google Ads,GG-200248,Search - Non-Brand - Broad | iOS | US | Video,7451,168,72.69,22
2025-10-20,Google Ads,GG-200249,UAC - Installs | Android | APAC | UGC,28895,1123,572.84,255
2025-10-20,Google Ads,GG-200250,Search - Non-Brand - Broad | Android | MENA | Video,19319,642,232.79,85
2025-10-20,Google Ads,GG-200251,UAC - Installs | Android | MENA | UGC,10636,407,239.44,94
2025-10-20,Google Ads,GG-200252,Search - Brand - Exact | Android | US | Carousel,10354,474,180.17,100
2025-10-20,Google Ads,GG-200253,Search - Non-Brand - Broad | Android | LATAM | Video,9577,477,234.25,103
2025-10-20,Google Ads,GG-200254,UAC - Installs | Android | APAC | Video,19838,864,446.17,129
2025-10-20,Google Ads,GG-200255,UAC - Value | Android | MENA | Static,21056,434,131.89,80
2025-10-20,Google Ads,GG-200256,Search - Brand - Exact | iOS | APAC | Static,5395,188,90.73,11
2025-10-20,Google Ads,GG-200257,UAC - Value | iOS | US | Video,8186,169,91.12,31
2025-10-20,Google Ads,GG-200258,UAC - Value | Android | US | Carousel,20142,1000,495.0,181
2025-10-20,Google Ads,GG-200259,UAC - Value | iOS | US | Carousel,15729,627,316.13,137
2025-10-20,Google Ads,GG-200260,UAC - Value | iOS | EU | Carousel,9768,266,165.37,62
2025-10-20,Google Ads,GG-200261,UAC - Value | iOS | EU | Playables,13213,293,161.77,44
2025-10-20,Google Ads,GG-200262,Search - Non-Brand - Broad | Android | MENA | Carousel,14796,348,117.42,39
2025-10-20,Google Ads,GG-200263,Search - Non-Brand - Broad | Android | US | Carousel,14974,379,187.34,47
2025-10-20,Google Ads,GG-200264,UAC - Installs | iOS | EU | UGC,17146,367,198.0,64
2025-10-20,Google Ads,GG-200265,Search - Brand - Exact | iOS | US | Video,11235,454,271.99,28
2025-10-20,Google Ads,GG-200266,UAC - Installs | iOS | APAC | Carousel,19955,759,284.55,113
2025-10-20,Google Ads,GG-200267,Search - Non-Brand - Broad | Android | EU | Video,9294,202,62.09,36
2025-10-20,Google Ads,GG-200268,UAC - Value | iOS | APAC | Playables,8697,211,101.28,58
2025-10-20,Google Ads,GG-200269,UAC - Installs | Android | US | Video,18288,793,462.24,204
2025-10-20,Google Ads,GG-200270,UAC - Installs | Android | MENA | Playables,13265,473,226.85,81
2025-10-20,Google Ads,GG-200271,UAC - Value | iOS | US | Carousel,9532,345,178.37,52
2025-10-20,Google Ads,GG-200272,Search - Non-Brand - Broad | iOS | US | Playables,6733,287,158.94,23
2025-10-20,Google Ads,GG-200273,Search - Non-Brand - Broad | Android | APAC | Static,10589,315,111.67,31
2025-10-20,Google Ads,GG-200274,UAC - Value | iOS | LATAM | Carousel,13976,587,376.8,74
2025-10-20,Google Ads,GG-200275,UAC - Value | Android | US | Static,14698,525,307.18,120
2025-10-20,Google Ads,GG-200276,UAC - Value | iOS | APAC | Carousel,24815,1182,513.82,179
2025-10-20,Google Ads,GG-200277,Search - Non-Brand - Broad | Android | LATAM | Carousel,12883,396,175.59,47
2025-10-20,Google Ads,GG-200278,Search - Non-Brand - Broad | iOS | MENA | Playables,11185,282,154.2,38
2025-10-20,Google Ads,GG-200279,UAC - Installs | iOS | US | Static,24163,1007,411.76,204
2025-10-20,Google Ads,GG-200280,UAC - Value | Android | APAC | Carousel,16572,600,313.08,119
2025-10-20,Google Ads,GG-200281,UAC - Value | iOS | APAC | Carousel,13488,665,312.95,100
2025-10-20,Google Ads,GG-200282,Search - Non-Brand - Broad | Android | LATAM | Carousel,9877,437,116.02,77
2025-10-20,Google Ads,GG-200283,UAC - Value | iOS | LATAM | Static,14966,427,193.64,111
2025-10-20,Google Ads,GG-200284,Search - Non-Brand - Broad | iOS | LATAM | UGC,7359,237,115.7,34
2025-10-20,Google Ads,GG-200285,UAC - Value | iOS | APAC | Carousel,16957,704,265.34,174
2025-10-20,Google Ads,GG-200286,Search - Non-Brand - Broad | iOS | US | Playables,5961,136,76.65,28
2025-10-20,Google Ads,GG-200287,UAC - Value | Android | MENA | Video,11921,482,258.83,125
2025-10-20,Google Ads,GG-200288,Search - Brand - Exact | Android | APAC | Carousel,7782,250,71.55,23
2025-10-20,Google Ads,GG-200289,UAC - Installs | iOS | APAC | Static,17507,588,305.17,67
2025-10-20,Google Ads,GG-200290,UAC - Value | Android | LATAM | Static,23269,472,176.06,78
2025-10-20,Google Ads,GG-200291,UAC - Value | iOS | US | UGC,24670,625,281.38,69
2025-10-20,Google Ads,GG-200292,UAC - Value | iOS | MENA | Playables,17463,472,180.26,129
2025-10-20,Google Ads,GG-200293,Search - Brand - Exact | Android | LATAM | Playables,14166,342,157.22,74
2025-10-20,Google Ads,GG-200294,Search - Non-Brand - Broad | Android | EU | Carousel,5580,111,47.87,18
2025-10-20,Google Ads,GG-200295,UAC - Installs | Android | MENA | UGC,13291,505,258.21,85
2025-10-20,Google Ads,GG-200296,Search - Brand - Exact | iOS | US | Video,15217,348,174.9,25
2025-10-20,Google Ads,GG-200297,Search - Non-Brand - Broad | iOS | EU | Playables,11816,240,110.57,18
2025-10-20,Google Ads,GG-200298,UAC - Value | iOS | LATAM | UGC,13224,364,200.38,60
2025-10-20,Google Ads,GG-200299,UAC - Value | Android | LATAM | Video,7640,304,150.24,69
2025-10-20,Google Ads,GG-200300,Search - Brand - Exact | Android | LATAM | UGC,16303,604,135.72,85
2025-10-20,Google Ads,GG-200301,UAC - Installs | Android | EU | Carousel,18038,400,155.12,94
2025-10-20,Google Ads,GG-200302,UAC - Value | iOS | APAC | Static,18310,714,462.81,178
2025-10-20,Google Ads,GG-200303,UAC - Value | iOS | APAC | Video,12100,362,129.56,58
2025-10-20,Google Ads,GG-200304,UAC - Installs | iOS | LATAM | Video,11680,562,364.12,150
2025-10-20,Google Ads,GG-200305,UAC - Installs | Android | US | Video,24590,1112,602.7,287
2025-10-20,Google Ads,GG-200306,Search - Non-Brand - Broad | Android | EU | Static,6808,208,106.27,19
2025-10-20,Google Ads,GG-200307,UAC - Value | Android | LATAM | Playables,14961,618,256.47,124
2025-10-20,Google Ads,GG-200308,Search - Non-Brand - Broad | iOS | EU | UGC,13472,538,162.53,90
2025-10-20,Google Ads,GG-200309,Search - Brand - Exact | Android | APAC | UGC,9809,454,178.47,76
2025-10-20,Google Ads,GG-200310,UAC - Value | Android | APAC | Playables,19192,469,198.25,64
2025-10-20,Google Ads,GG-200311,Search - Non-Brand - Broad | iOS | US | Static,16225,717,348.82,155
2025-10-20,Google Ads,GG-200312,Search - Brand - Exact | iOS | US | Playables,5291,231,70.8,36
2025-10-20,Google Ads,GG-200313,Search - Non-Brand - Broad | Android | LATAM | Carousel,8529,414,156.0,45
2025-10-20,Google Ads,GG-200314,UAC - Value | iOS | US | Carousel,14110,695,291.41,78
2025-10-20,Google Ads,GG-200315,UAC - Value | iOS | MENA | UGC,6702,166,84.18,42
2025-10-20,Google Ads,GG-200316,UAC - Value | Android | LATAM | Carousel,11373,382,148.18,83
2025-10-20,Google Ads,GG-200317,Search - Brand - Exact | Android | LATAM | Playables,18452,863,295.58,134
2025-10-20,Google Ads,GG-200318,Search - Non-Brand - Broad | Android | LATAM | Video,7848,318,105.35,68
2025-10-20,Google Ads,GG-200319,UAC - Installs | iOS | US | Static,20447,925,506.62,174
2025-10-20,Google Ads,GG-200320,UAC - Value | Android | MENA | UGC,16795,517,271.48,83
2025-10-20,Google Ads,GG-200321,UAC - Value | Android | MENA | UGC,16581,550,232.43,148
2025-10-20,Google Ads,GG-200322,Search - Non-Brand - Broad | Android | APAC | Playables,15056,710,305.16,106
2025-10-20,Google Ads,GG-200323,Search - Non-Brand - Broad | Android | APAC | Carousel,17761,791,383.32,149
2025-10-20,Google Ads,GG-200324,Search - Brand - Exact | Android | LATAM | UGC,5864,163,58.35,24
2025-10-20,Google Ads,GG-200325,Search - Non-Brand - Broad | iOS | US | UGC,15880,567,321.15,94
2025-10-20,Google Ads,GG-200326,UAC - Value | Android | APAC | Playables,16089,497,159.44,101
2025-10-20,Google Ads,GG-200327,UAC - Value | iOS | APAC | UGC,18005,795,515.08,105
2025-10-20,Google Ads,GG-200328,Search - Brand - Exact | iOS | EU | Video,16046,447,256.44,68
2025-10-20,Google Ads,GG-200329,UAC - Installs | Android | LATAM | Video,9194,199,114.9,58
2025-10-20,Google Ads,GG-200330,Search - Non-Brand - Broad | Android | MENA | Carousel,12259,483,149.2,90
2025-10-20,Google Ads,GG-200331,Search - Brand - Exact | iOS | MENA | UGC,8773,275,134.39,26
2025-10-20,Google Ads,GG-200332,UAC - Installs | Android | LATAM | Playables,24959,951,425.95,151
2025-10-20,Google Ads,GG-200333,Search - Non-Brand - Broad | Android | APAC | Playables,12547,485,205.45,88
2025-10-20,Google Ads,GG-200334,UAC - Installs | iOS | US | Static,20443,811,535.26,106
2025-10-20,Google Ads,GG-200335,UAC - Installs | Android | APAC | Carousel,9929,406,184.77,60
2025-10-20,Google Ads,GG-200336,Search - Non-Brand - Broad | Android | APAC | Video,13915,665,184.87,121
2025-10-20,Google Ads,GG-200337,UAC - Value | Android | MENA | Carousel,14748,426,238.13,94
2025-10-20,Google Ads,GG-200338,Search - Non-Brand - Broad | Android | MENA | Static,9104,445,214.94,80
2025-10-20,Google Ads,GG-200339,UAC - Installs | Android | US | Playables,18548,500,216.5,98
2025-10-20,Google Ads,GG-200340,Search - Non-Brand - Broad | iOS | MENA | Playables,16004,709,239.36,39
2025-10-20,Google Ads,GG-200341,UAC - Installs | iOS | LATAM | Carousel,13539,570,292.3,88
2025-10-20,Google Ads,GG-200342,Search - Brand - Exact | Android | EU | UGC,10300,473,145.21,37
2025-10-20,Google Ads,GG-200343,Search - Non-Brand - Broad | iOS | EU | Static,9965,244,101.58,14
2025-10-20,Google Ads,GG-200344,UAC - Value | Android | LATAM | Static,27941,955,412.85,192
2025-10-20,Google Ads,GG-200345,UAC - Installs | iOS | EU | Playables,11848,512,257.48,99
2025-10-20,Google Ads,GG-200346,Search - Brand - Exact | iOS | APAC | UGC,7775,361,193.89,21
2025-10-20,Google Ads,GG-200347,UAC - Installs | Android | APAC | Playables,11896,380,121.11,57
2025-10-20,Google Ads,GG-200348,UAC - Installs | iOS | APAC | UGC,10237,206,117.3,24
2025-10-20,Google Ads,GG-200349,UAC - Installs | Android | US | UGC,15354,745,425.17,203
