date,source,campaign_id,campaign_name,impressions,clicks,spend,installs
2025-10-07,Facebook Ads,FB-100000,UA - Retargeting - Value | Android | US | Carousel,18187,307,181.25,70
2025-10-07,Facebook Ads,FB-100001,UA - Prospecting - Broad | Android | EU | Video,10870,341,81.57,63
2025-10-07,Facebook Ads,FB-100002,UA - Prospecting - Broad | iOS | US | Video,25939,1040,265.1,185
2025-10-07,Facebook Ads,FB-100003,UA - Prospecting - Broad | Android | EU | Playables,20701,576,287.25,112
2025-10-07,Facebook Ads,FB-100004,UA - Retargeting - Value | Android | MENA | UGC,14075,222,60.98,45
2025-10-07,Facebook Ads,FB-100005,UA - Prospecting - Broad | iOS | MENA | Carousel,14535,534,227.8,49
2025-10-07,Facebook Ads,FB-100006,UA - Lookalike - 1% | Android | APAC | Carousel,29971,1066,302.21,54
2025-10-07,Facebook Ads,FB-100007,UA - Prospecting - Broad | Android | EU | Carousel,22451,804,276.01,63
2025-10-07,Facebook Ads,FB-100008,UA - Lookalike - 1% | Android | APAC | Video,16232,511,201.33,101
2025-10-07,Facebook Ads,FB-100009,UA - Prospecting - Broad | iOS | MENA | Carousel,20152,642,245.95,30
2025-10-07,Facebook Ads,FB-100010,UA - Lookalike - 5% | iOS | MENA | Video,27237,906,240.27,165
2025-10-07,Facebook Ads,FB-100011,UA - Lookalike - 1% | Android | MENA | Carousel,15676,478,133.27,88
2025-10-07,Facebook Ads,FB-100012,UA - Retargeting - Value | Android | US | Video,8030,108,62.9,10
2025-10-07,Facebook Ads,FB-100013,UA - Prospecting - Broad | iOS | US | Static,11628,386,118.35,33
2025-10-07,Facebook Ads,FB-100014,UA - Lookalike - 1% | iOS | LATAM | UGC,18238,496,194.13,20
2025-10-07,Facebook Ads,FB-100015,UA - Retargeting - Value | Android | LATAM | Carousel,17789,257,94.09,59
2025-10-07,Facebook Ads,FB-100016,UA - Retargeting - Value | iOS | US | Playables,4098,29,15.26,2
2025-10-07,Facebook Ads,FB-100017,UA - Lookalike - 5% | Android | EU | UGC,23882,762,217.86,130
2025-10-07,Facebook Ads,FB-100018,UA - Lookalike - 1% | iOS | MENA | Static,13523,332,74.73,14
2025-10-07,Facebook Ads,FB-100019,UA - Lookalike - 1% | Android | EU | Video,14151,421,158.25,75
2025-10-07,Facebook Ads,FB-100020,UA - Retargeting - Value | iOS | LATAM | Video,5091,61,22.77,13
2025-10-07,Facebook Ads,FB-100021,UA - Lookalike - 5% | iOS | EU | UGC,24832,992,443.82,59
2025-10-07,Facebook Ads,FB-100022,UA - Retargeting - Value | iOS | EU | Carousel,8211,168,100.26,19
2025-10-07,Facebook Ads,FB-100023,UA - Lookalike - 1% | Android | MENA | Playables,19945,837,155.18,169
2025-10-07,Facebook Ads,FB-100024,UA - Lookalike - 1% | iOS | MENA | UGC,16495,640,223.23,74
2025-10-07,Facebook Ads,FB-100025,UA - Lookalike - 5% | Android | EU | Playables,51086,1262,545.18,254
2025-10-07,Facebook Ads,FB-100026,UA - Retargeting - Value | Android | US | Video,25180,135,42.36,20
2025-10-07,Facebook Ads,FB-100027,UA - Prospecting - Broad | Android | APAC | Playables,18203,292,114.14,47
2025-10-07,Facebook Ads,FB-100028,UA - Lookalike - 5% | iOS | APAC | Playables,23237,1040,386.36,52
2025-10-07,Facebook Ads,FB-100029,UA - Prospecting - Broad | iOS | MENA | Video,13874,422,90.22,37
2025-10-07,Facebook Ads,FB-100030,UA - Lookalike - 1% | iOS | LATAM | Video,16860,568,176.48,45
2025-10-07,Facebook Ads,FB-100031,UA - Prospecting - Broad | iOS | EU | UGC,18600,484,262.13,91
2025-10-07,Facebook Ads,FB-100032,UA - Prospecting - Broad | iOS | MENA | Static,17150,736,152.5,82
2025-10-07,Facebook Ads,FB-100033,UA - Retargeting - Value | iOS | MENA | Playables,9362,140,73.88,18
2025-10-07,Facebook Ads,FB-100034,UA - Prospecting - Broad | Android | LATAM | Static,25883,1134,501.0,72
2025-10-07,Facebook Ads,FB-100035,UA - Prospecting - Broad | iOS | APAC | Video,15586,629,203.73,108
2025-10-07,Facebook Ads,FB-100036,UA - Prospecting - Broad | iOS | LATAM | Static,9844,264,99.69,8
2025-10-07,Facebook Ads,FB-100037,UA - Prospecting - Broad | Android | MENA | Video,17697,717,306.73,76
2025-10-07,Facebook Ads,FB-100038,UA - Retargeting - Value | iOS | US | Playables,12362,112,65.07,9
2025-10-07,Facebook Ads,FB-100039,UA - Retargeting - Value | Android | APAC | Playables,29035,250,89.38,55
2025-10-07,Facebook Ads,FB-100040,UA - Lookalike - 5% | iOS | MENA | Playables,30447,886,364.5,117
2025-10-07,Facebook Ads,FB-100041,UA - Lookalike - 1% | Android | MENA | Static,27872,1152,507.46,135
2025-10-07,Facebook Ads,FB-100042,UA - Lookalike - 5% | iOS | LATAM | UGC,26510,1209,443.46,149
2025-10-07,Facebook Ads,FB-100043,UA - Prospecting - Broad | Android | EU | Static,38721,721,157.54,124
2025-10-07,Facebook Ads,FB-100044,UA - Retargeting - Value | iOS | US | Playables,8224,61,32.07,13
2025-10-07,Facebook Ads,FB-100045,UA - Prospecting - Broad | Android | US | Video,8425,289,127.97,16
2025-10-07,Facebook Ads,FB-100046,UA - Lookalike - 1% | Android | US | Video,22004,1050,346.4,181
2025-10-07,Facebook Ads,FB-100047,UA - Lookalike - 1% | Android | MENA | Static,19024,582,245.89,56
2025-10-07,Facebook Ads,FB-100048,UA - Retargeting - Value | iOS | EU | Playables,7795,155,95.29,23
2025-10-07,Facebook Ads,FB-100049,UA - Lookalike - 5% | iOS | EU | UGC,12699,498,243.62,36
2025-10-07,Facebook Ads,FB-100050,UA - Lookalike - 5% | Android | US | Video,13150,452,196.35,49
2025-10-07,Facebook Ads,FB-100051,UA - Lookalike - 5% | iOS | APAC | UGC,25861,537,203.58,18
2025-10-07,Facebook Ads,FB-100052,UA - Lookalike - 5% | Android | US | Video,14321,537,144.88,41
2025-10-07,Facebook Ads,FB-100053,UA - Retargeting - Value | iOS | US | Static,12021,345,197.03,68
2025-10-07,Facebook Ads,FB-100054,UA - Retargeting - Value | Android | MENA | UGC,6740,234,70.69,30
2025-10-07,Facebook Ads,FB-100055,UA - Lookalike - 5% | iOS | EU | Carousel,30220,1140,525.54,102
2025-10-07,Facebook Ads,FB-100056,UA - Prospecting - Broad | Android | US | UGC,25057,1105,400.67,77
2025-10-07,Facebook Ads,FB-100057,UA - Prospecting - Broad | Android | MENA | Video,10428,162,47.53,15
2025-10-07,Facebook Ads,FB-100058,UA - Lookalike - 5% | Android | EU | UGC,26132,1203,262.13,90
2025-10-07,Facebook Ads,FB-100059,UA - Prospecting - Broad | iOS | EU | UGC,28532,878,315.64,28
2025-10-07,Facebook Ads,FB-100060,UA - Lookalike - 5% | Android | APAC | Video,16875,831,307.22,103
2025-10-07,Facebook Ads,FB-100061,UA - Lookalike - 5% | iOS | APAC | Carousel,23213,956,352.38,173
2025-10-07,Facebook Ads,FB-100062,UA - Lookalike - 1% | iOS | EU | Static,20385,856,289.67,51
2025-10-07,Facebook Ads,FB-100063,UA - Prospecting - Broad | Android | US | Playables,13154,533,229.83,72
2025-10-07,Facebook Ads,FB-100064,UA - Lookalike - 5% | iOS | US | Video,12156,281,112.09,24
2025-10-07,Facebook Ads,FB-100065,UA - Prospecting - Broad | Android | US | Playables,13044,444,217.07,79
2025-10-07,Facebook Ads,FB-100066,UA - Prospecting - Broad | Android | US | Playables,22872,818,249.57,142
2025-10-07,Facebook Ads,FB-100067,UA - Retargeting - Value | Android | APAC | Video,12819,225,67.48,36
2025-10-07,Facebook Ads,FB-100068,UA - Lookalike - 5% | Android | MENA | Video,26548,991,374.1,87
2025-10-07,Facebook Ads,FB-100069,UA - Lookalike - 1% | iOS | LATAM | Static,10353,213,59.28,10
2025-10-07,Facebook Ads,FB-100070,UA - Retargeting - Value | Android | LATAM | UGC,26511,910,319.77,234
2025-10-07,Facebook Ads,FB-100071,UA - Prospecting - Broad | iOS | APAC | Carousel,23666,819,313.02,76
2025-10-07,Facebook Ads,FB-100072,UA - Prospecting - Broad | Android | APAC | Playables,12377,529,165.05,80
2025-10-07,Facebook Ads,FB-100073,UA - Lookalike - 1% | Android | MENA | Static,25173,918,272.92,54
2025-10-07,Facebook Ads,FB-100074,UA - Retargeting - Value | Android | LATAM | Video,9495,75,23.41,14
2025-10-07,Facebook Ads,FB-100075,UA - Lookalike - 5% | iOS | LATAM | Static,13424,584,199.32,106
2025-10-07,Facebook Ads,FB-100076,UA - Prospecting - Broad | iOS | MENA | Playables,12789,263,56.12,24
2025-10-07,Facebook Ads,FB-100077,UA - Lookalike - 1% | iOS | US | Static,22849,560,256.98,26
2025-10-07,Facebook Ads,FB-100078,UA - Retargeting - Value | Android | US | Playables,12730,86,35.78,15
2025-10-07,Facebook Ads,FB-100079,UA - Retargeting - Value | iOS | LATAM | Playables,8821,195,72.29,23
2025-10-07,Facebook Ads,FB-100080,UA - Lookalike - 5% | iOS | EU | Carousel,12180,452,246.25,24
2025-10-07,Facebook Ads,FB-100081,UA - Lookalike - 5% | iOS | US | Video,14845,371,116.35,23
2025-10-07,Facebook Ads,FB-100082,UA - Lookalike - 1% | iOS | US | Video,21628,528,226.25,44
2025-10-07,Facebook Ads,FB-100083,UA - Lookalike - 5% | Android | LATAM | Static,36860,1352,426.69,264
2025-10-07,Facebook Ads,FB-100084,UA - Prospecting - Broad | iOS | MENA | Video,14045,540,126.25,24
2025-10-07,Facebook Ads,FB-100085,UA - Prospecting - Broad | Android | EU | Playables,11553,208,48.19,35
2025-10-07,Facebook Ads,FB-100086,UA - Retargeting - Value | iOS | MENA | Playables,13814,340,160.34,51
2025-10-07,Facebook Ads,FB-100087,UA - Lookalike - 1% | iOS | EU | Video,14733,595,220.45,57
2025-10-07,Facebook Ads,FB-100088,UA - Retargeting - Value | iOS | US | Carousel,8627,139,62.74,28
2025-10-07,Facebook Ads,FB-100089,UA - Lookalike - 5% | Android | US | Carousel,20669,838,412.04,74
2025-10-07,Facebook Ads,FB-100090,UA - Retargeting - Value | Android | EU | Static,9877,228,74.51,37
2025-10-07,Facebook Ads,FB-100091,UA - Lookalike - 1% | iOS | US | Static,29685,1053,381.4,41
2025-10-07,Facebook Ads,FB-100092,UA - Retargeting - Value | iOS | EU | Carousel,6874,142,73.93,14
2025-10-07,Facebook Ads,FB-100093,UA - Lookalike - 5% | Android | APAC | Video,28034,588,97.14,65
2025-10-07,Facebook Ads,FB-100094,UA - Lookalike - 1% | Android | EU | UGC,10522,425,115.86,56
2025-10-07,Facebook Ads,FB-100095,UA - Prospecting - Broad | iOS | EU | Static,26134,824,291.12,133
2025-10-07,Facebook Ads,FB-100096,UA - Lookalike - 1% | Android | APAC | Carousel,22104,1008,386.97,87
2025-10-07,Facebook Ads,FB-100097,UA - Lookalike - 5% | Android | LATAM | Carousel,20184,798,242.59,157
2025-10-07,Facebook Ads,FB-100098,UA - Lookalike - 1% | iOS | US | Video,20611,907,287.61,121
2025-10-07,Facebook Ads,FB-100099,UA - Prospecting - Broad | Android | MENA | Carousel,21113,491,205.53,90
2025-10-07,Facebook Ads,FB-100100,UA - Lookalike - 1% | Android | MENA | UGC,12189,457,69.56,100
2025-10-07,Facebook Ads,FB-100101,UA - Prospecting - Broad | iOS | APAC | Playables,15207,498,141.83,67
2025-10-07,Facebook Ads,FB-100102,UA - Lookalike - 1% | iOS | MENA | Static,15677,622,302.11,87
2025-10-07,Facebook Ads,FB-100103,UA - Retargeting - Value | Android | APAC | Video,16196,108,54.78,24
2025-10-07,Facebook Ads,FB-100104,UA - Lookalike - 1% | iOS | APAC | Video,26726,771,363.99,76
2025-10-07,Facebook Ads,FB-100105,UA - Lookalike - 1% | iOS | US | Carousel,19025,846,298.64,127
2025-10-07,Facebook Ads,FB-100106,UA - Lookalike - 1% | iOS | LATAM | UGC,24228,702,176.2,99
2025-10-07,Facebook Ads,FB-100107,UA - Lookalike - 5% | Android | EU | UGC,17559,741,309.44,107
2025-10-07,Facebook Ads,FB-100108,UA - Lookalike - 1% | Android | MENA | Playables,17210,459,188.83,55
2025-10-07,Facebook Ads,FB-100109,UA - Lookalike - 1% | iOS | MENA | Video,14521,492,115.77,19
2025-10-07,Facebook Ads,FB-100110,UA - Lookalike - 1% | iOS | EU | UGC,14205,335,152.16,40
2025-10-07,Facebook Ads,FB-100111,UA - Retargeting - Value | iOS | APAC | UGC,11803,410,165.15,97
2025-10-07,Facebook Ads,FB-100112,UA - Lookalike - 1% | iOS | EU | Video,20565,461,161.26,91
2025-10-07,Facebook Ads,FB-100113,UA - Lookalike - 1% | iOS | US | Static,15065,395,190.43,50
2025-10-07,Facebook Ads,FB-100114,UA - Prospecting - Broad | Android | EU | Static,23265,648,213.0,78
2025-10-07,Facebook Ads,FB-100115,UA - Prospecting - Broad | Android | EU | UGC,23607,1026,479.76,173
2025-10-07,Facebook Ads,FB-100116,UA - Retargeting - Value | iOS | APAC | Playables,11052,346,136.19,30
2025-10-07,Facebook Ads,FB-100117,UA - Retargeting - Value | iOS | APAC | UGC,8837,56,32.73,8
2025-10-07,Facebook Ads,FB-100118,UA - Lookalike - 5% | Android | US | Video,18414,918,318.64,162
2025-10-07,Facebook Ads,FB-100119,UA - Lookalike - 5% | Android | EU | Playables,16655,342,91.42,74
2025-10-07,Facebook Ads,FB-100120,UA - Prospecting - Broad | Android | MENA | Static,26706,1035,271.79,154
2025-10-07,Facebook Ads,FB-100121,UA - Lookalike - 1% | iOS | EU | UGC,26202,561,158.43,96
2025-10-07,Facebook Ads,FB-100122,UA - Lookalike - 5% | iOS | MENA | Playables,21562,885,231.52,129
2025-10-07,Facebook Ads,FB-100123,UA - Lookalike - 5% | iOS | EU | UGC,21490,765,334.15,114
2025-10-07,Facebook Ads,FB-100124,UA - Lookalike - 5% | iOS | EU | Carousel,14434,628,250.76,83
2025-10-07,Facebook Ads,FB-100125,UA - Prospecting - Broad | Android | LATAM | UGC,14852,382,104.25,25
2025-10-07,Facebook Ads,FB-100126,UA - Lookalike - 1% | iOS | EU | Carousel,13823,281,77.75,13
2025-10-07,Facebook Ads,FB-100127,UA - Retargeting - Value | iOS | MENA | Video,11698,332,107.07,64
2025-10-07,Facebook Ads,FB-100128,UA - Retargeting - Value | Android | EU | UGC,16528,107,58.21,25
2025-10-07,Facebook Ads,FB-100129,UA - Lookalike - 5% | Android | US | UGC,19044,624,146.52,121
2025-10-07,Facebook Ads,FB-100130,UA - Lookalike - 5% | iOS | MENA | UGC,14765,691,336.17,52
2025-10-07,Facebook Ads,FB-100131,UA - Lookalike - 5% | Android | EU | UGC,15428,361,115.56,46
2025-10-07,Facebook Ads,FB-100132,UA - Lookalike - 5% | Android | MENA | UGC,10408,260,49.35,45
2025-10-07,Facebook Ads,FB-100133,UA - Lookalike - 5% | Android | LATAM | Carousel,27944,1322,389.73,193
2025-10-07,Facebook Ads,FB-100134,UA - Retargeting - Value | iOS | MENA | Playables,6652,208,107.79,46
2025-10-07,Facebook Ads,FB-100135,UA - Lookalike - 5% | iOS | EU | Carousel,11373,377,101.41,53
2025-10-07,Facebook Ads,FB-100136,UA - Lookalike - 1% | iOS | US | UGC,17424,465,249.57,82
2025-10-07,Facebook Ads,FB-100137,UA - Retargeting - Value | iOS | EU | UGC,6471,116,65.89,17
2025-10-07,Facebook Ads,FB-100138,UA - Prospecting - Broad | Android | APAC | Playables,25321,845,129.71,168
2025-10-07,Facebook Ads,FB-100139,UA - Lookalike - 5% | Android | APAC | Static,10285,256,96.1,26
2025-10-07,Facebook Ads,FB-100140,UA - Lookalike - 5% | Android | US | Carousel,14315,637,142.43,79
2025-10-07,Facebook Ads,FB-100141,UA - Lookalike - 1% | iOS | EU | UGC,16020,472,256.86,73
2025-10-07,Facebook Ads,FB-100142,UA - Lookalike - 5% | iOS | APAC | Carousel,9552,417,203.91,57
2025-10-07,Facebook Ads,FB-100143,UA - Prospecting - Broad | iOS | US | UGC,13281,380,133.87,60
2025-10-07,Facebook Ads,FB-100144,UA - Prospecting - Broad | Android | LATAM | Static,18956,691,178.97,80
2025-10-07,Facebook Ads,FB-100145,UA - Retargeting - Value | Android | US | Static,7868,123,60.28,27
2025-10-07,Facebook Ads,FB-100146,UA - Retargeting - Value | Android | MENA | Static,17439,517,244.44,82
2025-10-07,Facebook Ads,FB-100147,UA - Retargeting - Value | Android | APAC | Video,9852,301,94.72,69
2025-10-07,Facebook Ads,FB-100148,UA - Retargeting - Value | iOS | LATAM | Carousel,18231,458,154.35,101
2025-10-07,Facebook Ads,FB-100149,UA - Prospecting - Broad | Android | EU | Carousel,20763,911,183.38,150
2025-10-07,Facebook Ads,FB-100150,UA - Lookalike - 5% | Android | LATAM | Playables,34062,1611,575.93,128
2025-10-07,Facebook Ads,FB-100151,UA - Retargeting - Value | iOS | EU | Video,8579,198,88.43,43
2025-10-07,Facebook Ads,FB-100152,UA - Prospecting - Broad | Android | LATAM | Playables,18071,456,108.66,80
2025-10-07,Facebook Ads,FB-100153,UA - Lookalike - 5% | Android | LATAM | Playables,28169,996,401.29,142
2025-10-07,Facebook Ads,FB-100154,UA - Lookalike - 1% | iOS | US | Playables,18714,775,353.4,144
2025-10-07,Facebook Ads,FB-100155,UA - Prospecting - Broad | Android | APAC | UGC,22771,463,144.78,68
2025-10-07,Facebook Ads,FB-100156,UA - Retargeting - Value | iOS | LATAM | UGC,5486,144,72.33,31
2025-10-07,Facebook Ads,FB-100157,UA - Lookalike - 1% | iOS | EU | Playables,11755,239,67.37,22
2025-10-07,Facebook Ads,FB-100158,UA - Lookalike - 1% | iOS | APAC | UGC,22252,901,219.75,36
2025-10-07,Facebook Ads,FB-100159,UA - Lookalike - 1% | iOS | EU | Video,6700,206,79.47,27
2025-10-07,Facebook Ads,FB-100160,UA - Lookalike - 5% | iOS | EU | UGC,14456,510,249.44,75
2025-10-07,Facebook Ads,FB-100161,UA - Lookalike - 1% | iOS | US | UGC,13505,438,213.04,64
2025-10-07,Facebook Ads,FB-100162,UA - Lookalike - 1% | Android | APAC | Static,24304,1113,314.87,98
2025-10-07,Facebook Ads,FB-100163,UA - Lookalike - 1% | iOS | LATAM | Carousel,35002,1317,555.12,83
2025-10-07,Facebook Ads,FB-100164,UA - Prospecting - Broad | Android | MENA | Static,20643,905,335.3,54
2025-10-07,Facebook Ads,FB-100165,UA - Retargeting - Value | Android | APAC | UGC,12422,122,61.46,11
2025-10-07,Facebook Ads,FB-100166,UA - Prospecting - Broad | iOS | APAC | UGC,24784,946,366.67,154
2025-10-07,Facebook Ads,FB-100167,UA - Lookalike - 5% | Android | LATAM | Static,16138,358,129.7,49
2025-10-07,Facebook Ads,FB-100168,UA - Lookalike - 1% | Android | LATAM | Playables,25076,805,205.11,161
2025-10-07,Facebook Ads,FB-100169,UA - Lookalike - 1% | iOS | MENA | Playables,25772,1250,481.88,138
2025-10-07,Facebook Ads,FB-100170,UA - Lookalike - 1% | iOS | MENA | Carousel,22707,617,242.3,114
2025-10-07,Facebook Ads,FB-100171,UA - Lookalike - 1% | iOS | LATAM | Carousel,22048,693,304.16,34
2025-10-07,Facebook Ads,FB-100172,UA - Lookalike - 1% | Android | US | Static,10898,386,136.1,51
2025-10-07,Facebook Ads,FB-100173,UA - Retargeting - Value | Android | MENA | Static,11825,88,24.53,22
2025-10-07,Facebook Ads,FB-100174,UA - Lookalike - 1% | Android | APAC | Carousel,22332,589,209.45,113
2025-10-07,Facebook Ads,FB-100175,UA - Retargeting - Value | Android | EU | Carousel,20330,553,238.12,126
2025-10-07,Facebook Ads,FB-100176,UA - Prospecting - Broad | iOS | EU | Carousel,15878,273,82.83,17
2025-10-07,Facebook Ads,FB-100177,UA - Prospecting - Broad | Android | LATAM | Video,16366,445,126.96,48
2025-10-07,Facebook Ads,FB-100178,UA - Prospecting - Broad | iOS | EU | UGC,28314,478,226.48,13
2025-10-07,Facebook Ads,FB-100179,UA - Lookalike - 5% | Android | MENA | Carousel,20215,580,206.36,88
2025-10-07,Facebook Ads,FB-100180,UA - Retargeting - Value | iOS | APAC | Carousel,11784,114,41.72,22
2025-10-07,Facebook Ads,FB-100181,UA - Prospecting - Broad | Android | LATAM | UGC,16638,566,135.5,107
2025-10-07,Facebook Ads,FB-100182,UA - Prospecting - Broad | Android | APAC | UGC,18934,780,150.07,36
2025-10-07,Facebook Ads,FB-100183,UA - Lookalike - 1% | Android | EU | Static,19528,440,115.72,77
2025-10-07,Facebook Ads,FB-100184,UA - Lookalike - 5% | Android | EU | Video,22225,567,218.35,52
2025-10-07,Facebook Ads,FB-100185,UA - Lookalike - 5% | Android | MENA | UGC,16942,366,137.36,79
2025-10-07,Facebook Ads,FB-100186,UA - Lookalike - 5% | iOS | LATAM | Playables,15717,407,152.3,78
2025-10-07,Facebook Ads,FB-100187,UA - Prospecting - Broad | iOS | MENA | Playables,12816,301,66.49,15
2025-10-07,Facebook Ads,FB-100188,UA - Lookalike - 1% | Android | EU | Static,18462,683,302.09,145
2025-10-07,Facebook Ads,FB-100189,UA - Retargeting - Value | Android | EU | Static,10434,275,135.38,37
2025-10-07,Facebook Ads,FB-100190,UA - Lookalike - 5% | Android | EU | Video,13581,587,203.16,40
2025-10-07,Facebook Ads,FB-100191,UA - Lookalike - 1% | iOS | MENA | UGC,18692,837,391.21,53
2025-10-07,Facebook Ads,FB-100192,UA - Lookalike - 1% | Android | EU | Carousel,33661,1311,581.82,194
2025-10-07,Facebook Ads,FB-100193,UA - Lookalike - 1% | iOS | US | Static,11624,323,167.38,39
2025-10-07,Facebook Ads,FB-100194,UA - Retargeting - Value | Android | APAC | Video,18108,556,161.35,97
2025-10-07,Facebook Ads,FB-100195,UA - Prospecting - Broad | Android | LATAM | Static,13409,297,130.44,61
2025-10-07,Facebook Ads,FB-100196,UA - Lookalike - 1% | Android | EU | Carousel,25280,934,431.23,69
2025-10-07,Facebook Ads,FB-100197,UA - Lookalike - 1% | iOS | US | UGC,26080,1117,356.88,83
2025-10-07,Facebook Ads,FB-100198,UA - Lookalike - 5% | iOS | LATAM | Playables,19486,926,430.13,34
2025-10-07,Facebook Ads,FB-100199,UA - Prospecting - Broad | iOS | US | Playables,11586,394,130.81,57
2025-10-07,Facebook Ads,FB-100200,UA - Lookalike - 1% | iOS | LATAM | Playables,12727,597,133.37,43
2025-10-07,Facebook Ads,FB-100201,UA - Prospecting - Broad | Android | US | Static,24841,981,297.73,171
2025-10-07,Facebook Ads,FB-100202,UA - Retargeting - Value | iOS | MENA | Video,8963,183,70.31,17
2025-10-07,Facebook Ads,FB-100203,UA - Lookalike - 1% | iOS | MENA | UGC,19563,779,252.71,67
2025-10-07,Facebook Ads,FB-100204,UA - Lookalike - 5% | Android | MENA | UGC,12941,418,93.26,29
2025-10-07,Facebook Ads,FB-100205,UA - Lookalike - 5% | Android | APAC | Carousel,15072,704,136.65,55
2025-10-07,Facebook Ads,FB-100206,UA - Retargeting - Value | iOS | LATAM | Video,18501,580,300.67,121
2025-10-07,Facebook Ads,FB-100207,UA - Lookalike - 1% | iOS | APAC | UGC,16193,552,190.16,37
2025-10-07,Facebook Ads,FB-100208,UA - Lookalike - 5% | iOS | MENA | Video,18802,664,166.2,97
2025-10-07,Facebook Ads,FB-100209,UA - Lookalike - 1% | Android | LATAM | Carousel,12178,381,72.28,20
2025-10-07,Facebook Ads,FB-100210,UA - Prospecting - Broad | Android | APAC | Playables,22447,456,191.75,64
2025-10-07,Facebook Ads,FB-100211,UA - Retargeting - Value | iOS | APAC | Video,7427,57,28.37,12
2025-10-07,Facebook Ads,FB-100212,UA - Lookalike - 5% | iOS | MENA | UGC,15164,494,228.43,73
2025-10-07,Facebook Ads,FB-100213,UA - Retargeting - Value | Android | EU | Carousel,9012,252,102.11,57
2025-10-07,Facebook Ads,FB-100214,UA - Prospecting - Broad | iOS | APAC | UGC,12751,484,228.93,16
2025-10-07,Facebook Ads,FB-100215,UA - Retargeting - Value | Android | MENA | Static,14222,73,34.54,6
2025-10-07,Facebook Ads,FB-100216,UA - Lookalike - 5% | iOS | MENA | Video,21224,684,158.69,70
2025-10-07,Facebook Ads,FB-100217,UA - Lookalike - 5% | Android | EU | Video,36352,1342,514.79,293
2025-10-07,Facebook Ads,FB-100218,UA - Lookalike - 1% | Android | EU | UGC,16124,592,204.3,129
2025-10-07,Facebook Ads,FB-100219,UA - Lookalike - 5% | iOS | APAC | UGC,16488,398,182.72,19
2025-10-07,Facebook Ads,FB-100220,UA - Retargeting - Value | Android | APAC | Playables,17650,504,247.11,97
2025-10-07,Facebook Ads,FB-100221,UA - Retargeting - Value | iOS | EU | Playables,14500,349,206.36,73
2025-10-07,Facebook Ads,FB-100222,UA - Lookalike - 1% | Android | LATAM | UGC,19260,737,270.7,153
2025-10-07,Facebook Ads,FB-100223,UA - Lookalike - 1% | iOS | US | Carousel,24932,1219,325.72,196
2025-10-07,Facebook Ads,FB-100224,UA - Lookalike - 5% | iOS | EU | UGC,28735,1021,314.88,166
2025-10-07,Facebook Ads,FB-100225,UA - Lookalike - 5% | iOS | LATAM | Playables,9278,373,114.85,52
2025-10-07,Facebook Ads,FB-100226,UA - Retargeting - Value | iOS | LATAM | Static,7448,127,45.73,9
2025-10-07,Facebook Ads,FB-100227,UA - Prospecting - Broad | iOS | EU | UGC,22037,810,338.34,96
2025-10-07,Facebook Ads,FB-100228,UA - Lookalike - 5% | iOS | APAC | UGC,25933,832,167.56,49
2025-10-07,Facebook Ads,FB-100229,UA - Retargeting - Value | Android | APAC | Video,11531,175,49.89,31
2025-10-07,Facebook Ads,FB-100230,UA - Prospecting - Broad | iOS | US | UGC,16195,426,168.31,26
2025-10-07,Facebook Ads,FB-100231,UA - Lookalike - 5% | iOS | US | Static,26020,1220,620.49,136
2025-10-07,Facebook Ads,FB-100232,UA - Lookalike - 1% | Android | US | UGC,21897,963,311.72,105
2025-10-07,Facebook Ads,FB-100233,UA - Prospecting - Broad | iOS | MENA | UGC,27651,653,208.76,96
2025-10-07,Facebook Ads,FB-100234,UA - Lookalike - 1% | iOS | MENA | UGC,16189,602,153.39,94
2025-10-07,Facebook Ads,FB-100235,UA - Prospecting - Broad | iOS | MENA | Video,20314,447,121.85,29
2025-10-07,Facebook Ads,FB-100236,UA - Prospecting - Broad | Android | LATAM | Static,12361,229,39.73,46
2025-10-07,Facebook Ads,FB-100237,UA - Lookalike - 5% | iOS | US | Video,28744,1400,706.16,130
2025-10-07,Facebook Ads,FB-100238,UA - Prospecting - Broad | Android | LATAM | Video,14014,287,108.86,36
2025-10-07,Facebook Ads,FB-100239,UA - Lookalike - 1% | iOS | US | Carousel,15701,561,211.5,106
2025-10-07,Facebook Ads,FB-100240,UA - Retargeting - Value | iOS | APAC | Static,12074,103,46.92,12
2025-10-07,Facebook Ads,FB-100241,UA - Retargeting - Value | iOS | MENA | Static,7741,62,25.33,13
2025-10-07,Facebook Ads,FB-100242,UA - Lookalike - 5% | Android | US | Playables,26998,688,225.11,83
2025-10-07,Facebook Ads,FB-100243,UA - Retargeting - Value | Android | APAC | Playables,11601,214,90.18,54
2025-10-07,Facebook Ads,FB-100244,UA - Lookalike - 5% | Android | APAC | Carousel,22971,1049,219.03,195
2025-10-07,Facebook Ads,FB-100245,UA - Lookalike - 1% | iOS | US | UGC,11707,382,110.89,69
2025-10-07,Facebook Ads,FB-100246,UA - Lookalike - 1% | Android | US | UGC,15189,694,148.72,46
2025-10-07,Facebook Ads,FB-100247,UA - Lookalike - 5% | iOS | APAC | Carousel,18223,823,188.38,128
2025-10-07,Facebook Ads,FB-100248,UA - Lookalike - 5% | iOS | EU | UGC,20060,648,230.23,94
2025-10-07,Facebook Ads,FB-100249,UA - Lookalike - 1% | Android | EU | UGC,14685,530,261.71,52
2025-10-07,Facebook Ads,FB-100250,UA - Lookalike - 5% | iOS | LATAM | Video,15591,598,202.78,115
2025-10-07,Facebook Ads,FB-100251,UA - Prospecting - Broad | iOS | US | Playables,16968,469,203.41,41
2025-10-07,Facebook Ads,FB-100252,UA - Lookalike - 1% | iOS | LATAM | Static,14623,604,230.49,58
2025-10-07,Facebook Ads,FB-100253,UA - Lookalike - 1% | Android | EU | Playables,31658,1343,478.51,169
2025-10-07,Facebook Ads,FB-100254,UA - Lookalike - 1% | Android | US | Video,20316,859,364.99,73
2025-10-07,Facebook Ads,FB-100255,UA - Lookalike - 1% | iOS | US | Playables,23234,794,211.28,127
2025-10-07,Facebook Ads,FB-100256,UA - Lookalike - 1% | Android | US | Carousel,17769,851,269.77,75
2025-10-07,Facebook Ads,FB-100257,UA - Retargeting - Value | iOS | EU | Static,10269,213,85.46,16
2025-10-07,Facebook Ads,FB-100258,UA - Lookalike - 1% | iOS | MENA | Playables,8909,428,156.05,22
2025-10-07,Facebook Ads,FB-100259,UA - Lookalike - 1% | Android | LATAM | UGC,22889,771,288.89,153
2025-10-07,Facebook Ads,FB-100260,UA - Prospecting - Broad | iOS | US | UGC,22700,495,137.07,35
2025-10-07,Facebook Ads,FB-100261,UA - Lookalike - 1% | Android | EU | UGC,15933,568,242.82,41
2025-10-07,Facebook Ads,FB-100262,UA - Lookalike - 1% | Android | APAC | Video,11012,319,121.16,59
2025-10-07,Facebook Ads,FB-100263,UA - Lookalike - 1% | Android | APAC | Carousel,20399,523,216.84,65
2025-10-07,Facebook Ads,FB-100264,UA - Retargeting - Value | iOS | LATAM | Video,12747,94,45.83,14
2025-10-07,Facebook Ads,FB-100265,UA - Lookalike - 1% | iOS | US | Playables,14334,403,179.13,48
2025-10-07,Facebook Ads,FB-100266,UA - Lookalike - 1% | Android | US | UGC,22117,744,249.84,125
2025-10-07,Facebook Ads,FB-100267,UA - Prospecting - Broad | iOS | US | Static,18415,811,208.1,150
2025-10-07,Facebook Ads,FB-100268,UA - Prospecting - Broad | Android | LATAM | UGC,20955,323,69.51,35
2025-10-07,Facebook Ads,FB-100269,UA - Retargeting - Value | Android | EU | Playables,12700,329,101.83,34
2025-10-07,Facebook Ads,FB-100270,UA - Lookalike - 5% | iOS | APAC | Carousel,12661,322,150.92,23
2025-10-07,Facebook Ads,FB-100271,UA - Lookalike - 5% | Android | APAC | Video,26045,1079,286.37,232
2025-10-07,Facebook Ads,FB-100272,UA - Lookalike - 1% | iOS | LATAM | Video,17567,702,184.28,67
2025-10-07,Facebook Ads,FB-100273,UA - Retargeting - Value | Android | APAC | UGC,10793,289,136.81,53
2025-10-07,Facebook Ads,FB-100274,UA - Lookalike - 1% | iOS | US | Carousel,16562,662,358.8,46
2025-10-07,Facebook Ads,FB-100275,UA - Retargeting - Value | Android | APAC | Carousel,13760,310,114.3,40
2025-10-07,Facebook Ads,FB-100276,UA - Retargeting - Value | Android | APAC | Video,11671,328,106.47,57
2025-10-07,Facebook Ads,FB-100277,UA - Retargeting - Value | Android | US | Carousel,10440,290,92.22,43
2025-10-07,Facebook Ads,FB-100278,UA - Prospecting - Broad | Android | MENA | Static,13274,421,144.57,41
2025-10-07,Facebook Ads,FB-100279,UA - Retargeting - Value | Android | MENA | Static,12898,210,98.13,27
2025-10-07,Facebook Ads,FB-100280,UA - Prospecting - Broad | iOS | EU | Playables,10950,350,144.59,26
2025-10-07,Facebook Ads,FB-100281,UA - Lookalike - 1% | iOS | EU | Static,16000,733,218.51,88
2025-10-07,Facebook Ads,FB-100282,UA - Retargeting - Value | Android | US | Video,7052,142,73.85,34
2025-10-07,Facebook Ads,FB-100283,UA - Lookalike - 1% | Android | LATAM | Static,23523,696,117.62,149
2025-10-07,Facebook Ads,FB-100284,UA - Prospecting - Broad | Android | EU | Carousel,18364,431,139.17,40
2025-10-07,Facebook Ads,FB-100285,UA - Prospecting - Broad | Android | APAC | Playables,14715,634,129.08,28
2025-10-07,Facebook Ads,FB-100286,UA - Lookalike - 1% | Android | APAC | UGC,15916,552,186.13,82
2025-10-07,Facebook Ads,FB-100287,UA - Retargeting - Value | Android | APAC | Playables,9619,51,26.84,10
2025-10-07,Facebook Ads,FB-100288,UA - Lookalike - 5% | Android | MENA | Carousel,16004,677,282.38,128
2025-10-07,Facebook Ads,FB-100289,UA - Lookalike - 5% | Android | US | UGC,15363,551,231.59,105
2025-10-07,Facebook Ads,FB-100290,UA - Lookalike - 5% | iOS | US | UGC,21855,689,212.14,97
2025-10-07,Facebook Ads,FB-100291,UA - Retargeting - Value | Android | US | Carousel,14650,318,166.57,70
2025-10-07,Facebook Ads,FB-100292,UA - Lookalike - 1% | Android | EU | Carousel,17090,748,273.02,101
2025-10-07,Facebook Ads,FB-100293,UA - Lookalike - 1% | iOS | MENA | Playables,19162,919,432.57,113
2025-10-07,Facebook Ads,FB-100294,UA - Lookalike - 5% | iOS | MENA | Playables,11496,341,92.82,41
2025-10-07,Facebook Ads,FB-100295,UA - Retargeting - Value | Android | US | Playables,7748,122,53.16,30
2025-10-07,Facebook Ads,FB-100296,UA - Lookalike - 5% | iOS | APAC | Static,21497,1004,202.81,198
2025-10-07,Facebook Ads,FB-100297,UA - Lookalike - 5% | iOS | APAC | UGC,18167,877,391.76,163
2025-10-07,Facebook Ads,FB-100298,UA - Lookalike - 1% | Android | LATAM | UGC,27337,674,154.68,135
2025-10-07,Facebook Ads,FB-100299,UA - Lookalike - 5% | iOS | LATAM | Static,22141,821,304.34,54
2025-10-07,Facebook Ads,FB-100300,UA - Prospecting - Broad | Android | US | Video,8524,307,136.89,17
2025-10-07,Facebook Ads,FB-100301,UA - Retargeting - Value | iOS | US | Carousel,11984,197,115.05,44
2025-10-07,Facebook Ads,FB-100302,UA - Lookalike - 1% | Android | MENA | Playables,23251,1002,375.05,194
2025-10-07,Facebook Ads,FB-100303,UA - Lookalike - 5% | Android | APAC | Carousel,18365,397,122.0,41
2025-10-07,Facebook Ads,FB-100304,UA - Lookalike - 1% | Android | LATAM | Playables,26709,1333,588.25,237
2025-10-07,Facebook Ads,FB-100305,UA - Retargeting - Value | iOS | US | Playables,17431,498,196.41,63
2025-10-07,Facebook Ads,FB-100306,UA - Prospecting - Broad | Android | APAC | Static,17507,490,176.11,83
2025-10-07,Facebook Ads,FB-100307,UA - Prospecting - Broad | iOS | MENA | Carousel,23032,740,272.62,140
2025-10-07,Facebook Ads,FB-100308,UA - Lookalike - 5% | iOS | MENA | Static,11013,410,95.86,41
2025-10-07,Facebook Ads,FB-100309,UA - Prospecting - Broad | Android | MENA | Carousel,22570,782,297.86,53
2025-10-07,Facebook Ads,FB-100310,UA - Lookalike - 1% | Android | LATAM | Carousel,15119,721,158.62,120
2025-10-07,Facebook Ads,FB-100311,UA - Retargeting - Value | iOS | US | Static,8712,236,99.8,41
2025-10-07,Facebook Ads,FB-100312,UA - Prospecting - Broad | iOS | US | Static,11420,275,107.64,21
2025-10-07,Facebook Ads,FB-100313,UA - Lookalike - 5% | Android | MENA | Static,33528,1425,448.31,222
2025-10-07,Facebook Ads,FB-100314,UA - Retargeting - Value | iOS | APAC | Carousel,6584,136,51.22,10
2025-10-07,Facebook Ads,FB-100315,UA - Prospecting - Broad | iOS | LATAM | Carousel,27600,798,385.91,24
2025-10-07,Facebook Ads,FB-100316,UA - Prospecting - Broad | Android | EU | Static,16177,384,178.56,40
2025-10-07,Facebook Ads,FB-100317,UA - Lookalike - 5% | Android | LATAM | UGC,22521,1061,313.42,160
2025-10-07,Facebook Ads,FB-100318,UA - Lookalike - 5% | iOS | MENA | UGC,10670,226,107.73,18
2025-10-07,Facebook Ads,FB-100319,UA - Prospecting - Broad | iOS | EU | Playables,13189,468,166.89,33
2025-10-07,Facebook Ads,FB-100320,UA - Lookalike - 1% | iOS | APAC | Video,22881,723,361.5,143
2025-10-07,Facebook Ads,FB-100321,UA - Prospecting - Broad | iOS | MENA | Carousel,17951,453,144.01,19
2025-10-07,Facebook Ads,FB-100322,UA - Prospecting - Broad | Android | APAC | Playables,26099,718,231.12,80
2025-10-07,Facebook Ads,FB-100323,UA - Retargeting - Value | Android | EU | Carousel,8596,76,37.67,14
2025-10-07,Facebook Ads,FB-100324,UA - Lookalike - 1% | Android | LATAM | Carousel,14933,706,196.97,144
2025-10-07,Facebook Ads,FB-100325,UA - Lookalike - 5% | Android | US | UGC,9894,244,53.75,34
2025-10-07,Facebook Ads,FB-100326,UA - Retargeting - Value | Android | EU | UGC,13277,193,114.24,48
2025-10-07,Facebook Ads,FB-100327,UA - Prospecting - Broad | iOS | US | UGC,17338,591,278.66,27
2025-10-07,Facebook Ads,FB-100328,UA - Prospecting - Broad | iOS | US | UGC,26260,870,377.32,105
2025-10-07,Facebook Ads,FB-100329,UA - Lookalike - 5% | iOS | MENA | UGC,17075,740,177.75,128
2025-10-07,Facebook Ads,FB-100330,UA - Lookalike - 5% | iOS | LATAM | Video,13181,328,87.87,32
2025-10-07,Facebook Ads,FB-100331,UA - Lookalike - 5% | Android | LATAM | Static,25620,683,240.01,57
2025-10-07,Facebook Ads,FB-100332,UA - Prospecting - Broad | iOS | US | UGC,10329,368,187.68,62
2025-10-07,Facebook Ads,FB-100333,UA - Lookalike - 5% | Android | APAC | Playables,23718,1060,388.07,124
2025-10-07,Facebook Ads,FB-100334,UA - Lookalike - 1% | Android | APAC | Carousel,14030,296,54.11,37
2025-10-07,Facebook Ads,FB-100335,UA - Prospecting - Broad | Android | LATAM | Static,11781,366,162.91,17
2025-10-07,Facebook Ads,FB-100336,UA - Retargeting - Value | Android | MENA | Playables,14479,456,219.84,63
2025-10-07,Facebook Ads,FB-100337,UA - Retargeting - Value | iOS | LATAM | Static,16094,413,235.86,61
2025-10-07,Facebook Ads,FB-100338,UA - Retargeting - Value | Android | EU | Carousel,15365,489,226.85,76
2025-10-07,Facebook Ads,FB-100339,UA - Prospecting - Broad | Android | MENA | Static,27396,1147,480.25,217
2025-10-07,Facebook Ads,FB-100340,UA - Lookalike - 5% | Android | APAC | UGC,18831,790,140.15,134
2025-10-07,Facebook Ads,FB-100341,UA - Lookalike - 5% | iOS | LATAM | Static,14541,607,299.01,81
2025-10-07,Facebook Ads,FB-100342,UA - Lookalike - 1% | Android | APAC | UGC,23024,1062,434.15,82
2025-10-07,Facebook Ads,FB-100343,UA - Lookalike - 1% | iOS | MENA | Video,23532,688,288.27,133
2025-10-07,Facebook Ads,FB-100344,UA - Lookalike - 5% | Android | LATAM | UGC,20374,875,134.49,117
2025-10-07,Facebook Ads,FB-100345,UA - Lookalike - 1% | Android | US | Carousel,19658,684,181.33,110
2025-10-07,Facebook Ads,FB-100346,UA - Lookalike - 5% | Android | US | Playables,40810,1156,449.22,218
2025-10-07,Facebook Ads,FB-100347,UA - Prospecting - Broad | iOS | MENA | Playables,16692,425,103.53,10
2025-10-07,Facebook Ads,FB-100348,UA - Lookalike - 1% | iOS | MENA | Static,20564,1024,254.36,80
2025-10-07,Facebook Ads,FB-100349,UA - Prospecting - Broad | iOS | MENA | Static,17691,563,275.81,82
2025-10-08,Facebook Ads,FB-100000,UA - Retargeting - Value | Android | US | Carousel,6955,204,110.61,31
2025-10-08,Facebook Ads,FB-100001,UA - Prospecting - Broad | Android | EU | Video,19349,295,90.68,39
2025-10-08,Facebook Ads,FB-100002,UA - Prospecting - Broad | iOS | US | Video,21481,950,294.21,64
2025-10-08,Facebook Ads,FB-100003,UA - Prospecting - Broad | Android | EU | Playables,15150,612,167.57,44
2025-10-08,Facebook Ads,FB-100004,UA - Retargeting - Value | Android | MENA | UGC,13830,340,175.27,50
2025-10-08,Facebook Ads,FB-100005,UA - Prospecting - Broad | iOS | MENA | Carousel,13725,359,90.25,39
2025-10-08,Facebook Ads,FB-100006,UA - Lookalike - 1% | Android | APAC | Carousel,18973,881,166.69,72
2025-10-08,Facebook Ads,FB-100007,UA - Prospecting - Broad | Android | EU | Carousel,15178,423,165.31,83
2025-10-08,Facebook Ads,FB-100008,UA - Lookalike - 1% | Android | APAC | Video,18752,514,174.14,50
2025-10-08,Facebook Ads,FB-100009,UA - Prospecting - Broad | iOS | MENA | Carousel,19608,581,242.97,89
2025-10-08,Facebook Ads,FB-100010,UA - Lookalike - 5% | iOS | MENA | Video,10256,436,136.16,51
2025-10-08,Facebook Ads,FB-100011,UA - Lookalike - 1% | Android | MENA | Carousel,31624,1090,476.0,142
2025-10-08,Facebook Ads,FB-100012,UA - Retargeting - Value | Android | US | Video,10949,348,151.59,45
2025-10-08,Facebook Ads,FB-100013,UA - Prospecting - Broad | iOS | US | Static,13361,263,132.21,16
2025-10-08,Facebook Ads,FB-100014,UA - Lookalike - 1% | iOS | LATAM | UGC,13859,294,103.99,25
2025-10-08,Facebook Ads,FB-100015,UA - Retargeting - Value | Android | LATAM | Carousel,12230,243,80.65,22
2025-10-08,Facebook Ads,FB-100016,UA - Retargeting - Value | iOS | US | Playables,14389,288,148.03,23
2025-10-08,Facebook Ads,FB-100017,UA - Lookalike - 5% | Android | EU | UGC,16711,514,186.99,54
2025-10-08,Facebook Ads,FB-100018,UA - Lookalike - 1% | iOS | MENA | Static,19273,495,188.69,26
2025-10-08,Facebook Ads,FB-100019,UA - Lookalike - 1% | Android | EU | Video,10114,281,121.11,27
2025-10-08,Facebook Ads,FB-100020,UA - Retargeting - Value | iOS | LATAM | Video,14667,78,38.7,18
2025-10-08,Facebook Ads,FB-100021,UA - Lookalike - 5% | iOS | EU | UGC,10485,437,136.78,30
2025-10-08,Facebook Ads,FB-100022,UA - Retargeting - Value | iOS | EU | Carousel,12860,97,58.56,13
2025-10-08,Facebook Ads,FB-100023,UA - Lookalike - 1% | Android | MENA | Playables,14762,672,106.85,49
2025-10-08,Facebook Ads,FB-100024,UA - Lookalike - 1% | iOS | MENA | UGC,10666,326,87.24,33
2025-10-08,Facebook Ads,FB-100025,UA - Lookalike - 5% | Android | EU | Playables,19813,574,215.88,84
2025-10-08,Facebook Ads,FB-100026,UA - Retargeting - Value | Android | US | Video,19827,574,329.53,107
2025-10-08,Facebook Ads,FB-100027,UA - Prospecting - Broad | Android | APAC | Playables,17708,299,79.5,36
2025-10-08,Facebook Ads,FB-100028,UA - Lookalike - 5% | iOS | APAC | Playables,16578,667,168.95,113
2025-10-08,Facebook Ads,FB-100029,UA - Prospecting - Broad | iOS | MENA | Video,19829,839,264.96,46
2025-10-08,Facebook Ads,FB-100030,UA - Lookalike - 1% | iOS | LATAM | Video,17201,512,242.12,49
2025-10-08,Facebook Ads,FB-100031,UA - Prospecting - Broad | iOS | EU | UGC,16834,627,229.92,108
2025-10-08,Facebook Ads,FB-100032,UA - Prospecting - Broad | iOS | MENA | Static,20069,396,147.51,28
2025-10-08,Facebook Ads,FB-100033,UA - Retargeting - Value | iOS | MENA | Playables,7080,78,46.59,11
2025-10-08,Facebook Ads,FB-100034,UA - Prospecting - Broad | Android | LATAM | Static,14503,431,124.47,20
2025-10-08,Facebook Ads,FB-100035,UA - Prospecting - Broad | iOS | APAC | Video,24158,613,277.57,94
2025-10-08,Facebook Ads,FB-100036,UA - Prospecting - Broad | iOS | LATAM | Static,13403,449,147.99,38
2025-10-08,Facebook Ads,FB-100037,UA - Prospecting - Broad | Android | MENA | Video,20135,724,118.08,137
2025-10-08,Facebook Ads,FB-100038,UA - Retargeting - Value | iOS | US | Playables,10626,284,176.28,63
2025-10-08,Facebook Ads,FB-100039,UA - Retargeting - Value | Android | APAC | Playables,11258,180,85.79,31
2025-10-08,Facebook Ads,FB-100040,UA - Lookalike - 5% | iOS | MENA | Playables,18326,381,149.24,55
2025-10-08,Facebook Ads,FB-100041,UA - Lookalike - 1% | Android | MENA | Static,21927,566,91.3,52
2025-10-08,Facebook Ads,FB-100042,UA - Lookalike - 5% | iOS | LATAM | UGC,12192,274,108.81,41
2025-10-08,Facebook Ads,FB-100043,UA - Prospecting - Broad | Android | EU | Static,19631,389,175.63,55
2025-10-08,Facebook Ads,FB-100044,UA - Retargeting - Value | iOS | US | Playables,14649,78,33.7,11
2025-10-08,Facebook Ads,FB-100045,UA - Prospecting - Broad | Android | US | Video,28375,878,292.02,42
2025-10-08,Facebook Ads,FB-100046,UA - Lookalike - 1% | Android | US | Video,18145,738,245.9,111
2025-10-08,Facebook Ads,FB-100047,UA - Lookalike - 1% | Android | MENA | Static,17254,474,200.31,39
2025-10-08,Facebook Ads,FB-100048,UA - Retargeting - Value | iOS | EU | Playables,14224,98,62.48,8
2025-10-08,Facebook Ads,FB-100049,UA - Lookalike - 5% | iOS | EU | UGC,11057,235,94.89,39
2025-10-08,Facebook Ads,FB-100050,UA - Lookalike - 5% | Android | US | Video,27308,896,241.65,60
2025-10-08,Facebook Ads,FB-100051,UA - Lookalike - 5% | iOS | APAC | UGC,15481,315,83.1,21
2025-10-08,Facebook Ads,FB-100052,UA - Lookalike - 5% | Android | US | Video,39915,1290,555.09,174
2025-10-08,Facebook Ads,FB-100053,UA - Retargeting - Value | iOS | US | Static,13832,451,234.88,50
2025-10-08,Facebook Ads,FB-100054,UA - Retargeting - Value | Android | MENA | UGC,6856,192,55.66,23
2025-10-08,Facebook Ads,FB-100055,UA - Lookalike - 5% | iOS | EU | Carousel,29757,1190,321.66,39
2025-10-08,Facebook Ads,FB-100056,UA - Prospecting - Broad | Android | US | UGC,17621,636,129.74,27
2025-10-08,Facebook Ads,FB-100057,UA - Prospecting - Broad | Android | MENA | Video,11903,331,73.85,17
2025-10-08,Facebook Ads,FB-100058,UA - Lookalike - 5% | Android | EU | UGC,13864,376,157.02,81
2025-10-08,Facebook Ads,FB-100059,UA - Prospecting - Broad | iOS | EU | UGC,23061,565,274.65,15
2025-10-08,Facebook Ads,FB-100060,UA - Lookalike - 5% | Android | APAC | Video,19818,832,210.33,70
2025-10-08,Facebook Ads,FB-100061,UA - Lookalike - 5% | iOS | APAC | Carousel,13845,609,249.02,41
2025-10-08,Facebook Ads,FB-100062,UA - Lookalike - 1% | iOS | EU | Static,16324,567,303.97,22
2025-10-08,Facebook Ads,FB-100063,UA - Prospecting - Broad | Android | US | Playables,16400,331,120.72,57
2025-10-08,Facebook Ads,FB-100064,UA - Lookalike - 5% | iOS | US | Video,14515,376,141.83,50
2025-10-08,Facebook Ads,FB-100065,UA - Prospecting - Broad | Android | US | Playables,18792,395,181.19,48
2025-10-08,Facebook Ads,FB-100066,UA - Prospecting - Broad | Android | US | Playables,12550,417,137.61,27
2025-10-08,Facebook Ads,FB-100067,UA - Retargeting - Value | Android | APAC | Video,13475,240,66.0,58
2025-10-08,Facebook Ads,FB-100068,UA - Lookalike - 5% | Android | MENA | Video,23100,673,158.16,97
2025-10-08,Facebook Ads,FB-100069,UA - Lookalike - 1% | iOS | LATAM | Static,24196,625,296.75,19
2025-10-08,Facebook Ads,FB-100070,UA - Retargeting - Value | Android | LATAM | UGC,9338,157,74.21,24
2025-10-08,Facebook Ads,FB-100071,UA - Prospecting - Broad | iOS | APAC | Carousel,19883,826,411.1,33
2025-10-08,Facebook Ads,FB-100072,UA - Prospecting - Broad | Android | APAC | Playables,32133,1206,307.05,193
2025-10-08,Facebook Ads,FB-100073,UA - Lookalike - 1% | Android | MENA | Static,16871,532,147.47,48
2025-10-08,Facebook Ads,FB-100074,UA - Retargeting - Value | Android | LATAM | Video,12319,307,90.38,59
2025-10-08,Facebook Ads,FB-100075,UA - Lookalike - 5% | iOS | LATAM | Static,16439,614,244.86,35
2025-10-08,Facebook Ads,FB-100076,UA - Prospecting - Broad | iOS | MENA | Playables,10758,475,106.45,82
2025-10-08,Facebook Ads,FB-100077,UA - Lookalike - 1% | iOS | US | Static,25642,1045,418.21,126
2025-10-08,Facebook Ads,FB-100078,UA - Retargeting - Value | Android | US | Playables,12756,396,131.79,74
2025-10-08,Facebook Ads,FB-100079,UA - Retargeting - Value | iOS | LATAM | Playables,5120,57,29.9,10
2025-10-08,Facebook Ads,FB-100080,UA - Lookalike - 5% | iOS | EU | Carousel,29236,951,356.72,75
2025-10-08,Facebook Ads,FB-100081,UA - Lookalike - 5% | iOS | US | Video,25163,604,239.12,69
2025-10-08,Facebook Ads,FB-100082,UA - Lookalike - 1% | iOS | US | Video,21267,941,289.45,185
2025-10-08,Facebook Ads,FB-100083,UA - Lookalike - 5% | Android | LATAM | Static,34500,803,273.74,51
2025-10-08,Facebook Ads,FB-100084,UA - Prospecting - Broad | iOS | MENA | Video,20836,615,263.34,13
2025-10-08,Facebook Ads,FB-100085,UA - Prospecting - Broad | Android | EU | Playables,18875,730,155.2,55
2025-10-08,Facebook Ads,FB-100086,UA - Retargeting - Value | iOS | MENA | Playables,14817,290,152.86,50
2025-10-08,Facebook Ads,FB-100087,UA - Lookalike - 1% | iOS | EU | Video,16699,491,158.05,44
2025-10-08,Facebook Ads,FB-100088,UA - Retargeting - Value | iOS | US | Carousel,17661,89,54.4,12
2025-10-08,Facebook Ads,FB-100089,UA - Lookalike - 5% | Android | US | Carousel,12578,297,106.68,62
2025-10-08,Facebook Ads,FB-100090,UA - Retargeting - Value | Android | EU | Static,9563,195,97.13,17
2025-10-08,Facebook Ads,FB-100091,UA - Lookalike - 1% | iOS | US | Static,9296,362,185.34,70
2025-10-08,Facebook Ads,FB-100092,UA - Retargeting - Value | iOS | EU | Carousel,6406,184,83.63,42
2025-10-08,Facebook Ads,FB-100093,UA - Lookalike - 5% | Android | APAC | Video,20934,857,154.35,98
2025-10-08,Facebook Ads,FB-100094,UA - Lookalike - 1% | Android | EU | UGC,30658,1272,266.48,171
2025-10-08,Facebook Ads,FB-100095,UA - Prospecting - Broad | iOS | EU | Static,10534,469,182.91,80
2025-10-08,Facebook Ads,FB-100096,UA - Lookalike - 1% | Android | APAC | Carousel,19978,965,347.4,65
2025-10-08,Facebook Ads,FB-100097,UA - Lookalike - 5% | Android | LATAM | Carousel,24520,730,193.45,71
2025-10-08,Facebook Ads,FB-100098,UA - Lookalike - 1% | iOS | US | Video,13909,663,291.79,75
2025-10-08,Facebook Ads,FB-100099,UA - Prospecting - Broad | Android | MENA | Carousel,11422,368,157.21,18
2025-10-08,Facebook Ads,FB-100100,UA - Lookalike - 1% | Android | MENA | UGC,18284,796,350.16,98
2025-10-08,Facebook Ads,FB-100101,UA - Prospecting - Broad | iOS | APAC | Playables,9791,179,54.08,21
2025-10-08,Facebook Ads,FB-100102,UA - Lookalike - 1% | iOS | MENA | Static,22014,691,290.98,57
2025-10-08,Facebook Ads,FB-100103,UA - Retargeting - Value | Android | APAC | Video,15667,277,133.35,62
2025-10-08,Facebook Ads,FB-100104,UA - Lookalike - 1% | iOS | APAC | Video,15494,314,143.09,26
2025-10-08,Facebook Ads,FB-100105,UA - Lookalike - 1% | iOS | US | Carousel,16291,658,193.58,51
2025-10-08,Facebook Ads,FB-100106,UA - Lookalike - 1% | iOS | LATAM | UGC,24063,843,342.76,64
2025-10-08,Facebook Ads,FB-100107,UA - Lookalike - 5% | Android | EU | UGC,21148,559,160.66,119
2025-10-08,Facebook Ads,FB-100108,UA - Lookalike - 1% | Android | MENA | Playables,17199,826,179.66,144
2025-10-08,Facebook Ads,FB-100109,UA - Lookalike - 1% | iOS | MENA | Video,9167,383,110.96,64
2025-10-08,Facebook Ads,FB-100110,UA - Lookalike - 1% | iOS | EU | UGC,13389,457,162.01,44
2025-10-08,Facebook Ads,FB-100111,UA - Retargeting - Value | iOS | APAC | UGC,14269,466,237.8,76
2025-10-08,Facebook Ads,FB-100112,UA - Lookalike - 1% | iOS | EU | Video,19260,925,315.61,130
2025-10-08,Facebook Ads,FB-100113,UA - Lookalike - 1% | iOS | US | Static,16333,766,239.68,127
2025-10-08,Facebook Ads,FB-100114,UA - Prospecting - Broad | Android | EU | Static,19902,767,350.9,79
2025-10-08,Facebook Ads,FB-100115,UA - Prospecting - Broad | Android | EU | UGC,15845,264,80.97,31
2025-10-08,Facebook Ads,FB-100116,UA - Retargeting - Value | iOS | APAC | Playables,9312,88,45.48,9
2025-10-08,Facebook Ads,FB-100117,UA - Retargeting - Value | iOS | APAC | UGC,15572,356,125.21,70
2025-10-08,Facebook Ads,FB-100118,UA - Lookalike - 5% | Android | US | Video,27553,1227,386.01,193
2025-10-08,Facebook Ads,FB-100119,UA - Lookalike - 5% | Android | EU | Playables,24392,577,226.41,117
2025-10-08,Facebook Ads,FB-100120,UA - Prospecting - Broad | Android | MENA | Static,10553,188,61.65,19
2025-10-08,Facebook Ads,FB-100121,UA - Lookalike - 1% | iOS | EU | UGC,19097,453,157.46,68
2025-10-08,Facebook Ads,FB-100122,UA - Lookalike - 5% | iOS | MENA | Playables,16018,713,310.15,85
2025-10-08,Facebook Ads,FB-100123,UA - Lookalike - 5% | iOS | EU | UGC,12766,568,253.04,89
2025-10-08,Facebook Ads,FB-100124,UA - Lookalike - 5% | iOS | EU | Carousel,25266,509,195.56,42
2025-10-08,Facebook Ads,FB-100125,UA - Prospecting - Broad | Android | LATAM | UGC,11930,210,47.67,35
2025-10-08,Facebook Ads,FB-100126,UA - Lookalike - 1% | iOS | EU | Carousel,21984,1084,484.98,78
2025-10-08,Facebook Ads,FB-100127,UA - Retargeting - Value | iOS | MENA | Video,10840,149,68.57,13
2025-10-08,Facebook Ads,FB-100128,UA - Retargeting - Value | Android | EU | UGC,20317,412,208.64,83
2025-10-08,Facebook Ads,FB-100129,UA - Lookalike - 5% | Android | US | UGC,19611,895,236.82,65
2025-10-08,Facebook Ads,FB-100130,UA - Lookalike - 5% | iOS | MENA | UGC,16986,619,172.21,86
2025-10-08,Facebook Ads,FB-100131,UA - Lookalike - 5% | Android | EU | UGC,13768,554,267.08,41
2025-10-08,Facebook Ads,FB-100132,UA - Lookalike - 5% | Android | MENA | UGC,14124,585,186.67,93
2025-10-08,Facebook Ads,FB-100133,UA - Lookalike - 5% | Android | LATAM | Carousel,13620,401,154.91,45
2025-10-08,Facebook Ads,FB-100134,UA - Retargeting - Value | iOS | MENA | Playables,6736,115,45.86,9
2025-10-08,Facebook Ads,FB-100135,UA - Lookalike - 5% | iOS | EU | Carousel,16054,705,234.13,32
2025-10-08,Facebook Ads,FB-100136,UA - Lookalike - 1% | iOS | US | UGC,18487,661,338.89,85
2025-10-08,Facebook Ads,FB-100137,UA - Retargeting - Value | iOS | EU | UGC,9511,210,91.27,24
2025-10-08,Facebook Ads,FB-100138,UA - Prospecting - Broad | Android | APAC | Playables,18047,707,249.78,123
2025-10-08,Facebook Ads,FB-100139,UA - Lookalike - 5% | Android | APAC | Static,15875,599,136.39,99
2025-10-08,Facebook Ads,FB-100140,UA - Lookalike - 5% | Android | US | Carousel,15396,732,286.8,82
2025-10-08,Facebook Ads,FB-100141,UA - Lookalike - 1% | iOS | EU | UGC,15905,536,204.59,48
2025-10-08,Facebook Ads,FB-100142,UA - Lookalike - 5% | iOS | APAC | Carousel,10255,489,131.35,67
2025-10-08,Facebook Ads,FB-100143,UA - Prospecting - Broad | iOS | US | UGC,15076,608,267.76,20
2025-10-08,Facebook Ads,FB-100144,UA - Prospecting - Broad | Android | LATAM | Static,23057,988,387.79,41
2025-10-08,Facebook Ads,FB-100145,UA - Retargeting - Value | Android | US | Static,14575,132,59.31,27
2025-10-08,Facebook Ads,FB-100146,UA - Retargeting - Value | Android | MENA | Static,15803,473,119.29,76
2025-10-08,Facebook Ads,FB-100147,UA - Retargeting - Value | Android | APAC | Video,12853,319,167.83,82
2025-10-08,Facebook Ads,FB-100148,UA - Retargeting - Value | iOS | LATAM | Carousel,9269,305,161.38,68
2025-10-08,Facebook Ads,FB-100149,UA - Prospecting - Broad | Android | EU | Carousel,19256,492,105.93,61
2025-10-08,Facebook Ads,FB-100150,UA - Lookalike - 5% | Android | LATAM | Playables,14892,677,275.74,67
2025-10-08,Facebook Ads,FB-100151,UA - Retargeting - Value | iOS | EU | Video,6247,149,69.75,33
2025-10-08,Facebook Ads,FB-100152,UA - Prospecting - Broad | Android | LATAM | Playables,34218,1429,578.03,71
2025-10-08,Facebook Ads,FB-100153,UA - Lookalike - 5% | Android | LATAM | Playables,11907,276,70.35,47
2025-10-08,Facebook Ads,FB-100154,UA - Lookalike - 1% | iOS | US | Playables,20479,961,358.65,178
2025-10-08,Facebook Ads,FB-100155,UA - Prospecting - Broad | Android | APAC | UGC,27027,787,206.43,80
2025-10-08,Facebook Ads,FB-100156,UA - Retargeting - Value | iOS | LATAM | UGC,18893,343,117.31,67
2025-10-08,Facebook Ads,FB-100157,UA - Lookalike - 1% | iOS | EU | Playables,17222,401,134.54,21
2025-10-08,Facebook Ads,FB-100158,UA - Lookalike - 1% | iOS | APAC | UGC,11613,566,280.11,28
2025-10-08,Facebook Ads,FB-100159,UA - Lookalike - 1% | iOS | EU | Video,8530,203,96.49,33
2025-10-08,Facebook Ads,FB-100160,UA - Lookalike - 5% | iOS | EU | UGC,19402,945,460.97,48
2025-10-08,Facebook Ads,FB-100161,UA - Lookalike - 1% | iOS | US | UGC,15107,325,162.18,33
2025-10-08,Facebook Ads,FB-100162,UA - Lookalike - 1% | Android | APAC | Static,19230,632,211.91,109
2025-10-08,Facebook Ads,FB-100163,UA - Lookalike - 1% | iOS | LATAM | Carousel,20547,573,235.1,82
2025-10-08,Facebook Ads,FB-100164,UA - Prospecting - Broad | Android | MENA | Static,28287,942,194.62,174
2025-10-08,Facebook Ads,FB-100165,UA - Retargeting - Value | Android | APAC | UGC,17737,302,100.32,37
2025-10-08,Facebook Ads,FB-100166,UA - Prospecting - Broad | iOS | APAC | UGC,20297,624,255.84,116
2025-10-08,Facebook Ads,FB-100167,UA - Lookalike - 5% | Android | LATAM | Static,15301,502,83.08,34
2025-10-08,Facebook Ads,FB-100168,UA - Lookalike - 1% | Android | LATAM | Playables,20083,511,76.75,82
2025-10-08,Facebook Ads,FB-100169,UA - Lookalike - 1% | iOS | MENA | Playables,37468,1431,471.23,104
2025-10-08,Facebook Ads,FB-100170,UA - Lookalike - 1% | iOS | MENA | Carousel,13759,593,141.79,54
2025-10-08,Facebook Ads,FB-100171,UA - Lookalike - 1% | iOS | LATAM | Carousel,11214,427,115.93,32
2025-10-08,Facebook Ads,FB-100172,UA - Lookalike - 1% | Android | US | Static,14290,303,148.62,60
2025-10-08,Facebook Ads,FB-100173,UA - Retargeting - Value | Android | MENA | Static,8921,71,37.81,13
2025-10-08,Facebook Ads,FB-100174,UA - Lookalike - 1% | Android | APAC | Carousel,16248,387,106.62,66
2025-10-08,Facebook Ads,FB-100175,UA - Retargeting - Value | Android | EU | Carousel,12078,263,106.3,40
2025-10-08,Facebook Ads,FB-100176,UA - Prospecting - Broad | iOS | EU | Carousel,10604,462,225.13,22
2025-10-08,Facebook Ads,FB-100177,UA - Prospecting - Broad | Android | LATAM | Video,18847,823,138.43,168
2025-10-08,Facebook Ads,FB-100178,UA - Prospecting - Broad | iOS | EU | UGC,10736,185,70.54,19
2025-10-08,Facebook Ads,FB-100179,UA - Lookalike - 5% | Android | MENA | Carousel,18185,476,71.92,70
2025-10-08,Facebook Ads,FB-100180,UA - Retargeting - Value | iOS | APAC | Carousel,7503,199,75.16,42
2025-10-08,Facebook Ads,FB-100181,UA - Prospecting - Broad | Android | LATAM | UGC,17411,378,117.22,33
2025-10-08,Facebook Ads,FB-100182,UA - Prospecting - Broad | Android | APAC | UGC,29013,480,213.12,99
2025-10-08,Facebook Ads,FB-100183,UA - Lookalike - 1% | Android | EU | Static,33563,1308,643.14,137
2025-10-08,Facebook Ads,FB-100184,UA - Lookalike - 5% | Android | EU | Video,32639,941,466.36,147
2025-10-08,Facebook Ads,FB-100185,UA - Lookalike - 5% | Android | MENA | UGC,34562,981,222.49,51
2025-10-08,Facebook Ads,FB-100186,UA - Lookalike - 5% | iOS | LATAM | Playables,10966,445,215.25,32
2025-10-08,Facebook Ads,FB-100187,UA - Prospecting - Broad | iOS | MENA | Playables,12244,346,102.87,18
2025-10-08,Facebook Ads,FB-100188,UA - Lookalike - 1% | Android | EU | Static,11608,383,93.64,50
2025-10-08,Facebook Ads,FB-100189,UA - Retargeting - Value | Android | EU | Static,15211,156,73.46,39
2025-10-08,Facebook Ads,FB-100190,UA - Lookalike - 5% | Android | EU | Video,32157,1306,334.86,97
2025-10-08,Facebook Ads,FB-100191,UA - Lookalike - 1% | iOS | MENA | UGC,11637,373,155.65,19
2025-10-08,Facebook Ads,FB-100192,UA - Lookalike - 1% | Android | EU | Carousel,17455,356,159.92,74
2025-10-08,Facebook Ads,FB-100193,UA - Lookalike - 1% | iOS | US | Static,19944,960,412.7,158
2025-10-08,Facebook Ads,FB-100194,UA - Retargeting - Value | Android | APAC | Video,16754,126,36.77,27
2025-10-08,Facebook Ads,FB-100195,UA - Prospecting - Broad | Android | LATAM | Static,9654,283,63.14,37
2025-10-08,Facebook Ads,FB-100196,UA - Lookalike - 1% | Android | EU | Carousel,30195,696,324.27,83
2025-10-08,Facebook Ads,FB-100197,UA - Lookalike - 1% | iOS | US | UGC,20117,634,225.7,49
2025-10-08,Facebook Ads,FB-100198,UA - Lookalike - 5% | iOS | LATAM | Playables,15108,525,261.03,35
2025-10-08,Facebook Ads,FB-100199,UA - Prospecting - Broad | iOS | US | Playables,7765,194,69.47,34
2025-10-08,Facebook Ads,FB-100200,UA - Lookalike - 1% | iOS | LATAM | Playables,13404,341,111.71,62
2025-10-08,Facebook Ads,FB-100201,UA - Prospecting - Broad | Android | US | Static,20644,851,239.39,106
2025-10-08,Facebook Ads,FB-100202,UA - Retargeting - Value | iOS | MENA | Video,13657,421,249.82,85
2025-10-08,Facebook Ads,FB-100203,UA - Lookalike - 1% | iOS | MENA | UGC,9892,434,213.92,73
2025-10-08,Facebook Ads,FB-100204,UA - Lookalike - 5% | Android | MENA | UGC,23944,570,216.77,62
2025-10-08,Facebook Ads,FB-100205,UA - Lookalike - 5% | Android | APAC | Carousel,25270,961,327.7,70
2025-10-08,Facebook Ads,FB-100206,UA - Retargeting - Value | iOS | LATAM | Video,7491,148,68.21,16
2025-10-08,Facebook Ads,FB-100207,UA - Lookalike - 1% | iOS | APAC | UGC,15604,675,299.3,45
2025-10-08,Facebook Ads,FB-100208,UA - Lookalike - 5% | iOS | MENA | Video,21683,741,177.91,36
2025-10-08,Facebook Ads,FB-100209,UA - Lookalike - 1% | Android | LATAM | Carousel,15147,656,125.82,84
2025-10-08,Facebook Ads,FB-100210,UA - Prospecting - Broad | Android | APAC | Playables,14565,316,118.22,18
2025-10-08,Facebook Ads,FB-100211,UA - Retargeting - Value | iOS | APAC | Video,12717,329,140.61,26
2025-10-08,Facebook Ads,FB-100212,UA - Lookalike - 5% | iOS | MENA | UGC,15025,366,88.72,26
2025-10-08,Facebook Ads,FB-100213,UA - Retargeting - Value | Android | EU | Carousel,11240,314,138.44,35
2025-10-08,Facebook Ads,FB-100214,UA - Prospecting - Broad | iOS | APAC | UGC,15180,521,106.28,20
2025-10-08,Facebook Ads,FB-100215,UA - Retargeting - Value | Android | MENA | Static,8672,88,26.23,13
2025-10-08,Facebook Ads,FB-100216,UA - Lookalike - 5% | iOS | MENA | Video,16700,620,180.92,42
2025-10-08,Facebook Ads,FB-100217,UA - Lookalike - 5% | Android | EU | Video,15229,477,231.49,84
2025-10-08,Facebook Ads,FB-100218,UA - Lookalike - 1% | Android | EU | UGC,30152,1150,256.68,192
2025-10-08,Facebook Ads,FB-100219,UA - Lookalike - 5% | iOS | APAC | UGC,7553,237,51.29,22
2025-10-08,Facebook Ads,FB-100220,UA - Retargeting - Value | Android | APAC | Playables,8485,127,40.88,14
2025-10-08,Facebook Ads,FB-100221,UA - Retargeting - Value | iOS | EU | Playables,17997,581,236.06,60
2025-10-08,Facebook Ads,FB-100222,UA - Lookalike - 1% | Android | LATAM | UGC,17989,892,263.23,51
2025-10-08,Facebook Ads,FB-100223,UA - Lookalike - 1% | iOS | US | Carousel,17032,724,389.22,83
2025-10-08,Facebook Ads,FB-100224,UA - Lookalike - 5% | iOS | EU | UGC,25549,764,396.52,88
2025-10-08,Facebook Ads,FB-100225,UA - Lookalike - 5% | iOS | LATAM | Playables,26092,1144,392.51,203
2025-10-08,Facebook Ads,FB-100226,UA - Retargeting - Value | iOS | LATAM | Static,17468,586,216.53,62
2025-10-08,Facebook Ads,FB-100227,UA - Prospecting - Broad | iOS | EU | UGC,20453,916,366.86,172
2025-10-08,Facebook Ads,FB-100228,UA - Lookalike - 5% | iOS | APAC | UGC,14950,429,166.02,81
2025-10-08,Facebook Ads,FB-100229,UA - Retargeting - Value | Android | APAC | Video,13382,162,88.95,31
2025-10-08,Facebook Ads,FB-100230,UA - Prospecting - Broad | iOS | US | UGC,17026,646,221.51,108
2025-10-08,Facebook Ads,FB-100231,UA - Lookalike - 5% | iOS | US | Static,18453,620,186.56,49
2025-10-08,Facebook Ads,FB-100232,UA - Lookalike - 1% | Android | US | UGC,32550,1100,545.38,237
2025-10-08,Facebook Ads,FB-100233,UA - Prospecting - Broad | iOS | MENA | UGC,20559,888,436.45,91
2025-10-08,Facebook Ads,FB-100234,UA - Lookalike - 1% | iOS | MENA | UGC,12111,402,142.19,54
2025-10-08,Facebook Ads,FB-100235,UA - Prospecting - Broad | iOS | MENA | Video,11289,321,148.69,60
2025-10-08,Facebook Ads,FB-100236,UA - Prospecting - Broad | Android | LATAM | Static,20643,656,128.84,37
2025-10-08,Facebook Ads,FB-100237,UA - Lookalike - 5% | iOS | US | Video,10538,281,143.93,40
2025-10-08,Facebook Ads,FB-100238,UA - Prospecting - Broad | Android | LATAM | Video,19306,394,71.91,80
2025-10-08,Facebook Ads,FB-100239,UA - Lookalike - 1% | iOS | US | Carousel,15292,335,118.15,44
2025-10-08,Facebook Ads,FB-100240,UA - Retargeting - Value | iOS | APAC | Static,7440,248,85.24,26
2025-10-08,Facebook Ads,FB-100241,UA - Retargeting - Value | iOS | MENA | Static,12833,88,47.75,17
2025-10-08,Facebook Ads,FB-100242,UA - Lookalike - 5% | Android | US | Playables,35506,1160,319.7,92
2025-10-08,Facebook Ads,FB-100243,UA - Retargeting - Value | Android | APAC | Playables,13715,428,164.95,69
2025-10-08,Facebook Ads,FB-100244,UA - Lookalike - 5% | Android | APAC | Carousel,39916,1311,575.53,131
2025-10-08,Facebook Ads,FB-100245,UA - Lookalike - 1% | iOS | US | UGC,22794,822,398.83,159
2025-10-08,Facebook Ads,FB-100246,UA - Lookalike - 1% | Android | US | UGC,24157,1130,293.35,195
2025-10-08,Facebook Ads,FB-100247,UA - Lookalike - 5% | iOS | APAC | Carousel,11914,532,223.6,90
2025-10-08,Facebook Ads,FB-100248,UA - Lookalike - 5% | iOS | EU | UGC,25972,765,373.01,110
2025-10-08,Facebook Ads,FB-100249,UA - Lookalike - 1% | Android | EU | UGC,16766,809,369.87,127
2025-10-08,Facebook Ads,FB-100250,UA - Lookalike - 5% | iOS | LATAM | Video,17712,724,312.99,95
2025-10-08,Facebook Ads,FB-100251,UA - Prospecting - Broad | iOS | US | Playables,12929,457,245.18,37
2025-10-08,Facebook Ads,FB-100252,UA - Lookalike - 1% | iOS | LATAM | Static,19227,672,335.8,67
2025-10-08,Facebook Ads,FB-100253,UA - Lookalike - 1% | Android | EU | Playables,16807,827,248.68,171
2025-10-08,Facebook Ads,FB-100254,UA - Lookalike - 1% | Android | US | Video,24073,687,273.36,113
2025-10-08,Facebook Ads,FB-100255,UA - Lookalike - 1% | iOS | US | Playables,24529,1157,323.73,51
2025-10-08,Facebook Ads,FB-100256,UA - Lookalike - 1% | Android | US | Carousel,22988,976,377.81,139
2025-10-08,Facebook Ads,FB-100257,UA - Retargeting - Value | iOS | EU | Static,10601,265,160.46,28
2025-10-08,Facebook Ads,FB-100258,UA - Lookalike - 1% | iOS | MENA | Playables,30329,925,405.24,100
2025-10-08,Facebook Ads,FB-100259,UA - Lookalike - 1% | Android | LATAM | UGC,10094,321,138.64,58
2025-10-08,Facebook Ads,FB-100260,UA - Prospecting - Broad | iOS | US | UGC,12409,524,236.85,10
2025-10-08,Facebook Ads,FB-100261,UA - Lookalike - 1% | Android | EU | UGC,40150,1755,793.61,242
2025-10-08,Facebook Ads,FB-100262,UA - Lookalike - 1% | Android | APAC | Video,14184,520,139.05,80
2025-10-08,Facebook Ads,FB-100263,UA - Lookalike - 1% | Android | APAC | Carousel,16829,553,238.79,64
2025-10-08,Facebook Ads,FB-100264,UA - Retargeting - Value | iOS | LATAM | Video,13019,342,115.56,30
2025-10-08,Facebook Ads,FB-100265,UA - Lookalike - 1% | iOS | US | Playables,22047,1047,524.76,59
2025-10-08,Facebook Ads,FB-100266,UA - Lookalike - 1% | Android | US | UGC,36026,885,341.08,126
2025-10-08,Facebook Ads,FB-100267,UA - Prospecting - Broad | iOS | US | Static,16920,626,341.17,80
2025-10-08,Facebook Ads,FB-100268,UA - Prospecting - Broad | Android | LATAM | UGC,18746,753,277.03,133
2025-10-08,Facebook Ads,FB-100269,UA - Retargeting - Value | Android | EU | Playables,15798,118,40.49,11
2025-10-08,Facebook Ads,FB-100270,UA - Lookalike - 5% | iOS | APAC | Carousel,20927,507,141.25,30
2025-10-08,Facebook Ads,FB-100271,UA - Lookalike - 5% | Android | APAC | Video,18295,480,86.5,88
2025-10-08,Facebook Ads,FB-100272,UA - Lookalike - 1% | iOS | LATAM | Video,19502,910,354.99,97
2025-10-08,Facebook Ads,FB-100273,UA - Retargeting - Value | Android | APAC | UGC,17952,445,195.53,104
2025-10-08,Facebook Ads,FB-100274,UA - Lookalike - 1% | iOS | US | Carousel,28615,576,234.14,42
2025-10-08,Facebook Ads,FB-100275,UA - Retargeting - Value | Android | APAC | Carousel,12411,254,121.49,32
2025-10-08,Facebook Ads,FB-100276,UA - Retargeting - Value | Android | APAC | Video,13844,356,102.53,48
2025-10-08,Facebook Ads,FB-100277,UA - Retargeting - Value | Android | US | Carousel,14090,346,152.27,78
2025-10-08,Facebook Ads,FB-100278,UA - Prospecting - Broad | Android | MENA | Static,17998,726,265.14,147
2025-10-08,Facebook Ads,FB-100279,UA - Retargeting - Value | Android | MENA | Static,15898,158,49.25,33
2025-10-08,Facebook Ads,FB-100280,UA - Prospecting - Broad | iOS | EU | Playables,15540,283,103.27,15
2025-10-08,Facebook Ads,FB-100281,UA - Lookalike - 1% | iOS | EU | Static,24147,808,417.57,155
2025-10-08,Facebook Ads,FB-100282,UA - Retargeting - Value | Android | US | Video,23309,487,204.3,53
2025-10-08,Facebook Ads,FB-100283,UA - Lookalike - 1% | Android | LATAM | Static,10889,297,63.74,33
2025-10-08,Facebook Ads,FB-100284,UA - Prospecting - Broad | Android | EU | Carousel,14588,312,115.5,29
2025-10-08,Facebook Ads,FB-100285,UA - Prospecting - Broad | Android | APAC | Playables,10758,229,49.28,30
2025-10-08,Facebook Ads,FB-100286,UA - Lookalike - 1% | Android | APAC | UGC,15940,627,222.33,77
2025-10-08,Facebook Ads,FB-100287,UA - Retargeting - Value | Android | APAC | Playables,8425,166,43.82,22
2025-10-08,Facebook Ads,FB-100288,UA - Lookalike - 5% | Android | MENA | Carousel,15953,329,51.13,60
2025-10-08,Facebook Ads,FB-100289,UA - Lookalike - 5% | Android | US | UGC,17225,412,201.92,23
2025-10-08,Facebook Ads,FB-100290,UA - Lookalike - 5% | iOS | US | UGC,26381,1184,443.41,96
2025-10-08,Facebook Ads,FB-100291,UA - Retargeting - Value | Android | US | Carousel,13118,370,165.8,36
2025-10-08,Facebook Ads,FB-100292,UA - Lookalike - 1% | Android | EU | Carousel,12178,551,265.2,37
2025-10-08,Facebook Ads,FB-100293,UA - Lookalike - 1% | iOS | MENA | Playables,9821,489,224.16,74
2025-10-08,Facebook Ads,FB-100294,UA - Lookalike - 5% | iOS | MENA | Playables,22784,823,165.83,120
2025-10-08,Facebook Ads,FB-100295,UA - Retargeting - Value | Android | US | Playables,6947,44,17.22,5
2025-10-08,Facebook Ads,FB-100296,UA - Lookalike - 5% | iOS | APAC | Static,13845,519,122.48,43
2025-10-08,Facebook Ads,FB-100297,UA - Lookalike - 5% | iOS | APAC | UGC,8373,392,153.31,56
2025-10-08,Facebook Ads,FB-100298,UA - Lookalike - 1% | Android | LATAM | UGC,14913,643,189.56,42
2025-10-08,Facebook Ads,FB-100299,UA - Lookalike - 5% | iOS | LATAM | Static,18138,817,222.8,114
2025-10-08,Facebook Ads,FB-100300,UA - Prospecting - Broad | Android | US | Video,14135,496,168.84,52
2025-10-08,Facebook Ads,FB-100301,UA - Retargeting - Value | iOS | US | Carousel,11434,318,160.34,39
2025-10-08,Facebook Ads,FB-100302,UA - Lookalike - 1% | Android | MENA | Playables,21782,520,221.0,60
2025-10-08,Facebook Ads,FB-100303,UA - Lookalike - 5% | Android | APAC | Carousel,17297,553,94.34,67
2025-10-08,Facebook Ads,FB-100304,UA - Lookalike - 1% | Android | LATAM | Playables,27045,627,114.8,33
2025-10-08,Facebook Ads,FB-100305,UA - Retargeting - Value | iOS | US | Playables,14313,299,136.22,26
2025-10-08,Facebook Ads,FB-100306,UA - Prospecting - Broad | Android | APAC | Static,13384,334,94.32,34
2025-10-08,Facebook Ads,FB-100307,UA - Prospecting - Broad | iOS | MENA | Carousel,20272,422,108.37,21
2025-10-08,Facebook Ads,FB-100308,UA - Lookalike - 5% | iOS | MENA | Static,19433,533,124.35,26
2025-10-08,Facebook Ads,FB-100309,UA - Prospecting - Broad | Android | MENA | Carousel,19323,598,139.09,113
2025-10-08,Facebook Ads,FB-100310,UA - Lookalike - 1% | Android | LATAM | Carousel,22386,912,272.32,72
2025-10-08,Facebook Ads,FB-100311,UA - Retargeting - Value | iOS | US | Static,21525,293,102.81,29
2025-10-08,Facebook Ads,FB-100312,UA - Prospecting - Broad | iOS | US | Static,22330,448,203.57,21
2025-10-08,Facebook Ads,FB-100313,UA - Lookalike - 5% | Android | MENA | Static,12919,516,143.65,27
2025-10-08,Facebook Ads,FB-100314,UA - Retargeting - Value | iOS | APAC | Carousel,11376,177,78.25,12
2025-10-08,Facebook Ads,FB-100315,UA - Prospecting - Broad | iOS | LATAM | Carousel,15428,239,96.56,16
2025-10-08,Facebook Ads,FB-100316,UA - Prospecting - Broad | Android | EU | Static,18463,722,217.11,89
2025-10-08,Facebook Ads,FB-100317,UA - Lookalike - 5% | Android | LATAM | UGC,16896,466,134.02,88
2025-10-08,Facebook Ads,FB-100318,UA - Lookalike - 5% | iOS | MENA | UGC,12425,562,194.06,42
2025-10-08,Facebook Ads,FB-100319,UA - Prospecting - Broad | iOS | EU | Playables,8885,242,76.5,45
2025-10-08,Facebook Ads,FB-100320,UA - Lookalike - 1% | iOS | APAC | Video,15741,412,93.44,76
2025-10-08,Facebook Ads,FB-100321,UA - Prospecting - Broad | iOS | MENA | Carousel,11414,385,139.95,67
2025-10-08,Facebook Ads,FB-100322,UA - Prospecting - Broad | Android | APAC | Playables,23677,590,192.75,118
2025-10-08,Facebook Ads,FB-100323,UA - Retargeting - Value | Android | EU | Carousel,10597,276,151.88,30
2025-10-08,Facebook Ads,FB-100324,UA - Lookalike - 1% | Android | LATAM | Carousel,17973,363,155.44,27
2025-10-08,Facebook Ads,FB-100325,UA - Lookalike - 5% | Android | US | UGC,22746,835,207.75,110
2025-10-08,Facebook Ads,FB-100326,UA - Retargeting - Value | Android | EU | UGC,14398,125,55.81,11
2025-10-08,Facebook Ads,FB-100327,UA - Prospecting - Broad | iOS | US | UGC,30732,587,301.48,90
2025-10-08,Facebook Ads,FB-100328,UA - Prospecting - Broad | iOS | US | UGC,27521,530,249.05,49
2025-10-08,Facebook Ads,FB-100329,UA - Lookalike - 5% | iOS | MENA | UGC,15205,729,200.18,105
2025-10-08,Facebook Ads,FB-100330,UA - Lookalike - 5% | iOS | LATAM | Video,32991,1250,315.0,130
2025-10-08,Facebook Ads,FB-100331,UA - Lookalike - 5% | Android | LATAM | Static,12130,521,117.23,62
2025-10-08,Facebook Ads,FB-100332,UA - Prospecting - Broad | iOS | US | UGC,22970,470,227.81,76
2025-10-08,Facebook Ads,FB-100333,UA - Lookalike - 5% | Android | APAC | Playables,16670,585,207.97,64
2025-10-08,Facebook Ads,FB-100334,UA - Lookalike - 1% | Android | APAC | Carousel,9354,194,73.72,12
2025-10-08,Facebook Ads,FB-100335,UA - Prospecting - Broad | Android | LATAM | Static,21683,702,183.85,102
2025-10-08,Facebook Ads,FB-100336,UA - Retargeting - Value | Android | MENA | Playables,13956,350,136.08,76
2025-10-08,Facebook Ads,FB-100337,UA - Retargeting - Value | iOS | LATAM | Static,9760,127,75.68,11
2025-10-08,Facebook Ads,FB-100338,UA - Retargeting - Value | Android | EU | Carousel,9763,84,39.93,14
2025-10-08,Facebook Ads,FB-100339,UA - Prospecting - Broad | Android | MENA | Static,9384,298,131.18,18
2025-10-08,Facebook Ads,FB-100340,UA - Lookalike - 5% | Android | APAC | UGC,13456,647,253.43,100
2025-10-08,Facebook Ads,FB-100341,UA - Lookalike - 5% | iOS | LATAM | Static,11917,552,196.46,39
2025-10-08,Facebook Ads,FB-100342,UA - Lookalike - 1% | Android | APAC | UGC,10675,309,91.19,25
2025-10-08,Facebook Ads,FB-100343,UA - Lookalike - 1% | iOS | MENA | Video,29570,1134,376.15,160
2025-10-08,Facebook Ads,FB-100344,UA - Lookalike - 5% | Android | LATAM | UGC,28491,775,235.21,130
2025-10-08,Facebook Ads,FB-100345,UA - Lookalike - 1% | Android | US | Carousel,31037,713,268.52,80
2025-10-08,Facebook Ads,FB-100346,UA - Lookalike - 5% | Android | US | Playables,10598,259,73.81,18
2025-10-08,Facebook Ads,FB-100347,UA - Prospecting - Broad | iOS | MENA | Playables,18710,645,256.19,61
2025-10-08,Facebook Ads,FB-100348,UA - Lookalike - 1% | iOS | MENA | Static,23734,481,119.05,55
2025-10-08,Facebook Ads,FB-100349,UA - Prospecting - Broad | iOS | MENA | Static,12479,383,135.54,19
2025-10-09,Facebook Ads,FB-100000,UA - Retargeting - Value | Android | US | Carousel,12073,70,41.3,10
2025-10-09,Facebook Ads,FB-100001,UA - Prospecting - Broad | Android | EU | Video,19915,707,233.38,89
2025-10-09,Facebook Ads,FB-100002,UA - Prospecting - Broad | iOS | US | Video,20465,587,179.45,33
2025-10-09,Facebook Ads,FB-100003,UA - Prospecting - Broad | Android | EU | Playables,19256,618,237.25,29
2025-10-09,Facebook Ads,FB-100004,UA - Retargeting - Value | Android | MENA | UGC,10413,258,135.35,37
2025-10-09,Facebook Ads,FB-100005,UA - Prospecting - Broad | iOS | MENA | Carousel,33754,1435,460.06,66
2025-10-09,Facebook Ads,FB-100006,UA - Lookalike - 1% | Android | APAC | Carousel,31576,1304,548.46,133
2025-10-09,Facebook Ads,FB-100007,UA - Prospecting - Broad | Android | EU | Carousel,14042,383,77.79,68
2025-10-09,Facebook Ads,FB-100008,UA - Lookalike - 1% | Android | APAC | Video,20792,422,150.99,24
2025-10-09,Facebook Ads,FB-100009,UA - Prospecting - Broad | iOS | MENA | Carousel,12453,213,49.91,10
2025-10-09,Facebook Ads,FB-100010,UA - Lookalike - 5% | iOS | MENA | Video,23699,1153,477.92,170
2025-10-09,Facebook Ads,FB-100011,UA - Lookalike - 1% | Android | MENA | Carousel,32608,907,343.12,106
2025-10-09,Facebook Ads,FB-100012,UA - Retargeting - Value | Android | US | Video,14400,295,91.66,50
2025-10-09,Facebook Ads,FB-100013,UA - Prospecting - Broad | iOS | US | Static,13362,233,106.74,7
2025-10-09,Facebook Ads,FB-100014,UA - Lookalike - 1% | iOS | LATAM | UGC,10179,406,142.55,79
2025-10-09,Facebook Ads,FB-100015,UA - Retargeting - Value | Android | LATAM | Carousel,15600,84,24.85,19
2025-10-09,Facebook Ads,FB-100016,UA - Retargeting - Value | iOS | US | Playables,12498,204,129.34,31
2025-10-09,Facebook Ads,FB-100017,UA - Lookalike - 5% | Android | EU | UGC,18477,769,159.64,96
2025-10-09,Facebook Ads,FB-100018,UA - Lookalike - 1% | iOS | MENA | Static,22507,664,154.98,27
2025-10-09,Facebook Ads,FB-100019,UA - Lookalike - 1% | Android | EU | Video,28769,1200,355.8,67
2025-10-09,Facebook Ads,FB-100020,UA - Retargeting - Value | iOS | LATAM | Video,12804,212,99.66,45
2025-10-09,Facebook Ads,FB-100021,UA - Lookalike - 5% | iOS | EU | UGC,17867,367,182.47,40
2025-10-09,Facebook Ads,FB-100022,UA - Retargeting - Value | iOS | EU | Carousel,6336,76,37.79,8
2025-10-09,Facebook Ads,FB-100023,UA - Lookalike - 1% | Android | MENA | Playables,32704,1535,439.47,306
2025-10-09,Facebook Ads,FB-100024,UA - Lookalike - 1% | iOS | MENA | UGC,24982,692,171.69,107
2025-10-09,Facebook Ads,FB-100025,UA - Lookalike - 5% | Android | EU | Playables,18280,590,273.7,114
2025-10-09,Facebook Ads,FB-100026,UA - Retargeting - Value | Android | US | Video,13828,435,190.62,72
2025-10-09,Facebook Ads,FB-100027,UA - Prospecting - Broad | Android | APAC | Playables,25412,888,168.63,115
2025-10-09,Facebook Ads,FB-100028,UA - Lookalike - 5% | iOS | APAC | Playables,30455,1325,409.43,144
2025-10-09,Facebook Ads,FB-100029,UA - Prospecting - Broad | iOS | MENA | Video,13510,327,103.92,32
2025-10-09,Facebook Ads,FB-100030,UA - Lookalike - 1% | iOS | LATAM | Video,35175,1138,295.65,99
2025-10-09,Facebook Ads,FB-100031,UA - Prospecting - Broad | iOS | EU | UGC,13341,372,198.28,8
2025-10-09,Facebook Ads,FB-100032,UA - Prospecting - Broad | iOS | MENA | Static,27415,1043,409.27,122
2025-10-09,Facebook Ads,FB-100033,UA - Retargeting - Value | iOS | MENA | Playables,10741,132,68.84,26
2025-10-09,Facebook Ads,FB-100034,UA - Prospecting - Broad | Android | LATAM | Static,11103,178,31.88,9
2025-10-09,Facebook Ads,FB-100035,UA - Prospecting - Broad | iOS | APAC | Video,14747,367,83.31,65
2025-10-09,Facebook Ads,FB-100036,UA - Prospecting - Broad | iOS | LATAM | Static,15476,521,153.54,90
2025-10-09,Facebook Ads,FB-100037,UA - Prospecting - Broad | Android | MENA | Video,20316,489,191.05,32
2025-10-09,Facebook Ads,FB-100038,UA - Retargeting - Value | iOS | US | Playables,15365,335,180.43,63
2025-10-09,Facebook Ads,FB-100039,UA - Retargeting - Value | Android | APAC | Playables,10398,87,46.42,21
2025-10-09,Facebook Ads,FB-100040,UA - Lookalike - 5% | iOS | MENA | Playables,12034,517,194.34,102
2025-10-09,Facebook Ads,FB-100041,UA - Lookalike - 1% | Android | MENA | Static,21188,708,110.45,94
2025-10-09,Facebook Ads,FB-100042,UA - Lookalike - 5% | iOS | LATAM | UGC,23806,602,233.09,87
2025-10-09,Facebook Ads,FB-100043,UA - Prospecting - Broad | Android | EU | Static,21363,935,242.26,138
2025-10-09,Facebook Ads,FB-100044,UA - Retargeting - Value | iOS | US | Playables,6140,121,64.93,20
2025-10-09,Facebook Ads,FB-100045,UA - Prospecting - Broad | Android | US | Video,39817,1210,598.47,234
2025-10-09,Facebook Ads,FB-100046,UA - Lookalike - 1% | Android | US | Video,14362,400,199.52,42
2025-10-09,Facebook Ads,FB-100047,UA - Lookalike - 1% | Android | MENA | Static,12771,508,126.95,28
2025-10-09,Facebook Ads,FB-100048,UA - Retargeting - Value | iOS | EU | Playables,8692,95,46.64,12
2025-10-09,Facebook Ads,FB-100049,UA - Lookalike - 5% | iOS | EU | UGC,15606,483,195.04,96
2025-10-09,Facebook Ads,FB-100050,UA - Lookalike - 5% | Android | US | Video,16958,437,124.33,28
2025-10-09,Facebook Ads,FB-100051,UA - Lookalike - 5% | iOS | APAC | UGC,22300,1057,484.53,192
2025-10-09,Facebook Ads,FB-100052,UA - Lookalike - 5% | Android | US | Video,19993,438,162.76,39
2025-10-09,Facebook Ads,FB-100053,UA - Retargeting - Value | iOS | US | Static,14108,382,172.78,85
2025-10-09,Facebook Ads,FB-100054,UA - Retargeting - Value | Android | MENA | UGC,20465,305,137.1,59
2025-10-09,Facebook Ads,FB-100055,UA - Lookalike - 5% | iOS | EU | Carousel,16200,774,236.61,117
2025-10-09,Facebook Ads,FB-100056,UA - Prospecting - Broad | Android | US | UGC,20655,549,212.79,39
2025-10-09,Facebook Ads,FB-100057,UA - Prospecting - Broad | Android | MENA | Video,30853,1116,324.53,183
2025-10-09,Facebook Ads,FB-100058,UA - Lookalike - 5% | Android | EU | UGC,17173,845,235.76,168
2025-10-09,Facebook Ads,FB-100059,UA - Prospecting - Broad | iOS | EU | UGC,16091,609,186.66,100
2025-10-09,Facebook Ads,FB-100060,UA - Lookalike - 5% | Android | APAC | Video,23031,745,254.94,64
2025-10-09,Facebook Ads,FB-100061,UA - Lookalike - 5% | iOS | APAC | Carousel,13854,279,130.35,40
2025-10-09,Facebook Ads,FB-100062,UA - Lookalike - 1% | iOS | EU | Static,8376,182,86.76,18
2025-10-09,Facebook Ads,FB-100063,UA - Prospecting - Broad | Android | US | Playables,18527,821,330.37,77
2025-10-09,Facebook Ads,FB-100064,UA - Lookalike - 5% | iOS | US | Video,8866,328,153.54,27
2025-10-09,Facebook Ads,FB-100065,UA - Prospecting - Broad | Android | US | Playables,10437,250,86.67,33
2025-10-09,Facebook Ads,FB-100066,UA - Prospecting - Broad | Android | US | Playables,15798,654,194.43,114
2025-10-09,Facebook Ads,FB-100067,UA - Retargeting - Value | Android | APAC | Video,9015,170,50.29,36
2025-10-09,Facebook Ads,FB-100068,UA - Lookalike - 5% | Android | MENA | Video,21486,990,192.85,111
2025-10-09,Facebook Ads,FB-100069,UA - Lookalike - 1% | iOS | LATAM | Static,12771,313,151.43,20
2025-10-09,Facebook Ads,FB-100070,UA - Retargeting - Value | Android | LATAM | UGC,14384,140,69.85,32
2025-10-09,Facebook Ads,FB-100071,UA - Prospecting - Broad | iOS | APAC | Carousel,23894,716,236.64,117
2025-10-09,Facebook Ads,FB-100072,UA - Prospecting - Broad | Android | APAC | Playables,35545,1286,427.34,82
2025-10-09,Facebook Ads,FB-100073,UA - Lookalike - 1% | Android | MENA | Static,33799,1173,512.72,184
2025-10-09,Facebook Ads,FB-100074,UA - Retargeting - Value | Android | LATAM | Video,8777,183,64.47,28
2025-10-09,Facebook Ads,FB-100075,UA - Lookalike - 5% | iOS | LATAM | Static,13131,449,92.18,41
2025-10-09,Facebook Ads,FB-100076,UA - Prospecting - Broad | iOS | MENA | Playables,30666,1043,490.84,105
2025-10-09,Facebook Ads,FB-100077,UA - Lookalike - 1% | iOS | US | Static,11896,487,253.53,94
2025-10-09,Facebook Ads,FB-100078,UA - Retargeting - Value | Android | US | Playables,11121,326,122.15,60
2025-10-09,Facebook Ads,FB-100079,UA - Retargeting - Value | iOS | LATAM | Playables,7135,117,40.31,14
2025-10-09,Facebook Ads,FB-100080,UA - Lookalike - 5% | iOS | EU | Carousel,30391,668,245.09,41
2025-10-09,Facebook Ads,FB-100081,UA - Lookalike - 5% | iOS | US | Video,14824,642,251.73,43
2025-10-09,Facebook Ads,FB-100082,UA - Lookalike - 1% | iOS | US | Video,10111,492,194.54,41
2025-10-09,Facebook Ads,FB-100083,UA - Lookalike - 5% | Android | LATAM | Static,15698,402,171.69,61
2025-10-09,Facebook Ads,FB-100084,UA - Prospecting - Broad | iOS | MENA | Video,10751,241,75.38,33
2025-10-09,Facebook Ads,FB-100085,UA - Prospecting - Broad | Android | EU | Playables,16935,404,84.27,60
2025-10-09,Facebook Ads,FB-100086,UA - Retargeting - Value | iOS | MENA | Playables,16590,273,94.76,39
2025-10-09,Facebook Ads,FB-100087,UA - Lookalike - 1% | iOS | EU | Video,17524,454,196.13,35
2025-10-09,Facebook Ads,FB-100088,UA - Retargeting - Value | iOS | US | Carousel,15224,294,115.4,62
2025-10-09,Facebook Ads,FB-100089,UA - Lookalike - 5% | Android | US | Carousel,21898,650,164.71,100
2025-10-09,Facebook Ads,FB-100090,UA - Retargeting - Value | Android | EU | Static,12652,257,132.82,54
2025-10-09,Facebook Ads,FB-100091,UA - Lookalike - 1% | iOS | US | Static,16139,372,111.23,56
2025-10-09,Facebook Ads,FB-100092,UA - Retargeting - Value | iOS | EU | Carousel,15009,106,49.84,8
2025-10-09,Facebook Ads,FB-100093,UA - Lookalike - 5% | Android | APAC | Video,23161,844,149.22,71
2025-10-09,Facebook Ads,FB-100094,UA - Lookalike - 1% | Android | EU | UGC,20138,815,168.95,129
2025-10-09,Facebook Ads,FB-100095,UA - Prospecting - Broad | iOS | EU | Static,18233,688,368.08,125
2025-10-09,Facebook Ads,FB-100096,UA - Lookalike - 1% | Android | APAC | Carousel,15678,553,131.01,29
2025-10-09,Facebook Ads,FB-100097,UA - Lookalike - 5% | Android | LATAM | Carousel,15228,395,63.52,35
2025-10-09,Facebook Ads,FB-100098,UA - Lookalike - 1% | iOS | US | Video,24232,1087,401.32,60
2025-10-09,Facebook Ads,FB-100099,UA - Prospecting - Broad | Android | MENA | Carousel,13568,311,81.58,32
2025-10-09,Facebook Ads,FB-100100,UA - Lookalike - 1% | Android | MENA | UGC,25421,807,278.5,102
2025-10-09,Facebook Ads,FB-100101,UA - Prospecting - Broad | iOS | APAC | Playables,32780,1248,326.23,48
2025-10-09,Facebook Ads,FB-100102,UA - Lookalike - 1% | iOS | MENA | Static,20972,882,255.43,129
2025-10-09,Facebook Ads,FB-100103,UA - Retargeting - Value | Android | APAC | Video,22242,420,186.61,54
2025-10-09,Facebook Ads,FB-100104,UA - Lookalike - 1% | iOS | APAC | Video,18820,844,386.64,54
2025-10-09,Facebook Ads,FB-100105,UA - Lookalike - 1% | iOS | US | Carousel,17968,889,382.71,51
2025-10-09,Facebook Ads,FB-100106,UA - Lookalike - 1% | iOS | LATAM | UGC,35471,973,374.51,175
2025-10-09,Facebook Ads,FB-100107,UA - Lookalike - 5% | Android | EU | UGC,18698,905,433.5,91
2025-10-09,Facebook Ads,FB-100108,UA - Lookalike - 1% | Android | MENA | Playables,24923,641,177.49,127
2025-10-09,Facebook Ads,FB-100109,UA - Lookalike - 1% | iOS | MENA | Video,19313,832,390.71,67
2025-10-09,Facebook Ads,FB-100110,UA - Lookalike - 1% | iOS | EU | UGC,19189,913,432.12,133
2025-10-09,Facebook Ads,FB-100111,UA - Retargeting - Value | iOS | APAC | UGC,9055,49,15.96,5
2025-10-09,Facebook Ads,FB-100112,UA - Lookalike - 1% | iOS | EU | Video,16639,572,268.5,32
2025-10-09,Facebook Ads,FB-100113,UA - Lookalike - 1% | iOS | US | Static,30610,1068,533.04,106
2025-10-09,Facebook Ads,FB-100114,UA - Prospecting - Broad | Android | EU | Static,31302,733,208.54,89
2025-10-09,Facebook Ads,FB-100115,UA - Prospecting - Broad | Android | EU | UGC,22684,933,252.28,108
2025-10-09,Facebook Ads,FB-100116,UA - Retargeting - Value | iOS | APAC | Playables,13731,460,205.44,50
2025-10-09,Facebook Ads,FB-100117,UA - Retargeting - Value | iOS | APAC | UGC,8221,188,82.14,28
2025-10-09,Facebook Ads,FB-100118,UA - Lookalike - 5% | Android | US | Video,16433,691,210.06,54
2025-10-09,Facebook Ads,FB-100119,UA - Lookalike - 5% | Android | EU | Playables,18612,535,237.7,95
2025-10-09,Facebook Ads,FB-100120,UA - Prospecting - Broad | Android | MENA | Static,11684,485,121.15,48
2025-10-09,Facebook Ads,FB-100121,UA - Lookalike - 1% | iOS | EU | UGC,21716,541,142.17,62
2025-10-09,Facebook Ads,FB-100122,UA - Lookalike - 5% | iOS | MENA | Playables,9395,232,101.99,12
2025-10-09,Facebook Ads,FB-100123,UA - Lookalike - 5% | iOS | EU | UGC,15106,339,127.36,16
2025-10-09,Facebook Ads,FB-100124,UA - Lookalike - 5% | iOS | EU | Carousel,40338,1611,482.33,110
2025-10-09,Facebook Ads,FB-100125,UA - Prospecting - Broad | Android | LATAM | UGC,18378,679,264.2,90
2025-10-09,Facebook Ads,FB-100126,UA - Lookalike - 1% | iOS | EU | Carousel,10640,432,236.04,29
2025-10-09,Facebook Ads,FB-100127,UA - Retargeting - Value | iOS | MENA | Video,8648,238,122.55,52
2025-10-09,Facebook Ads,FB-100128,UA - Retargeting - Value | Android | EU | UGC,20074,284,149.58,40
2025-10-09,Facebook Ads,FB-100129,UA - Lookalike - 5% | Android | US | UGC,15084,388,79.5,38
2025-10-09,Facebook Ads,FB-100130,UA - Lookalike - 5% | iOS | MENA | UGC,25305,596,288.17,84
2025-10-09,Facebook Ads,FB-100131,UA - Lookalike - 5% | Android | EU | UGC,23168,723,210.47,112
2025-10-09,Facebook Ads,FB-100132,UA - Lookalike - 5% | Android | MENA | UGC,13086,458,116.97,42
2025-10-09,Facebook Ads,FB-100133,UA - Lookalike - 5% | Android | LATAM | Carousel,8315,358,99.09,53
2025-10-09,Facebook Ads,FB-100134,UA - Retargeting - Value | iOS | MENA | Playables,15965,540,284.96,45
2025-10-09,Facebook Ads,FB-100135,UA - Lookalike - 5% | iOS | EU | Carousel,17616,791,347.57,36
2025-10-09,Facebook Ads,FB-100136,UA - Lookalike - 1% | iOS | US | UGC,13158,481,221.84,51
2025-10-09,Facebook Ads,FB-100137,UA - Retargeting - Value | iOS | EU | UGC,12033,274,151.41,20
2025-10-09,Facebook Ads,FB-100138,UA - Prospecting - Broad | Android | APAC | Playables,16785,655,203.51,106
2025-10-09,Facebook Ads,FB-100139,UA - Lookalike - 5% | Android | APAC | Static,30935,780,222.69,152
2025-10-09,Facebook Ads,FB-100140,UA - Lookalike - 5% | Android | US | Carousel,13869,309,106.48,28
2025-10-09,Facebook Ads,FB-100141,UA - Lookalike - 1% | iOS | EU | UGC,7624,192,69.7,15
2025-10-09,Facebook Ads,FB-100142,UA - Lookalike - 5% | iOS | APAC | Carousel,10249,453,219.43,22
2025-10-09,Facebook Ads,FB-100143,UA - Prospecting - Broad | iOS | US | UGC,16579,549,141.15,57
2025-10-09,Facebook Ads,FB-100144,UA - Prospecting - Broad | Android | LATAM | Static,23545,737,203.12,33
2025-10-09,Facebook Ads,FB-100145,UA - Retargeting - Value | Android | US | Static,10305,78,43.94,15
2025-10-09,Facebook Ads,FB-100146,UA - Retargeting - Value | Android | MENA | Static,14953,85,23.45,10
2025-10-09,Facebook Ads,FB-100147,UA - Retargeting - Value | Android | APAC | Video,11593,251,98.74,64
2025-10-09,Facebook Ads,FB-100148,UA - Retargeting - Value | iOS | LATAM | Carousel,14246,199,104.28,27
2025-10-09,Facebook Ads,FB-100149,UA - Prospecting - Broad | Android | EU | Carousel,19079,586,163.96,76
2025-10-09,Facebook Ads,FB-100150,UA - Lookalike - 5% | Android | LATAM | Playables,20118,531,185.43,69
2025-10-09,Facebook Ads,FB-100151,UA - Retargeting - Value | iOS | EU | Video,16921,402,244.26,32
2025-10-09,Facebook Ads,FB-100152,UA - Prospecting - Broad | Android | LATAM | Playables,18481,826,141.91,56
2025-10-09,Facebook Ads,FB-100153,UA - Lookalike - 5% | Android | LATAM | Playables,13299,640,254.98,76
2025-10-09,Facebook Ads,FB-100154,UA - Lookalike - 1% | iOS | US | Playables,14876,621,224.86,66
2025-10-09,Facebook Ads,FB-100155,UA - Prospecting - Broad | Android | APAC | UGC,20721,608,264.36,76
2025-10-09,Facebook Ads,FB-100156,UA - Retargeting - Value | iOS | LATAM | UGC,11606,231,74.5,39
2025-10-09,Facebook Ads,FB-100157,UA - Lookalike - 1% | iOS | EU | Playables,27236,1179,568.16,43
2025-10-09,Facebook Ads,FB-100158,UA - Lookalike - 1% | iOS | APAC | UGC,24512,1105,421.67,205
2025-10-09,Facebook Ads,FB-100159,UA - Lookalike - 1% | iOS | EU | Video,17350,741,371.91,96
2025-10-09,Facebook Ads,FB-100160,UA - Lookalike - 5% | iOS | EU | UGC,18593,559,255.69,109
2025-10-09,Facebook Ads,FB-100161,UA - Lookalike - 1% | iOS | US | UGC,14805,575,304.87,102
2025-10-09,Facebook Ads,FB-100162,UA - Lookalike - 1% | Android | APAC | Static,17626,453,200.09,37
2025-10-09,Facebook Ads,FB-100163,UA - Lookalike - 1% | iOS | LATAM | Carousel,22459,851,341.17,52
2025-10-09,Facebook Ads,FB-100164,UA - Prospecting - Broad | Android | MENA | Static,16520,587,213.55,78
2025-10-09,Facebook Ads,FB-100165,UA - Retargeting - Value | Android | APAC | UGC,10210,86,40.14,12
2025-10-09,Facebook Ads,FB-100166,UA - Prospecting - Broad | iOS | APAC | UGC,11061,434,135.62,37
2025-10-09,Facebook Ads,FB-100167,UA - Lookalike - 5% | Android | LATAM | Static,36949,1117,252.89,69
2025-10-09,Facebook Ads,FB-100168,UA - Lookalike - 1% | Android | LATAM | Playables,17886,793,179.54,106
2025-10-09,Facebook Ads,FB-100169,UA - Lookalike - 1% | iOS | MENA | Playables,19321,682,222.4,51
2025-10-09,Facebook Ads,FB-100170,UA - Lookalike - 1% | iOS | MENA | Carousel,23864,701,169.57,35
2025-10-09,Facebook Ads,FB-100171,UA - Lookalike - 1% | iOS | LATAM | Carousel,22557,498,115.64,60
2025-10-09,Facebook Ads,FB-100172,UA - Lookalike - 1% | Android | US | Static,18123,721,157.18,49
2025-10-09,Facebook Ads,FB-100173,UA - Retargeting - Value | Android | MENA | Static,13198,161,50.89,31
2025-10-09,Facebook Ads,FB-100174,UA - Lookalike - 1% | Android | APAC | Carousel,19929,747,282.89,59
2025-10-09,Facebook Ads,FB-100175,UA - Retargeting - Value | Android | EU | Carousel,13584,75,26.11,14
2025-10-09,Facebook Ads,FB-100176,UA - Prospecting - Broad | iOS | EU | Carousel,19524,530,170.98,65
2025-10-09,Facebook Ads,FB-100177,UA - Prospecting - Broad | Android | LATAM | Video,21671,327,114.88,37
2025-10-09,Facebook Ads,FB-100178,UA - Prospecting - Broad | iOS | EU | UGC,17476,476,182.4,21
2025-10-09,Facebook Ads,FB-100179,UA - Lookalike - 5% | Android | MENA | Carousel,38861,804,305.12,68
2025-10-09,Facebook Ads,FB-100180,UA - Retargeting - Value | iOS | APAC | Carousel,10904,220,91.61,31
2025-10-09,Facebook Ads,FB-100181,UA - Prospecting - Broad | Android | LATAM | UGC,19112,766,271.93,52
2025-10-09,Facebook Ads,FB-100182,UA - Prospecting - Broad | Android | APAC | UGC,16554,694,183.08,131
2025-10-09,Facebook Ads,FB-100183,UA - Lookalike - 1% | Android | EU | Static,34256,1348,295.75,230
2025-10-09,Facebook Ads,FB-100184,UA - Lookalike - 5% | Android | EU | Video,28713,957,313.13,119
2025-10-09,Facebook Ads,FB-100185,UA - Lookalike - 5% | Android | MENA | UGC,20777,577,113.9,50
2025-10-09,Facebook Ads,FB-100186,UA - Lookalike - 5% | iOS | LATAM | Playables,18397,578,123.92,39
2025-10-09,Facebook Ads,FB-100187,UA - Prospecting - Broad | iOS | MENA | Playables,17721,559,153.78,61
2025-10-09,Facebook Ads,FB-100188,UA - Lookalike - 1% | Android | EU | Static,10319,263,84.9,20
2025-10-09,Facebook Ads,FB-100189,UA - Retargeting - Value | Android | EU | Static,16633,368,196.84,87
2025-10-09,Facebook Ads,FB-100190,UA - Lookalike - 5% | Android | EU | Video,13803,345,70.79,73
2025-10-09,Facebook Ads,FB-100191,UA - Lookalike - 1% | iOS | MENA | UGC,19079,535,232.67,64
2025-10-09,Facebook Ads,FB-100192,UA - Lookalike - 1% | Android | EU | Carousel,23865,611,266.46,64
2025-10-09,Facebook Ads,FB-100193,UA - Lookalike - 1% | iOS | US | Static,26319,921,477.54,89
2025-10-09,Facebook Ads,FB-100194,UA - Retargeting - Value | Android | APAC | Video,12911,206,99.89,34
2025-10-09,Facebook Ads,FB-100195,UA - Prospecting - Broad | Android | LATAM | Static,29062,577,191.45,27
2025-10-09,Facebook Ads,FB-100196,UA - Lookalike - 1% | Android | EU | Carousel,13280,566,206.65,98
2025-10-09,Facebook Ads,FB-100197,UA - Lookalike - 1% | iOS | US | UGC,16561,589,286.2,75
2025-10-09,Facebook Ads,FB-100198,UA - Lookalike - 5% | iOS | LATAM | Playables,21659,990,235.52,35
2025-10-09,Facebook Ads,FB-100199,UA - Prospecting - Broad | iOS | US | Playables,14929,275,143.33,23
2025-10-09,Facebook Ads,FB-100200,UA - Lookalike - 1% | iOS | LATAM | Playables,17829,771,327.75,82
2025-10-09,Facebook Ads,FB-100201,UA - Prospecting - Broad | Android | US | Static,14105,547,174.44,35
2025-10-09,Facebook Ads,FB-100202,UA - Retargeting - Value | iOS | MENA | Video,7261,117,42.28,10
2025-10-09,Facebook Ads,FB-100203,UA - Lookalike - 1% | iOS | MENA | UGC,24717,968,223.03,90
2025-10-09,Facebook Ads,FB-100204,UA - Lookalike - 5% | Android | MENA | UGC,21839,629,249.27,90
2025-10-09,Facebook Ads,FB-100205,UA - Lookalike - 5% | Android | APAC | Carousel,17887,394,98.26,40
2025-10-09,Facebook Ads,FB-100206,UA - Retargeting - Value | iOS | LATAM | Video,11161,75,33.97,13
2025-10-09,Facebook Ads,FB-100207,UA - Lookalike - 1% | iOS | APAC | UGC,11372,436,132.59,37
2025-10-09,Facebook Ads,FB-100208,UA - Lookalike - 5% | iOS | MENA | Video,27641,912,323.03,130
2025-10-09,Facebook Ads,FB-100209,UA - Lookalike - 1% | Android | LATAM | Carousel,13349,666,130.54,126
2025-10-09,Facebook Ads,FB-100210,UA - Prospecting - Broad | Android | APAC | Playables,15824,599,125.13,86
2025-10-09,Facebook Ads,FB-100211,UA - Retargeting - Value | iOS | APAC | Video,9795,52,17.67,7
2025-10-09,Facebook Ads,FB-100212,UA - Lookalike - 5% | iOS | MENA | UGC,11867,589,155.02,116
2025-10-09,Facebook Ads,FB-100213,UA - Retargeting - Value | Android | EU | Carousel,15407,440,160.91,108
2025-10-09,Facebook Ads,FB-100214,UA - Prospecting - Broad | iOS | APAC | UGC,11880,300,125.52,24
2025-10-09,Facebook Ads,FB-100215,UA - Retargeting - Value | Android | MENA | Static,7202,154,80.14,33
2025-10-09,Facebook Ads,FB-100216,UA - Lookalike - 5% | iOS | MENA | Video,14153,503,142.7,65
2025-10-09,Facebook Ads,FB-100217,UA - Lookalike - 5% | Android | EU | Video,11941,411,122.64,56
2025-10-09,Facebook Ads,FB-100218,UA - Lookalike - 1% | Android | EU | UGC,26265,1205,279.44,90
2025-10-09,Facebook Ads,FB-100219,UA - Lookalike - 5% | iOS | APAC | UGC,16324,448,211.28,83
2025-10-09,Facebook Ads,FB-100220,UA - Retargeting - Value | Android | APAC | Playables,8739,122,39.37,23
2025-10-09,Facebook Ads,FB-100221,UA - Retargeting - Value | iOS | EU | Playables,14802,485,178.04,67
2025-10-09,Facebook Ads,FB-100222,UA - Lookalike - 1% | Android | LATAM | UGC,16719,488,144.45,107
2025-10-09,Facebook Ads,FB-100223,UA - Lookalike - 1% | iOS | US | Carousel,23842,784,251.27,55
2025-10-09,Facebook Ads,FB-100224,UA - Lookalike - 5% | iOS | EU | UGC,10070,231,63.46,35
2025-10-09,Facebook Ads,FB-100225,UA - Lookalike - 5% | iOS | LATAM | Playables,12189,585,256.29,86
2025-10-09,Facebook Ads,FB-100226,UA - Retargeting - Value | iOS | LATAM | Static,15072,456,229.64,103
2025-10-09,Facebook Ads,FB-100227,UA - Prospecting - Broad | iOS | EU | UGC,17189,343,117.61,12
2025-10-09,Facebook Ads,FB-100228,UA - Lookalike - 5% | iOS | APAC | UGC,39332,1718,805.91,292
2025-10-09,Facebook Ads,FB-100229,UA - Retargeting - Value | Android | APAC | Video,12614,379,102.9,73
2025-10-09,Facebook Ads,FB-100230,UA - Prospecting - Broad | iOS | US | UGC,22597,688,274.44,39
2025-10-09,Facebook Ads,FB-100231,UA - Lookalike - 5% | iOS | US | Static,29554,735,287.97,78
2025-10-09,Facebook Ads,FB-100232,UA - Lookalike - 1% | Android | US | UGC,22864,1095,479.94,212
2025-10-09,Facebook Ads,FB-100233,UA - Prospecting - Broad | iOS | MENA | UGC,11594,418,88.2,12
2025-10-09,Facebook Ads,FB-100234,UA - Lookalike - 1% | iOS | MENA | UGC,26417,752,225.45,63
2025-10-09,Facebook Ads,FB-100235,UA - Prospecting - Broad | iOS | MENA | Video,24149,1035,414.52,138
2025-10-09,Facebook Ads,FB-100236,UA - Prospecting - Broad | Android | LATAM | Static,26996,699,186.77,68
2025-10-09,Facebook Ads,FB-100237,UA - Lookalike - 5% | iOS | US | Video,13045,413,203.94,44
2025-10-09,Facebook Ads,FB-100238,UA - Prospecting - Broad | Android | LATAM | Video,9763,364,131.84,55
2025-10-09,Facebook Ads,FB-100239,UA - Lookalike - 1% | iOS | US | Carousel,21775,555,283.49,32
2025-10-09,Facebook Ads,FB-100240,UA - Retargeting - Value | iOS | APAC | Static,10766,99,44.93,15
2025-10-09,Facebook Ads,FB-100241,UA - Retargeting - Value | iOS | MENA | Static,12389,76,23.01,9
2025-10-09,Facebook Ads,FB-100242,UA - Lookalike - 5% | Android | US | Playables,31877,1564,407.42,117
2025-10-09,Facebook Ads,FB-100243,UA - Retargeting - Value | Android | APAC | Playables,18196,240,88.13,43
2025-10-09,Facebook Ads,FB-100244,UA - Lookalike - 5% | Android | APAC | Carousel,21238,449,197.2,67
2025-10-09,Facebook Ads,FB-100245,UA - Lookalike - 1% | iOS | US | UGC,10148,289,73.81,37
2025-10-09,Facebook Ads,FB-100246,UA - Lookalike - 1% | Android | US | UGC,14108,656,243.77,135
2025-10-09,Facebook Ads,FB-100247,UA - Lookalike - 5% | iOS | APAC | Carousel,21638,1011,460.61,170
2025-10-09,Facebook Ads,FB-100248,UA - Lookalike - 5% | iOS | EU | UGC,22939,611,303.36,43
2025-10-09,Facebook Ads,FB-100249,UA - Lookalike - 1% | Android | EU | UGC,19936,879,316.97,178
2025-10-09,Facebook Ads,FB-100250,UA - Lookalike - 5% | iOS | LATAM | Video,16706,729,313.98,104
2025-10-09,Facebook Ads,FB-100251,UA - Prospecting - Broad | iOS | US | Playables,8947,282,136.46,46
2025-10-09,Facebook Ads,FB-100252,UA - Lookalike - 1% | iOS | LATAM | Static,22334,456,149.98,39
2025-10-09,Facebook Ads,FB-100253,UA - Lookalike - 1% | Android | EU | Playables,31330,1501,629.37,118
2025-10-09,Facebook Ads,FB-100254,UA - Lookalike - 1% | Android | US | Video,11933,368,158.06,36
2025-10-09,Facebook Ads,FB-100255,UA - Lookalike - 1% | iOS | US | Playables,22933,511,151.61,25
2025-10-09,Facebook Ads,FB-100256,UA - Lookalike - 1% | Android | US | Carousel,21347,599,151.97,107
2025-10-09,Facebook Ads,FB-100257,UA - Retargeting - Value | iOS | EU | Static,6317,132,66.42,20
2025-10-09,Facebook Ads,FB-100258,UA - Lookalike - 1% | iOS | MENA | Playables,21391,945,343.6,68
2025-10-09,Facebook Ads,FB-100259,UA - Lookalike - 1% | Android | LATAM | UGC,22307,977,171.85,59
2025-10-09,Facebook Ads,FB-100260,UA - Prospecting - Broad | iOS | US | UGC,10969,468,205.69,11
2025-10-09,Facebook Ads,FB-100261,UA - Lookalike - 1% | Android | EU | UGC,18156,802,347.11,94
2025-10-09,Facebook Ads,FB-100262,UA - Lookalike - 1% | Android | APAC | Video,12457,613,228.89,117
2025-10-09,Facebook Ads,FB-100263,UA - Lookalike - 1% | Android | APAC | Carousel,14974,505,124.58,56
2025-10-09,Facebook Ads,FB-100264,UA - Retargeting - Value | iOS | LATAM | Video,10694,266,109.54,33
2025-10-09,Facebook Ads,FB-100265,UA - Lookalike - 1% | iOS | US | Playables,17328,587,170.35,27
2025-10-09,Facebook Ads,FB-100266,UA - Lookalike - 1% | Android | US | UGC,12773,466,199.68,32
2025-10-09,Facebook Ads,FB-100267,UA - Prospecting - Broad | iOS | US | Static,17443,390,160.33,36
2025-10-09,Facebook Ads,FB-100268,UA - Prospecting - Broad | Android | LATAM | UGC,9486,340,134.2,71
2025-10-09,Facebook Ads,FB-100269,UA - Retargeting - Value | Android | EU | Playables,4277,146,59.73,25
2025-10-09,Facebook Ads,FB-100270,UA - Lookalike - 5% | iOS | APAC | Carousel,16968,386,93.1,46
2025-10-09,Facebook Ads,FB-100271,UA - Lookalike - 5% | Android | APAC | Video,24631,1212,461.04,126
2025-10-09,Facebook Ads,FB-100272,UA - Lookalike - 1% | iOS | LATAM | Video,19649,576,246.64,91
2025-10-09,Facebook Ads,FB-100273,UA - Retargeting - Value | Android | APAC | UGC,13283,439,224.37,80
2025-10-09,Facebook Ads,FB-100274,UA - Lookalike - 1% | iOS | US | Carousel,9163,268,137.59,12
2025-10-09,Facebook Ads,FB-100275,UA - Retargeting - Value | Android | APAC | Carousel,19967,156,83.21,14
2025-10-09,Facebook Ads,FB-100276,UA - Retargeting - Value | Android | APAC | Video,10974,107,56.91,25
2025-10-09,Facebook Ads,FB-100277,UA - Retargeting - Value | Android | US | Carousel,13824,449,229.08,48
2025-10-09,Facebook Ads,FB-100278,UA - Prospecting - Broad | Android | MENA | Static,26874,1065,377.76,85
2025-10-09,Facebook Ads,FB-100279,UA - Retargeting - Value | Android | MENA | Static,18972,423,198.39,98
2025-10-09,Facebook Ads,FB-100280,UA - Prospecting - Broad | iOS | EU | Playables,12456,495,167.21,21
2025-10-09,Facebook Ads,FB-100281,UA - Lookalike - 1% | iOS | EU | Static,14206,398,173.09,72
2025-10-09,Facebook Ads,FB-100282,UA - Retargeting - Value | Android | US | Video,14976,340,178.16,70
2025-10-09,Facebook Ads,FB-100283,UA - Lookalike - 1% | Android | LATAM | Static,19832,972,218.31,166
2025-10-09,Facebook Ads,FB-100284,UA - Prospecting - Broad | Android | EU | Carousel,24672,1084,306.77,64
2025-10-09,Facebook Ads,FB-100285,UA - Prospecting - Broad | Android | APAC | Playables,20991,753,206.32,73
2025-10-09,Facebook Ads,FB-100286,UA - Lookalike - 1% | Android | APAC | UGC,25172,1241,327.13,171
2025-10-09,Facebook Ads,FB-100287,UA - Retargeting - Value | Android | APAC | Playables,15935,149,54.65,18
2025-10-09,Facebook Ads,FB-100288,UA - Lookalike - 5% | Android | MENA | Carousel,14975,321,48.44,41
2025-10-09,Facebook Ads,FB-100289,UA - Lookalike - 5% | Android | US | UGC,20190,681,195.24,81
2025-10-09,Facebook Ads,FB-100290,UA - Lookalike - 5% | iOS | US | UGC,16915,737,301.36,95
2025-10-09,Facebook Ads,FB-100291,UA - Retargeting - Value | Android | US | Carousel,12933,331,126.67,56
2025-10-09,Facebook Ads,FB-100292,UA - Lookalike - 1% | Android | EU | Carousel,20895,564,195.03,49
2025-10-09,Facebook Ads,FB-100293,UA - Lookalike - 1% | iOS | MENA | Playables,17179,400,166.56,47
2025-10-09,Facebook Ads,FB-100294,UA - Lookalike - 5% | iOS | MENA | Playables,21277,438,162.1,79
2025-10-09,Facebook Ads,FB-100295,UA - Retargeting - Value | Android | US | Playables,7255,201,100.6,37
2025-10-09,Facebook Ads,FB-100296,UA - Lookalike - 5% | iOS | APAC | Static,21077,755,184.75,25
2025-10-09,Facebook Ads,FB-100297,UA - Lookalike - 5% | iOS | APAC | UGC,25915,783,269.59,48
2025-10-09,Facebook Ads,FB-100298,UA - Lookalike - 1% | Android | LATAM | UGC,18046,468,126.64,90
2025-10-09,Facebook Ads,FB-100299,UA - Lookalike - 5% | iOS | LATAM | Static,13700,467,120.91,33
2025-10-09,Facebook Ads,FB-100300,UA - Prospecting - Broad | Android | US | Video,18318,399,194.43,17
2025-10-09,Facebook Ads,FB-100301,UA - Retargeting - Value | iOS | US | Carousel,15536,269,97.7,40
2025-10-09,Facebook Ads,FB-100302,UA - Lookalike - 1% | Android | MENA | Playables,30760,1278,276.3,110
2025-10-09,Facebook Ads,FB-100303,UA - Lookalike - 5% | Android | APAC | Carousel,19247,724,134.74,70
2025-10-09,Facebook Ads,FB-100304,UA - Lookalike - 1% | Android | LATAM | Playables,17232,406,158.99,74
2025-10-09,Facebook Ads,FB-100305,UA - Retargeting - Value | iOS | US | Playables,14082,89,49.55,14
2025-10-09,Facebook Ads,FB-100306,UA - Prospecting - Broad | Android | APAC | Static,25612,550,150.43,52
2025-10-09,Facebook Ads,FB-100307,UA - Prospecting - Broad | iOS | MENA | Carousel,9439,220,72.18,17
2025-10-09,Facebook Ads,FB-100308,UA - Lookalike - 5% | iOS | MENA | Static,20835,808,166.77,62
2025-10-09,Facebook Ads,FB-100309,UA - Prospecting - Broad | Android | MENA | Carousel,18487,683,142.61,51
2025-10-09,Facebook Ads,FB-100310,UA - Lookalike - 1% | Android | LATAM | Carousel,20377,479,202.95,40
2025-10-09,Facebook Ads,FB-100311,UA - Retargeting - Value | iOS | US | Static,13658,349,138.27,28
2025-10-09,Facebook Ads,FB-100312,UA - Prospecting - Broad | iOS | US | Static,11947,424,219.59,16
2025-10-09,Facebook Ads,FB-100313,UA - Lookalike - 5% | Android | MENA | Static,26897,625,136.75,117
2025-10-09,Facebook Ads,FB-100314,UA - Retargeting - Value | iOS | APAC | Carousel,7766,255,145.27,57
2025-10-09,Facebook Ads,FB-100315,UA - Prospecting - Broad | iOS | LATAM | Carousel,7513,337,121.29,39
2025-10-09,Facebook Ads,FB-100316,UA - Prospecting - Broad | Android | EU | Static,19471,444,117.3,73
2025-10-09,Facebook Ads,FB-100317,UA - Lookalike - 5% | Android | LATAM | UGC,15084,471,146.29,97
2025-10-09,Facebook Ads,FB-100318,UA - Lookalike - 5% | iOS | MENA | UGC,21883,897,434.96,44
2025-10-09,Facebook Ads,FB-100319,UA - Prospecting - Broad | iOS | EU | Playables,13978,518,150.53,55
2025-10-09,Facebook Ads,FB-100320,UA - Lookalike - 1% | iOS | APAC | Video,25272,965,449.01,68
2025-10-09,Facebook Ads,FB-100321,UA - Prospecting - Broad | iOS | MENA | Carousel,12899,293,87.78,12
2025-10-09,Facebook Ads,FB-100322,UA - Prospecting - Broad | Android | APAC | Playables,21440,463,157.84,59
2025-10-09,Facebook Ads,FB-100323,UA - Retargeting - Value | Android | EU | Carousel,23099,494,257.52,71
2025-10-09,Facebook Ads,FB-100324,UA - Lookalike - 1% | Android | LATAM | Carousel,35561,1543,590.35,258
2025-10-09,Facebook Ads,FB-100325,UA - Lookalike - 5% | Android | US | UGC,22137,552,233.33,87
2025-10-09,Facebook Ads,FB-100326,UA - Retargeting - Value | Android | EU | UGC,14326,455,224.91,45
2025-10-09,Facebook Ads,FB-100327,UA - Prospecting - Broad | iOS | US | UGC,11373,221,78.68,18
2025-10-09,Facebook Ads,FB-100328,UA - Prospecting - Broad | iOS | US | UGC,16271,285,140.73,34
2025-10-09,Facebook Ads,FB-100329,UA - Lookalike - 5% | iOS | MENA | UGC,13576,642,143.17,38
2025-10-09,Facebook Ads,FB-100330,UA - Lookalike - 5% | iOS | LATAM | Video,15272,537,182.69,20
2025-10-09,Facebook Ads,FB-100331,UA - Lookalike - 5% | Android | LATAM | Static,28444,891,303.83,57
2025-10-09,Facebook Ads,FB-100332,UA - Prospecting - Broad | iOS | US | UGC,14241,390,190.83,41
2025-10-09,Facebook Ads,FB-100333,UA - Lookalike - 5% | Android | APAC | Playables,22428,657,132.12,97
2025-10-09,Facebook Ads,FB-100334,UA - Lookalike - 1% | Android | APAC | Carousel,13936,379,125.3,58
2025-10-09,Facebook Ads,FB-100335,UA - Prospecting - Broad | Android | LATAM | Static,19258,735,281.95,148
2025-10-09,Facebook Ads,FB-100336,UA - Retargeting - Value | Android | MENA | Playables,22610,742,378.12,98
2025-10-09,Facebook Ads,FB-100337,UA - Retargeting - Value | iOS | LATAM | Static,14338,389,147.24,75
2025-10-09,Facebook Ads,FB-100338,UA - Retargeting - Value | Android | EU | Carousel,6185,77,27.58,16
2025-10-09,Facebook Ads,FB-100339,UA - Prospecting - Broad | Android | MENA | Static,20274,451,158.71,28
2025-10-09,Facebook Ads,FB-100340,UA - Lookalike - 5% | Android | APAC | UGC,12020,480,116.26,48
2025-10-09,Facebook Ads,FB-100341,UA - Lookalike - 5% | iOS | LATAM | Static,16640,397,165.43,68
2025-10-09,Facebook Ads,FB-100342,UA - Lookalike - 1% | Android | APAC | UGC,19711,418,111.65,88
2025-10-09,Facebook Ads,FB-100343,UA - Lookalike - 1% | iOS | MENA | Video,26312,821,235.79,146
2025-10-09,Facebook Ads,FB-100344,UA - Lookalike - 5% | Android | LATAM | UGC,14696,376,78.02,74
2025-10-09,Facebook Ads,FB-100345,UA - Lookalike - 1% | Android | US | Carousel,27303,798,349.2,156
2025-10-09,Facebook Ads,FB-100346,UA - Lookalike - 5% | Android | US | Playables,21121,565,131.48,51
2025-10-09,Facebook Ads,FB-100347,UA - Prospecting - Broad | iOS | MENA | Playables,15604,362,151.17,15
2025-10-09,Facebook Ads,FB-100348,UA - Lookalike - 1% | iOS | MENA | Static,15262,597,297.25,47
2025-10-09,Facebook Ads,FB-100349,UA - Prospecting - Broad | iOS | MENA | Static,20688,821,212.06,89
2025-10-10,Facebook Ads,FB-100000,UA - Retargeting - Value | Android | US | Carousel,14018,193,65.27,47
2025-10-10,Facebook Ads,FB-100001,UA - Prospecting - Broad | Android | EU | Video,22387,375,84.97,32
2025-10-10,Facebook Ads,FB-100002,UA - Prospecting - Broad | iOS | US | Video,30050,1124,303.26,208
2025-10-10,Facebook Ads,FB-100003,UA - Prospecting - Broad | Android | EU | Playables,13111,472,189.7,77
2025-10-10,Facebook Ads,FB-100004,UA - Retargeting - Value | Android | MENA | UGC,16662,440,129.71,103
2025-10-10,Facebook Ads,FB-100005,UA - Prospecting - Broad | iOS | MENA | Carousel,15602,669,273.35,25
2025-10-10,Facebook Ads,FB-100006,UA - Lookalike - 1% | Android | APAC | Carousel,20285,660,274.49,78
2025-10-10,Facebook Ads,FB-100007,UA - Prospecting - Broad | Android | EU | Carousel,11906,199,82.51,28
2025-10-10,Facebook Ads,FB-100008,UA - Lookalike - 1% | Android | APAC | Video,13654,523,113.65,94
2025-10-10,Facebook Ads,FB-100009,UA - Prospecting - Broad | iOS | MENA | Carousel,21385,378,153.01,59
2025-10-10,Facebook Ads,FB-100010,UA - Lookalike - 5% | iOS | MENA | Video,19055,921,345.01,177
2025-10-10,Facebook Ads,FB-100011,UA - Lookalike - 1% | Android | MENA | Carousel,18356,503,221.12,71
2025-10-10,Facebook Ads,FB-100012,UA - Retargeting - Value | Android | US | Video,13705,425,247.22,68
2025-10-10,Facebook Ads,FB-100013,UA - Prospecting - Broad | iOS | US | Static,18210,756,408.77,68
2025-10-10,Facebook Ads,FB-100014,UA - Lookalike - 1% | iOS | LATAM | UGC,19153,517,164.51,28
2025-10-10,Facebook Ads,FB-100015,UA - Retargeting - Value | Android | LATAM | Carousel,11745,80,33.95,17
2025-10-10,Facebook Ads,FB-100016,UA - Retargeting - Value | iOS | US | Playables,15943,173,76.45,34
2025-10-10,Facebook Ads,FB-100017,UA - Lookalike - 5% | Android | EU | UGC,18362,533,203.29,41
2025-10-10,Facebook Ads,FB-100018,UA - Lookalike - 1% | iOS | MENA | Static,9713,220,107.93,16
2025-10-10,Facebook Ads,FB-100019,UA - Lookalike - 1% | Android | EU | Video,25883,1091,526.19,157
2025-10-10,Facebook Ads,FB-100020,UA - Retargeting - Value | iOS | LATAM | Video,7464,235,73.27,45
2025-10-10,Facebook Ads,FB-100021,UA - Lookalike - 5% | iOS | EU | UGC,17144,393,171.66,39
2025-10-10,Facebook Ads,FB-100022,UA - Retargeting - Value | iOS | EU | Carousel,10021,221,102.57,23
2025-10-10,Facebook Ads,FB-100023,UA - Lookalike - 1% | Android | MENA | Playables,12039,500,219.35,48
2025-10-10,Facebook Ads,FB-100024,UA - Lookalike - 1% | iOS | MENA | UGC,15086,408,111.67,78
2025-10-10,Facebook Ads,FB-100025,UA - Lookalike - 5% | Android | EU | Playables,14834,331,136.34,37
2025-10-10,Facebook Ads,FB-100026,UA - Retargeting - Value | Android | US | Video,16569,512,273.15,80
2025-10-10,Facebook Ads,FB-100027,UA - Prospecting - Broad | Android | APAC | Playables,17393,676,182.79,108
2025-10-10,Facebook Ads,FB-100028,UA - Lookalike - 5% | iOS | APAC | Playables,36960,1111,288.64,215
2025-10-10,Facebook Ads,FB-100029,UA - Prospecting - Broad | iOS | MENA | Video,12313,284,89.74,40
2025-10-10,Facebook Ads,FB-100030,UA - Lookalike - 1% | iOS | LATAM | Video,8934,212,53.66,16
2025-10-10,Facebook Ads,FB-100031,UA - Prospecting - Broad | iOS | EU | UGC,22312,556,278.89,69
2025-10-10,Facebook Ads,FB-100032,UA - Prospecting - Broad | iOS | MENA | Static,18627,359,156.52,29
2025-10-10,Facebook Ads,FB-100033,UA - Retargeting - Value | iOS | MENA | Playables,15688,131,75.56,9
2025-10-10,Facebook Ads,FB-100034,UA - Prospecting - Broad | Android | LATAM | Static,19471,361,73.82,21
2025-10-10,Facebook Ads,FB-100035,UA - Prospecting - Broad | iOS | APAC | Video,10229,234,85.01,12
2025-10-10,Facebook Ads,FB-100036,UA - Prospecting - Broad | iOS | LATAM | Static,25439,1057,279.05,166
2025-10-10,Facebook Ads,FB-100037,UA - Prospecting - Broad | Android | MENA | Video,26979,775,140.51,150
2025-10-10,Facebook Ads,FB-100038,UA - Retargeting - Value | iOS | US | Playables,10797,225,102.8,22
2025-10-10,Facebook Ads,FB-100039,UA - Retargeting - Value | Android | APAC | Playables,8391,154,80.82,28
2025-10-10,Facebook Ads,FB-100040,UA - Lookalike - 5% | iOS | MENA | Playables,13022,329,153.58,38
2025-10-10,Facebook Ads,FB-100041,UA - Lookalike - 1% | Android | MENA | Static,12247,572,171.26,39
2025-10-10,Facebook Ads,FB-100042,UA - Lookalike - 5% | iOS | LATAM | UGC,28831,1174,379.55,103
2025-10-10,Facebook Ads,FB-100043,UA - Prospecting - Broad | Android | EU | Static,14552,420,100.63,47
2025-10-10,Facebook Ads,FB-100044,UA - Retargeting - Value | iOS | US | Playables,15048,103,61.61,23
2025-10-10,Facebook Ads,FB-100045,UA - Prospecting - Broad | Android | US | Video,18110,510,184.16,22
2025-10-10,Facebook Ads,FB-100046,UA - Lookalike - 1% | Android | US | Video,21769,1036,357.63,171
2025-10-10,Facebook Ads,FB-100047,UA - Lookalike - 1% | Android | MENA | Static,19613,664,268.26,55
2025-10-10,Facebook Ads,FB-100048,UA - Retargeting - Value | iOS | EU | Playables,6511,182,75.58,25
2025-10-10,Facebook Ads,FB-100049,UA - Lookalike - 5% | iOS | EU | UGC,13511,336,87.53,17
2025-10-10,Facebook Ads,FB-100050,UA - Lookalike - 5% | Android | US | Video,14006,661,137.49,105
2025-10-10,Facebook Ads,FB-100051,UA - Lookalike - 5% | iOS | APAC | UGC,17130,469,111.76,43
2025-10-10,Facebook Ads,FB-100052,UA - Lookalike - 5% | Android | US | Video,14464,353,86.56,59
2025-10-10,Facebook Ads,FB-100053,UA - Retargeting - Value | iOS | US | Static,5631,179,95.05,17
2025-10-10,Facebook Ads,FB-100054,UA - Retargeting - Value | Android | MENA | UGC,16814,196,69.82,21
2025-10-10,Facebook Ads,FB-100055,UA - Lookalike - 5% | iOS | EU | Carousel,10403,218,80.46,40
2025-10-10,Facebook Ads,FB-100056,UA - Prospecting - Broad | Android | US | UGC,13136,575,246.85,101
2025-10-10,Facebook Ads,FB-100057,UA - Prospecting - Broad | Android | MENA | Video,23431,361,67.65,38
2025-10-10,Facebook Ads,FB-100058,UA - Lookalike - 5% | Android | EU | UGC,9849,361,132.88,77
2025-10-10,Facebook Ads,FB-100059,UA - Prospecting - Broad | iOS | EU | UGC,12685,492,216.04,87
2025-10-10,Facebook Ads,FB-100060,UA - Lookalike - 5% | Android | APAC | Video,16350,544,124.47,40
2025-10-10,Facebook Ads,FB-100061,UA - Lookalike - 5% | iOS | APAC | Carousel,20386,1008,244.44,57
2025-10-10,Facebook Ads,FB-100062,UA - Lookalike - 1% | iOS | EU | Static,14458,355,148.43,51
2025-10-10,Facebook Ads,FB-100063,UA - Prospecting - Broad | Android | US | Playables,15227,681,265.18,48
2025-10-10,Facebook Ads,FB-100064,UA - Lookalike - 5% | iOS | US | Video,24040,1196,420.15,111
2025-10-10,Facebook Ads,FB-100065,UA - Prospecting - Broad | Android | US | Playables,35146,1197,498.67,223
2025-10-10,Facebook Ads,FB-100066,UA - Prospecting - Broad | Android | US | Playables,25059,972,274.78,175
2025-10-10,Facebook Ads,FB-100067,UA - Retargeting - Value | Android | APAC | Video,14208,309,105.52,34
2025-10-10,Facebook Ads,FB-100068,UA - Lookalike - 5% | Android | MENA | Video,34113,860,299.54,117
2025-10-10,Facebook Ads,FB-100069,UA - Lookalike - 1% | iOS | LATAM | Static,23188,964,382.8,92
2025-10-10,Facebook Ads,FB-100070,UA - Retargeting - Value | Android | LATAM | UGC,10612,76,22.97,14
2025-10-10,Facebook Ads,FB-100071,UA - Prospecting - Broad | iOS | APAC | Carousel,19859,457,102.0,68
2025-10-10,Facebook Ads,FB-100072,UA - Prospecting - Broad | Android | APAC | Playables,11222,362,95.13,75
2025-10-10,Facebook Ads,FB-100073,UA - Lookalike - 1% | Android | MENA | Static,15877,700,117.67,130
2025-10-10,Facebook Ads,FB-100074,UA - Retargeting - Value | Android | LATAM | Video,21049,150,76.52,26
2025-10-10,Facebook Ads,FB-100075,UA - Lookalike - 5% | iOS | LATAM | Static,16505,366,95.34,26
2025-10-10,Facebook Ads,FB-100076,UA - Prospecting - Broad | iOS | MENA | Playables,10431,298,62.85,54
2025-10-10,Facebook Ads,FB-100077,UA - Lookalike - 1% | iOS | US | Static,19792,926,295.76,153
2025-10-10,Facebook Ads,FB-100078,UA - Retargeting - Value | Android | US | Playables,7976,150,60.26,28
2025-10-10,Facebook Ads,FB-100079,UA - Retargeting - Value | iOS | LATAM | Playables,16603,292,108.39,52
2025-10-10,Facebook Ads,FB-100080,UA - Lookalike - 5% | iOS | EU | Carousel,28354,739,318.36,101
2025-10-10,Facebook Ads,FB-100081,UA - Lookalike - 5% | iOS | US | Video,13585,480,224.4,61
2025-10-10,Facebook Ads,FB-100082,UA - Lookalike - 1% | iOS | US | Video,22944,701,180.23,62
2025-10-10,Facebook Ads,FB-100083,UA - Lookalike - 5% | Android | LATAM | Static,29251,1146,446.83,112
2025-10-10,Facebook Ads,FB-100084,UA - Prospecting - Broad | iOS | MENA | Video,23767,574,208.59,85
2025-10-10,Facebook Ads,FB-100085,UA - Prospecting - Broad | Android | EU | Playables,16655,474,138.83,94
2025-10-10,Facebook Ads,FB-100086,UA - Retargeting - Value | iOS | MENA | Playables,4352,55,21.96,4
2025-10-10,Facebook Ads,FB-100087,UA - Lookalike - 1% | iOS | EU | Video,28676,744,317.46,71
2025-10-10,Facebook Ads,FB-100088,UA - Retargeting - Value | iOS | US | Carousel,9873,310,161.08,40
2025-10-10,Facebook Ads,FB-100089,UA - Lookalike - 5% | Android | US | Carousel,20434,439,136.66,56
2025-10-10,Facebook Ads,FB-100090,UA - Retargeting - Value | Android | EU | Static,8586,216,92.45,28
2025-10-10,Facebook Ads,FB-100091,UA - Lookalike - 1% | iOS | US | Static,16604,593,299.46,102
2025-10-10,Facebook Ads,FB-100092,UA - Retargeting - Value | iOS | EU | Carousel,10247,127,81.5,25
2025-10-10,Facebook Ads,FB-100093,UA - Lookalike - 5% | Android | APAC | Video,32718,871,315.91,159
2025-10-10,Facebook Ads,FB-100094,UA - Lookalike - 1% | Android | EU | UGC,12861,351,134.15,67
2025-10-10,Facebook Ads,FB-100095,UA - Prospecting - Broad | iOS | EU | Static,13250,312,131.82,20
2025-10-10,Facebook Ads,FB-100096,UA - Lookalike - 1% | Android | APAC | Carousel,26238,659,143.27,99
2025-10-10,Facebook Ads,FB-100097,UA - Lookalike - 5% | Android | LATAM | Carousel,12448,519,111.9,76
2025-10-10,Facebook Ads,FB-100098,UA - Lookalike - 1% | iOS | US | Video,8778,201,59.76,39
2025-10-10,Facebook Ads,FB-100099,UA - Prospecting - Broad | Android | MENA | Carousel,12010,202,40.8,37
2025-10-10,Facebook Ads,FB-100100,UA - Lookalike - 1% | Android | MENA | UGC,24012,687,249.31,82
2025-10-10,Facebook Ads,FB-100101,UA - Prospecting - Broad | iOS | APAC | Playables,12494,478,100.95,10
2025-10-10,Facebook Ads,FB-100102,UA - Lookalike - 1% | iOS | MENA | Static,16227,676,180.49,26
2025-10-10,Facebook Ads,FB-100103,UA - Retargeting - Value | Android | APAC | Video,13737,112,54.16,13
2025-10-10,Facebook Ads,FB-100104,UA - Lookalike - 1% | iOS | APAC | Video,12691,402,120.28,35
2025-10-10,Facebook Ads,FB-100105,UA - Lookalike - 1% | iOS | US | Carousel,27414,1321,715.06,57
2025-10-10,Facebook Ads,FB-100106,UA - Lookalike - 1% | iOS | LATAM | UGC,15779,405,165.52,39
2025-10-10,Facebook Ads,FB-100107,UA - Lookalike - 5% | Android | EU | UGC,12920,471,100.98,39
2025-10-10,Facebook Ads,FB-100108,UA - Lookalike - 1% | Android | MENA | Playables,33461,702,157.67,72
2025-10-10,Facebook Ads,FB-100109,UA - Lookalike - 1% | iOS | MENA | Video,14078,327,94.96,46
2025-10-10,Facebook Ads,FB-100110,UA - Lookalike - 1% | iOS | EU | UGC,14111,613,252.62,21
2025-10-10,Facebook Ads,FB-100111,UA - Retargeting - Value | iOS | APAC | UGC,7184,103,52.78,9
2025-10-10,Facebook Ads,FB-100112,UA - Lookalike - 1% | iOS | EU | Video,35661,1412,626.93,275
2025-10-10,Facebook Ads,FB-100113,UA - Lookalike - 1% | iOS | US | Static,22339,572,149.46,37
2025-10-10,Facebook Ads,FB-100114,UA - Prospecting - Broad | Android | EU | Static,19617,321,79.8,43
2025-10-10,Facebook Ads,FB-100115,UA - Prospecting - Broad | Android | EU | UGC,13028,370,111.37,69
2025-10-10,Facebook Ads,FB-100116,UA - Retargeting - Value | iOS | APAC | Playables,9282,267,80.85,19
2025-10-10,Facebook Ads,FB-100117,UA - Retargeting - Value | iOS | APAC | UGC,11053,123,37.27,9
2025-10-10,Facebook Ads,FB-100118,UA - Lookalike - 5% | Android | US | Video,19449,914,397.59,102
2025-10-10,Facebook Ads,FB-100119,UA - Lookalike - 5% | Android | EU | Playables,16567,716,274.16,78
2025-10-10,Facebook Ads,FB-100120,UA - Prospecting - Broad | Android | MENA | Static,22694,483,83.8,93
2025-10-10,Facebook Ads,FB-100121,UA - Lookalike - 1% | iOS | EU | UGC,27802,771,305.55,53
2025-10-10,Facebook Ads,FB-100122,UA - Lookalike - 5% | iOS | MENA | Playables,20161,582,128.27,113
2025-10-10,Facebook Ads,FB-100123,UA - Lookalike - 5% | iOS | EU | UGC,20384,878,243.47,133
2025-10-10,Facebook Ads,FB-100124,UA - Lookalike - 5% | iOS | EU | Carousel,24551,814,418.07,81
2025-10-10,Facebook Ads,FB-100125,UA - Prospecting - Broad | Android | LATAM | UGC,20070,740,323.75,134
2025-10-10,Facebook Ads,FB-100126,UA - Lookalike - 1% | iOS | EU | Carousel,20995,811,405.26,153
2025-10-10,Facebook Ads,FB-100127,UA - Retargeting - Value | iOS | MENA | Video,8214,198,72.9,43
2025-10-10,Facebook Ads,FB-100128,UA - Retargeting - Value | Android | EU | UGC,16143,531,187.97,76
2025-10-10,Facebook Ads,FB-100129,UA - Lookalike - 5% | Android | US | UGC,27642,837,266.42,117
2025-10-10,Facebook Ads,FB-100130,UA - Lookalike - 5% | iOS | MENA | UGC,20882,573,146.86,73
2025-10-10,Facebook Ads,FB-100131,UA - Lookalike - 5% | Android | EU | UGC,24451,551,272.08,38
2025-10-10,Facebook Ads,FB-100132,UA - Lookalike - 5% | Android | MENA | UGC,14595,474,201.69,73
2025-10-10,Facebook Ads,FB-100133,UA - Lookalike - 5% | Android | LATAM | Carousel,30711,1032,170.07,196
2025-10-10,Facebook Ads,FB-100134,UA - Retargeting - Value | iOS | MENA | Playables,11694,94,55.6,16
2025-10-10,Facebook Ads,FB-100135,UA - Lookalike - 5% | iOS | EU | Carousel,21721,1011,484.57,115
2025-10-10,Facebook Ads,FB-100136,UA - Lookalike - 1% | iOS | US | UGC,14527,386,149.11,22
2025-10-10,Facebook Ads,FB-100137,UA - Retargeting - Value | iOS | EU | UGC,13494,219,101.42,27
2025-10-10,Facebook Ads,FB-100138,UA - Prospecting - Broad | Android | APAC | Playables,20591,429,159.07,67
2025-10-10,Facebook Ads,FB-100139,UA - Lookalike - 5% | Android | APAC | Static,16455,478,197.51,91
2025-10-10,Facebook Ads,FB-100140,UA - Lookalike - 5% | Android | US | Carousel,10414,211,71.61,39
2025-10-10,Facebook Ads,FB-100141,UA - Lookalike - 1% | iOS | EU | UGC,11226,482,219.45,20
2025-10-10,Facebook Ads,FB-100142,UA - Lookalike - 5% | iOS | APAC | Carousel,13798,566,144.05,58
2025-10-10,Facebook Ads,FB-100143,UA - Prospecting - Broad | iOS | US | UGC,17662,657,245.85,43
2025-10-10,Facebook Ads,FB-100144,UA - Prospecting - Broad | Android | LATAM | Static,26052,834,129.52,44
2025-10-10,Facebook Ads,FB-100145,UA - Retargeting - Value | Android | US | Static,24809,574,176.96,87
2025-10-10,Facebook Ads,FB-100146,UA - Retargeting - Value | Android | MENA | Static,15845,490,259.06,78
2025-10-10,Facebook Ads,FB-100147,UA - Retargeting - Value | Android | APAC | Video,15502,386,163.86,50
2025-10-10,Facebook Ads,FB-100148,UA - Retargeting - Value | iOS | LATAM | Carousel,9947,235,91.42,46
2025-10-10,Facebook Ads,FB-100149,UA - Prospecting - Broad | Android | EU | Carousel,15175,529,204.78,23
2025-10-10,Facebook Ads,FB-100150,UA - Lookalike - 5% | Android | LATAM | Playables,19011,687,278.51,39
2025-10-10,Facebook Ads,FB-100151,UA - Retargeting - Value | iOS | EU | Video,8873,272,100.45,48
2025-10-10,Facebook Ads,FB-100152,UA - Prospecting - Broad | Android | LATAM | Playables,19208,719,218.14,140
2025-10-10,Facebook Ads,FB-100153,UA - Lookalike - 5% | Android | LATAM | Playables,22401,740,203.57,99
2025-10-10,Facebook Ads,FB-100154,UA - Lookalike - 1% | iOS | US | Playables,12265,341,140.22,32
2025-10-10,Facebook Ads,FB-100155,UA - Prospecting - Broad | Android | APAC | UGC,14530,511,83.19,54
2025-10-10,Facebook Ads,FB-100156,UA - Retargeting - Value | iOS | LATAM | UGC,7610,93,36.65,11
2025-10-10,Facebook Ads,FB-100157,UA - Lookalike - 1% | iOS | EU | Playables,20735,1002,370.54,83
2025-10-10,Facebook Ads,FB-100158,UA - Lookalike - 1% | iOS | APAC | UGC,19761,461,111.7,86
2025-10-10,Facebook Ads,FB-100159,UA - Lookalike - 1% | iOS | EU | Video,29456,604,276.09,22
2025-10-10,Facebook Ads,FB-100160,UA - Lookalike - 5% | iOS | EU | UGC,23587,815,328.69,146
2025-10-10,Facebook Ads,FB-100161,UA - Lookalike - 1% | iOS | US | UGC,16972,579,251.58,32
2025-10-10,Facebook Ads,FB-100162,UA - Lookalike - 1% | Android | APAC | Static,13988,500,172.75,68
2025-10-10,Facebook Ads,FB-100163,UA - Lookalike - 1% | iOS | LATAM | Carousel,13221,351,115.69,34
2025-10-10,Facebook Ads,FB-100164,UA - Prospecting - Broad | Android | MENA | Static,24276,507,100.59,49
2025-10-10,Facebook Ads,FB-100165,UA - Retargeting - Value | Android | APAC | UGC,14259,208,54.89,47
2025-10-10,Facebook Ads,FB-100166,UA - Prospecting - Broad | iOS | APAC | UGC,15870,407,165.53,72
2025-10-10,Facebook Ads,FB-100167,UA - Lookalike - 5% | Android | LATAM | Static,19669,726,242.05,43
2025-10-10,Facebook Ads,FB-100168,UA - Lookalike - 1% | Android | LATAM | Playables,13796,376,82.01,72
2025-10-10,Facebook Ads,FB-100169,UA - Lookalike - 1% | iOS | MENA | Playables,19677,753,237.65,123
2025-10-10,Facebook Ads,FB-100170,UA - Lookalike - 1% | iOS | MENA | Carousel,20056,603,141.22,82
2025-10-10,Facebook Ads,FB-100171,UA - Lookalike - 1% | iOS | LATAM | Carousel,16357,524,167.31,25
2025-10-10,Facebook Ads,FB-100172,UA - Lookalike - 1% | Android | US | Static,22722,560,197.01,42
2025-10-10,Facebook Ads,FB-100173,UA - Retargeting - Value | Android | MENA | Static,12609,317,159.99,67
2025-10-10,Facebook Ads,FB-100174,UA - Lookalike - 1% | Android | APAC | Carousel,11340,406,100.53,85
2025-10-10,Facebook Ads,FB-100175,UA - Retargeting - Value | Android | EU | Carousel,8401,267,119.59,28
2025-10-10,Facebook Ads,FB-100176,UA - Prospecting - Broad | iOS | EU | Carousel,17845,607,321.89,66
2025-10-10,Facebook Ads,FB-100177,UA - Prospecting - Broad | Android | LATAM | Video,14912,257,48.37,36
2025-10-10,Facebook Ads,FB-100178,UA - Prospecting - Broad | iOS | EU | UGC,14500,475,201.35,52
2025-10-10,Facebook Ads,FB-100179,UA - Lookalike - 5% | Android | MENA | Carousel,14569,508,188.11,26
2025-10-10,Facebook Ads,FB-100180,UA - Retargeting - Value | iOS | APAC | Carousel,7706,228,104.93,45
2025-10-10,Facebook Ads,FB-100181,UA - Prospecting - Broad | Android | LATAM | UGC,26253,502,142.82,46
2025-10-10,Facebook Ads,FB-100182,UA - Prospecting - Broad | Android | APAC | UGC,15682,363,101.82,53
2025-10-10,Facebook Ads,FB-100183,UA - Lookalike - 1% | Android | EU | Static,24361,910,347.89,114
2025-10-10,Facebook Ads,FB-100184,UA - Lookalike - 5% | Android | EU | Video,7845,228,97.88,33
2025-10-10,Facebook Ads,FB-100185,UA - Lookalike - 5% | Android | MENA | UGC,32194,1399,401.79,233
2025-10-10,Facebook Ads,FB-100186,UA - Lookalike - 5% | iOS | LATAM | Playables,21104,596,289.72,37
2025-10-10,Facebook Ads,FB-100187,UA - Prospecting - Broad | iOS | MENA | Playables,12860,351,95.75,57
2025-10-10,Facebook Ads,FB-100188,UA - Lookalike - 1% | Android | EU | Static,18909,680,339.46,67
2025-10-10,Facebook Ads,FB-100189,UA - Retargeting - Value | Android | EU | Static,8184,43,20.7,8
2025-10-10,Facebook Ads,FB-100190,UA - Lookalike - 5% | Android | EU | Video,23501,1095,229.29,128
2025-10-10,Facebook Ads,FB-100191,UA - Lookalike - 1% | iOS | MENA | UGC,17148,627,295.0,20
2025-10-10,Facebook Ads,FB-100192,UA - Lookalike - 1% | Android | EU | Carousel,17852,475,174.28,67
2025-10-10,Facebook Ads,FB-100193,UA - Lookalike - 1% | iOS | US | Static,20245,605,206.61,101
2025-10-10,Facebook Ads,FB-100194,UA - Retargeting - Value | Android | APAC | Video,11969,417,173.47,67
2025-10-10,Facebook Ads,FB-100195,UA - Prospecting - Broad | Android | LATAM | Static,35724,1015,265.12,42
2025-10-10,Facebook Ads,FB-100196,UA - Lookalike - 1% | Android | EU | Carousel,13177,303,141.38,55
2025-10-10,Facebook Ads,FB-100197,UA - Lookalike - 1% | iOS | US | UGC,24919,1208,442.37,56
2025-10-10,Facebook Ads,FB-100198,UA - Lookalike - 5% | iOS | LATAM | Playables,29766,1396,402.47,148
2025-10-10,Facebook Ads,FB-100199,UA - Prospecting - Broad | iOS | US | Playables,15122,640,285.5,70
2025-10-10,Facebook Ads,FB-100200,UA - Lookalike - 1% | iOS | LATAM | Playables,28937,755,235.33,110
2025-10-10,Facebook Ads,FB-100201,UA - Prospecting - Broad | Android | US | Static,19821,862,237.57,122
2025-10-10,Facebook Ads,FB-100202,UA - Retargeting - Value | iOS | MENA | Video,9266,297,124.83,67
2025-10-10,Facebook Ads,FB-100203,UA - Lookalike - 1% | iOS | MENA | UGC,24193,1055,250.88,89
2025-10-10,Facebook Ads,FB-100204,UA - Lookalike - 5% | Android | MENA | UGC,33637,1447,297.07,282
2025-10-10,Facebook Ads,FB-100205,UA - Lookalike - 5% | Android | APAC | Carousel,36659,1758,605.28,176
2025-10-10,Facebook Ads,FB-100206,UA - Retargeting - Value | iOS | LATAM | Video,14441,197,105.51,26
2025-10-10,Facebook Ads,FB-100207,UA - Lookalike - 1% | iOS | APAC | UGC,14977,680,302.8,82
2025-10-10,Facebook Ads,FB-100208,UA - Lookalike - 5% | iOS | MENA | Video,21876,665,153.28,99
2025-10-10,Facebook Ads,FB-100209,UA - Lookalike - 1% | Android | LATAM | Carousel,25149,690,129.93,56
2025-10-10,Facebook Ads,FB-100210,UA - Prospecting - Broad | Android | APAC | Playables,18864,723,139.54,148
2025-10-10,Facebook Ads,FB-100211,UA - Retargeting - Value | iOS | APAC | Video,8805,213,110.65,37
2025-10-10,Facebook Ads,FB-100212,UA - Lookalike - 5% | iOS | MENA | UGC,16124,645,161.96,111
2025-10-10,Facebook Ads,FB-100213,UA - Retargeting - Value | Android | EU | Carousel,15348,129,58.14,22
2025-10-10,Facebook Ads,FB-100214,UA - Prospecting - Broad | iOS | APAC | UGC,23487,800,247.2,97
2025-10-10,Facebook Ads,FB-100215,UA - Retargeting - Value | Android | MENA | Static,10155,120,43.18,15
2025-10-10,Facebook Ads,FB-100216,UA - Lookalike - 5% | iOS | MENA | Video,16480,475,213.75,82
2025-10-10,Facebook Ads,FB-100217,UA - Lookalike - 5% | Android | EU | Video,10020,494,166.87,46
2025-10-10,Facebook Ads,FB-100218,UA - Lookalike - 1% | Android | EU | UGC,20792,434,112.23,60
2025-10-10,Facebook Ads,FB-100219,UA - Lookalike - 5% | iOS | APAC | UGC,27001,702,314.22,83
2025-10-10,Facebook Ads,FB-100220,UA - Retargeting - Value | Android | APAC | Playables,8326,263,129.82,48
2025-10-10,Facebook Ads,FB-100221,UA - Retargeting - Value | iOS | EU | Playables,10963,119,51.84,19
2025-10-10,Facebook Ads,FB-100222,UA - Lookalike - 1% | Android | LATAM | UGC,29132,939,375.13,80
2025-10-10,Facebook Ads,FB-100223,UA - Lookalike - 1% | iOS | US | Carousel,25874,1126,298.39,131
2025-10-10,Facebook Ads,FB-100224,UA - Lookalike - 5% | iOS | EU | UGC,19845,624,172.41,69
2025-10-10,Facebook Ads,FB-100225,UA - Lookalike - 5% | iOS | LATAM | Playables,23158,739,354.42,146
2025-10-10,Facebook Ads,FB-100226,UA - Retargeting - Value | iOS | LATAM | Static,9160,149,80.19,17
2025-10-10,Facebook Ads,FB-100227,UA - Prospecting - Broad | iOS | EU | UGC,13739,447,115.64,11
2025-10-10,Facebook Ads,FB-100228,UA - Lookalike - 5% | iOS | APAC | UGC,17981,848,381.43,124
2025-10-10,Facebook Ads,FB-100229,UA - Retargeting - Value | Android | APAC | Video,13435,306,137.42,42
2025-10-10,Facebook Ads,FB-100230,UA - Prospecting - Broad | iOS | US | UGC,15618,476,207.44,85
2025-10-10,Facebook Ads,FB-100231,UA - Lookalike - 5% | iOS | US | Static,11718,364,109.64,67
2025-10-10,Facebook Ads,FB-100232,UA - Lookalike - 1% | Android | US | UGC,14655,624,148.45,86
2025-10-10,Facebook Ads,FB-100233,UA - Prospecting - Broad | iOS | MENA | UGC,11510,197,83.45,19
2025-10-10,Facebook Ads,FB-100234,UA - Lookalike - 1% | iOS | MENA | UGC,16235,391,140.21,24
2025-10-10,Facebook Ads,FB-100235,UA - Prospecting - Broad | iOS | MENA | Video,14648,422,201.67,62
2025-10-10,Facebook Ads,FB-100236,UA - Prospecting - Broad | Android | LATAM | Static,16686,383,163.85,43
2025-10-10,Facebook Ads,FB-100237,UA - Lookalike - 5% | iOS | US | Video,20510,1014,285.34,61
2025-10-10,Facebook Ads,FB-100238,UA - Prospecting - Broad | Android | LATAM | Video,14684,456,174.47,63
2025-10-10,Facebook Ads,FB-100239,UA - Lookalike - 1% | iOS | US | Carousel,24378,545,290.81,47
2025-10-10,Facebook Ads,FB-100240,UA - Retargeting - Value | iOS | APAC | Static,6359,216,111.46,38
2025-10-10,Facebook Ads,FB-100241,UA - Retargeting - Value | iOS | MENA | Static,6713,43,16.97,7
2025-10-10,Facebook Ads,FB-100242,UA - Lookalike - 5% | Android | US | Playables,23008,893,354.61,157
2025-10-10,Facebook Ads,FB-100243,UA - Retargeting - Value | Android | APAC | Playables,9302,314,79.63,72
2025-10-10,Facebook Ads,FB-100244,UA - Lookalike - 5% | Android | APAC | Carousel,19715,734,283.47,46
2025-10-10,Facebook Ads,FB-100245,UA - Lookalike - 1% | iOS | US | UGC,14913,554,217.33,29
2025-10-10,Facebook Ads,FB-100246,UA - Lookalike - 1% | Android | US | UGC,13148,535,159.64,75
2025-10-10,Facebook Ads,FB-100247,UA - Lookalike - 5% | iOS | APAC | Carousel,21842,622,135.78,33
2025-10-10,Facebook Ads,FB-100248,UA - Lookalike - 5% | iOS | EU | UGC,34989,1534,627.87,99
2025-10-10,Facebook Ads,FB-100249,UA - Lookalike - 1% | Android | EU | UGC,12578,333,101.43,57
2025-10-10,Facebook Ads,FB-100250,UA - Lookalike - 5% | iOS | LATAM | Video,18493,373,111.97,31
2025-10-10,Facebook Ads,FB-100251,UA - Prospecting - Broad | iOS | US | Playables,14400,255,112.17,17
2025-10-10,Facebook Ads,FB-100252,UA - Lookalike - 1% | iOS | LATAM | Static,13796,517,191.5,46
2025-10-10,Facebook Ads,FB-100253,UA - Lookalike - 1% | Android | EU | Playables,24754,677,329.7,104
2025-10-10,Facebook Ads,FB-100254,UA - Lookalike - 1% | Android | US | Video,15920,331,81.92,50
2025-10-10,Facebook Ads,FB-100255,UA - Lookalike - 1% | iOS | US | Playables,18537,561,182.21,33
2025-10-10,Facebook Ads,FB-100256,UA - Lookalike - 1% | Android | US | Carousel,24594,548,256.46,85
2025-10-10,Facebook Ads,FB-100257,UA - Retargeting - Value | iOS | EU | Static,6988,221,99.54,48
2025-10-10,Facebook Ads,FB-100258,UA - Lookalike - 1% | iOS | MENA | Playables,24693,586,150.43,73
2025-10-10,Facebook Ads,FB-100259,UA - Lookalike - 1% | Android | LATAM | UGC,21665,604,178.78,51
2025-10-10,Facebook Ads,FB-100260,UA - Prospecting - Broad | iOS | US | UGC,15838,366,104.24,54
2025-10-10,Facebook Ads,FB-100261,UA - Lookalike - 1% | Android | EU | UGC,25942,535,173.07,99
2025-10-10,Facebook Ads,FB-100262,UA - Lookalike - 1% | Android | APAC | Video,27509,1050,461.58,216
2025-10-10,Facebook Ads,FB-100263,UA - Lookalike - 1% | Android | APAC | Carousel,13345,610,263.21,83
2025-10-10,Facebook Ads,FB-100264,UA - Retargeting - Value | iOS | LATAM | Video,7549,91,50.0,11
2025-10-10,Facebook Ads,FB-100265,UA - Lookalike - 1% | iOS | US | Playables,31061,736,242.73,46
2025-10-10,Facebook Ads,FB-100266,UA - Lookalike - 1% | Android | US | UGC,16798,389,122.57,74
2025-10-10,Facebook Ads,FB-100267,UA - Prospecting - Broad | iOS | US | Static,15180,320,170.91,38
2025-10-10,Facebook Ads,FB-100268,UA - Prospecting - Broad | Android | LATAM | UGC,20068,693,178.59,88
2025-10-10,Facebook Ads,FB-100269,UA - Retargeting - Value | Android | EU | Playables,18408,354,107.69,46
2025-10-10,Facebook Ads,FB-100270,UA - Lookalike - 5% | iOS | APAC | Carousel,36395,1109,392.36,153
2025-10-10,Facebook Ads,FB-100271,UA - Lookalike - 5% | Android | APAC | Video,12834,409,104.13,75
2025-10-10,Facebook Ads,FB-100272,UA - Lookalike - 1% | iOS | LATAM | Video,26595,717,161.68,25
2025-10-10,Facebook Ads,FB-100273,UA - Retargeting - Value | Android | APAC | UGC,7122,92,30.71,8
2025-10-10,Facebook Ads,FB-100274,UA - Lookalike - 1% | iOS | US | Carousel,17027,450,149.04,89
2025-10-10,Facebook Ads,FB-100275,UA - Retargeting - Value | Android | APAC | Carousel,10804,255,118.42,36
2025-10-10,Facebook Ads,FB-100276,UA - Retargeting - Value | Android | APAC | Video,10889,63,29.55,11
2025-10-10,Facebook Ads,FB-100277,UA - Retargeting - Value | Android | US | Carousel,29495,973,410.7,117
2025-10-10,Facebook Ads,FB-100278,UA - Prospecting - Broad | Android | MENA | Static,19122,294,117.51,46
2025-10-10,Facebook Ads,FB-100279,UA - Retargeting - Value | Android | MENA | Static,10153,213,93.0,20
2025-10-10,Facebook Ads,FB-100280,UA - Prospecting - Broad | iOS | EU | Playables,14915,229,94.76,22
2025-10-10,Facebook Ads,FB-100281,UA - Lookalike - 1% | iOS | EU | Static,19231,834,216.42,72
2025-10-10,Facebook Ads,FB-100282,UA - Retargeting - Value | Android | US | Video,12304,194,82.02,35
2025-10-10,Facebook Ads,FB-100283,UA - Lookalike - 1% | Android | LATAM | Static,17364,510,85.68,68
2025-10-10,Facebook Ads,FB-100284,UA - Prospecting - Broad | Android | EU | Carousel,33618,722,244.32,52
2025-10-10,Facebook Ads,FB-100285,UA - Prospecting - Broad | Android | APAC | Playables,18894,336,71.0,59
2025-10-10,Facebook Ads,FB-100286,UA - Lookalike - 1% | Android | APAC | UGC,26981,654,121.64,122
2025-10-10,Facebook Ads,FB-100287,UA - Retargeting - Value | Android | APAC | Playables,14773,197,73.34,21
2025-10-10,Facebook Ads,FB-100288,UA - Lookalike - 5% | Android | MENA | Carousel,22586,1016,290.98,103
2025-10-10,Facebook Ads,FB-100289,UA - Lookalike - 5% | Android | US | UGC,19683,526,152.8,102
2025-10-10,Facebook Ads,FB-100290,UA - Lookalike - 5% | iOS | US | UGC,23911,581,176.8,107
2025-10-10,Facebook Ads,FB-100291,UA - Retargeting - Value | Android | US | Carousel,15298,495,247.15,45
2025-10-10,Facebook Ads,FB-100292,UA - Lookalike - 1% | Android | EU | Carousel,29497,922,190.67,151
2025-10-10,Facebook Ads,FB-100293,UA - Lookalike - 1% | iOS | MENA | Playables,9720,259,61.95,25
2025-10-10,Facebook Ads,FB-100294,UA - Lookalike - 5% | iOS | MENA | Playables,7467,301,84.61,26
2025-10-10,Facebook Ads,FB-100295,UA - Retargeting - Value | Android | US | Playables,9088,149,50.57,16
2025-10-10,Facebook Ads,FB-100296,UA - Lookalike - 5% | iOS | APAC | Static,9920,249,81.92,44
2025-10-10,Facebook Ads,FB-100297,UA - Lookalike - 5% | iOS | APAC | UGC,12824,565,263.01,41
2025-10-10,Facebook Ads,FB-100298,UA - Lookalike - 1% | Android | LATAM | UGC,13749,363,95.76,21
2025-10-10,Facebook Ads,FB-100299,UA - Lookalike - 5% | iOS | LATAM | Static,17269,479,169.28,33
2025-10-10,Facebook Ads,FB-100300,UA - Prospecting - Broad | Android | US | Video,11840,351,135.45,47
2025-10-10,Facebook Ads,FB-100301,UA - Retargeting - Value | iOS | US | Carousel,9473,209,118.67,33
2025-10-10,Facebook Ads,FB-100302,UA - Lookalike - 1% | Android | MENA | Playables,9829,380,152.04,69
2025-10-10,Facebook Ads,FB-100303,UA - Lookalike - 5% | Android | APAC | Carousel,34567,1144,325.7,242
2025-10-10,Facebook Ads,FB-100304,UA - Lookalike - 1% | Android | LATAM | Playables,14641,482,93.7,94
2025-10-10,Facebook Ads,FB-100305,UA - Retargeting - Value | iOS | US | Playables,10752,288,160.1,56
2025-10-10,Facebook Ads,FB-100306,UA - Prospecting - Broad | Android | APAC | Static,27629,416,64.98,55
2025-10-10,Facebook Ads,FB-100307,UA - Prospecting - Broad | iOS | MENA | Carousel,10760,482,161.95,58
2025-10-10,Facebook Ads,FB-100308,UA - Lookalike - 5% | iOS | MENA | Static,18763,425,117.13,42
2025-10-10,Facebook Ads,FB-100309,UA - Prospecting - Broad | Android | MENA | Carousel,11470,203,65.02,33
2025-10-10,Facebook Ads,FB-100310,UA - Lookalike - 1% | Android | LATAM | Carousel,22234,999,351.65,210
2025-10-10,Facebook Ads,FB-100311,UA - Retargeting - Value | iOS | US | Static,16400,104,36.68,21
2025-10-10,Facebook Ads,FB-100312,UA - Prospecting - Broad | iOS | US | Static,29450,1245,470.11,236
2025-10-10,Facebook Ads,FB-100313,UA - Lookalike - 5% | Android | MENA | Static,27802,1053,423.62,158
2025-10-10,Facebook Ads,FB-100314,UA - Retargeting - Value | iOS | APAC | Carousel,17483,215,93.25,49
2025-10-10,Facebook Ads,FB-100315,UA - Prospecting - Broad | iOS | LATAM | Carousel,11341,375,147.64,51
2025-10-10,Facebook Ads,FB-100316,UA - Prospecting - Broad | Android | EU | Static,19256,299,116.85,52
2025-10-10,Facebook Ads,FB-100317,UA - Lookalike - 5% | Android | LATAM | UGC,16409,703,164.01,84
2025-10-10,Facebook Ads,FB-100318,UA - Lookalike - 5% | iOS | MENA | UGC,14102,658,185.56,64
2025-10-10,Facebook Ads,FB-100319,UA - Prospecting - Broad | iOS | EU | Playables,13751,433,142.93,56
2025-10-10,Facebook Ads,FB-100320,UA - Lookalike - 1% | iOS | APAC | Video,28002,687,165.77,46
2025-10-10,Facebook Ads,FB-100321,UA - Prospecting - Broad | iOS | MENA | Carousel,12173,183,89.36,15
2025-10-10,Facebook Ads,FB-100322,UA - Prospecting - Broad | Android | APAC | Playables,10545,444,128.89,77
2025-10-10,Facebook Ads,FB-100323,UA - Retargeting - Value | Android | EU | Carousel,12733,124,71.82,18
2025-10-10,Facebook Ads,FB-100324,UA - Lookalike - 1% | Android | LATAM | Carousel,8904,327,62.72,55
2025-10-10,Facebook Ads,FB-100325,UA - Lookalike - 5% | Android | US | UGC,9370,206,52.12,32
2025-10-10,Facebook Ads,FB-100326,UA - Retargeting - Value | Android | EU | UGC,15941,502,159.74,96
2025-10-10,Facebook Ads,FB-100327,UA - Prospecting - Broad | iOS | US | UGC,12461,207,59.68,12
2025-10-10,Facebook Ads,FB-100328,UA - Prospecting - Broad | iOS | US | UGC,28170,591,308.03,68
2025-10-10,Facebook Ads,FB-100329,UA - Lookalike - 5% | iOS | MENA | UGC,10529,238,49.69,43
2025-10-10,Facebook Ads,FB-100330,UA - Lookalike - 5% | iOS | LATAM | Video,17221,512,249.19,82
2025-10-10,Facebook Ads,FB-100331,UA - Lookalike - 5% | Android | LATAM | Static,13642,429,70.27,85
2025-10-10,Facebook Ads,FB-100332,UA - Prospecting - Broad | iOS | US | UGC,13070,444,161.97,81
2025-10-10,Facebook Ads,FB-100333,UA - Lookalike - 5% | Android | APAC | Playables,22322,691,252.77,128
2025-10-10,Facebook Ads,FB-100334,UA - Lookalike - 1% | Android | APAC | Carousel,23073,703,308.12,45
2025-10-10,Facebook Ads,FB-100335,UA - Prospecting - Broad | Android | LATAM | Static,14387,352,63.54,54
2025-10-10,Facebook Ads,FB-100336,UA - Retargeting - Value | Android | MENA | Playables,12238,205,76.98,46
2025-10-10,Facebook Ads,FB-100337,UA - Retargeting - Value | iOS | LATAM | Static,11442,384,213.81,44
2025-10-10,Facebook Ads,FB-100338,UA - Retargeting - Value | Android | EU | Carousel,16465,351,159.07,81
2025-10-10,Facebook Ads,FB-100339,UA - Prospecting - Broad | Android | MENA | Static,14171,246,48.68,12
2025-10-10,Facebook Ads,FB-100340,UA - Lookalike - 5% | Android | APAC | UGC,35301,1027,328.33,224
2025-10-10,Facebook Ads,FB-100341,UA - Lookalike - 5% | iOS | LATAM | Static,13735,386,101.44,15
2025-10-10,Facebook Ads,FB-100342,UA - Lookalike - 1% | Android | APAC | UGC,8792,215,53.94,34
2025-10-10,Facebook Ads,FB-100343,UA - Lookalike - 1% | iOS | MENA | Video,13868,345,95.57,56
2025-10-10,Facebook Ads,FB-100344,UA - Lookalike - 5% | Android | LATAM | UGC,23196,525,98.23,86
2025-10-10,Facebook Ads,FB-100345,UA - Lookalike - 1% | Android | US | Carousel,12293,275,67.1,25
2025-10-10,Facebook Ads,FB-100346,UA - Lookalike - 5% | Android | US | Playables,15532,444,205.26,60
2025-10-10,Facebook Ads,FB-100347,UA - Prospecting - Broad | iOS | MENA | Playables,24095,785,255.83,18
2025-10-10,Facebook Ads,FB-100348,UA - Lookalike - 1% | iOS | MENA | Static,16264,374,79.7,17
2025-10-10,Facebook Ads,FB-100349,UA - Prospecting - Broad | iOS | MENA | Static,18457,692,155.49,99
2025-10-11,Facebook Ads,FB-100000,UA - Retargeting - Value | Android | US | Carousel,14729,101,30.39,9
2025-10-11,Facebook Ads,FB-100001,UA - Prospecting - Broad | Android | EU | Video,16708,297,109.71,15
2025-10-11,Facebook Ads,FB-100002,UA - Prospecting - Broad | iOS | US | Video,17587,705,317.46,60
2025-10-11,Facebook Ads,FB-100003,UA - Prospecting - Broad | Android | EU | Playables,32421,1033,421.67,183
2025-10-11,Facebook Ads,FB-100004,UA - Retargeting - Value | Android | MENA | UGC,16288,343,115.45,68
2025-10-11,Facebook Ads,FB-100005,UA - Prospecting - Broad | iOS | MENA | Carousel,8508,334,109.35,55
2025-10-11,Facebook Ads,FB-100006,UA - Lookalike - 1% | Android | APAC | Carousel,18467,761,156.84,110
2025-10-11,Facebook Ads,FB-100007,UA - Prospecting - Broad | Android | EU | Carousel,11374,375,117.49,41
2025-10-11,Facebook Ads,FB-100008,UA - Lookalike - 1% | Android | APAC | Video,17282,470,95.03,99
2025-10-11,Facebook Ads,FB-100009,UA - Prospecting - Broad | iOS | MENA | Carousel,22376,425,174.12,24
2025-10-11,Facebook Ads,FB-100010,UA - Lookalike - 5% | iOS | MENA | Video,31233,1535,561.96,278
2025-10-11,Facebook Ads,FB-100011,UA - Lookalike - 1% | Android | MENA | Carousel,19017,650,185.71,40
2025-10-11,Facebook Ads,FB-100012,UA - Retargeting - Value | Android | US | Video,15583,366,133.0,81
2025-10-11,Facebook Ads,FB-100013,UA - Prospecting - Broad | iOS | US | Static,19792,835,317.55,60
2025-10-11,Facebook Ads,FB-100014,UA - Lookalike - 1% | iOS | LATAM | UGC,13871,590,185.2,24
2025-10-11,Facebook Ads,FB-100015,UA - Retargeting - Value | Android | LATAM | Carousel,11624,282,146.1,55
2025-10-11,Facebook Ads,FB-100016,UA - Retargeting - Value | iOS | US | Playables,7797,237,101.63,20
2025-10-11,Facebook Ads,FB-100017,UA - Lookalike - 5% | Android | EU | UGC,20467,1004,477.7,143
2025-10-11,Facebook Ads,FB-100018,UA - Lookalike - 1% | iOS | MENA | Static,13036,643,289.03,104
2025-10-11,Facebook Ads,FB-100019,UA - Lookalike - 1% | Android | EU | Video,31711,1466,468.83,108
2025-10-11,Facebook Ads,FB-100020,UA - Retargeting - Value | iOS | LATAM | Video,9436,318,101.7,72
2025-10-11,Facebook Ads,FB-100021,UA - Lookalike - 5% | iOS | EU | UGC,31121,971,383.25,124
2025-10-11,Facebook Ads,FB-100022,UA - Retargeting - Value | iOS | EU | Carousel,9728,202,98.98,42
2025-10-11,Facebook Ads,FB-100023,UA - Lookalike - 1% | Android | MENA | Playables,12747,365,118.59,35
2025-10-11,Facebook Ads,FB-100024,UA - Lookalike - 1% | iOS | MENA | UGC,15905,570,177.95,22
2025-10-11,Facebook Ads,FB-100025,UA - Lookalike - 5% | Android | EU | Playables,19605,535,157.08,79
2025-10-11,Facebook Ads,FB-100026,UA - Retargeting - Value | Android | US | Video,8485,85,28.15,19
2025-10-11,Facebook Ads,FB-100027,UA - Prospecting - Broad | Android | APAC | Playables,21478,384,128.45,41
2025-10-11,Facebook Ads,FB-100028,UA - Lookalike - 5% | iOS | APAC | Playables,18662,600,218.64,103
2025-10-11,Facebook Ads,FB-100029,UA - Prospecting - Broad | iOS | MENA | Video,8312,174,83.05,24
2025-10-11,Facebook Ads,FB-100030,UA - Lookalike - 1% | iOS | LATAM | Video,20056,432,111.72,26
2025-10-11,Facebook Ads,FB-100031,UA - Prospecting - Broad | iOS | EU | UGC,22671,810,283.9,111
2025-10-11,Facebook Ads,FB-100032,UA - Prospecting - Broad | iOS | MENA | Static,15606,369,90.77,32
2025-10-11,Facebook Ads,FB-100033,UA - Retargeting - Value | iOS | MENA | Playables,13207,192,91.51,18
2025-10-11,Facebook Ads,FB-100034,UA - Prospecting - Broad | Android | LATAM | Static,18012,550,103.73,101
2025-10-11,Facebook Ads,FB-100035,UA - Prospecting - Broad | iOS | APAC | Video,31989,1313,493.82,67
2025-10-11,Facebook Ads,FB-100036,UA - Prospecting - Broad | iOS | LATAM | Static,38973,1448,618.73,238
2025-10-11,Facebook Ads,FB-100037,UA - Prospecting - Broad | Android | MENA | Video,20984,446,143.97,32
2025-10-11,Facebook Ads,FB-100038,UA - Retargeting - Value | iOS | US | Playables,13410,153,64.72,26
2025-10-11,Facebook Ads,FB-100039,UA - Retargeting - Value | Android | APAC | Playables,12007,180,56.7,21
2025-10-11,Facebook Ads,FB-100040,UA - Lookalike - 5% | iOS | MENA | Playables,9963,251,94.15,25
2025-10-11,Facebook Ads,FB-100041,UA - Lookalike - 1% | Android | MENA | Static,24643,1091,474.8,100
2025-10-11,Facebook Ads,FB-100042,UA - Lookalike - 5% | iOS | LATAM | UGC,30480,862,320.58,119
2025-10-11,Facebook Ads,FB-100043,UA - Prospecting - Broad | Android | EU | Static,12493,320,144.16,17
2025-10-11,Facebook Ads,FB-100044,UA - Retargeting - Value | iOS | US | Playables,6679,146,54.01,22
2025-10-11,Facebook Ads,FB-100045,UA - Prospecting - Broad | Android | US | Video,25885,579,226.91,29
2025-10-11,Facebook Ads,FB-100046,UA - Lookalike - 1% | Android | US | Video,6720,178,57.19,26
2025-10-11,Facebook Ads,FB-100047,UA - Lookalike - 1% | Android | MENA | Static,23871,1188,274.67,213
2025-10-11,Facebook Ads,FB-100048,UA - Retargeting - Value | iOS | EU | Playables,12777,328,205.92,30
2025-10-11,Facebook Ads,FB-100049,UA - Lookalike - 5% | iOS | EU | UGC,27828,839,272.68,66
2025-10-11,Facebook Ads,FB-100050,UA - Lookalike - 5% | Android | US | Video,12393,358,107.97,22
2025-10-11,Facebook Ads,FB-100051,UA - Lookalike - 5% | iOS | APAC | UGC,18146,590,152.81,80
2025-10-11,Facebook Ads,FB-100052,UA - Lookalike - 5% | Android | US | Video,16306,486,206.4,44
2025-10-11,Facebook Ads,FB-100053,UA - Retargeting - Value | iOS | US | Static,8374,225,88.67,37
2025-10-11,Facebook Ads,FB-100054,UA - Retargeting - Value | Android | MENA | UGC,17669,436,163.33,65
2025-10-11,Facebook Ads,FB-100055,UA - Lookalike - 5% | iOS | EU | Carousel,13445,427,206.88,60
2025-10-11,Facebook Ads,FB-100056,UA - Prospecting - Broad | Android | US | UGC,14172,268,58.34,42
2025-10-11,Facebook Ads,FB-100057,UA - Prospecting - Broad | Android | MENA | Video,18079,419,139.99,74
2025-10-11,Facebook Ads,FB-100058,UA - Lookalike - 5% | Android | EU | UGC,26070,736,193.13,53
2025-10-11,Facebook Ads,FB-100059,UA - Prospecting - Broad | iOS | EU | UGC,13132,430,145.94,65
2025-10-11,Facebook Ads,FB-100060,UA - Lookalike - 5% | Android | APAC | Video,26298,1181,235.37,228
2025-10-11,Facebook Ads,FB-100061,UA - Lookalike - 5% | iOS | APAC | Carousel,25590,1138,431.76,123
2025-10-11,Facebook Ads,FB-100062,UA - Lookalike - 1% | iOS | EU | Static,14564,385,191.04,28
2025-10-11,Facebook Ads,FB-100063,UA - Prospecting - Broad | Android | US | Playables,14496,296,95.93,57
2025-10-11,Facebook Ads,FB-100064,UA - Lookalike - 5% | iOS | US | Video,7298,151,68.64,18
2025-10-11,Facebook Ads,FB-100065,UA - Prospecting - Broad | Android | US | Playables,31722,575,182.22,39
2025-10-11,Facebook Ads,FB-100066,UA - Prospecting - Broad | Android | US | Playables,18791,621,260.45,28
2025-10-11,Facebook Ads,FB-100067,UA - Retargeting - Value | Android | APAC | Video,9715,331,104.13,81
2025-10-11,Facebook Ads,FB-100068,UA - Lookalike - 5% | Android | MENA | Video,25931,1136,266.28,216
2025-10-11,Facebook Ads,FB-100069,UA - Lookalike - 1% | iOS | LATAM | Static,16538,361,79.89,37
2025-10-11,Facebook Ads,FB-100070,UA - Retargeting - Value | Android | LATAM | UGC,14329,243,131.85,45
2025-10-11,Facebook Ads,FB-100071,UA - Prospecting - Broad | iOS | APAC | Carousel,14910,234,106.35,30
2025-10-11,Facebook Ads,FB-100072,UA - Prospecting - Broad | Android | APAC | Playables,9412,258,70.98,15
2025-10-11,Facebook Ads,FB-100073,UA - Lookalike - 1% | Android | MENA | Static,17524,388,130.48,22
2025-10-11,Facebook Ads,FB-100074,UA - Retargeting - Value | Android | LATAM | Video,14297,390,135.99,71
2025-10-11,Facebook Ads,FB-100075,UA - Lookalike - 5% | iOS | LATAM | Static,26413,684,224.08,101
2025-10-11,Facebook Ads,FB-100076,UA - Prospecting - Broad | iOS | MENA | Playables,25022,529,192.08,15
2025-10-11,Facebook Ads,FB-100077,UA - Lookalike - 1% | iOS | US | Static,14965,696,339.09,34
2025-10-11,Facebook Ads,FB-100078,UA - Retargeting - Value | Android | US | Playables,9042,266,159.31,37
2025-10-11,Facebook Ads,FB-100079,UA - Retargeting - Value | iOS | LATAM | Playables,5481,180,84.01,32
2025-10-11,Facebook Ads,FB-100080,UA - Lookalike - 5% | iOS | EU | Carousel,11039,325,169.84,61
2025-10-11,Facebook Ads,FB-100081,UA - Lookalike - 5% | iOS | US | Video,20192,668,337.14,61
2025-10-11,Facebook Ads,FB-100082,UA - Lookalike - 1% | iOS | US | Video,26596,1301,339.95,179
2025-10-11,Facebook Ads,FB-100083,UA - Lookalike - 5% | Android | LATAM | Static,24035,753,289.68,165
2025-10-11,Facebook Ads,FB-100084,UA - Prospecting - Broad | iOS | MENA | Video,15829,574,128.98,44
2025-10-11,Facebook Ads,FB-100085,UA - Prospecting - Broad | Android | EU | Playables,20037,881,225.27,45
2025-10-11,Facebook Ads,FB-100086,UA - Retargeting - Value | iOS | MENA | Playables,14095,347,181.1,76
2025-10-11,Facebook Ads,FB-100087,UA - Lookalike - 1% | iOS | EU | Video,17780,740,199.43,111
2025-10-11,Facebook Ads,FB-100088,UA - Retargeting - Value | iOS | US | Carousel,5248,82,38.3,9
2025-10-11,Facebook Ads,FB-100089,UA - Lookalike - 5% | Android | US | Carousel,17911,389,120.9,58
2025-10-11,Facebook Ads,FB-100090,UA - Retargeting - Value | Android | EU | Static,9354,159,65.14,35
2025-10-11,Facebook Ads,FB-100091,UA - Lookalike - 1% | iOS | US | Static,27174,908,424.31,97
2025-10-11,Facebook Ads,FB-100092,UA - Retargeting - Value | iOS | EU | Carousel,10613,174,61.32,12
2025-10-11,Facebook Ads,FB-100093,UA - Lookalike - 5% | Android | APAC | Video,20712,986,180.83,86
2025-10-11,Facebook Ads,FB-100094,UA - Lookalike - 1% | Android | EU | UGC,38879,1081,471.53,148
2025-10-11,Facebook Ads,FB-100095,UA - Prospecting - Broad | iOS | EU | Static,13686,602,327.55,54
2025-10-11,Facebook Ads,FB-100096,UA - Lookalike - 1% | Android | APAC | Carousel,35433,1225,380.85,62
2025-10-11,Facebook Ads,FB-100097,UA - Lookalike - 5% | Android | LATAM | Carousel,17854,422,173.48,68
2025-10-11,Facebook Ads,FB-100098,UA - Lookalike - 1% | iOS | US | Video,19543,398,132.65,34
2025-10-11,Facebook Ads,FB-100099,UA - Prospecting - Broad | Android | MENA | Carousel,21572,706,168.8,28
2025-10-11,Facebook Ads,FB-100100,UA - Lookalike - 1% | Android | MENA | UGC,10840,291,121.35,19
2025-10-11,Facebook Ads,FB-100101,UA - Prospecting - Broad | iOS | APAC | Playables,19510,776,375.35,56
2025-10-11,Facebook Ads,FB-100102,UA - Lookalike - 1% | iOS | MENA | Static,25642,921,220.49,156
2025-10-11,Facebook Ads,FB-100103,UA - Retargeting - Value | Android | APAC | Video,20219,525,235.99,132
2025-10-11,Facebook Ads,FB-100104,UA - Lookalike - 1% | iOS | APAC | Video,16381,782,160.47,33
2025-10-11,Facebook Ads,FB-100105,UA - Lookalike - 1% | iOS | US | Carousel,17592,809,431.2,57
2025-10-11,Facebook Ads,FB-100106,UA - Lookalike - 1% | iOS | LATAM | UGC,19606,925,443.07,69
2025-10-11,Facebook Ads,FB-100107,UA - Lookalike - 5% | Android | EU | UGC,13175,553,214.9,79
2025-10-11,Facebook Ads,FB-100108,UA - Lookalike - 1% | Android | MENA | Playables,24738,780,293.9,104
2025-10-11,Facebook Ads,FB-100109,UA - Lookalike - 1% | iOS | MENA | Video,15947,641,171.92,80
2025-10-11,Facebook Ads,FB-100110,UA - Lookalike - 1% | iOS | EU | UGC,22166,1045,400.65,196
2025-10-11,Facebook Ads,FB-100111,UA - Retargeting - Value | iOS | APAC | UGC,7335,163,64.5,20
2025-10-11,Facebook Ads,FB-100112,UA - Lookalike - 1% | iOS | EU | Video,12985,531,136.1,84
2025-10-11,Facebook Ads,FB-100113,UA - Lookalike - 1% | iOS | US | Static,24747,806,434.76,101
2025-10-11,Facebook Ads,FB-100114,UA - Prospecting - Broad | Android | EU | Static,9644,268,83.94,43
2025-10-11,Facebook Ads,FB-100115,UA - Prospecting - Broad | Android | EU | UGC,16648,475,133.95,54
2025-10-11,Facebook Ads,FB-100116,UA - Retargeting - Value | iOS | APAC | Playables,5707,100,46.8,12
2025-10-11,Facebook Ads,FB-100117,UA - Retargeting - Value | iOS | APAC | UGC,17084,410,185.98,42
2025-10-11,Facebook Ads,FB-100118,UA - Lookalike - 5% | Android | US | Video,15153,425,143.61,81
2025-10-11,Facebook Ads,FB-100119,UA - Lookalike - 5% | Android | EU | Playables,15739,697,250.57,114
2025-10-11,Facebook Ads,FB-100120,UA - Prospecting - Broad | Android | MENA | Static,19848,754,175.08,88
2025-10-11,Facebook Ads,FB-100121,UA - Lookalike - 1% | iOS | EU | UGC,26796,734,375.73,96
2025-10-11,Facebook Ads,FB-100122,UA - Lookalike - 5% | iOS | MENA | Playables,23180,483,121.81,55
2025-10-11,Facebook Ads,FB-100123,UA - Lookalike - 5% | iOS | EU | UGC,12156,377,101.19,75
2025-10-11,Facebook Ads,FB-100124,UA - Lookalike - 5% | iOS | EU | Carousel,13898,427,226.01,74
2025-10-11,Facebook Ads,FB-100125,UA - Prospecting - Broad | Android | LATAM | UGC,26939,828,180.42,72
2025-10-11,Facebook Ads,FB-100126,UA - Lookalike - 1% | iOS | EU | Carousel,23867,919,254.75,52
2025-10-11,Facebook Ads,FB-100127,UA - Retargeting - Value | iOS | MENA | Video,21977,656,201.98,55
2025-10-11,Facebook Ads,FB-100128,UA - Retargeting - Value | Android | EU | UGC,18598,422,240.54,65
2025-10-11,Facebook Ads,FB-100129,UA - Lookalike - 5% | Android | US | UGC,28439,906,449.29,171
2025-10-11,Facebook Ads,FB-100130,UA - Lookalike - 5% | iOS | MENA | UGC,18268,390,140.2,73
2025-10-11,Facebook Ads,FB-100131,UA - Lookalike - 5% | Android | EU | UGC,24256,554,208.03,37
2025-10-11,Facebook Ads,FB-100132,UA - Lookalike - 5% | Android | MENA | UGC,21289,479,80.71,28
2025-10-11,Facebook Ads,FB-100133,UA - Lookalike - 5% | Android | LATAM | Carousel,31712,1043,274.31,84
2025-10-11,Facebook Ads,FB-100134,UA - Retargeting - Value | iOS | MENA | Playables,10903,296,120.24,50
2025-10-11,Facebook Ads,FB-100135,UA - Lookalike - 5% | iOS | EU | Carousel,15789,700,204.96,21
2025-10-11,Facebook Ads,FB-100136,UA - Lookalike - 1% | iOS | US | UGC,20054,450,164.47,61
2025-10-11,Facebook Ads,FB-100137,UA - Retargeting - Value | iOS | EU | UGC,19947,270,125.04,39
2025-10-11,Facebook Ads,FB-100138,UA - Prospecting - Broad | Android | APAC | Playables,17467,757,193.64,117
2025-10-11,Facebook Ads,FB-100139,UA - Lookalike - 5% | Android | APAC | Static,12220,409,122.58,87
2025-10-11,Facebook Ads,FB-100140,UA - Lookalike - 5% | Android | US | Carousel,15052,644,141.74,35
2025-10-11,Facebook Ads,FB-100141,UA - Lookalike - 1% | iOS | EU | UGC,11649,459,180.39,18
2025-10-11,Facebook Ads,FB-100142,UA - Lookalike - 5% | iOS | APAC | Carousel,20634,830,263.28,113
2025-10-11,Facebook Ads,FB-100143,UA - Prospecting - Broad | iOS | US | UGC,20153,801,352.28,43
2025-10-11,Facebook Ads,FB-100144,UA - Prospecting - Broad | Android | LATAM | Static,22765,447,183.58,46
2025-10-11,Facebook Ads,FB-100145,UA - Retargeting - Value | Android | US | Static,15848,254,93.01,44
2025-10-11,Facebook Ads,FB-100146,UA - Retargeting - Value | Android | MENA | Static,13054,432,139.75,99
2025-10-11,Facebook Ads,FB-100147,UA - Retargeting - Value | Android | APAC | Video,13837,303,139.11,72
2025-10-11,Facebook Ads,FB-100148,UA - Retargeting - Value | iOS | LATAM | Carousel,7324,174,96.64,23
2025-10-11,Facebook Ads,FB-100149,UA - Prospecting - Broad | Android | EU | Carousel,21585,670,185.86,82
2025-10-11,Facebook Ads,FB-100150,UA - Lookalike - 5% | Android | LATAM | Playables,18387,911,381.44,187
2025-10-11,Facebook Ads,FB-100151,UA - Retargeting - Value | iOS | EU | Video,12694,317,113.83,43
2025-10-11,Facebook Ads,FB-100152,UA - Prospecting - Broad | Android | LATAM | Playables,20978,813,175.69,155
2025-10-11,Facebook Ads,FB-100153,UA - Lookalike - 5% | Android | LATAM | Playables,28033,795,344.16,69
2025-10-11,Facebook Ads,FB-100154,UA - Lookalike - 1% | iOS | US | Playables,14135,677,247.65,74
2025-10-11,Facebook Ads,FB-100155,UA - Prospecting - Broad | Android | APAC | UGC,23378,763,151.0,66
2025-10-11,Facebook Ads,FB-100156,UA - Retargeting - Value | iOS | LATAM | UGC,14103,335,132.16,78
2025-10-11,Facebook Ads,FB-100157,UA - Lookalike - 1% | iOS | EU | Playables,21887,689,364.21,121
2025-10-11,Facebook Ads,FB-100158,UA - Lookalike - 1% | iOS | APAC | UGC,18889,874,361.22,52
2025-10-11,Facebook Ads,FB-100159,UA - Lookalike - 1% | iOS | EU | Video,9973,383,162.89,25
2025-10-11,Facebook Ads,FB-100160,UA - Lookalike - 5% | iOS | EU | UGC,19993,662,320.94,61
2025-10-11,Facebook Ads,FB-100161,UA - Lookalike - 1% | iOS | US | UGC,20174,943,366.26,186
2025-10-11,Facebook Ads,FB-100162,UA - Lookalike - 1% | Android | APAC | Static,18085,548,163.19,80
2025-10-11,Facebook Ads,FB-100163,UA - Lookalike - 1% | iOS | LATAM | Carousel,13561,482,197.33,18
2025-10-11,Facebook Ads,FB-100164,UA - Prospecting - Broad | Android | MENA | Static,21855,692,278.39,138
2025-10-11,Facebook Ads,FB-100165,UA - Retargeting - Value | Android | APAC | UGC,15657,381,195.91,79
2025-10-11,Facebook Ads,FB-100166,UA - Prospecting - Broad | iOS | APAC | UGC,33565,995,427.65,95
2025-10-11,Facebook Ads,FB-100167,UA - Lookalike - 5% | Android | LATAM | Static,26996,653,267.01,141
2025-10-11,Facebook Ads,FB-100168,UA - Lookalike - 1% | Android | LATAM | Playables,40823,1827,288.85,386
2025-10-11,Facebook Ads,FB-100169,UA - Lookalike - 1% | iOS | MENA | Playables,16907,486,231.04,25
2025-10-11,Facebook Ads,FB-100170,UA - Lookalike - 1% | iOS | MENA | Carousel,24459,645,293.28,93
2025-10-11,Facebook Ads,FB-100171,UA - Lookalike - 1% | iOS | LATAM | Carousel,51114,2461,1002.61,327
2025-10-11,Facebook Ads,FB-100172,UA - Lookalike - 1% | Android | US | Static,20048,602,242.73,92
2025-10-11,Facebook Ads,FB-100173,UA - Retargeting - Value | Android | MENA | Static,13176,118,49.41,18
2025-10-11,Facebook Ads,FB-100174,UA - Lookalike - 1% | Android | APAC | Carousel,23482,653,170.37,128
2025-10-11,Facebook Ads,FB-100175,UA - Retargeting - Value | Android | EU | Carousel,14609,434,256.36,103
2025-10-11,Facebook Ads,FB-100176,UA - Prospecting - Broad | iOS | EU | Carousel,20769,872,405.13,150
2025-10-11,Facebook Ads,FB-100177,UA - Prospecting - Broad | Android | LATAM | Video,22092,962,356.04,132
2025-10-11,Facebook Ads,FB-100178,UA - Prospecting - Broad | iOS | EU | UGC,14948,251,80.97,19
2025-10-11,Facebook Ads,FB-100179,UA - Lookalike - 5% | Android | MENA | Carousel,18008,475,118.32,65
2025-10-11,Facebook Ads,FB-100180,UA - Retargeting - Value | iOS | APAC | Carousel,7728,120,37.8,9
2025-10-11,Facebook Ads,FB-100181,UA - Prospecting - Broad | Android | LATAM | UGC,19019,816,215.75,94
2025-10-11,Facebook Ads,FB-100182,UA - Prospecting - Broad | Android | APAC | UGC,43070,1431,281.05,169
2025-10-11,Facebook Ads,FB-100183,UA - Lookalike - 1% | Android | EU | Static,24216,867,318.71,147
2025-10-11,Facebook Ads,FB-100184,UA - Lookalike - 5% | Android | EU | Video,11610,379,166.61,81
2025-10-11,Facebook Ads,FB-100185,UA - Lookalike - 5% | Android | MENA | UGC,36053,1620,456.19,240
2025-10-11,Facebook Ads,FB-100186,UA - Lookalike - 5% | iOS | LATAM | Playables,12668,269,79.7,9
2025-10-11,Facebook Ads,FB-100187,UA - Prospecting - Broad | iOS | MENA | Playables,19891,450,176.9,14
2025-10-11,Facebook Ads,FB-100188,UA - Lookalike - 1% | Android | EU | Static,15376,746,370.17,110
2025-10-11,Facebook Ads,FB-100189,UA - Retargeting - Value | Android | EU | Static,11699,114,47.89,13
2025-10-11,Facebook Ads,FB-100190,UA - Lookalike - 5% | Android | EU | Video,17546,524,232.81,108
2025-10-11,Facebook Ads,FB-100191,UA - Lookalike - 1% | iOS | MENA | UGC,16994,342,158.18,22
2025-10-11,Facebook Ads,FB-100192,UA - Lookalike - 1% | Android | EU | Carousel,27177,934,294.49,140
2025-10-11,Facebook Ads,FB-100193,UA - Lookalike - 1% | iOS | US | Static,14199,555,273.78,83
2025-10-11,Facebook Ads,FB-100194,UA - Retargeting - Value | Android | APAC | Video,17809,606,152.29,110
2025-10-11,Facebook Ads,FB-100195,UA - Prospecting - Broad | Android | LATAM | Static,15829,672,287.08,41
2025-10-11,Facebook Ads,FB-100196,UA - Lookalike - 1% | Android | EU | Carousel,24462,1013,253.35,133
2025-10-11,Facebook Ads,FB-100197,UA - Lookalike - 1% | iOS | US | UGC,12036,513,146.87,81
2025-10-11,Facebook Ads,FB-100198,UA - Lookalike - 5% | iOS | LATAM | Playables,11810,374,74.91,49
2025-10-11,Facebook Ads,FB-100199,UA - Prospecting - Broad | iOS | US | Playables,17032,280,81.9,46
2025-10-11,Facebook Ads,FB-100200,UA - Lookalike - 1% | iOS | LATAM | Playables,19887,428,180.49,48
2025-10-11,Facebook Ads,FB-100201,UA - Prospecting - Broad | Android | US | Static,30133,536,206.74,105
2025-10-11,Facebook Ads,FB-100202,UA - Retargeting - Value | iOS | MENA | Video,7350,60,24.56,10
2025-10-11,Facebook Ads,FB-100203,UA - Lookalike - 1% | iOS | MENA | UGC,14060,452,95.91,60
2025-10-11,Facebook Ads,FB-100204,UA - Lookalike - 5% | Android | MENA | UGC,18566,381,138.68,28
2025-10-11,Facebook Ads,FB-100205,UA - Lookalike - 5% | Android | APAC | Carousel,25877,1283,338.71,219
2025-10-11,Facebook Ads,FB-100206,UA - Retargeting - Value | iOS | LATAM | Video,10655,81,26.15,9
2025-10-11,Facebook Ads,FB-100207,UA - Lookalike - 1% | iOS | APAC | UGC,15011,463,132.14,66
2025-10-11,Facebook Ads,FB-100208,UA - Lookalike - 5% | iOS | MENA | Video,19927,447,216.08,16
2025-10-11,Facebook Ads,FB-100209,UA - Lookalike - 1% | Android | LATAM | Carousel,12604,565,110.4,29
2025-10-11,Facebook Ads,FB-100210,UA - Prospecting - Broad | Android | APAC | Playables,14509,331,96.19,32
2025-10-11,Facebook Ads,FB-100211,UA - Retargeting - Value | iOS | APAC | Video,10215,118,45.63,18
2025-10-11,Facebook Ads,FB-100212,UA - Lookalike - 5% | iOS | MENA | UGC,19901,638,236.7,107
2025-10-11,Facebook Ads,FB-100213,UA - Retargeting - Value | Android | EU | Carousel,16403,536,319.19,83
2025-10-11,Facebook Ads,FB-100214,UA - Prospecting - Broad | iOS | APAC | UGC,20520,887,430.11,122
2025-10-11,Facebook Ads,FB-100215,UA - Retargeting - Value | Android | MENA | Static,13040,369,107.97,57
2025-10-11,Facebook Ads,FB-100216,UA - Lookalike - 5% | iOS | MENA | Video,23582,945,271.21,34
2025-10-11,Facebook Ads,FB-100217,UA - Lookalike - 5% | Android | EU | Video,32117,778,283.04,126
2025-10-11,Facebook Ads,FB-100218,UA - Lookalike - 1% | Android | EU | UGC,22949,475,204.11,46
2025-10-11,Facebook Ads,FB-100219,UA - Lookalike - 5% | iOS | APAC | UGC,18113,880,229.59,34
2025-10-11,Facebook Ads,FB-100220,UA - Retargeting - Value | Android | APAC | Playables,10777,265,83.5,50
2025-10-11,Facebook Ads,FB-100221,UA - Retargeting - Value | iOS | EU | Playables,15786,121,44.47,23
2025-10-11,Facebook Ads,FB-100222,UA - Lookalike - 1% | Android | LATAM | UGC,20657,736,270.92,138
2025-10-11,Facebook Ads,FB-100223,UA - Lookalike - 1% | iOS | US | Carousel,27730,698,309.28,133
2025-10-11,Facebook Ads,FB-100224,UA - Lookalike - 5% | iOS | EU | UGC,7950,339,148.31,13
2025-10-11,Facebook Ads,FB-100225,UA - Lookalike - 5% | iOS | LATAM | Playables,14192,377,125.54,38
2025-10-11,Facebook Ads,FB-100226,UA - Retargeting - Value | iOS | LATAM | Static,12135,347,112.67,82
2025-10-11,Facebook Ads,FB-100227,UA - Prospecting - Broad | iOS | EU | UGC,15575,632,322.07,74
2025-10-11,Facebook Ads,FB-100228,UA - Lookalike - 5% | iOS | APAC | UGC,19328,892,422.27,60
2025-10-11,Facebook Ads,FB-100229,UA - Retargeting - Value | Android | APAC | Video,6428,221,100.4,55
2025-10-11,Facebook Ads,FB-100230,UA - Prospecting - Broad | iOS | US | UGC,11865,250,96.1,26
2025-10-11,Facebook Ads,FB-100231,UA - Lookalike - 5% | iOS | US | Static,13641,323,110.63,46
2025-10-11,Facebook Ads,FB-100232,UA - Lookalike - 1% | Android | US | UGC,27563,1177,272.12,221
2025-10-11,Facebook Ads,FB-100233,UA - Prospecting - Broad | iOS | MENA | UGC,11053,330,105.4,56
2025-10-11,Facebook Ads,FB-100234,UA - Lookalike - 1% | iOS | MENA | UGC,14356,521,245.81,74
2025-10-11,Facebook Ads,FB-100235,UA - Prospecting - Broad | iOS | MENA | Video,18613,712,279.1,69
2025-10-11,Facebook Ads,FB-100236,UA - Prospecting - Broad | Android | LATAM | Static,12744,508,154.69,69
2025-10-11,Facebook Ads,FB-100237,UA - Lookalike - 5% | iOS | US | Video,20841,1010,552.37,86
2025-10-11,Facebook Ads,FB-100238,UA - Prospecting - Broad | Android | LATAM | Video,25251,840,242.84,116
2025-10-11,Facebook Ads,FB-100239,UA - Lookalike - 1% | iOS | US | Carousel,13564,326,114.88,36
2025-10-11,Facebook Ads,FB-100240,UA - Retargeting - Value | iOS | APAC | Static,13523,77,42.47,17
2025-10-11,Facebook Ads,FB-100241,UA - Retargeting - Value | iOS | MENA | Static,8455,49,15.76,9
2025-10-11,Facebook Ads,FB-100242,UA - Lookalike - 5% | Android | US | Playables,31824,951,347.5,78
2025-10-11,Facebook Ads,FB-100243,UA - Retargeting - Value | Android | APAC | Playables,8592,287,102.09,45
2025-10-11,Facebook Ads,FB-100244,UA - Lookalike - 5% | Android | APAC | Carousel,13263,387,107.82,23
2025-10-11,Facebook Ads,FB-100245,UA - Lookalike - 1% | iOS | US | UGC,10393,396,130.13,51
2025-10-11,Facebook Ads,FB-100246,UA - Lookalike - 1% | Android | US | UGC,24372,954,474.81,149
2025-10-11,Facebook Ads,FB-100247,UA - Lookalike - 5% | iOS | APAC | Carousel,12559,257,59.24,46
2025-10-11,Facebook Ads,FB-100248,UA - Lookalike - 5% | iOS | EU | UGC,12177,423,127.45,66
2025-10-11,Facebook Ads,FB-100249,UA - Lookalike - 1% | Android | EU | UGC,26978,660,167.84,58
2025-10-11,Facebook Ads,FB-100250,UA - Lookalike - 5% | iOS | LATAM | Video,17097,428,90.99,69
2025-10-11,Facebook Ads,FB-100251,UA - Prospecting - Broad | iOS | US | Playables,15466,608,295.24,105
2025-10-11,Facebook Ads,FB-100252,UA - Lookalike - 1% | iOS | LATAM | Static,20289,551,266.46,85
2025-10-11,Facebook Ads,FB-100253,UA - Lookalike - 1% | Android | EU | Playables,13803,480,208.61,31
2025-10-11,Facebook Ads,FB-100254,UA - Lookalike - 1% | Android | US | Video,15504,729,294.15,149
2025-10-11,Facebook Ads,FB-100255,UA - Lookalike - 1% | iOS | US | Playables,11898,413,129.06,57
2025-10-11,Facebook Ads,FB-100256,UA - Lookalike - 1% | Android | US | Carousel,18925,750,351.68,161
2025-10-11,Facebook Ads,FB-100257,UA - Retargeting - Value | iOS | EU | Static,8567,174,95.68,37
2025-10-11,Facebook Ads,FB-100258,UA - Lookalike - 1% | iOS | MENA | Playables,24507,1171,464.3,223
2025-10-11,Facebook Ads,FB-100259,UA - Lookalike - 1% | Android | LATAM | UGC,13210,349,154.82,66
2025-10-11,Facebook Ads,FB-100260,UA - Prospecting - Broad | iOS | US | UGC,13235,343,134.22,60
2025-10-11,Facebook Ads,FB-100261,UA - Lookalike - 1% | Android | EU | UGC,14203,660,212.92,123
2025-10-11,Facebook Ads,FB-100262,UA - Lookalike - 1% | Android | APAC | Video,15855,663,297.69,110
2025-10-11,Facebook Ads,FB-100263,UA - Lookalike - 1% | Android | APAC | Carousel,38810,1619,391.31,301
2025-10-11,Facebook Ads,FB-100264,UA - Retargeting - Value | iOS | LATAM | Video,8014,79,43.2,6
2025-10-11,Facebook Ads,FB-100265,UA - Lookalike - 1% | iOS | US | Playables,16603,632,195.16,23
2025-10-11,Facebook Ads,FB-100266,UA - Lookalike - 1% | Android | US | UGC,34776,1311,368.26,241
2025-10-11,Facebook Ads,FB-100267,UA - Prospecting - Broad | iOS | US | Static,11161,248,130.84,7
2025-10-11,Facebook Ads,FB-100268,UA - Prospecting - Broad | Android | LATAM | UGC,13063,466,158.81,42
2025-10-11,Facebook Ads,FB-100269,UA - Retargeting - Value | Android | EU | Playables,19117,149,54.07,19
2025-10-11,Facebook Ads,FB-100270,UA - Lookalike - 5% | iOS | APAC | Carousel,19165,776,347.1,122
2025-10-11,Facebook Ads,FB-100271,UA - Lookalike - 5% | Android | APAC | Video,11675,261,95.66,53
2025-10-11,Facebook Ads,FB-100272,UA - Lookalike - 1% | iOS | LATAM | Video,53351,1334,410.07,240
2025-10-11,Facebook Ads,FB-100273,UA - Retargeting - Value | Android | APAC | UGC,15443,390,203.5,88
2025-10-11,Facebook Ads,FB-100274,UA - Lookalike - 1% | iOS | US | Carousel,11603,424,192.11,37
2025-10-11,Facebook Ads,FB-100275,UA - Retargeting - Value | Android | APAC | Carousel,12740,228,59.8,43
2025-10-11,Facebook Ads,FB-100276,UA - Retargeting - Value | Android | APAC | Video,17547,562,191.81,129
2025-10-11,Facebook Ads,FB-100277,UA - Retargeting - Value | Android | US | Carousel,15722,408,235.46,65
2025-10-11,Facebook Ads,FB-100278,UA - Prospecting - Broad | Android | MENA | Static,13967,314,56.08,57
2025-10-11,Facebook Ads,FB-100279,UA - Retargeting - Value | Android | MENA | Static,13550,220,82.94,46
2025-10-11,Facebook Ads,FB-100280,UA - Prospecting - Broad | iOS | EU | Playables,19019,527,212.96,57
2025-10-11,Facebook Ads,FB-100281,UA - Lookalike - 1% | iOS | EU | Static,15414,382,163.0,72
2025-10-11,Facebook Ads,FB-100282,UA - Retargeting - Value | Android | US | Video,11817,358,206.53,68
2025-10-11,Facebook Ads,FB-100283,UA - Lookalike - 1% | Android | LATAM | Static,20393,444,111.31,75
2025-10-11,Facebook Ads,FB-100284,UA - Prospecting - Broad | Android | EU | Carousel,21066,743,309.91,85
2025-10-11,Facebook Ads,FB-100285,UA - Prospecting - Broad | Android | APAC | Playables,16460,622,145.61,49
2025-10-11,Facebook Ads,FB-100286,UA - Lookalike - 1% | Android | APAC | UGC,29578,1345,238.2,133
2025-10-11,Facebook Ads,FB-100287,UA - Retargeting - Value | Android | APAC | Playables,13911,170,57.68,16
2025-10-11,Facebook Ads,FB-100288,UA - Lookalike - 5% | Android | MENA | Carousel,20212,484,125.11,54
2025-10-11,Facebook Ads,FB-100289,UA - Lookalike - 5% | Android | US | UGC,25742,599,179.34,90
2025-10-11,Facebook Ads,FB-100290,UA - Lookalike - 5% | iOS | US | UGC,32068,836,283.99,87
2025-10-11,Facebook Ads,FB-100291,UA - Retargeting - Value | Android | US | Carousel,17843,563,284.71,132
2025-10-11,Facebook Ads,FB-100292,UA - Lookalike - 1% | Android | EU | Carousel,18413,376,91.78,56
2025-10-11,Facebook Ads,FB-100293,UA - Lookalike - 1% | iOS | MENA | Playables,15338,486,211.26,42
2025-10-11,Facebook Ads,FB-100294,UA - Lookalike - 5% | iOS | MENA | Playables,9109,220,84.55,34
2025-10-11,Facebook Ads,FB-100295,UA - Retargeting - Value | Android | US | Playables,12119,117,38.54,21
2025-10-11,Facebook Ads,FB-100296,UA - Lookalike - 5% | iOS | APAC | Static,10873,359,123.93,57
2025-10-11,Facebook Ads,FB-100297,UA - Lookalike - 5% | iOS | APAC | UGC,21466,743,247.12,59
2025-10-11,Facebook Ads,FB-100298,UA - Lookalike - 1% | Android | LATAM | UGC,36438,790,183.44,46
2025-10-11,Facebook Ads,FB-100299,UA - Lookalike - 5% | iOS | LATAM | Static,25042,986,416.78,116
2025-10-11,Facebook Ads,FB-100300,UA - Prospecting - Broad | Android | US | Video,21791,743,344.83,51
2025-10-11,Facebook Ads,FB-100301,UA - Retargeting - Value | iOS | US | Carousel,25449,163,88.77,12
2025-10-11,Facebook Ads,FB-100302,UA - Lookalike - 1% | Android | MENA | Playables,18332,619,157.47,96
2025-10-11,Facebook Ads,FB-100303,UA - Lookalike - 5% | Android | APAC | Carousel,33515,1096,330.44,63
2025-10-11,Facebook Ads,FB-100304,UA - Lookalike - 1% | Android | LATAM | Playables,17432,804,196.26,73
2025-10-11,Facebook Ads,FB-100305,UA - Retargeting - Value | iOS | US | Playables,11858,116,40.7,12
2025-10-11,Facebook Ads,FB-100306,UA - Prospecting - Broad | Android | APAC | Static,23741,883,313.91,46
2025-10-11,Facebook Ads,FB-100307,UA - Prospecting - Broad | iOS | MENA | Carousel,27616,1060,342.7,96
2025-10-11,Facebook Ads,FB-100308,UA - Lookalike - 5% | iOS | MENA | Static,14375,589,292.79,91
2025-10-11,Facebook Ads,FB-100309,UA - Prospecting - Broad | Android | MENA | Carousel,11383,411,141.55,46
2025-10-11,Facebook Ads,FB-100310,UA - Lookalike - 1% | Android | LATAM | Carousel,31802,731,120.69,95
2025-10-11,Facebook Ads,FB-100311,UA - Retargeting - Value | iOS | US | Static,14760,322,196.87,24
2025-10-11,Facebook Ads,FB-100312,UA - Prospecting - Broad | iOS | US | Static,19670,298,107.7,44
2025-10-11,Facebook Ads,FB-100313,UA - Lookalike - 5% | Android | MENA | Static,22981,642,220.08,71
2025-10-11,Facebook Ads,FB-100314,UA - Retargeting - Value | iOS | APAC | Carousel,8933,149,49.84,15
2025-10-11,Facebook Ads,FB-100315,UA - Prospecting - Broad | iOS | LATAM | Carousel,13062,483,214.11,66
2025-10-11,Facebook Ads,FB-100316,UA - Prospecting - Broad | Android | EU | Static,20870,534,123.89,88
2025-10-11,Facebook Ads,FB-100317,UA - Lookalike - 5% | Android | LATAM | UGC,15996,580,250.56,65
2025-10-11,Facebook Ads,FB-100318,UA - Lookalike - 5% | iOS | MENA | UGC,22707,963,430.36,36
2025-10-11,Facebook Ads,FB-100319,UA - Prospecting - Broad | iOS | EU | Playables,11399,416,223.23,55
2025-10-11,Facebook Ads,FB-100320,UA - Lookalike - 1% | iOS | APAC | Video,20996,687,287.37,20
2025-10-11,Facebook Ads,FB-100321,UA - Prospecting - Broad | iOS | MENA | Carousel,14039,385,88.17,27
2025-10-11,Facebook Ads,FB-100322,UA - Prospecting - Broad | Android | APAC | Playables,15175,408,126.32,45
2025-10-11,Facebook Ads,FB-100323,UA - Retargeting - Value | Android | EU | Carousel,12448,376,156.6,57
2025-10-11,Facebook Ads,FB-100324,UA - Lookalike - 1% | Android | LATAM | Carousel,18404,576,182.94,122
2025-10-11,Facebook Ads,FB-100325,UA - Lookalike - 5% | Android | US | UGC,19956,807,384.29,71
2025-10-11,Facebook Ads,FB-100326,UA - Retargeting - Value | Android | EU | UGC,7391,202,69.39,50
2025-10-11,Facebook Ads,FB-100327,UA - Prospecting - Broad | iOS | US | UGC,35703,715,379.31,60
2025-10-11,Facebook Ads,FB-100328,UA - Prospecting - Broad | iOS | US | UGC,15716,677,198.7,24
2025-10-11,Facebook Ads,FB-100329,UA - Lookalike - 5% | iOS | MENA | UGC,25017,711,168.65,44
2025-10-11,Facebook Ads,FB-100330,UA - Lookalike - 5% | iOS | LATAM | Video,20094,794,360.79,88
2025-10-11,Facebook Ads,FB-100331,UA - Lookalike - 5% | Android | LATAM | Static,8573,386,118.19,35
2025-10-11,Facebook Ads,FB-100332,UA - Prospecting - Broad | iOS | US | UGC,10333,252,133.31,10
2025-10-11,Facebook Ads,FB-100333,UA - Lookalike - 5% | Android | APAC | Playables,23002,742,186.02,89
2025-10-11,Facebook Ads,FB-100334,UA - Lookalike - 1% | Android | APAC | Carousel,10957,512,78.23,32
2025-10-11,Facebook Ads,FB-100335,UA - Prospecting - Broad | Android | LATAM | Static,6815,279,68.08,52
2025-10-11,Facebook Ads,FB-100336,UA - Retargeting - Value | Android | MENA | Playables,15258,513,256.4,85
2025-10-11,Facebook Ads,FB-100337,UA - Retargeting - Value | iOS | LATAM | Static,15914,279,109.23,39
2025-10-11,Facebook Ads,FB-100338,UA - Retargeting - Value | Android | EU | Carousel,6515,135,68.43,25
2025-10-11,Facebook Ads,FB-100339,UA - Prospecting - Broad | Android | MENA | Static,12932,573,114.6,27
2025-10-11,Facebook Ads,FB-100340,UA - Lookalike - 5% | Android | APAC | UGC,51335,1562,606.99,262
2025-10-11,Facebook Ads,FB-100341,UA - Lookalike - 5% | iOS | LATAM | Static,29367,758,361.04,126
2025-10-11,Facebook Ads,FB-100342,UA - Lookalike - 1% | Android | APAC | UGC,15888,677,110.76,113
2025-10-11,Facebook Ads,FB-100343,UA - Lookalike - 1% | iOS | MENA | Video,26689,1015,431.27,94
2025-10-11,Facebook Ads,FB-100344,UA - Lookalike - 5% | Android | LATAM | UGC,8838,406,143.72,83
2025-10-11,Facebook Ads,FB-100345,UA - Lookalike - 1% | Android | US | Carousel,30629,1394,696.72,121
2025-10-11,Facebook Ads,FB-100346,UA - Lookalike - 5% | Android | US | Playables,27016,895,252.12,171
2025-10-11,Facebook Ads,FB-100347,UA - Prospecting - Broad | iOS | MENA | Playables,14992,619,240.67,101
2025-10-11,Facebook Ads,FB-100348,UA - Lookalike - 1% | iOS | MENA | Static,29495,1390,322.34,207
2025-10-11,Facebook Ads,FB-100349,UA - Prospecting - Broad | iOS | MENA | Static,9321,173,62.73,10
2025-10-12,Facebook Ads,FB-100000,UA - Retargeting - Value | Android | US | Carousel,11892,221,118.19,23
2025-10-12,Facebook Ads,FB-100001,UA - Prospecting - Broad | Android | EU | Video,18965,342,127.91,60
2025-10-12,Facebook Ads,FB-100002,UA - Prospecting - Broad | iOS | US | Video,26878,518,176.69,53
2025-10-12,Facebook Ads,FB-100003,UA - Prospecting - Broad | Android | EU | Playables,15614,263,56.18,22
2025-10-12,Facebook Ads,FB-100004,UA - Retargeting - Value | Android | MENA | UGC,24578,859,359.66,92
2025-10-12,Facebook Ads,FB-100005,UA - Prospecting - Broad | iOS | MENA | Carousel,26957,968,260.78,71
2025-10-12,Facebook Ads,FB-100006,UA - Lookalike - 1% | Android | APAC | Carousel,17208,603,165.34,88
2025-10-12,Facebook Ads,FB-100007,UA - Prospecting - Broad | Android | EU | Carousel,25706,683,157.09,104
2025-10-12,Facebook Ads,FB-100008,UA - Lookalike - 1% | Android | APAC | Video,21618,955,361.85,111
2025-10-12,Facebook Ads,FB-100009,UA - Prospecting - Broad | iOS | MENA | Carousel,20985,602,239.84,60
2025-10-12,Facebook Ads,FB-100010,UA - Lookalike - 5% | iOS | MENA | Video,22650,1127,377.43,83
2025-10-12,Facebook Ads,FB-100011,UA - Lookalike - 1% | Android | MENA | Carousel,20641,691,228.93,61
2025-10-12,Facebook Ads,FB-100012,UA - Retargeting - Value | Android | US | Video,20257,155,84.43,24
2025-10-12,Facebook Ads,FB-100013,UA - Prospecting - Broad | iOS | US | Static,14783,321,121.34,50
2025-10-12,Facebook Ads,FB-100014,UA - Lookalike - 1% | iOS | LATAM | UGC,13158,628,200.33,28
2025-10-12,Facebook Ads,FB-100015,UA - Retargeting - Value | Android | LATAM | Carousel,11260,259,114.79,36
2025-10-12,Facebook Ads,FB-100016,UA - Retargeting - Value | iOS | US | Playables,24916,140,60.8,16
2025-10-12,Facebook Ads,FB-100017,UA - Lookalike - 5% | Android | EU | UGC,23913,881,381.03,139
2025-10-12,Facebook Ads,FB-100018,UA - Lookalike - 1% | iOS | MENA | Static,12058,566,155.03,94
2025-10-12,Facebook Ads,FB-100019,UA - Lookalike - 1% | Android | EU | Video,18999,834,167.8,51
2025-10-12,Facebook Ads,FB-100020,UA - Retargeting - Value | iOS | LATAM | Video,9545,307,146.96,63
2025-10-12,Facebook Ads,FB-100021,UA - Lookalike - 5% | iOS | EU | UGC,13883,320,169.44,13
2025-10-12,Facebook Ads,FB-100022,UA - Retargeting - Value | iOS | EU | Carousel,12413,291,116.72,24
2025-10-12,Facebook Ads,FB-100023,UA - Lookalike - 1% | Android | MENA | Playables,20417,626,253.4,76
2025-10-12,Facebook Ads,FB-100024,UA - Lookalike - 1% | iOS | MENA | UGC,10669,447,221.49,83
2025-10-12,Facebook Ads,FB-100025,UA - Lookalike - 5% | Android | EU | Playables,18620,433,187.4,23
2025-10-12,Facebook Ads,FB-100026,UA - Retargeting - Value | Android | US | Video,28682,191,92.67,43
2025-10-12,Facebook Ads,FB-100027,UA - Prospecting - Broad | Android | APAC | Playables,18118,460,168.27,74
2025-10-12,Facebook Ads,FB-100028,UA - Lookalike - 5% | iOS | APAC | Playables,15220,511,249.62,90
2025-10-12,Facebook Ads,FB-100029,UA - Prospecting - Broad | iOS | MENA | Video,16935,511,212.22,23
2025-10-12,Facebook Ads,FB-100030,UA - Lookalike - 1% | iOS | LATAM | Video,24018,751,224.47,106
2025-10-12,Facebook Ads,FB-100031,UA - Prospecting - Broad | iOS | EU | UGC,8825,347,144.35,46
2025-10-12,Facebook Ads,FB-100032,UA - Prospecting - Broad | iOS | MENA | Static,16606,643,301.18,65
2025-10-12,Facebook Ads,FB-100033,UA - Retargeting - Value | iOS | MENA | Playables,17931,92,37.65,16
2025-10-12,Facebook Ads,FB-100034,UA - Prospecting - Broad | Android | LATAM | Static,15694,573,152.76,55
2025-10-12,Facebook Ads,FB-100035,UA - Prospecting - Broad | iOS | APAC | Video,14514,299,138.47,44
2025-10-12,Facebook Ads,FB-100036,UA - Prospecting - Broad | iOS | LATAM | Static,10229,158,76.09,20
2025-10-12,Facebook Ads,FB-100037,UA - Prospecting - Broad | Android | MENA | Video,16237,656,143.8,106
2025-10-12,Facebook Ads,FB-100038,UA - Retargeting - Value | iOS | US | Playables,19821,685,321.47,134
2025-10-12,Facebook Ads,FB-100039,UA - Retargeting - Value | Android | APAC | Playables,11834,355,157.8,51
2025-10-12,Facebook Ads,FB-100040,UA - Lookalike - 5% | iOS | MENA | Playables,29927,1302,571.45,63
2025-10-12,Facebook Ads,FB-100041,UA - Lookalike - 1% | Android | MENA | Static,20263,663,182.06,128
2025-10-12,Facebook Ads,FB-100042,UA - Lookalike - 5% | iOS | LATAM | UGC,31466,1221,274.24,233
2025-10-12,Facebook Ads,FB-100043,UA - Prospecting - Broad | Android | EU | Static,16028,507,122.69,86
2025-10-12,Facebook Ads,FB-100044,UA - Retargeting - Value | iOS | US | Playables,14445,403,224.07,89
2025-10-12,Facebook Ads,FB-100045,UA - Prospecting - Broad | Android | US | Video,11757,221,88.89,17
2025-10-12,Facebook Ads,FB-100046,UA - Lookalike - 1% | Android | US | Video,9511,469,227.28,42
2025-10-12,Facebook Ads,FB-100047,UA - Lookalike - 1% | Android | MENA | Static,20375,1000,367.4,61
2025-10-12,Facebook Ads,FB-100048,UA - Retargeting - Value | iOS | EU | Playables,9416,86,40.7,16
2025-10-12,Facebook Ads,FB-100049,UA - Lookalike - 5% | iOS | EU | UGC,17193,406,148.31,56
2025-10-12,Facebook Ads,FB-100050,UA - Lookalike - 5% | Android | US | Video,24238,1040,423.38,129
2025-10-12,Facebook Ads,FB-100051,UA - Lookalike - 5% | iOS | APAC | UGC,24048,932,351.64,93
2025-10-12,Facebook Ads,FB-100052,UA - Lookalike - 5% | Android | US | Video,28581,1143,473.09,199
2025-10-12,Facebook Ads,FB-100053,UA - Retargeting - Value | iOS | US | Static,18472,590,232.93,130
2025-10-12,Facebook Ads,FB-100054,UA - Retargeting - Value | Android | MENA | UGC,17586,214,90.95,41
2025-10-12,Facebook Ads,FB-100055,UA - Lookalike - 5% | iOS | EU | Carousel,34212,1645,565.72,302
2025-10-12,Facebook Ads,FB-100056,UA - Prospecting - Broad | Android | US | UGC,10012,224,106.74,32
2025-10-12,Facebook Ads,FB-100057,UA - Prospecting - Broad | Android | MENA | Video,16700,307,135.57,18
2025-10-12,Facebook Ads,FB-100058,UA - Lookalike - 5% | Android | EU | UGC,18472,761,157.83,110
2025-10-12,Facebook Ads,FB-100059,UA - Prospecting - Broad | iOS | EU | UGC,16774,426,192.72,65
2025-10-12,Facebook Ads,FB-100060,UA - Lookalike - 5% | Android | APAC | Video,31564,1133,485.72,66
2025-10-12,Facebook Ads,FB-100061,UA - Lookalike - 5% | iOS | APAC | Carousel,12043,246,103.05,47
2025-10-12,Facebook Ads,FB-100062,UA - Lookalike - 1% | iOS | EU | Static,22741,725,338.94,48
2025-10-12,Facebook Ads,FB-100063,UA - Prospecting - Broad | Android | US | Playables,29867,1161,293.27,109
2025-10-12,Facebook Ads,FB-100064,UA - Lookalike - 5% | iOS | US | Video,13928,468,245.75,59
2025-10-12,Facebook Ads,FB-100065,UA - Prospecting - Broad | Android | US | Playables,18915,612,262.61,31
2025-10-12,Facebook Ads,FB-100066,UA - Prospecting - Broad | Android | US | Playables,10858,186,63.95,14
2025-10-12,Facebook Ads,FB-100067,UA - Retargeting - Value | Android | APAC | Video,14775,388,146.55,98
2025-10-12,Facebook Ads,FB-100068,UA - Lookalike - 5% | Android | MENA | Video,23334,1130,268.38,219
2025-10-12,Facebook Ads,FB-100069,UA - Lookalike - 1% | iOS | LATAM | Static,20211,430,137.34,31
2025-10-12,Facebook Ads,FB-100070,UA - Retargeting - Value | Android | LATAM | UGC,20361,709,296.08,125
2025-10-12,Facebook Ads,FB-100071,UA - Prospecting - Broad | iOS | APAC | Carousel,14507,565,119.67,56
2025-10-12,Facebook Ads,FB-100072,UA - Prospecting - Broad | Android | APAC | Playables,15260,424,108.5,83
2025-10-12,Facebook Ads,FB-100073,UA - Lookalike - 1% | Android | MENA | Static,16352,392,66.33,49
2025-10-12,Facebook Ads,FB-100074,UA - Retargeting - Value | Android | LATAM | Video,12461,225,104.6,38
2025-10-12,Facebook Ads,FB-100075,UA - Lookalike - 5% | iOS | LATAM | Static,30080,958,210.66,130
2025-10-12,Facebook Ads,FB-100076,UA - Prospecting - Broad | iOS | MENA | Playables,15927,412,92.37,44
2025-10-12,Facebook Ads,FB-100077,UA - Lookalike - 1% | iOS | US | Static,16697,689,198.85,123
2025-10-12,Facebook Ads,FB-100078,UA - Retargeting - Value | Android | US | Playables,18479,163,64.66,18
2025-10-12,Facebook Ads,FB-100079,UA - Retargeting - Value | iOS | LATAM | Playables,11638,124,47.31,11
2025-10-12,Facebook Ads,FB-100080,UA - Lookalike - 5% | iOS | EU | Carousel,15880,372,141.51,47
2025-10-12,Facebook Ads,FB-100081,UA - Lookalike - 5% | iOS | US | Video,21918,511,191.47,49
2025-10-12,Facebook Ads,FB-100082,UA - Lookalike - 1% | iOS | US | Video,10733,366,165.72,11
2025-10-12,Facebook Ads,FB-100083,UA - Lookalike - 5% | Android | LATAM | Static,12862,608,102.93,32
2025-10-12,Facebook Ads,FB-100084,UA - Prospecting - Broad | iOS | MENA | Video,27589,651,284.23,49
2025-10-12,Facebook Ads,FB-100085,UA - Prospecting - Broad | Android | EU | Playables,18260,542,157.07,75
2025-10-12,Facebook Ads,FB-100086,UA - Retargeting - Value | iOS | MENA | Playables,8823,75,22.64,15
2025-10-12,Facebook Ads,FB-100087,UA - Lookalike - 1% | iOS | EU | Video,15318,569,262.59,26
2025-10-12,Facebook Ads,FB-100088,UA - Retargeting - Value | iOS | US | Carousel,13365,130,55.04,12
2025-10-12,Facebook Ads,FB-100089,UA - Lookalike - 5% | Android | US | Carousel,25879,769,346.97,63
2025-10-12,Facebook Ads,FB-100090,UA - Retargeting - Value | Android | EU | Static,10701,71,36.2,14
2025-10-12,Facebook Ads,FB-100091,UA - Lookalike - 1% | iOS | US | Static,22324,946,428.44,124
2025-10-12,Facebook Ads,FB-100092,UA - Retargeting - Value | iOS | EU | Carousel,10273,151,75.8,21
2025-10-12,Facebook Ads,FB-100093,UA - Lookalike - 5% | Android | APAC | Video,23725,857,231.9,75
2025-10-12,Facebook Ads,FB-100094,UA - Lookalike - 1% | Android | EU | UGC,21211,1002,308.22,203
2025-10-12,Facebook Ads,FB-100095,UA - Prospecting - Broad | iOS | EU | Static,15985,524,149.5,58
2025-10-12,Facebook Ads,FB-100096,UA - Lookalike - 1% | Android | APAC | Carousel,21582,826,345.19,92
2025-10-12,Facebook Ads,FB-100097,UA - Lookalike - 5% | Android | LATAM | Carousel,16798,668,173.21,133
2025-10-12,Facebook Ads,FB-100098,UA - Lookalike - 1% | iOS | US | Video,13786,480,207.46,83
2025-10-12,Facebook Ads,FB-100099,UA - Prospecting - Broad | Android | MENA | Carousel,21343,699,219.84,30
2025-10-12,Facebook Ads,FB-100100,UA - Lookalike - 1% | Android | MENA | UGC,30881,918,376.75,62
2025-10-12,Facebook Ads,FB-100101,UA - Prospecting - Broad | iOS | APAC | Playables,28273,1180,362.26,130
2025-10-12,Facebook Ads,FB-100102,UA - Lookalike - 1% | iOS | MENA | Static,22904,1095,274.19,54
2025-10-12,Facebook Ads,FB-100103,UA - Retargeting - Value | Android | APAC | Video,15468,437,117.2,107
2025-10-12,Facebook Ads,FB-100104,UA - Lookalike - 1% | iOS | APAC | Video,28574,1116,520.5,144
2025-10-12,Facebook Ads,FB-100105,UA - Lookalike - 1% | iOS | US | Carousel,22282,777,285.24,37
2025-10-12,Facebook Ads,FB-100106,UA - Lookalike - 1% | iOS | LATAM | UGC,11991,447,204.77,58
2025-10-12,Facebook Ads,FB-100107,UA - Lookalike - 5% | Android | EU | UGC,14603,596,286.38,122
2025-10-12,Facebook Ads,FB-100108,UA - Lookalike - 1% | Android | MENA | Playables,12815,455,116.39,86
2025-10-12,Facebook Ads,FB-100109,UA - Lookalike - 1% | iOS | MENA | Video,18530,682,262.16,66
2025-10-12,Facebook Ads,FB-100110,UA - Lookalike - 1% | iOS | EU | UGC,20701,704,323.14,27
2025-10-12,Facebook Ads,FB-100111,UA - Retargeting - Value | iOS | APAC | UGC,4560,87,39.05,10
2025-10-12,Facebook Ads,FB-100112,UA - Lookalike - 1% | iOS | EU | Video,16289,707,243.07,103
2025-10-12,Facebook Ads,FB-100113,UA - Lookalike - 1% | iOS | US | Static,9340,264,133.32,9
2025-10-12,Facebook Ads,FB-100114,UA - Prospecting - Broad | Android | EU | Static,13218,504,152.71,76
2025-10-12,Facebook Ads,FB-100115,UA - Prospecting - Broad | Android | EU | UGC,21015,673,273.78,30
2025-10-12,Facebook Ads,FB-100116,UA - Retargeting - Value | iOS | APAC | Playables,8896,290,131.86,67
2025-10-12,Facebook Ads,FB-100117,UA - Retargeting - Value | iOS | APAC | UGC,8037,151,72.75,30
2025-10-12,Facebook Ads,FB-100118,UA - Lookalike - 5% | Android | US | Video,11312,539,188.16,65
2025-10-12,Facebook Ads,FB-100119,UA - Lookalike - 5% | Android | EU | Playables,23710,848,422.98,73
2025-10-12,Facebook Ads,FB-100120,UA - Prospecting - Broad | Android | MENA | Static,17266,488,171.29,86
2025-10-12,Facebook Ads,FB-100121,UA - Lookalike - 1% | iOS | EU | UGC,15929,739,336.84,130
2025-10-12,Facebook Ads,FB-100122,UA - Lookalike - 5% | iOS | MENA | Playables,11565,365,90.16,22
2025-10-12,Facebook Ads,FB-100123,UA - Lookalike - 5% | iOS | EU | UGC,18216,493,151.2,63
2025-10-12,Facebook Ads,FB-100124,UA - Lookalike - 5% | iOS | EU | Carousel,17070,437,120.66,87
2025-10-12,Facebook Ads,FB-100125,UA - Prospecting - Broad | Android | LATAM | UGC,16374,400,79.04,32
2025-10-12,Facebook Ads,FB-100126,UA - Lookalike - 1% | iOS | EU | Carousel,16402,457,208.85,28
2025-10-12,Facebook Ads,FB-100127,UA - Retargeting - Value | iOS | MENA | Video,16483,119,50.84,20
2025-10-12,Facebook Ads,FB-100128,UA - Retargeting - Value | Android | EU | UGC,11110,206,122.9,50
2025-10-12,Facebook Ads,FB-100129,UA - Lookalike - 5% | Android | US | UGC,26625,733,189.41,158
2025-10-12,Facebook Ads,FB-100130,UA - Lookalike - 5% | iOS | MENA | UGC,16791,533,229.08,25
2025-10-12,Facebook Ads,FB-100131,UA - Lookalike - 5% | Android | EU | UGC,29244,1424,347.74,235
2025-10-12,Facebook Ads,FB-100132,UA - Lookalike - 5% | Android | MENA | UGC,34681,801,157.08,158
2025-10-12,Facebook Ads,FB-100133,UA - Lookalike - 5% | Android | LATAM | Carousel,22008,908,143.37,105
2025-10-12,Facebook Ads,FB-100134,UA - Retargeting - Value | iOS | MENA | Playables,7672,123,48.86,28
2025-10-12,Facebook Ads,FB-100135,UA - Lookalike - 5% | iOS | EU | Carousel,8641,227,79.4,7
2025-10-12,Facebook Ads,FB-100136,UA - Lookalike - 1% | iOS | US | UGC,12281,325,144.23,36
2025-10-12,Facebook Ads,FB-100137,UA - Retargeting - Value | iOS | EU | UGC,5634,38,21.03,5
2025-10-12,Facebook Ads,FB-100138,UA - Prospecting - Broad | Android | APAC | Playables,18300,670,298.08,121
2025-10-12,Facebook Ads,FB-100139,UA - Lookalike - 5% | Android | APAC | Static,31105,638,276.96,51
2025-10-12,Facebook Ads,FB-100140,UA - Lookalike - 5% | Android | US | Carousel,16912,570,217.51,70
2025-10-12,Facebook Ads,FB-100141,UA - Lookalike - 1% | iOS | EU | UGC,12980,285,100.38,13
2025-10-12,Facebook Ads,FB-100142,UA - Lookalike - 5% | iOS | APAC | Carousel,17667,595,225.92,108
2025-10-12,Facebook Ads,FB-100143,UA - Prospecting - Broad | iOS | US | UGC,26215,826,254.49,49
2025-10-12,Facebook Ads,FB-100144,UA - Prospecting - Broad | Android | LATAM | Static,19566,643,207.95,67
2025-10-12,Facebook Ads,FB-100145,UA - Retargeting - Value | Android | US | Static,11319,171,52.58,17
2025-10-12,Facebook Ads,FB-100146,UA - Retargeting - Value | Android | MENA | Static,14572,136,43.52,22
2025-10-12,Facebook Ads,FB-100147,UA - Retargeting - Value | Android | APAC | Video,11301,163,71.08,23
2025-10-12,Facebook Ads,FB-100148,UA - Retargeting - Value | iOS | LATAM | Carousel,14142,132,55.45,12
2025-10-12,Facebook Ads,FB-100149,UA - Prospecting - Broad | Android | EU | Carousel,26362,982,479.22,203
2025-10-12,Facebook Ads,FB-100150,UA - Lookalike - 5% | Android | LATAM | Playables,24688,1014,263.34,150
2025-10-12,Facebook Ads,FB-100151,UA - Retargeting - Value | iOS | EU | Video,9692,52,27.06,10
2025-10-12,Facebook Ads,FB-100152,UA - Prospecting - Broad | Android | LATAM | Playables,25776,923,209.61,165
2025-10-12,Facebook Ads,FB-100153,UA - Lookalike - 5% | Android | LATAM | Playables,17656,644,230.87,83
2025-10-12,Facebook Ads,FB-100154,UA - Lookalike - 1% | iOS | US | Playables,30600,1168,438.0,130
2025-10-12,Facebook Ads,FB-100155,UA - Prospecting - Broad | Android | APAC | UGC,18222,320,134.88,40
2025-10-12,Facebook Ads,FB-100156,UA - Retargeting - Value | iOS | LATAM | UGC,10034,68,32.61,10
2025-10-12,Facebook Ads,FB-100157,UA - Lookalike - 1% | iOS | EU | Playables,24819,549,243.32,51
2025-10-12,Facebook Ads,FB-100158,UA - Lookalike - 1% | iOS | APAC | UGC,19529,692,226.49,60
2025-10-12,Facebook Ads,FB-100159,UA - Lookalike - 1% | iOS | EU | Video,16077,704,191.7,121
2025-10-12,Facebook Ads,FB-100160,UA - Lookalike - 5% | iOS | EU | UGC,27971,867,233.4,94
2025-10-12,Facebook Ads,FB-100161,UA - Lookalike - 1% | iOS | US | UGC,16324,699,383.75,36
2025-10-12,Facebook Ads,FB-100162,UA - Lookalike - 1% | Android | APAC | Static,18696,597,92.77,88
2025-10-12,Facebook Ads,FB-100163,UA - Lookalike - 1% | iOS | LATAM | Carousel,15583,571,203.68,17
2025-10-12,Facebook Ads,FB-100164,UA - Prospecting - Broad | Android | MENA | Static,19852,587,246.25,60
2025-10-12,Facebook Ads,FB-100165,UA - Retargeting - Value | Android | APAC | UGC,7468,249,97.46,34
2025-10-12,Facebook Ads,FB-100166,UA - Prospecting - Broad | iOS | APAC | UGC,9831,323,108.5,14
2025-10-12,Facebook Ads,FB-100167,UA - Lookalike - 5% | Android | LATAM | Static,15109,450,76.59,25
2025-10-12,Facebook Ads,FB-100168,UA - Lookalike - 1% | Android | LATAM | Playables,10534,367,136.19,20
2025-10-12,Facebook Ads,FB-100169,UA - Lookalike - 1% | iOS | MENA | Playables,20185,806,297.9,46
2025-10-12,Facebook Ads,FB-100170,UA - Lookalike - 1% | iOS | MENA | Carousel,16670,339,136.41,45
2025-10-12,Facebook Ads,FB-100171,UA - Lookalike - 1% | iOS | LATAM | Carousel,16767,638,179.09,69
2025-10-12,Facebook Ads,FB-100172,UA - Lookalike - 1% | Android | US | Static,12637,412,155.94,73
2025-10-12,Facebook Ads,FB-100173,UA - Retargeting - Value | Android | MENA | Static,7322,73,21.56,14
2025-10-12,Facebook Ads,FB-100174,UA - Lookalike - 1% | Android | APAC | Carousel,18446,415,97.65,45
2025-10-12,Facebook Ads,FB-100175,UA - Retargeting - Value | Android | EU | Carousel,11452,329,165.82,50
2025-10-12,Facebook Ads,FB-100176,UA - Prospecting - Broad | iOS | EU | Carousel,40853,1553,792.81,239
2025-10-12,Facebook Ads,FB-100177,UA - Prospecting - Broad | Android | LATAM | Video,12266,472,156.89,49
2025-10-12,Facebook Ads,FB-100178,UA - Prospecting - Broad | iOS | EU | UGC,28906,711,283.62,24
2025-10-12,Facebook Ads,FB-100179,UA - Lookalike - 5% | Android | MENA | Carousel,14213,625,191.44,96
2025-10-12,Facebook Ads,FB-100180,UA - Retargeting - Value | iOS | APAC | Carousel,10476,70,41.08,14
2025-10-12,Facebook Ads,FB-100181,UA - Prospecting - Broad | Android | LATAM | UGC,17138,603,170.83,51
2025-10-12,Facebook Ads,FB-100182,UA - Prospecting - Broad | Android | APAC | UGC,19282,731,179.24,150
2025-10-12,Facebook Ads,FB-100183,UA - Lookalike - 1% | Android | EU | Static,25725,584,285.46,119
2025-10-12,Facebook Ads,FB-100184,UA - Lookalike - 5% | Android | EU | Video,25633,1033,484.58,158
2025-10-12,Facebook Ads,FB-100185,UA - Lookalike - 5% | Android | MENA | UGC,18600,828,143.16,91
2025-10-12,Facebook Ads,FB-100186,UA - Lookalike - 5% | iOS | LATAM | Playables,28972,1208,313.6,92
2025-10-12,Facebook Ads,FB-100187,UA - Prospecting - Broad | iOS | MENA | Playables,19121,309,76.29,40
2025-10-12,Facebook Ads,FB-100188,UA - Lookalike - 1% | Android | EU | Static,32288,775,232.89,82
2025-10-12,Facebook Ads,FB-100189,UA - Retargeting - Value | Android | EU | Static,10686,332,191.96,81
2025-10-12,Facebook Ads,FB-100190,UA - Lookalike - 5% | Android | EU | Video,38809,1712,583.96,284
2025-10-12,Facebook Ads,FB-100191,UA - Lookalike - 1% | iOS | MENA | UGC,15563,491,141.6,63
2025-10-12,Facebook Ads,FB-100192,UA - Lookalike - 1% | Android | EU | Carousel,15345,525,230.11,42
2025-10-12,Facebook Ads,FB-100193,UA - Lookalike - 1% | iOS | US | Static,16472,495,130.78,37
2025-10-12,Facebook Ads,FB-100194,UA - Retargeting - Value | Android | APAC | Video,6772,204,88.92,35
2025-10-12,Facebook Ads,FB-100195,UA - Prospecting - Broad | Android | LATAM | Static,24843,763,329.77,73
2025-10-12,Facebook Ads,FB-100196,UA - Lookalike - 1% | Android | EU | Carousel,20787,562,113.13,115
2025-10-12,Facebook Ads,FB-100197,UA - Lookalike - 1% | iOS | US | UGC,7167,356,194.06,35
2025-10-12,Facebook Ads,FB-100198,UA - Lookalike - 5% | iOS | LATAM | Playables,14918,501,199.9,20
2025-10-12,Facebook Ads,FB-100199,UA - Prospecting - Broad | iOS | US | Playables,14187,318,136.99,12
2025-10-12,Facebook Ads,FB-100200,UA - Lookalike - 1% | iOS | LATAM | Playables,19568,533,221.51,76
2025-10-12,Facebook Ads,FB-100201,UA - Prospecting - Broad | Android | US | Static,12208,315,115.38,34
2025-10-12,Facebook Ads,FB-100202,UA - Retargeting - Value | iOS | MENA | Video,23389,686,211.63,96
2025-10-12,Facebook Ads,FB-100203,UA - Lookalike - 1% | iOS | MENA | UGC,10257,502,115.76,18
2025-10-12,Facebook Ads,FB-100204,UA - Lookalike - 5% | Android | MENA | UGC,19926,898,393.41,71
2025-10-12,Facebook Ads,FB-100205,UA - Lookalike - 5% | Android | APAC | Carousel,22218,772,240.17,122
2025-10-12,Facebook Ads,FB-100206,UA - Retargeting - Value | iOS | LATAM | Video,9906,68,36.85,6
2025-10-12,Facebook Ads,FB-100207,UA - Lookalike - 1% | iOS | APAC | UGC,21356,775,198.25,142
2025-10-12,Facebook Ads,FB-100208,UA - Lookalike - 5% | iOS | MENA | Video,13669,635,193.04,112
2025-10-12,Facebook Ads,FB-100209,UA - Lookalike - 1% | Android | LATAM | Carousel,23101,762,276.3,76
2025-10-12,Facebook Ads,FB-100210,UA - Prospecting - Broad | Android | APAC | Playables,12020,302,52.19,20
2025-10-12,Facebook Ads,FB-100211,UA - Retargeting - Value | iOS | APAC | Video,9919,223,127.87,27
2025-10-12,Facebook Ads,FB-100212,UA - Lookalike - 5% | iOS | MENA | UGC,16223,475,171.52,86
2025-10-12,Facebook Ads,FB-100213,UA - Retargeting - Value | Android | EU | Carousel,8302,153,47.55,17
2025-10-12,Facebook Ads,FB-100214,UA - Prospecting - Broad | iOS | APAC | UGC,20596,652,307.35,23
2025-10-12,Facebook Ads,FB-100215,UA - Retargeting - Value | Android | MENA | Static,19201,187,47.69,44
2025-10-12,Facebook Ads,FB-100216,UA - Lookalike - 5% | iOS | MENA | Video,23217,1072,368.98,103
2025-10-12,Facebook Ads,FB-100217,UA - Lookalike - 5% | Android | EU | Video,25951,782,266.97,109
2025-10-12,Facebook Ads,FB-100218,UA - Lookalike - 1% | Android | EU | UGC,25303,1198,400.97,106
2025-10-12,Facebook Ads,FB-100219,UA - Lookalike - 5% | iOS | APAC | UGC,24924,503,128.06,61
2025-10-12,Facebook Ads,FB-100220,UA - Retargeting - Value | Android | APAC | Playables,15812,543,239.46,82
2025-10-12,Facebook Ads,FB-100221,UA - Retargeting - Value | iOS | EU | Playables,6603,222,86.29,45
2025-10-12,Facebook Ads,FB-100222,UA - Lookalike - 1% | Android | LATAM | UGC,25714,678,209.64,115
2025-10-12,Facebook Ads,FB-100223,UA - Lookalike - 1% | iOS | US | Carousel,18943,641,303.58,92
2025-10-12,Facebook Ads,FB-100224,UA - Lookalike - 5% | iOS | EU | UGC,23866,493,228.16,80
2025-10-12,Facebook Ads,FB-100225,UA - Lookalike - 5% | iOS | LATAM | Playables,8534,258,74.07,25
2025-10-12,Facebook Ads,FB-100226,UA - Retargeting - Value | iOS | LATAM | Static,21070,669,397.99,120
2025-10-12,Facebook Ads,FB-100227,UA - Prospecting - Broad | iOS | EU | UGC,15047,477,241.41,15
2025-10-12,Facebook Ads,FB-100228,UA - Lookalike - 5% | iOS | APAC | UGC,15244,515,184.52,89
2025-10-12,Facebook Ads,FB-100229,UA - Retargeting - Value | Android | APAC | Video,25092,349,188.32,61
2025-10-12,Facebook Ads,FB-100230,UA - Prospecting - Broad | iOS | US | UGC,12592,259,78.61,42
2025-10-12,Facebook Ads,FB-100231,UA - Lookalike - 5% | iOS | US | Static,17836,533,218.74,99
2025-10-12,Facebook Ads,FB-100232,UA - Lookalike - 1% | Android | US | UGC,24199,930,448.26,138
2025-10-12,Facebook Ads,FB-100233,UA - Prospecting - Broad | iOS | MENA | UGC,13757,380,79.61,34
2025-10-12,Facebook Ads,FB-100234,UA - Lookalike - 1% | iOS | MENA | UGC,36724,786,359.83,56
2025-10-12,Facebook Ads,FB-100235,UA - Prospecting - Broad | iOS | MENA | Video,24867,1078,376.87,180
2025-10-12,Facebook Ads,FB-100236,UA - Prospecting - Broad | Android | LATAM | Static,11645,286,119.06,49
2025-10-12,Facebook Ads,FB-100237,UA - Lookalike - 5% | iOS | US | Video,22302,524,259.69,34
2025-10-12,Facebook Ads,FB-100238,UA - Prospecting - Broad | Android | LATAM | Video,15067,522,155.19,66
2025-10-12,Facebook Ads,FB-100239,UA - Lookalike - 1% | iOS | US | Carousel,18690,578,219.29,78
2025-10-12,Facebook Ads,FB-100240,UA - Retargeting - Value | iOS | APAC | Static,8807,134,54.0,22
2025-10-12,Facebook Ads,FB-100241,UA - Retargeting - Value | iOS | MENA | Static,26637,849,315.83,150
2025-10-12,Facebook Ads,FB-100242,UA - Lookalike - 5% | Android | US | Playables,27154,1256,611.8,123
2025-10-12,Facebook Ads,FB-100243,UA - Retargeting - Value | Android | APAC | Playables,16631,163,56.06,35
2025-10-12,Facebook Ads,FB-100244,UA - Lookalike - 5% | Android | APAC | Carousel,28268,1132,349.67,244
2025-10-12,Facebook Ads,FB-100245,UA - Lookalike - 1% | iOS | US | UGC,20609,605,309.82,80
2025-10-12,Facebook Ads,FB-100246,UA - Lookalike - 1% | Android | US | UGC,16112,465,113.79,86
2025-10-12,Facebook Ads,FB-100247,UA - Lookalike - 5% | iOS | APAC | Carousel,21942,853,366.36,153
2025-10-12,Facebook Ads,FB-100248,UA - Lookalike - 5% | iOS | EU | UGC,13429,291,144.57,26
2025-10-12,Facebook Ads,FB-100249,UA - Lookalike - 1% | Android | EU | UGC,18170,791,333.25,77
2025-10-12,Facebook Ads,FB-100250,UA - Lookalike - 5% | iOS | LATAM | Video,5900,195,55.95,33
2025-10-12,Facebook Ads,FB-100251,UA - Prospecting - Broad | iOS | US | Playables,8604,334,92.38,38
2025-10-12,Facebook Ads,FB-100252,UA - Lookalike - 1% | iOS | LATAM | Static,13521,506,110.46,17
2025-10-12,Facebook Ads,FB-100253,UA - Lookalike - 1% | Android | EU | Playables,28455,644,283.42,103
2025-10-12,Facebook Ads,FB-100254,UA - Lookalike - 1% | Android | US | Video,37676,851,416.99,59
2025-10-12,Facebook Ads,FB-100255,UA - Lookalike - 1% | iOS | US | Playables,26263,709,347.62,106
2025-10-12,Facebook Ads,FB-100256,UA - Lookalike - 1% | Android | US | Carousel,17100,432,146.23,61
2025-10-12,Facebook Ads,FB-100257,UA - Retargeting - Value | iOS | EU | Static,8052,71,41.21,6
2025-10-12,Facebook Ads,FB-100258,UA - Lookalike - 1% | iOS | MENA | Playables,15988,796,168.59,63
2025-10-12,Facebook Ads,FB-100259,UA - Lookalike - 1% | Android | LATAM | UGC,13285,475,157.08,68
2025-10-12,Facebook Ads,FB-100260,UA - Prospecting - Broad | iOS | US | UGC,14216,366,112.18,58
2025-10-12,Facebook Ads,FB-100261,UA - Lookalike - 1% | Android | EU | UGC,15168,536,118.46,46
2025-10-12,Facebook Ads,FB-100262,UA - Lookalike - 1% | Android | APAC | Video,18804,917,201.83,113
2025-10-12,Facebook Ads,FB-100263,UA - Lookalike - 1% | Android | APAC | Carousel,17097,496,212.14,99
2025-10-12,Facebook Ads,FB-100264,UA - Retargeting - Value | iOS | LATAM | Video,13232,283,132.73,49
2025-10-12,Facebook Ads,FB-100265,UA - Lookalike - 1% | iOS | US | Playables,14727,310,153.11,10
2025-10-12,Facebook Ads,FB-100266,UA - Lookalike - 1% | Android | US | UGC,21586,608,267.34,91
2025-10-12,Facebook Ads,FB-100267,UA - Prospecting - Broad | iOS | US | Static,5842,244,95.75,21
2025-10-12,Facebook Ads,FB-100268,UA - Prospecting - Broad | Android | LATAM | UGC,18026,652,225.53,42
2025-10-12,Facebook Ads,FB-100269,UA - Retargeting - Value | Android | EU | Playables,10295,87,26.78,10
2025-10-12,Facebook Ads,FB-100270,UA - Lookalike - 5% | iOS | APAC | Carousel,38988,1565,771.54,61
2025-10-12,Facebook Ads,FB-100271,UA - Lookalike - 5% | Android | APAC | Video,33190,1507,240.07,123
2025-10-12,Facebook Ads,FB-100272,UA - Lookalike - 1% | iOS | LATAM | Video,19713,908,187.77,80
2025-10-12,Facebook Ads,FB-100273,UA - Retargeting - Value | Android | APAC | UGC,17950,540,199.31,111
2025-10-12,Facebook Ads,FB-100274,UA - Lookalike - 1% | iOS | US | Carousel,17952,390,155.18,60
2025-10-12,Facebook Ads,FB-100275,UA - Retargeting - Value | Android | APAC | Carousel,21529,482,245.82,48
2025-10-12,Facebook Ads,FB-100276,UA - Retargeting - Value | Android | APAC | Video,14222,431,211.06,68
2025-10-12,Facebook Ads,FB-100277,UA - Retargeting - Value | Android | US | Carousel,16482,518,239.58,92
2025-10-12,Facebook Ads,FB-100278,UA - Prospecting - Broad | Android | MENA | Static,11316,171,55.28,12
2025-10-12,Facebook Ads,FB-100279,UA - Retargeting - Value | Android | MENA | Static,13846,417,121.93,64
2025-10-12,Facebook Ads,FB-100280,UA - Prospecting - Broad | iOS | EU | Playables,19223,646,183.66,76
2025-10-12,Facebook Ads,FB-100281,UA - Lookalike - 1% | iOS | EU | Static,17800,521,264.98,84
2025-10-12,Facebook Ads,FB-100282,UA - Retargeting - Value | Android | US | Video,14636,158,89.02,36
2025-10-12,Facebook Ads,FB-100283,UA - Lookalike - 1% | Android | LATAM | Static,33650,705,252.74,84
2025-10-12,Facebook Ads,FB-100284,UA - Prospecting - Broad | Android | EU | Carousel,22540,629,216.31,101
2025-10-12,Facebook Ads,FB-100285,UA - Prospecting - Broad | Android | APAC | Playables,15240,288,77.79,16
2025-10-12,Facebook Ads,FB-100286,UA - Lookalike - 1% | Android | APAC | UGC,17991,500,152.0,25
2025-10-12,Facebook Ads,FB-100287,UA - Retargeting - Value | Android | APAC | Playables,12748,369,133.21,44
2025-10-12,Facebook Ads,FB-100288,UA - Lookalike - 5% | Android | MENA | Carousel,17994,583,154.15,39
2025-10-12,Facebook Ads,FB-100289,UA - Lookalike - 5% | Android | US | UGC,21680,677,153.54,103
2025-10-12,Facebook Ads,FB-100290,UA - Lookalike - 5% | iOS | US | UGC,13205,370,200.32,68
2025-10-12,Facebook Ads,FB-100291,UA - Retargeting - Value | Android | US | Carousel,19987,327,171.97,80
2025-10-12,Facebook Ads,FB-100292,UA - Lookalike - 1% | Android | EU | Carousel,17016,476,99.1,47
2025-10-12,Facebook Ads,FB-100293,UA - Lookalike - 1% | iOS | MENA | Playables,17823,506,152.51,63
2025-10-12,Facebook Ads,FB-100294,UA - Lookalike - 5% | iOS | MENA | Playables,17909,404,153.64,40
2025-10-12,Facebook Ads,FB-100295,UA - Retargeting - Value | Android | US | Playables,13128,442,261.05,68
2025-10-12,Facebook Ads,FB-100296,UA - Lookalike - 5% | iOS | APAC | Static,14800,618,265.62,96
2025-10-12,Facebook Ads,FB-100297,UA - Lookalike - 5% | iOS | APAC | UGC,11103,400,158.96,71
2025-10-12,Facebook Ads,FB-100298,UA - Lookalike - 1% | Android | LATAM | UGC,7797,292,66.46,53
2025-10-12,Facebook Ads,FB-100299,UA - Lookalike - 5% | iOS | LATAM | Static,23971,1131,237.4,55
2025-10-12,Facebook Ads,FB-100300,UA - Prospecting - Broad | Android | US | Video,25862,1122,305.41,200
2025-10-12,Facebook Ads,FB-100301,UA - Retargeting - Value | iOS | US | Carousel,7156,195,95.98,29
2025-10-12,Facebook Ads,FB-100302,UA - Lookalike - 1% | Android | MENA | Playables,26253,1045,261.88,178
2025-10-12,Facebook Ads,FB-100303,UA - Lookalike - 5% | Android | APAC | Carousel,17262,477,159.27,55
2025-10-12,Facebook Ads,FB-100304,UA - Lookalike - 1% | Android | LATAM | Playables,35363,1212,434.62,260
2025-10-12,Facebook Ads,FB-100305,UA - Retargeting - Value | iOS | US | Playables,10577,211,135.08,18
2025-10-12,Facebook Ads,FB-100306,UA - Prospecting - Broad | Android | APAC | Static,33953,1169,332.0,100
2025-10-12,Facebook Ads,FB-100307,UA - Prospecting - Broad | iOS | MENA | Carousel,12067,452,169.73,27
2025-10-12,Facebook Ads,FB-100308,UA - Lookalike - 5% | iOS | MENA | Static,9598,313,147.99,36
2025-10-12,Facebook Ads,FB-100309,UA - Prospecting - Broad | Android | MENA | Carousel,14671,595,98.71,68
2025-10-12,Facebook Ads,FB-100310,UA - Lookalike - 1% | Android | LATAM | Carousel,16219,633,159.14,75
2025-10-12,Facebook Ads,FB-100311,UA - Retargeting - Value | iOS | US | Static,7258,95,61.72,21
2025-10-12,Facebook Ads,FB-100312,UA - Prospecting - Broad | iOS | US | Static,20883,705,364.7,115
2025-10-12,Facebook Ads,FB-100313,UA - Lookalike - 5% | Android | MENA | Static,17257,422,189.44,79
2025-10-12,Facebook Ads,FB-100314,UA - Retargeting - Value | iOS | APAC | Carousel,8475,223,124.39,40
2025-10-12,Facebook Ads,FB-100315,UA - Prospecting - Broad | iOS | LATAM | Carousel,9188,151,36.48,25
2025-10-12,Facebook Ads,FB-100316,UA - Prospecting - Broad | Android | EU | Static,9427,238,87.61,45
2025-10-12,Facebook Ads,FB-100317,UA - Lookalike - 5% | Android | LATAM | UGC,22180,1100,319.66,62
2025-10-12,Facebook Ads,FB-100318,UA - Lookalike - 5% | iOS | MENA | UGC,37639,1303,486.15,64
2025-10-12,Facebook Ads,FB-100319,UA - Prospecting - Broad | iOS | EU | Playables,11550,262,95.5,34
2025-10-12,Facebook Ads,FB-100320,UA - Lookalike - 1% | iOS | APAC | Video,18417,621,273.3,36
2025-10-12,Facebook Ads,FB-100321,UA - Prospecting - Broad | iOS | MENA | Carousel,29193,1278,567.43,171
2025-10-12,Facebook Ads,FB-100322,UA - Prospecting - Broad | Android | APAC | Playables,22424,670,245.56,81
2025-10-12,Facebook Ads,FB-100323,UA - Retargeting - Value | Android | EU | Carousel,12084,240,72.34,40
2025-10-12,Facebook Ads,FB-100324,UA - Lookalike - 1% | Android | LATAM | Carousel,20107,459,80.78,73
2025-10-12,Facebook Ads,FB-100325,UA - Lookalike - 5% | Android | US | UGC,27143,675,168.62,89
2025-10-12,Facebook Ads,FB-100326,UA - Retargeting - Value | Android | EU | UGC,7884,74,31.75,18
2025-10-12,Facebook Ads,FB-100327,UA - Prospecting - Broad | iOS | US | UGC,22197,713,391.58,69
2025-10-12,Facebook Ads,FB-100328,UA - Prospecting - Broad | iOS | US | UGC,6361,242,60.57,5
2025-10-12,Facebook Ads,FB-100329,UA - Lookalike - 5% | iOS | MENA | UGC,14946,638,241.23,125
2025-10-12,Facebook Ads,FB-100330,UA - Lookalike - 5% | iOS | LATAM | Video,19144,676,283.92,125
2025-10-12,Facebook Ads,FB-100331,UA - Lookalike - 5% | Android | LATAM | Static,12975,485,96.66,65
2025-10-12,Facebook Ads,FB-100332,UA - Prospecting - Broad | iOS | US | UGC,33174,731,293.42,88
2025-10-12,Facebook Ads,FB-100333,UA - Lookalike - 5% | Android | APAC | Playables,16782,488,137.66,58
2025-10-12,Facebook Ads,FB-100334,UA - Lookalike - 1% | Android | APAC | Carousel,28835,1159,267.38,125
2025-10-12,Facebook Ads,FB-100335,UA - Prospecting - Broad | Android | LATAM | Static,10905,281,65.44,48
2025-10-12,Facebook Ads,FB-100336,UA - Retargeting - Value | Android | MENA | Playables,8856,197,49.45,48
2025-10-12,Facebook Ads,FB-100337,UA - Retargeting - Value | iOS | LATAM | Static,9179,253,80.53,36
2025-10-12,Facebook Ads,FB-100338,UA - Retargeting - Value | Android | EU | Carousel,14918,407,203.09,99
2025-10-12,Facebook Ads,FB-100339,UA - Prospecting - Broad | Android | MENA | Static,19206,543,120.82,78
2025-10-12,Facebook Ads,FB-100340,UA - Lookalike - 5% | Android | APAC | UGC,20084,868,140.44,99
2025-10-12,Facebook Ads,FB-100341,UA - Lookalike - 5% | iOS | LATAM | Static,9321,367,103.31,35
2025-10-12,Facebook Ads,FB-100342,UA - Lookalike - 1% | Android | APAC | UGC,13606,530,173.89,28
2025-10-12,Facebook Ads,FB-100343,UA - Lookalike - 1% | iOS | MENA | Video,15445,406,169.3,65
2025-10-12,Facebook Ads,FB-100344,UA - Lookalike - 5% | Android | LATAM | UGC,15820,438,85.32,92
2025-10-12,Facebook Ads,FB-100345,UA - Lookalike - 1% | Android | US | Carousel,21839,777,263.87,157
2025-10-12,Facebook Ads,FB-100346,UA - Lookalike - 5% | Android | US | Playables,22799,852,196.47,76
2025-10-12,Facebook Ads,FB-100347,UA - Prospecting - Broad | iOS | MENA | Playables,21527,774,360.37,16
2025-10-12,Facebook Ads,FB-100348,UA - Lookalike - 1% | iOS | MENA | Static,17739,463,154.5,34
2025-10-12,Facebook Ads,FB-100349,UA - Prospecting - Broad | iOS | MENA | Static,34120,638,247.54,108
2025-10-13,Facebook Ads,FB-100000,UA - Retargeting - Value | Android | US | Carousel,17672,477,179.11,57
2025-10-13,Facebook Ads,FB-100001,UA - Prospecting - Broad | Android | EU | Video,28254,1270,314.2,265
2025-10-13,Facebook Ads,FB-100002,UA - Prospecting - Broad | iOS | US | Video,18844,586,224.03,15
2025-10-13,Facebook Ads,FB-100003,UA - Prospecting - Broad | Android | EU | Playables,15651,297,141.25,21
2025-10-13,Facebook Ads,FB-100004,UA - Retargeting - Value | Android | MENA | UGC,12642,330,171.57,69
2025-10-13,Facebook Ads,FB-100005,UA - Prospecting - Broad | iOS | MENA | Carousel,10770,387,181.39,40
2025-10-13,Facebook Ads,FB-100006,UA - Lookalike - 1% | Android | APAC | Carousel,14283,646,106.91,58
2025-10-13,Facebook Ads,FB-100007,UA - Prospecting - Broad | Android | EU | Carousel,30550,1241,255.15,191
2025-10-13,Facebook Ads,FB-100008,UA - Lookalike - 1% | Android | APAC | Video,23976,1053,412.04,77
2025-10-13,Facebook Ads,FB-100009,UA - Prospecting - Broad | iOS | MENA | Carousel,15552,263,111.38,35
2025-10-13,Facebook Ads,FB-100010,UA - Lookalike - 5% | iOS | MENA | Video,9102,387,188.12,58
2025-10-13,Facebook Ads,FB-100011,UA - Lookalike - 1% | Android | MENA | Carousel,21063,559,194.14,104
2025-10-13,Facebook Ads,FB-100012,UA - Retargeting - Value | Android | US | Video,19243,656,320.13,145
2025-10-13,Facebook Ads,FB-100013,UA - Prospecting - Broad | iOS | US | Static,12283,360,196.24,63
2025-10-13,Facebook Ads,FB-100014,UA - Lookalike - 1% | iOS | LATAM | UGC,24494,967,216.32,129
2025-10-13,Facebook Ads,FB-100015,UA - Retargeting - Value | Android | LATAM | Carousel,10115,270,122.72,51
2025-10-13,Facebook Ads,FB-100016,UA - Retargeting - Value | iOS | US | Playables,9758,65,22.89,9
2025-10-13,Facebook Ads,FB-100017,UA - Lookalike - 5% | Android | EU | UGC,28469,889,370.71,127
2025-10-13,Facebook Ads,FB-100018,UA - Lookalike - 1% | iOS | MENA | Static,11649,552,143.13,49
2025-10-13,Facebook Ads,FB-100019,UA - Lookalike - 1% | Android | EU | Video,15790,375,82.95,53
2025-10-13,Facebook Ads,FB-100020,UA - Retargeting - Value | iOS | LATAM | Video,19600,249,95.57,32
2025-10-13,Facebook Ads,FB-100021,UA - Lookalike - 5% | iOS | EU | UGC,23344,699,195.86,118
2025-10-13,Facebook Ads,FB-100022,UA - Retargeting - Value | iOS | EU | Carousel,8852,69,32.71,12
2025-10-13,Facebook Ads,FB-100023,UA - Lookalike - 1% | Android | MENA | Playables,16032,761,120.09,91
2025-10-13,Facebook Ads,FB-100024,UA - Lookalike - 1% | iOS | MENA | UGC,29947,805,343.65,124
2025-10-13,Facebook Ads,FB-100025,UA - Lookalike - 5% | Android | EU | Playables,10620,292,101.44,39
2025-10-13,Facebook Ads,FB-100026,UA - Retargeting - Value | Android | US | Video,20091,393,177.13,89
2025-10-13,Facebook Ads,FB-100027,UA - Prospecting - Broad | Android | APAC | Playables,30415,637,278.24,98
2025-10-13,Facebook Ads,FB-100028,UA - Lookalike - 5% | iOS | APAC | Playables,12238,570,263.34,96
2025-10-13,Facebook Ads,FB-100029,UA - Prospecting - Broad | iOS | MENA | Video,15600,676,197.53,64
2025-10-13,Facebook Ads,FB-100030,UA - Lookalike - 1% | iOS | LATAM | Video,21117,994,330.41,83
2025-10-13,Facebook Ads,FB-100031,UA - Prospecting - Broad | iOS | EU | UGC,15407,643,202.67,22
2025-10-13,Facebook Ads,FB-100032,UA - Prospecting - Broad | iOS | MENA | Static,34133,1532,538.04,72
2025-10-13,Facebook Ads,FB-100033,UA - Retargeting - Value | iOS | MENA | Playables,10721,161,95.2,35
2025-10-13,Facebook Ads,FB-100034,UA - Prospecting - Broad | Android | LATAM | Static,20726,809,180.41,89
2025-10-13,Facebook Ads,FB-100035,UA - Prospecting - Broad | iOS | APAC | Video,15124,243,51.86,7
2025-10-13,Facebook Ads,FB-100036,UA - Prospecting - Broad | iOS | LATAM | Static,11224,213,59.32,19
2025-10-13,Facebook Ads,FB-100037,UA - Prospecting - Broad | Android | MENA | Video,16222,555,188.53,39
2025-10-13,Facebook Ads,FB-100038,UA - Retargeting - Value | iOS | US | Playables,17678,199,77.31,14
2025-10-13,Facebook Ads,FB-100039,UA - Retargeting - Value | Android | APAC | Playables,7462,85,26.48,12
2025-10-13,Facebook Ads,FB-100040,UA - Lookalike - 5% | iOS | MENA | Playables,19092,864,173.32,27
2025-10-13,Facebook Ads,FB-100041,UA - Lookalike - 1% | Android | MENA | Static,20201,626,274.19,79
2025-10-13,Facebook Ads,FB-100042,UA - Lookalike - 5% | iOS | LATAM | UGC,21655,875,353.24,115
2025-10-13,Facebook Ads,FB-100043,UA - Prospecting - Broad | Android | EU | Static,17470,505,200.54,62
2025-10-13,Facebook Ads,FB-100044,UA - Retargeting - Value | iOS | US | Playables,12115,263,137.97,40
2025-10-13,Facebook Ads,FB-100045,UA - Prospecting - Broad | Android | US | Video,8637,239,100.55,46
2025-10-13,Facebook Ads,FB-100046,UA - Lookalike - 1% | Android | US | Video,17879,471,170.08,66
2025-10-13,Facebook Ads,FB-100047,UA - Lookalike - 1% | Android | MENA | Static,16994,747,121.39,101
2025-10-13,Facebook Ads,FB-100048,UA - Retargeting - Value | iOS | EU | Playables,11274,225,141.48,46
2025-10-13,Facebook Ads,FB-100049,UA - Lookalike - 5% | iOS | EU | UGC,24540,1023,341.89,124
2025-10-13,Facebook Ads,FB-100050,UA - Lookalike - 5% | Android | US | Video,14483,425,171.36,39
2025-10-13,Facebook Ads,FB-100051,UA - Lookalike - 5% | iOS | APAC | UGC,15054,664,234.39,89
2025-10-13,Facebook Ads,FB-100052,UA - Lookalike - 5% | Android | US | Video,16744,531,128.56,59
2025-10-13,Facebook Ads,FB-100053,UA - Retargeting - Value | iOS | US | Static,9317,112,45.34,9
2025-10-13,Facebook Ads,FB-100054,UA - Retargeting - Value | Android | MENA | UGC,13142,231,89.35,26
2025-10-13,Facebook Ads,FB-100055,UA - Lookalike - 5% | iOS | EU | Carousel,24078,1036,320.33,129
2025-10-13,Facebook Ads,FB-100056,UA - Prospecting - Broad | Android | US | UGC,13065,477,203.54,73
2025-10-13,Facebook Ads,FB-100057,UA - Prospecting - Broad | Android | MENA | Video,26643,759,327.66,96
2025-10-13,Facebook Ads,FB-100058,UA - Lookalike - 5% | Android | EU | UGC,39813,1438,633.73,298
2025-10-13,Facebook Ads,FB-100059,UA - Prospecting - Broad | iOS | EU | UGC,14031,620,303.61,92
2025-10-13,Facebook Ads,FB-100060,UA - Lookalike - 5% | Android | APAC | Video,19400,549,209.0,85
2025-10-13,Facebook Ads,FB-100061,UA - Lookalike - 5% | iOS | APAC | Carousel,17073,742,214.07,35
2025-10-13,Facebook Ads,FB-100062,UA - Lookalike - 1% | iOS | EU | Static,41083,938,484.29,180
2025-10-13,Facebook Ads,FB-100063,UA - Prospecting - Broad | Android | US | Playables,19544,341,111.0,68
2025-10-13,Facebook Ads,FB-100064,UA - Lookalike - 5% | iOS | US | Video,13665,477,218.8,59
2025-10-13,Facebook Ads,FB-100065,UA - Prospecting - Broad | Android | US | Playables,40317,1789,627.22,213
2025-10-13,Facebook Ads,FB-100066,UA - Prospecting - Broad | Android | US | Playables,19683,684,182.76,115
2025-10-13,Facebook Ads,FB-100067,UA - Retargeting - Value | Android | APAC | Video,7414,183,88.17,34
2025-10-13,Facebook Ads,FB-100068,UA - Lookalike - 5% | Android | MENA | Video,11830,257,55.02,46
2025-10-13,Facebook Ads,FB-100069,UA - Lookalike - 1% | iOS | LATAM | Static,12214,281,95.32,38
2025-10-13,Facebook Ads,FB-100070,UA - Retargeting - Value | Android | LATAM | UGC,15736,349,116.95,32
2025-10-13,Facebook Ads,FB-100071,UA - Prospecting - Broad | iOS | APAC | Carousel,21397,757,164.87,80
2025-10-13,Facebook Ads,FB-100072,UA - Prospecting - Broad | Android | APAC | Playables,22818,586,154.53,60
2025-10-13,Facebook Ads,FB-100073,UA - Lookalike - 1% | Android | MENA | Static,22724,859,360.18,112
2025-10-13,Facebook Ads,FB-100074,UA - Retargeting - Value | Android | LATAM | Video,10060,304,108.28,47
2025-10-13,Facebook Ads,FB-100075,UA - Lookalike - 5% | iOS | LATAM | Static,18873,826,358.98,71
2025-10-13,Facebook Ads,FB-100076,UA - Prospecting - Broad | iOS | MENA | Playables,14483,248,74.65,9
2025-10-13,Facebook Ads,FB-100077,UA - Lookalike - 1% | iOS | US | Static,14455,300,87.39,28
2025-10-13,Facebook Ads,FB-100078,UA - Retargeting - Value | Android | US | Playables,11403,68,38.17,8
2025-10-13,Facebook Ads,FB-100079,UA - Retargeting - Value | iOS | LATAM | Playables,10707,331,177.18,47
2025-10-13,Facebook Ads,FB-100080,UA - Lookalike - 5% | iOS | EU | Carousel,21370,856,295.15,87
2025-10-13,Facebook Ads,FB-100081,UA - Lookalike - 5% | iOS | US | Video,11821,347,166.32,44
2025-10-13,Facebook Ads,FB-100082,UA - Lookalike - 1% | iOS | US | Video,18523,523,260.51,43
2025-10-13,Facebook Ads,FB-100083,UA - Lookalike - 5% | Android | LATAM | Static,17168,619,121.51,86
2025-10-13,Facebook Ads,FB-100084,UA - Prospecting - Broad | iOS | MENA | Video,27696,897,408.67,65
2025-10-13,Facebook Ads,FB-100085,UA - Prospecting - Broad | Android | EU | Playables,27504,699,217.46,55
2025-10-13,Facebook Ads,FB-100086,UA - Retargeting - Value | iOS | MENA | Playables,7651,114,56.26,17
2025-10-13,Facebook Ads,FB-100087,UA - Lookalike - 1% | iOS | EU | Video,8742,257,131.56,38
2025-10-13,Facebook Ads,FB-100088,UA - Retargeting - Value | iOS | US | Carousel,8730,99,42.35,20
2025-10-13,Facebook Ads,FB-100089,UA - Lookalike - 5% | Android | US | Carousel,14962,615,210.33,81
2025-10-13,Facebook Ads,FB-100090,UA - Retargeting - Value | Android | EU | Static,7790,96,37.61,13
2025-10-13,Facebook Ads,FB-100091,UA - Lookalike - 1% | iOS | US | Static,26458,951,383.54,50
2025-10-13,Facebook Ads,FB-100092,UA - Retargeting - Value | iOS | EU | Carousel,9688,154,63.51,22
2025-10-13,Facebook Ads,FB-100093,UA - Lookalike - 5% | Android | APAC | Video,14765,451,155.82,44
2025-10-13,Facebook Ads,FB-100094,UA - Lookalike - 1% | Android | EU | UGC,33560,927,315.46,181
2025-10-13,Facebook Ads,FB-100095,UA - Prospecting - Broad | iOS | EU | Static,26805,887,233.37,131
2025-10-13,Facebook Ads,FB-100096,UA - Lookalike - 1% | Android | APAC | Carousel,25359,1148,428.2,148
2025-10-13,Facebook Ads,FB-100097,UA - Lookalike - 5% | Android | LATAM | Carousel,19380,597,257.55,110
2025-10-13,Facebook Ads,FB-100098,UA - Lookalike - 1% | iOS | US | Video,16218,388,103.83,66
2025-10-13,Facebook Ads,FB-100099,UA - Prospecting - Broad | Android | MENA | Carousel,19379,463,163.07,65
2025-10-13,Facebook Ads,FB-100100,UA - Lookalike - 1% | Android | MENA | UGC,25476,782,278.16,71
2025-10-13,Facebook Ads,FB-100101,UA - Prospecting - Broad | iOS | APAC | Playables,23421,537,174.1,34
2025-10-13,Facebook Ads,FB-100102,UA - Lookalike - 1% | iOS | MENA | Static,27607,845,284.68,98
2025-10-13,Facebook Ads,FB-100103,UA - Retargeting - Value | Android | APAC | Video,9006,74,34.25,10
2025-10-13,Facebook Ads,FB-100104,UA - Lookalike - 1% | iOS | APAC | Video,16857,404,98.37,59
2025-10-13,Facebook Ads,FB-100105,UA - Lookalike - 1% | iOS | US | Carousel,11640,305,155.15,56
2025-10-13,Facebook Ads,FB-100106,UA - Lookalike - 1% | iOS | LATAM | UGC,22230,955,270.26,35
2025-10-13,Facebook Ads,FB-100107,UA - Lookalike - 5% | Android | EU | UGC,11952,274,68.23,31
2025-10-13,Facebook Ads,FB-100108,UA - Lookalike - 1% | Android | MENA | Playables,12183,502,196.48,70
2025-10-13,Facebook Ads,FB-100109,UA - Lookalike - 1% | iOS | MENA | Video,34706,998,390.12,129
2025-10-13,Facebook Ads,FB-100110,UA - Lookalike - 1% | iOS | EU | UGC,17166,744,386.88,84
2025-10-13,Facebook Ads,FB-100111,UA - Retargeting - Value | iOS | APAC | UGC,9429,137,51.99,30
2025-10-13,Facebook Ads,FB-100112,UA - Lookalike - 1% | iOS | EU | Video,22074,915,371.49,61
2025-10-13,Facebook Ads,FB-100113,UA - Lookalike - 1% | iOS | US | Static,31754,1420,501.83,52
2025-10-13,Facebook Ads,FB-100114,UA - Prospecting - Broad | Android | EU | Static,20649,863,334.84,174
2025-10-13,Facebook Ads,FB-100115,UA - Prospecting - Broad | Android | EU | UGC,22714,794,249.95,138
2025-10-13,Facebook Ads,FB-100116,UA - Retargeting - Value | iOS | APAC | Playables,9180,114,67.36,14
2025-10-13,Facebook Ads,FB-100117,UA - Retargeting - Value | iOS | APAC | UGC,14585,316,115.85,57
2025-10-13,Facebook Ads,FB-100118,UA - Lookalike - 5% | Android | US | Video,21110,706,316.92,62
2025-10-13,Facebook Ads,FB-100119,UA - Lookalike - 5% | Android | EU | Playables,25341,1182,333.91,76
2025-10-13,Facebook Ads,FB-100120,UA - Prospecting - Broad | Android | MENA | Static,19062,545,230.92,56
2025-10-13,Facebook Ads,FB-100121,UA - Lookalike - 1% | iOS | EU | UGC,10505,257,106.19,8
2025-10-13,Facebook Ads,FB-100122,UA - Lookalike - 5% | iOS | MENA | Playables,11284,254,62.74,40
2025-10-13,Facebook Ads,FB-100123,UA - Lookalike - 5% | iOS | EU | UGC,14833,451,145.94,89
2025-10-13,Facebook Ads,FB-100124,UA - Lookalike - 5% | iOS | EU | Carousel,20972,930,458.68,171
2025-10-13,Facebook Ads,FB-100125,UA - Prospecting - Broad | Android | LATAM | UGC,21475,548,157.88,63
2025-10-13,Facebook Ads,FB-100126,UA - Lookalike - 1% | iOS | EU | Carousel,21467,776,378.92,137
2025-10-13,Facebook Ads,FB-100127,UA - Retargeting - Value | iOS | MENA | Video,7588,114,39.99,23
2025-10-13,Facebook Ads,FB-100128,UA - Retargeting - Value | Android | EU | UGC,18831,402,180.14,60
2025-10-13,Facebook Ads,FB-100129,UA - Lookalike - 5% | Android | US | UGC,22379,810,392.69,41
2025-10-13,Facebook Ads,FB-100130,UA - Lookalike - 5% | iOS | MENA | UGC,28464,1345,340.02,97
2025-10-13,Facebook Ads,FB-100131,UA - Lookalike - 5% | Android | EU | UGC,22549,752,263.58,159
2025-10-13,Facebook Ads,FB-100132,UA - Lookalike - 5% | Android | MENA | UGC,19088,835,355.46,134
2025-10-13,Facebook Ads,FB-100133,UA - Lookalike - 5% | Android | LATAM | Carousel,18057,730,260.32,149
2025-10-13,Facebook Ads,FB-100134,UA - Retargeting - Value | iOS | MENA | Playables,7443,172,61.99,28
2025-10-13,Facebook Ads,FB-100135,UA - Lookalike - 5% | iOS | EU | Carousel,8972,434,206.41,40
2025-10-13,Facebook Ads,FB-100136,UA - Lookalike - 1% | iOS | US | UGC,14214,580,243.08,89
2025-10-13,Facebook Ads,FB-100137,UA - Retargeting - Value | iOS | EU | UGC,7079,111,49.33,12
2025-10-13,Facebook Ads,FB-100138,UA - Prospecting - Broad | Android | APAC | Playables,10894,313,61.16,35
2025-10-13,Facebook Ads,FB-100139,UA - Lookalike - 5% | Android | APAC | Static,10308,408,116.28,62
2025-10-13,Facebook Ads,FB-100140,UA - Lookalike - 5% | Android | US | Carousel,26117,689,312.19,84
2025-10-13,Facebook Ads,FB-100141,UA - Lookalike - 1% | iOS | EU | UGC,16813,839,442.91,62
2025-10-13,Facebook Ads,FB-100142,UA - Lookalike - 5% | iOS | APAC | Carousel,17761,376,146.08,24
2025-10-13,Facebook Ads,FB-100143,UA - Prospecting - Broad | iOS | US | UGC,16623,435,211.37,21
2025-10-13,Facebook Ads,FB-100144,UA - Prospecting - Broad | Android | LATAM | Static,18521,707,305.49,54
2025-10-13,Facebook Ads,FB-100145,UA - Retargeting - Value | Android | US | Static,6497,73,29.4,12
2025-10-13,Facebook Ads,FB-100146,UA - Retargeting - Value | Android | MENA | Static,13302,406,102.11,74
2025-10-13,Facebook Ads,FB-100147,UA - Retargeting - Value | Android | APAC | Video,14269,220,93.74,33
2025-10-13,Facebook Ads,FB-100148,UA - Retargeting - Value | iOS | LATAM | Carousel,10751,240,128.47,51
2025-10-13,Facebook Ads,FB-100149,UA - Prospecting - Broad | Android | EU | Carousel,18831,586,188.81,83
2025-10-13,Facebook Ads,FB-100150,UA - Lookalike - 5% | Android | LATAM | Playables,22219,1051,235.21,166
2025-10-13,Facebook Ads,FB-100151,UA - Retargeting - Value | iOS | EU | Video,10541,154,87.73,24
2025-10-13,Facebook Ads,FB-100152,UA - Prospecting - Broad | Android | LATAM | Playables,10658,300,131.88,49
2025-10-13,Facebook Ads,FB-100153,UA - Lookalike - 5% | Android | LATAM | Playables,24019,676,177.92,129
2025-10-13,Facebook Ads,FB-100154,UA - Lookalike - 1% | iOS | US | Playables,32866,1380,377.84,244
2025-10-13,Facebook Ads,FB-100155,UA - Prospecting - Broad | Android | APAC | UGC,17513,366,116.35,19
2025-10-13,Facebook Ads,FB-100156,UA - Retargeting - Value | iOS | LATAM | UGC,11996,224,79.72,18
2025-10-13,Facebook Ads,FB-100157,UA - Lookalike - 1% | iOS | EU | Playables,38365,1113,280.36,94
2025-10-13,Facebook Ads,FB-100158,UA - Lookalike - 1% | iOS | APAC | UGC,20568,880,367.22,72
2025-10-13,Facebook Ads,FB-100159,UA - Lookalike - 1% | iOS | EU | Video,20457,552,148.54,26
2025-10-13,Facebook Ads,FB-100160,UA - Lookalike - 5% | iOS | EU | UGC,11039,447,134.82,61
2025-10-13,Facebook Ads,FB-100161,UA - Lookalike - 1% | iOS | US | UGC,23347,876,429.5,159
2025-10-13,Facebook Ads,FB-100162,UA - Lookalike - 1% | Android | APAC | Static,20062,821,153.44,161
2025-10-13,Facebook Ads,FB-100163,UA - Lookalike - 1% | iOS | LATAM | Carousel,16817,474,167.51,88
2025-10-13,Facebook Ads,FB-100164,UA - Prospecting - Broad | Android | MENA | Static,32614,1141,208.92,230
2025-10-13,Facebook Ads,FB-100165,UA - Retargeting - Value | Android | APAC | UGC,16749,242,100.28,56
2025-10-13,Facebook Ads,FB-100166,UA - Prospecting - Broad | iOS | APAC | UGC,18382,518,165.86,91
2025-10-13,Facebook Ads,FB-100167,UA - Lookalike - 5% | Android | LATAM | Static,15057,481,125.88,62
2025-10-13,Facebook Ads,FB-100168,UA - Lookalike - 1% | Android | LATAM | Playables,22033,673,102.63,110
2025-10-13,Facebook Ads,FB-100169,UA - Lookalike - 1% | iOS | MENA | Playables,17493,578,172.76,48
2025-10-13,Facebook Ads,FB-100170,UA - Lookalike - 1% | iOS | MENA | Carousel,12073,420,100.93,52
2025-10-13,Facebook Ads,FB-100171,UA - Lookalike - 1% | iOS | LATAM | Carousel,14693,620,150.35,19
2025-10-13,Facebook Ads,FB-100172,UA - Lookalike - 1% | Android | US | Static,40363,1013,453.93,131
2025-10-13,Facebook Ads,FB-100173,UA - Retargeting - Value | Android | MENA | Static,15172,387,100.77,59
2025-10-13,Facebook Ads,FB-100174,UA - Lookalike - 1% | Android | APAC | Carousel,12987,355,138.45,23
2025-10-13,Facebook Ads,FB-100175,UA - Retargeting - Value | Android | EU | Carousel,15278,163,76.61,39
2025-10-13,Facebook Ads,FB-100176,UA - Prospecting - Broad | iOS | EU | Carousel,28205,853,384.36,75
2025-10-13,Facebook Ads,FB-100177,UA - Prospecting - Broad | Android | LATAM | Video,13378,400,104.6,63
2025-10-13,Facebook Ads,FB-100178,UA - Prospecting - Broad | iOS | EU | UGC,19872,660,350.39,52
2025-10-13,Facebook Ads,FB-100179,UA - Lookalike - 5% | Android | MENA | Carousel,21966,1057,462.23,210
2025-10-13,Facebook Ads,FB-100180,UA - Retargeting - Value | iOS | APAC | Carousel,14140,218,91.39,30
2025-10-13,Facebook Ads,FB-100181,UA - Prospecting - Broad | Android | LATAM | UGC,20665,921,361.4,121
2025-10-13,Facebook Ads,FB-100182,UA - Prospecting - Broad | Android | APAC | UGC,10884,185,64.01,36
2025-10-13,Facebook Ads,FB-100183,UA - Lookalike - 1% | Android | EU | Static,17565,716,272.08,127
2025-10-13,Facebook Ads,FB-100184,UA - Lookalike - 5% | Android | EU | Video,15430,505,192.3,79
2025-10-13,Facebook Ads,FB-100185,UA - Lookalike - 5% | Android | MENA | UGC,22174,705,293.0,147
2025-10-13,Facebook Ads,FB-100186,UA - Lookalike - 5% | iOS | LATAM | Playables,21954,827,212.87,92
2025-10-13,Facebook Ads,FB-100187,UA - Prospecting - Broad | iOS | MENA | Playables,11471,203,94.05,8
2025-10-13,Facebook Ads,FB-100188,UA - Lookalike - 1% | Android | EU | Static,33390,1348,672.65,139
2025-10-13,Facebook Ads,FB-100189,UA - Retargeting - Value | Android | EU | Static,16588,87,40.19,17
2025-10-13,Facebook Ads,FB-100190,UA - Lookalike - 5% | Android | EU | Video,24513,545,115.76,52
2025-10-13,Facebook Ads,FB-100191,UA - Lookalike - 1% | iOS | MENA | UGC,13788,401,198.86,30
2025-10-13,Facebook Ads,FB-100192,UA - Lookalike - 1% | Android | EU | Carousel,16448,640,173.25,55
2025-10-13,Facebook Ads,FB-100193,UA - Lookalike - 1% | iOS | US | Static,24216,621,179.72,32
2025-10-13,Facebook Ads,FB-100194,UA - Retargeting - Value | Android | APAC | Video,14147,280,96.32,65
2025-10-13,Facebook Ads,FB-100195,UA - Prospecting - Broad | Android | LATAM | Static,18192,422,83.51,27
2025-10-13,Facebook Ads,FB-100196,UA - Lookalike - 1% | Android | EU | Carousel,15720,488,208.86,86
2025-10-13,Facebook Ads,FB-100197,UA - Lookalike - 1% | iOS | US | UGC,24855,881,446.23,122
2025-10-13,Facebook Ads,FB-100198,UA - Lookalike - 5% | iOS | LATAM | Playables,21278,618,269.63,27
2025-10-13,Facebook Ads,FB-100199,UA - Prospecting - Broad | iOS | US | Playables,20058,703,212.45,95
2025-10-13,Facebook Ads,FB-100200,UA - Lookalike - 1% | iOS | LATAM | Playables,18118,704,187.4,73
2025-10-13,Facebook Ads,FB-100201,UA - Prospecting - Broad | Android | US | Static,12003,225,69.1,45
2025-10-13,Facebook Ads,FB-100202,UA - Retargeting - Value | iOS | MENA | Video,9327,96,40.02,13
2025-10-13,Facebook Ads,FB-100203,UA - Lookalike - 1% | iOS | MENA | UGC,39698,1745,651.06,310
2025-10-13,Facebook Ads,FB-100204,UA - Lookalike - 5% | Android | MENA | UGC,30802,935,402.14,62
2025-10-13,Facebook Ads,FB-100205,UA - Lookalike - 5% | Android | APAC | Carousel,9101,250,41.3,19
2025-10-13,Facebook Ads,FB-100206,UA - Retargeting - Value | iOS | LATAM | Video,9344,97,37.48,14
2025-10-13,Facebook Ads,FB-100207,UA - Lookalike - 1% | iOS | APAC | UGC,13926,307,73.53,54
2025-10-13,Facebook Ads,FB-100208,UA - Lookalike - 5% | iOS | MENA | Video,16725,829,252.02,59
2025-10-13,Facebook Ads,FB-100209,UA - Lookalike - 1% | Android | LATAM | Carousel,16935,806,350.37,150
2025-10-13,Facebook Ads,FB-100210,UA - Prospecting - Broad | Android | APAC | Playables,11330,181,77.43,19
2025-10-13,Facebook Ads,FB-100211,UA - Retargeting - Value | iOS | APAC | Video,4677,29,14.94,6
2025-10-13,Facebook Ads,FB-100212,UA - Lookalike - 5% | iOS | MENA | UGC,17321,774,328.64,97
2025-10-13,Facebook Ads,FB-100213,UA - Retargeting - Value | Android | EU | Carousel,16417,159,83.95,39
2025-10-13,Facebook Ads,FB-100214,UA - Prospecting - Broad | iOS | APAC | UGC,23528,664,275.76,40
2025-10-13,Facebook Ads,FB-100215,UA - Retargeting - Value | Android | MENA | Static,23713,479,246.59,79
2025-10-13,Facebook Ads,FB-100216,UA - Lookalike - 5% | iOS | MENA | Video,14630,529,164.84,19
2025-10-13,Facebook Ads,FB-100217,UA - Lookalike - 5% | Android | EU | Video,17105,559,218.12,41
2025-10-13,Facebook Ads,FB-100218,UA - Lookalike - 1% | Android | EU | UGC,13595,406,130.2,58
2025-10-13,Facebook Ads,FB-100219,UA - Lookalike - 5% | iOS | APAC | UGC,18875,923,365.78,65
2025-10-13,Facebook Ads,FB-100220,UA - Retargeting - Value | Android | APAC | Playables,14155,231,102.7,58
2025-10-13,Facebook Ads,FB-100221,UA - Retargeting - Value | iOS | EU | Playables,14758,489,284.3,62
2025-10-13,Facebook Ads,FB-100222,UA - Lookalike - 1% | Android | LATAM | UGC,13278,390,174.1,24
2025-10-13,Facebook Ads,FB-100223,UA - Lookalike - 1% | iOS | US | Carousel,19458,881,352.31,111
2025-10-13,Facebook Ads,FB-100224,UA - Lookalike - 5% | iOS | EU | UGC,24212,1057,268.27,172
2025-10-13,Facebook Ads,FB-100225,UA - Lookalike - 5% | iOS | LATAM | Playables,14793,608,203.25,50
2025-10-13,Facebook Ads,FB-100226,UA - Retargeting - Value | iOS | LATAM | Static,6905,52,24.4,5
2025-10-13,Facebook Ads,FB-100227,UA - Prospecting - Broad | iOS | EU | UGC,15418,387,152.48,46
2025-10-13,Facebook Ads,FB-100228,UA - Lookalike - 5% | iOS | APAC | UGC,23462,760,214.24,59
2025-10-13,Facebook Ads,FB-100229,UA - Retargeting - Value | Android | APAC | Video,16917,398,155.86,72
2025-10-13,Facebook Ads,FB-100230,UA - Prospecting - Broad | iOS | US | UGC,13721,460,142.65,59
2025-10-13,Facebook Ads,FB-100231,UA - Lookalike - 5% | iOS | US | Static,16695,637,191.04,88
2025-10-13,Facebook Ads,FB-100232,UA - Lookalike - 1% | Android | US | UGC,26218,834,200.08,78
2025-10-13,Facebook Ads,FB-100233,UA - Prospecting - Broad | iOS | MENA | UGC,14619,478,142.68,58
2025-10-13,Facebook Ads,FB-100234,UA - Lookalike - 1% | iOS | MENA | UGC,13520,575,184.52,84
2025-10-13,Facebook Ads,FB-100235,UA - Prospecting - Broad | iOS | MENA | Video,10533,207,60.24,19
2025-10-13,Facebook Ads,FB-100236,UA - Prospecting - Broad | Android | LATAM | Static,20728,820,290.28,111
2025-10-13,Facebook Ads,FB-100237,UA - Lookalike - 5% | iOS | US | Video,39391,1826,863.7,335
2025-10-13,Facebook Ads,FB-100238,UA - Prospecting - Broad | Android | LATAM | Video,14016,279,81.75,19
2025-10-13,Facebook Ads,FB-100239,UA - Lookalike - 1% | iOS | US | Carousel,27339,1208,583.95,103
2025-10-13,Facebook Ads,FB-100240,UA - Retargeting - Value | iOS | APAC | Static,19160,602,347.05,126
2025-10-13,Facebook Ads,FB-100241,UA - Retargeting - Value | iOS | MENA | Static,9406,252,96.04,25
2025-10-13,Facebook Ads,FB-100242,UA - Lookalike - 5% | Android | US | Playables,19675,647,206.59,37
2025-10-13,Facebook Ads,FB-100243,UA - Retargeting - Value | Android | APAC | Playables,25826,705,194.65,69
2025-10-13,Facebook Ads,FB-100244,UA - Lookalike - 5% | Android | APAC | Carousel,22659,955,292.23,132
2025-10-13,Facebook Ads,FB-100245,UA - Lookalike - 1% | iOS | US | UGC,12961,364,118.37,66
2025-10-13,Facebook Ads,FB-100246,UA - Lookalike - 1% | Android | US | UGC,34056,1371,530.3,87
2025-10-13,Facebook Ads,FB-100247,UA - Lookalike - 5% | iOS | APAC | Carousel,14101,620,166.72,50
2025-10-13,Facebook Ads,FB-100248,UA - Lookalike - 5% | iOS | EU | UGC,16348,376,121.94,13
2025-10-13,Facebook Ads,FB-100249,UA - Lookalike - 1% | Android | EU | UGC,15553,507,111.74,37
2025-10-13,Facebook Ads,FB-100250,UA - Lookalike - 5% | iOS | LATAM | Video,7075,194,95.23,23
2025-10-13,Facebook Ads,FB-100251,UA - Prospecting - Broad | iOS | US | Playables,16791,332,162.65,10
2025-10-13,Facebook Ads,FB-100252,UA - Lookalike - 1% | iOS | LATAM | Static,28866,785,180.39,43
2025-10-13,Facebook Ads,FB-100253,UA - Lookalike - 1% | Android | EU | Playables,21783,693,296.6,60
2025-10-13,Facebook Ads,FB-100254,UA - Lookalike - 1% | Android | US | Video,21740,464,126.81,66
2025-10-13,Facebook Ads,FB-100255,UA - Lookalike - 1% | iOS | US | Playables,21562,503,219.66,66
2025-10-13,Facebook Ads,FB-100256,UA - Lookalike - 1% | Android | US | Carousel,21001,621,292.62,104
2025-10-13,Facebook Ads,FB-100257,UA - Retargeting - Value | iOS | EU | Static,7606,187,101.3,36
2025-10-13,Facebook Ads,FB-100258,UA - Lookalike - 1% | iOS | MENA | Playables,26586,1186,299.11,94
2025-10-13,Facebook Ads,FB-100259,UA - Lookalike - 1% | Android | LATAM | UGC,10805,470,142.46,85
2025-10-13,Facebook Ads,FB-100260,UA - Prospecting - Broad | iOS | US | UGC,15286,513,145.74,95
2025-10-13,Facebook Ads,FB-100261,UA - Lookalike - 1% | Android | EU | UGC,14779,300,103.44,42
2025-10-13,Facebook Ads,FB-100262,UA - Lookalike - 1% | Android | APAC | Video,25342,1260,460.78,65
2025-10-13,Facebook Ads,FB-100263,UA - Lookalike - 1% | Android | APAC | Carousel,21329,827,264.97,57
2025-10-13,Facebook Ads,FB-100264,UA - Retargeting - Value | iOS | LATAM | Video,10973,338,189.65,35
2025-10-13,Facebook Ads,FB-100265,UA - Lookalike - 1% | iOS | US | Playables,16590,671,319.53,41
2025-10-13,Facebook Ads,FB-100266,UA - Lookalike - 1% | Android | US | UGC,32445,734,171.39,91
2025-10-13,Facebook Ads,FB-100267,UA - Prospecting - Broad | iOS | US | Static,9508,414,196.03,20
2025-10-13,Facebook Ads,FB-100268,UA - Prospecting - Broad | Android | LATAM | UGC,18302,552,101.51,62
2025-10-13,Facebook Ads,FB-100269,UA - Retargeting - Value | Android | EU | Playables,8845,153,52.13,29
2025-10-13,Facebook Ads,FB-100270,UA - Lookalike - 5% | iOS | APAC | Carousel,14373,360,119.77,58
2025-10-13,Facebook Ads,FB-100271,UA - Lookalike - 5% | Android | APAC | Video,23295,524,186.39,109
2025-10-13,Facebook Ads,FB-100272,UA - Lookalike - 1% | iOS | LATAM | Video,18754,820,183.11,97
2025-10-13,Facebook Ads,FB-100273,UA - Retargeting - Value | Android | APAC | UGC,12373,227,110.91,20
2025-10-13,Facebook Ads,FB-100274,UA - Lookalike - 1% | iOS | US | Carousel,12602,275,133.24,31
2025-10-13,Facebook Ads,FB-100275,UA - Retargeting - Value | Android | APAC | Carousel,15564,81,36.17,10
2025-10-13,Facebook Ads,FB-100276,UA - Retargeting - Value | Android | APAC | Video,12259,404,129.16,58
2025-10-13,Facebook Ads,FB-100277,UA - Retargeting - Value | Android | US | Carousel,13879,253,110.41,48
2025-10-13,Facebook Ads,FB-100278,UA - Prospecting - Broad | Android | MENA | Static,18561,749,235.26,60
2025-10-13,Facebook Ads,FB-100279,UA - Retargeting - Value | Android | MENA | Static,13567,93,28.64,8
2025-10-13,Facebook Ads,FB-100280,UA - Prospecting - Broad | iOS | EU | Playables,25038,405,104.81,28
2025-10-13,Facebook Ads,FB-100281,UA - Lookalike - 1% | iOS | EU | Static,22094,864,431.65,151
2025-10-13,Facebook Ads,FB-100282,UA - Retargeting - Value | Android | US | Video,17583,373,216.97,87
2025-10-13,Facebook Ads,FB-100283,UA - Lookalike - 1% | Android | LATAM | Static,22015,1069,362.6,69
2025-10-13,Facebook Ads,FB-100284,UA - Prospecting - Broad | Android | EU | Carousel,30826,1021,298.54,92
2025-10-13,Facebook Ads,FB-100285,UA - Prospecting - Broad | Android | APAC | Playables,21932,761,141.62,38
2025-10-13,Facebook Ads,FB-100286,UA - Lookalike - 1% | Android | APAC | UGC,17617,721,216.3,121
2025-10-13,Facebook Ads,FB-100287,UA - Retargeting - Value | Android | APAC | Playables,26863,827,238.84,153
2025-10-13,Facebook Ads,FB-100288,UA - Lookalike - 5% | Android | MENA | Carousel,21645,707,176.26,147
2025-10-13,Facebook Ads,FB-100289,UA - Lookalike - 5% | Android | US | UGC,22506,477,221.95,77
2025-10-13,Facebook Ads,FB-100290,UA - Lookalike - 5% | iOS | US | UGC,23770,835,249.33,90
2025-10-13,Facebook Ads,FB-100291,UA - Retargeting - Value | Android | US | Carousel,11640,78,44.87,15
2025-10-13,Facebook Ads,FB-100292,UA - Lookalike - 1% | Android | EU | Carousel,13742,372,153.49,50
2025-10-13,Facebook Ads,FB-100293,UA - Lookalike - 1% | iOS | MENA | Playables,15255,706,181.51,96
2025-10-13,Facebook Ads,FB-100294,UA - Lookalike - 5% | iOS | MENA | Playables,30594,845,395.71,113
2025-10-13,Facebook Ads,FB-100295,UA - Retargeting - Value | Android | US | Playables,13302,351,189.54,49
2025-10-13,Facebook Ads,FB-100296,UA - Lookalike - 5% | iOS | APAC | Static,15859,582,172.1,92
2025-10-13,Facebook Ads,FB-100297,UA - Lookalike - 5% | iOS | APAC | UGC,14054,535,195.76,66
2025-10-13,Facebook Ads,FB-100298,UA - Lookalike - 1% | Android | LATAM | UGC,22962,1129,462.89,215
2025-10-13,Facebook Ads,FB-100299,UA - Lookalike - 5% | iOS | LATAM | Static,22195,863,187.27,41
2025-10-13,Facebook Ads,FB-100300,UA - Prospecting - Broad | Android | US | Video,26818,509,158.96,80
2025-10-13,Facebook Ads,FB-100301,UA - Retargeting - Value | iOS | US | Carousel,16240,554,262.98,76
2025-10-13,Facebook Ads,FB-100302,UA - Lookalike - 1% | Android | MENA | Playables,23580,796,187.06,75
2025-10-13,Facebook Ads,FB-100303,UA - Lookalike - 5% | Android | APAC | Carousel,17036,792,342.94,66
2025-10-13,Facebook Ads,FB-100304,UA - Lookalike - 1% | Android | LATAM | Playables,25465,1188,272.65,259
2025-10-13,Facebook Ads,FB-100305,UA - Retargeting - Value | iOS | US | Playables,13793,405,218.5,64
2025-10-13,Facebook Ads,FB-100306,UA - Prospecting - Broad | Android | APAC | Static,13331,559,96.37,81
2025-10-13,Facebook Ads,FB-100307,UA - Prospecting - Broad | iOS | MENA | Carousel,21589,641,245.57,111
2025-10-13,Facebook Ads,FB-100308,UA - Lookalike - 5% | iOS | MENA | Static,38610,973,323.33,62
2025-10-13,Facebook Ads,FB-100309,UA - Prospecting - Broad | Android | MENA | Carousel,8584,355,93.15,53
2025-10-13,Facebook Ads,FB-100310,UA - Lookalike - 1% | Android | LATAM | Carousel,26273,619,161.31,130
2025-10-13,Facebook Ads,FB-100311,UA - Retargeting - Value | iOS | US | Static,12715,246,128.09,55
2025-10-13,Facebook Ads,FB-100312,UA - Prospecting - Broad | iOS | US | Static,19237,438,206.74,83
2025-10-13,Facebook Ads,FB-100313,UA - Lookalike - 5% | Android | MENA | Static,13104,421,101.04,89
2025-10-13,Facebook Ads,FB-100314,UA - Retargeting - Value | iOS | APAC | Carousel,25803,367,192.09,87
2025-10-13,Facebook Ads,FB-100315,UA - Prospecting - Broad | iOS | LATAM | Carousel,14486,223,72.74,32
2025-10-13,Facebook Ads,FB-100316,UA - Prospecting - Broad | Android | EU | Static,24907,554,184.93,51
2025-10-13,Facebook Ads,FB-100317,UA - Lookalike - 5% | Android | LATAM | UGC,13694,600,183.42,80
2025-10-13,Facebook Ads,FB-100318,UA - Lookalike - 5% | iOS | MENA | UGC,20506,885,293.2,79
2025-10-13,Facebook Ads,FB-100319,UA - Prospecting - Broad | iOS | EU | Playables,16329,246,115.15,12
2025-10-13,Facebook Ads,FB-100320,UA - Lookalike - 1% | iOS | APAC | Video,36867,1268,465.86,212
2025-10-13,Facebook Ads,FB-100321,UA - Prospecting - Broad | iOS | MENA | Carousel,20801,631,169.17,26
2025-10-13,Facebook Ads,FB-100322,UA - Prospecting - Broad | Android | APAC | Playables,29946,1003,239.32,103
2025-10-13,Facebook Ads,FB-100323,UA - Retargeting - Value | Android | EU | Carousel,16666,392,213.37,85
2025-10-13,Facebook Ads,FB-100324,UA - Lookalike - 1% | Android | LATAM | Carousel,31339,895,208.98,85
2025-10-13,Facebook Ads,FB-100325,UA - Lookalike - 5% | Android | US | UGC,16033,725,181.9,123
2025-10-13,Facebook Ads,FB-100326,UA - Retargeting - Value | Android | EU | UGC,10277,211,121.96,30
2025-10-13,Facebook Ads,FB-100327,UA - Prospecting - Broad | iOS | US | UGC,21145,935,418.79,129
2025-10-13,Facebook Ads,FB-100328,UA - Prospecting - Broad | iOS | US | UGC,16840,552,142.75,40
2025-10-13,Facebook Ads,FB-100329,UA - Lookalike - 5% | iOS | MENA | UGC,11796,462,210.03,30
2025-10-13,Facebook Ads,FB-100330,UA - Lookalike - 5% | iOS | LATAM | Video,16604,624,238.12,96
2025-10-13,Facebook Ads,FB-100331,UA - Lookalike - 5% | Android | LATAM | Static,18437,820,179.58,48
2025-10-13,Facebook Ads,FB-100332,UA - Prospecting - Broad | iOS | US | UGC,19491,500,207.75,44
2025-10-13,Facebook Ads,FB-100333,UA - Lookalike - 5% | Android | APAC | Playables,20399,930,256.4,102
2025-10-13,Facebook Ads,FB-100334,UA - Lookalike - 1% | Android | APAC | Carousel,25664,576,116.01,34
2025-10-13,Facebook Ads,FB-100335,UA - Prospecting - Broad | Android | LATAM | Static,15154,289,70.28,43
2025-10-13,Facebook Ads,FB-100336,UA - Retargeting - Value | Android | MENA | Playables,15272,343,92.03,51
2025-10-13,Facebook Ads,FB-100337,UA - Retargeting - Value | iOS | LATAM | Static,13941,225,90.2,46
2025-10-13,Facebook Ads,FB-100338,UA - Retargeting - Value | Android | EU | Carousel,11879,72,31.26,17
2025-10-13,Facebook Ads,FB-100339,UA - Prospecting - Broad | Android | MENA | Static,11317,279,116.85,34
2025-10-13,Facebook Ads,FB-100340,UA - Lookalike - 5% | Android | APAC | UGC,18239,775,193.05,61
2025-10-13,Facebook Ads,FB-100341,UA - Lookalike - 5% | iOS | LATAM | Static,10196,457,148.89,75
2025-10-13,Facebook Ads,FB-100342,UA - Lookalike - 1% | Android | APAC | UGC,24322,1108,449.4,166
2025-10-13,Facebook Ads,FB-100343,UA - Lookalike - 1% | iOS | MENA | Video,10114,410,186.26,42
2025-10-13,Facebook Ads,FB-100344,UA - Lookalike - 5% | Android | LATAM | UGC,11687,438,188.65,67
2025-10-13,Facebook Ads,FB-100345,UA - Lookalike - 1% | Android | US | Carousel,20041,604,127.69,30
2025-10-13,Facebook Ads,FB-100346,UA - Lookalike - 5% | Android | US | Playables,16466,469,152.19,82
2025-10-13,Facebook Ads,FB-100347,UA - Prospecting - Broad | iOS | MENA | Playables,7186,224,49.46,42
2025-10-13,Facebook Ads,FB-100348,UA - Lookalike - 1% | iOS | MENA | Static,16333,628,204.23,52
2025-10-13,Facebook Ads,FB-100349,UA - Prospecting - Broad | iOS | MENA | Static,11964,200,61.26,4
2025-10-14,Facebook Ads,FB-100000,UA - Retargeting - Value | Android | US | Carousel,14158,255,141.09,36
2025-10-14,Facebook Ads,FB-100001,UA - Prospecting - Broad | Android | EU | Video,17081,398,131.98,26
2025-10-14,Facebook Ads,FB-100002,UA - Prospecting - Broad | iOS | US | Video,11724,462,224.35,81
2025-10-14,Facebook Ads,FB-100003,UA - Prospecting - Broad | Android | EU | Playables,20253,619,185.45,76
2025-10-14,Facebook Ads,FB-100004,UA - Retargeting - Value | Android | MENA | UGC,14751,336,148.44,31
2025-10-14,Facebook Ads,FB-100005,UA - Prospecting - Broad | iOS | MENA | Carousel,19036,485,113.49,28
2025-10-14,Facebook Ads,FB-100006,UA - Lookalike - 1% | Android | APAC | Carousel,19469,520,125.27,42
2025-10-14,Facebook Ads,FB-100007,UA - Prospecting - Broad | Android | EU | Carousel,15815,459,226.84,33
2025-10-14,Facebook Ads,FB-100008,UA - Lookalike - 1% | Android | APAC | Video,21710,653,137.59,130
2025-10-14,Facebook Ads,FB-100009,UA - Prospecting - Broad | iOS | MENA | Carousel,9010,262,125.71,41
2025-10-14,Facebook Ads,FB-100010,UA - Lookalike - 5% | iOS | MENA | Video,20785,871,205.56,85
2025-10-14,Facebook Ads,FB-100011,UA - Lookalike - 1% | Android | MENA | Carousel,13477,523,177.77,70
2025-10-14,Facebook Ads,FB-100012,UA - Retargeting - Value | Android | US | Video,10063,307,131.24,30
2025-10-14,Facebook Ads,FB-100013,UA - Prospecting - Broad | iOS | US | Static,16761,660,308.48,110
2025-10-14,Facebook Ads,FB-100014,UA - Lookalike - 1% | iOS | LATAM | UGC,9432,331,98.57,28
2025-10-14,Facebook Ads,FB-100015,UA - Retargeting - Value | Android | LATAM | Carousel,4793,116,38.65,17
2025-10-14,Facebook Ads,FB-100016,UA - Retargeting - Value | iOS | US | Playables,14777,505,326.68,101
2025-10-14,Facebook Ads,FB-100017,UA - Lookalike - 5% | Android | EU | UGC,29558,1133,468.16,189
2025-10-14,Facebook Ads,FB-100018,UA - Lookalike - 1% | iOS | MENA | Static,20863,565,169.39,46
2025-10-14,Facebook Ads,FB-100019,UA - Lookalike - 1% | Android | EU | Video,25241,556,184.93,47
2025-10-14,Facebook Ads,FB-100020,UA - Retargeting - Value | iOS | LATAM | Video,11924,346,136.57,29
2025-10-14,Facebook Ads,FB-100021,UA - Lookalike - 5% | iOS | EU | UGC,14535,491,127.81,56
2025-10-14,Facebook Ads,FB-100022,UA - Retargeting - Value | iOS | EU | Carousel,10328,222,77.86,22
2025-10-14,Facebook Ads,FB-100023,UA - Lookalike - 1% | Android | MENA | Playables,24541,812,174.66,126
2025-10-14,Facebook Ads,FB-100024,UA - Lookalike - 1% | iOS | MENA | UGC,24541,1077,490.68,107
2025-10-14,Facebook Ads,FB-100025,UA - Lookalike - 5% | Android | EU | Playables,18773,676,199.62,96
2025-10-14,Facebook Ads,FB-100026,UA - Retargeting - Value | Android | US | Video,16766,345,138.03,57
2025-10-14,Facebook Ads,FB-100027,UA - Prospecting - Broad | Android | APAC | Playables,34125,807,353.55,110
2025-10-14,Facebook Ads,FB-100028,UA - Lookalike - 5% | iOS | APAC | Playables,18521,607,156.42,21
2025-10-14,Facebook Ads,FB-100029,UA - Prospecting - Broad | iOS | MENA | Video,32854,894,248.71,157
2025-10-14,Facebook Ads,FB-100030,UA - Lookalike - 1% | iOS | LATAM | Video,19026,622,154.63,75
2025-10-14,Facebook Ads,FB-100031,UA - Prospecting - Broad | iOS | EU | UGC,7264,195,76.87,36
2025-10-14,Facebook Ads,FB-100032,UA - Prospecting - Broad | iOS | MENA | Static,15332,380,87.44,7
2025-10-14,Facebook Ads,FB-100033,UA - Retargeting - Value | iOS | MENA | Playables,6330,115,65.56,10
2025-10-14,Facebook Ads,FB-100034,UA - Prospecting - Broad | Android | LATAM | Static,14188,439,146.85,55
2025-10-14,Facebook Ads,FB-100035,UA - Prospecting - Broad | iOS | APAC | Video,9031,353,126.59,16
2025-10-14,Facebook Ads,FB-100036,UA - Prospecting - Broad | iOS | LATAM | Static,17996,295,60.89,20
2025-10-14,Facebook Ads,FB-100037,UA - Prospecting - Broad | Android | MENA | Video,11119,186,53.96,37
2025-10-14,Facebook Ads,FB-100038,UA - Retargeting - Value | iOS | US | Playables,8330,71,41.18,14
2025-10-14,Facebook Ads,FB-100039,UA - Retargeting - Value | Android | APAC | Playables,16899,575,159.16,115
2025-10-14,Facebook Ads,FB-100040,UA - Lookalike - 5% | iOS | MENA | Playables,16723,771,226.37,95
2025-10-14,Facebook Ads,FB-100041,UA - Lookalike - 1% | Android | MENA | Static,21462,513,150.46,61
2025-10-14,Facebook Ads,FB-100042,UA - Lookalike - 5% | iOS | LATAM | UGC,14944,652,252.39,56
2025-10-14,Facebook Ads,FB-100043,UA - Prospecting - Broad | Android | EU | Static,14090,485,170.67,22
2025-10-14,Facebook Ads,FB-100044,UA - Retargeting - Value | iOS | US | Playables,8163,160,97.79,19
2025-10-14,Facebook Ads,FB-100045,UA - Prospecting - Broad | Android | US | Video,15712,464,165.74,35
2025-10-14,Facebook Ads,FB-100046,UA - Lookalike - 1% | Android | US | Video,28339,788,310.55,156
2025-10-14,Facebook Ads,FB-100047,UA - Lookalike - 1% | Android | MENA | Static,13592,558,196.08,31
2025-10-14,Facebook Ads,FB-100048,UA - Retargeting - Value | iOS | EU | Playables,5553,119,51.41,28
2025-10-14,Facebook Ads,FB-100049,UA - Lookalike - 5% | iOS | EU | UGC,11206,492,184.55,67
2025-10-14,Facebook Ads,FB-100050,UA - Lookalike - 5% | Android | US | Video,17042,564,208.34,76
2025-10-14,Facebook Ads,FB-100051,UA - Lookalike - 5% | iOS | APAC | UGC,16502,801,280.59,39
2025-10-14,Facebook Ads,FB-100052,UA - Lookalike - 5% | Android | US | Video,15723,322,147.28,45
2025-10-14,Facebook Ads,FB-100053,UA - Retargeting - Value | iOS | US | Static,10335,81,29.68,10
2025-10-14,Facebook Ads,FB-100054,UA - Retargeting - Value | Android | MENA | UGC,15616,130,66.27,16
2025-10-14,Facebook Ads,FB-100055,UA - Lookalike - 5% | iOS | EU | Carousel,24280,815,245.89,144
2025-10-14,Facebook Ads,FB-100056,UA - Prospecting - Broad | Android | US | UGC,31433,1073,517.72,131
2025-10-14,Facebook Ads,FB-100057,UA - Prospecting - Broad | Android | MENA | Video,13721,472,158.17,55
2025-10-14,Facebook Ads,FB-100058,UA - Lookalike - 5% | Android | EU | UGC,20445,466,152.52,94
2025-10-14,Facebook Ads,FB-100059,UA - Prospecting - Broad | iOS | EU | UGC,8866,203,106.07,12
2025-10-14,Facebook Ads,FB-100060,UA - Lookalike - 5% | Android | APAC | Video,18726,582,162.38,57
2025-10-14,Facebook Ads,FB-100061,UA - Lookalike - 5% | iOS | APAC | Carousel,32276,784,369.19,78
2025-10-14,Facebook Ads,FB-100062,UA - Lookalike - 1% | iOS | EU | Static,27902,1037,534.06,178
2025-10-14,Facebook Ads,FB-100063,UA - Prospecting - Broad | Android | US | Playables,23584,533,187.51,96
2025-10-14,Facebook Ads,FB-100064,UA - Lookalike - 5% | iOS | US | Video,20399,771,408.09,119
2025-10-14,Facebook Ads,FB-100065,UA - Prospecting - Broad | Android | US | Playables,12628,347,142.79,42
2025-10-14,Facebook Ads,FB-100066,UA - Prospecting - Broad | Android | US | Playables,27283,412,103.45,65
2025-10-14,Facebook Ads,FB-100067,UA - Retargeting - Value | Android | APAC | Video,6825,106,38.75,19
2025-10-14,Facebook Ads,FB-100068,UA - Lookalike - 5% | Android | MENA | Video,22249,615,114.94,102
2025-10-14,Facebook Ads,FB-100069,UA - Lookalike - 1% | iOS | LATAM | Static,14466,441,211.19,78
2025-10-14,Facebook Ads,FB-100070,UA - Retargeting - Value | Android | LATAM | UGC,10543,338,135.54,33
2025-10-14,Facebook Ads,FB-100071,UA - Prospecting - Broad | iOS | APAC | Carousel,21518,433,88.33,20
2025-10-14,Facebook Ads,FB-100072,UA - Prospecting - Broad | Android | APAC | Playables,29859,1036,221.29,134
2025-10-14,Facebook Ads,FB-100073,UA - Lookalike - 1% | Android | MENA | Static,21997,750,214.05,68
2025-10-14,Facebook Ads,FB-100074,UA - Retargeting - Value | Android | LATAM | Video,11770,212,92.07,51
2025-10-14,Facebook Ads,FB-100075,UA - Lookalike - 5% | iOS | LATAM | Static,12308,557,238.79,67
2025-10-14,Facebook Ads,FB-100076,UA - Prospecting - Broad | iOS | MENA | Playables,13622,439,123.14,54
2025-10-14,Facebook Ads,FB-100077,UA - Lookalike - 1% | iOS | US | Static,16118,630,251.06,124
2025-10-14,Facebook Ads,FB-100078,UA - Retargeting - Value | Android | US | Playables,7270,167,94.02,40
2025-10-14,Facebook Ads,FB-100079,UA - Retargeting - Value | iOS | LATAM | Playables,11160,202,90.98,40
2025-10-14,Facebook Ads,FB-100080,UA - Lookalike - 5% | iOS | EU | Carousel,15506,716,282.89,94
2025-10-14,Facebook Ads,FB-100081,UA - Lookalike - 5% | iOS | US | Video,9876,361,148.08,22
2025-10-14,Facebook Ads,FB-100082,UA - Lookalike - 1% | iOS | US | Video,30185,1067,300.47,105
2025-10-14,Facebook Ads,FB-100083,UA - Lookalike - 5% | Android | LATAM | Static,16157,388,64.99,27
2025-10-14,Facebook Ads,FB-100084,UA - Prospecting - Broad | iOS | MENA | Video,15603,642,312.33,20
2025-10-14,Facebook Ads,FB-100085,UA - Prospecting - Broad | Android | EU | Playables,11118,247,85.26,48
2025-10-14,Facebook Ads,FB-100086,UA - Retargeting - Value | iOS | MENA | Playables,15222,114,57.24,22
2025-10-14,Facebook Ads,FB-100087,UA - Lookalike - 1% | iOS | EU | Video,12499,518,184.41,41
2025-10-14,Facebook Ads,FB-100088,UA - Retargeting - Value | iOS | US | Carousel,7873,112,71.19,18
2025-10-14,Facebook Ads,FB-100089,UA - Lookalike - 5% | Android | US | Carousel,11738,353,138.2,50
2025-10-14,Facebook Ads,FB-100090,UA - Retargeting - Value | Android | EU | Static,14720,423,157.95,41
2025-10-14,Facebook Ads,FB-100091,UA - Lookalike - 1% | iOS | US | Static,17153,360,124.88,40
2025-10-14,Facebook Ads,FB-100092,UA - Retargeting - Value | iOS | EU | Carousel,13687,321,162.75,24
2025-10-14,Facebook Ads,FB-100093,UA - Lookalike - 5% | Android | APAC | Video,20220,930,257.42,109
2025-10-14,Facebook Ads,FB-100094,UA - Lookalike - 1% | Android | EU | UGC,17302,549,262.97,90
2025-10-14,Facebook Ads,FB-100095,UA - Prospecting - Broad | iOS | EU | Static,17472,380,207.37,11
2025-10-14,Facebook Ads,FB-100096,UA - Lookalike - 1% | Android | APAC | Carousel,20056,518,79.25,104
2025-10-14,Facebook Ads,FB-100097,UA - Lookalike - 5% | Android | LATAM | Carousel,12500,546,190.83,43
2025-10-14,Facebook Ads,FB-100098,UA - Lookalike - 1% | iOS | US | Video,40317,1401,566.14,119
2025-10-14,Facebook Ads,FB-100099,UA - Prospecting - Broad | Android | MENA | Carousel,16659,671,224.65,34
2025-10-14,Facebook Ads,FB-100100,UA - Lookalike - 1% | Android | MENA | UGC,17836,675,268.58,53
2025-10-14,Facebook Ads,FB-100101,UA - Prospecting - Broad | iOS | APAC | Playables,19583,746,206.49,29
2025-10-14,Facebook Ads,FB-100102,UA - Lookalike - 1% | iOS | MENA | Static,13564,391,168.64,36
2025-10-14,Facebook Ads,FB-100103,UA - Retargeting - Value | Android | APAC | Video,6783,194,69.51,26
2025-10-14,Facebook Ads,FB-100104,UA - Lookalike - 1% | iOS | APAC | Video,22276,937,263.2,96
2025-10-14,Facebook Ads,FB-100105,UA - Lookalike - 1% | iOS | US | Carousel,11956,325,163.38,29
2025-10-14,Facebook Ads,FB-100106,UA - Lookalike - 1% | iOS | LATAM | UGC,20816,568,197.61,20
2025-10-14,Facebook Ads,FB-100107,UA - Lookalike - 5% | Android | EU | UGC,15023,314,117.53,54
2025-10-14,Facebook Ads,FB-100108,UA - Lookalike - 1% | Android | MENA | Playables,31056,1334,596.83,226
2025-10-14,Facebook Ads,FB-100109,UA - Lookalike - 1% | iOS | MENA | Video,11604,512,159.95,51
2025-10-14,Facebook Ads,FB-100110,UA - Lookalike - 1% | iOS | EU | UGC,17233,803,363.92,159
2025-10-14,Facebook Ads,FB-100111,UA - Retargeting - Value | iOS | APAC | UGC,12299,406,142.06,40
2025-10-14,Facebook Ads,FB-100112,UA - Lookalike - 1% | iOS | EU | Video,24216,685,327.57,66
2025-10-14,Facebook Ads,FB-100113,UA - Lookalike - 1% | iOS | US | Static,20950,603,314.28,115
2025-10-14,Facebook Ads,FB-100114,UA - Prospecting - Broad | Android | EU | Static,16879,655,188.97,77
2025-10-14,Facebook Ads,FB-100115,UA - Prospecting - Broad | Android | EU | UGC,15251,504,197.11,51
2025-10-14,Facebook Ads,FB-100116,UA - Retargeting - Value | iOS | APAC | Playables,21909,644,272.99,93
2025-10-14,Facebook Ads,FB-100117,UA - Retargeting - Value | iOS | APAC | UGC,11610,203,74.64,34
2025-10-14,Facebook Ads,FB-100118,UA - Lookalike - 5% | Android | US | Video,21230,839,174.85,142
2025-10-14,Facebook Ads,FB-100119,UA - Lookalike - 5% | Android | EU | Playables,23084,722,359.77,42
2025-10-14,Facebook Ads,FB-100120,UA - Prospecting - Broad | Android | MENA | Static,16970,352,146.12,40
2025-10-14,Facebook Ads,FB-100121,UA - Lookalike - 1% | iOS | EU | UGC,21846,677,186.58,59
2025-10-14,Facebook Ads,FB-100122,UA - Lookalike - 5% | iOS | MENA | Playables,12615,568,231.86,82
2025-10-14,Facebook Ads,FB-100123,UA - Lookalike - 5% | iOS | EU | UGC,12667,453,241.54,53
2025-10-14,Facebook Ads,FB-100124,UA - Lookalike - 5% | iOS | EU | Carousel,18941,842,350.44,60
2025-10-14,Facebook Ads,FB-100125,UA - Prospecting - Broad | Android | LATAM | UGC,15305,281,47.77,19
2025-10-14,Facebook Ads,FB-100126,UA - Lookalike - 1% | iOS | EU | Carousel,5817,271,146.29,28
2025-10-14,Facebook Ads,FB-100127,UA - Retargeting - Value | iOS | MENA | Video,11281,81,42.31,18
2025-10-14,Facebook Ads,FB-100128,UA - Retargeting - Value | Android | EU | UGC,20116,343,135.97,83
2025-10-14,Facebook Ads,FB-100129,UA - Lookalike - 5% | Android | US | UGC,15431,651,131.18,60
2025-10-14,Facebook Ads,FB-100130,UA - Lookalike - 5% | iOS | MENA | UGC,24658,1163,393.68,111
2025-10-14,Facebook Ads,FB-100131,UA - Lookalike - 5% | Android | EU | UGC,17127,687,230.56,96
2025-10-14,Facebook Ads,FB-100132,UA - Lookalike - 5% | Android | MENA | UGC,21254,528,227.73,113
2025-10-14,Facebook Ads,FB-100133,UA - Lookalike - 5% | Android | LATAM | Carousel,17347,566,86.99,34
2025-10-14,Facebook Ads,FB-100134,UA - Retargeting - Value | iOS | MENA | Playables,11036,338,180.59,65
2025-10-14,Facebook Ads,FB-100135,UA - Lookalike - 5% | iOS | EU | Carousel,13142,641,324.03,27
2025-10-14,Facebook Ads,FB-100136,UA - Lookalike - 1% | iOS | US | UGC,15931,634,346.16,26
2025-10-14,Facebook Ads,FB-100137,UA - Retargeting - Value | iOS | EU | UGC,8610,269,147.33,61
2025-10-14,Facebook Ads,FB-100138,UA - Prospecting - Broad | Android | APAC | Playables,32903,555,154.07,115
2025-10-14,Facebook Ads,FB-100139,UA - Lookalike - 5% | Android | APAC | Static,36733,1200,364.08,141
2025-10-14,Facebook Ads,FB-100140,UA - Lookalike - 5% | Android | US | Carousel,20972,860,330.24,77
2025-10-14,Facebook Ads,FB-100141,UA - Lookalike - 1% | iOS | EU | UGC,15369,337,160.45,26
2025-10-14,Facebook Ads,FB-100142,UA - Lookalike - 5% | iOS | APAC | Carousel,24144,1110,415.25,92
2025-10-14,Facebook Ads,FB-100143,UA - Prospecting - Broad | iOS | US | UGC,20116,475,132.43,80
2025-10-14,Facebook Ads,FB-100144,UA - Prospecting - Broad | Android | LATAM | Static,28390,673,186.82,128
2025-10-14,Facebook Ads,FB-100145,UA - Retargeting - Value | Android | US | Static,10217,341,157.88,79
2025-10-14,Facebook Ads,FB-100146,UA - Retargeting - Value | Android | MENA | Static,16981,315,114.25,34
2025-10-14,Facebook Ads,FB-100147,UA - Retargeting - Value | Android | APAC | Video,7642,101,46.32,14
2025-10-14,Facebook Ads,FB-100148,UA - Retargeting - Value | iOS | LATAM | Carousel,9832,119,60.76,15
2025-10-14,Facebook Ads,FB-100149,UA - Prospecting - Broad | Android | EU | Carousel,26467,594,254.05,72
2025-10-14,Facebook Ads,FB-100150,UA - Lookalike - 5% | Android | LATAM | Playables,31932,1440,249.12,269
2025-10-14,Facebook Ads,FB-100151,UA - Retargeting - Value | iOS | EU | Video,23185,292,102.55,48
2025-10-14,Facebook Ads,FB-100152,UA - Prospecting - Broad | Android | LATAM | Playables,11087,351,126.01,30
2025-10-14,Facebook Ads,FB-100153,UA - Lookalike - 5% | Android | LATAM | Playables,18721,386,141.78,62
2025-10-14,Facebook Ads,FB-100154,UA - Lookalike - 1% | iOS | US | Playables,12266,440,169.0,24
2025-10-14,Facebook Ads,FB-100155,UA - Prospecting - Broad | Android | APAC | UGC,15077,561,186.2,83
2025-10-14,Facebook Ads,FB-100156,UA - Retargeting - Value | iOS | LATAM | UGC,16757,517,160.58,96
2025-10-14,Facebook Ads,FB-100157,UA - Lookalike - 1% | iOS | EU | Playables,23223,1014,307.55,114
2025-10-14,Facebook Ads,FB-100158,UA - Lookalike - 1% | iOS | APAC | UGC,57828,2449,529.47,282
2025-10-14,Facebook Ads,FB-100159,UA - Lookalike - 1% | iOS | EU | Video,15023,601,171.47,113
2025-10-14,Facebook Ads,FB-100160,UA - Lookalike - 5% | iOS | EU | UGC,20266,532,285.52,32
2025-10-14,Facebook Ads,FB-100161,UA - Lookalike - 1% | iOS | US | UGC,8759,391,180.84,25
2025-10-14,Facebook Ads,FB-100162,UA - Lookalike - 1% | Android | APAC | Static,23122,781,144.33,167
2025-10-14,Facebook Ads,FB-100163,UA - Lookalike - 1% | iOS | LATAM | Carousel,20742,820,285.69,44
2025-10-14,Facebook Ads,FB-100164,UA - Prospecting - Broad | Android | MENA | Static,20780,800,282.32,74
2025-10-14,Facebook Ads,FB-100165,UA - Retargeting - Value | Android | APAC | UGC,10660,193,62.05,33
2025-10-14,Facebook Ads,FB-100166,UA - Prospecting - Broad | iOS | APAC | UGC,11324,218,46.89,36
2025-10-14,Facebook Ads,FB-100167,UA - Lookalike - 5% | Android | LATAM | Static,14287,648,161.35,137
2025-10-14,Facebook Ads,FB-100168,UA - Lookalike - 1% | Android | LATAM | Playables,20477,832,309.34,119
2025-10-14,Facebook Ads,FB-100169,UA - Lookalike - 1% | iOS | MENA | Playables,12794,341,98.41,55
2025-10-14,Facebook Ads,FB-100170,UA - Lookalike - 1% | iOS | MENA | Carousel,22921,889,290.44,129
2025-10-14,Facebook Ads,FB-100171,UA - Lookalike - 1% | iOS | LATAM | Carousel,25080,681,157.38,96
2025-10-14,Facebook Ads,FB-100172,UA - Lookalike - 1% | Android | US | Static,27029,692,334.72,114
2025-10-14,Facebook Ads,FB-100173,UA - Retargeting - Value | Android | MENA | Static,16138,215,87.63,47
2025-10-14,Facebook Ads,FB-100174,UA - Lookalike - 1% | Android | APAC | Carousel,23177,551,120.34,43
2025-10-14,Facebook Ads,FB-100175,UA - Retargeting - Value | Android | EU | Carousel,23701,653,369.53,154
2025-10-14,Facebook Ads,FB-100176,UA - Prospecting - Broad | iOS | EU | Carousel,15307,498,249.05,31
2025-10-14,Facebook Ads,FB-100177,UA - Prospecting - Broad | Android | LATAM | Video,13432,555,242.87,41
2025-10-14,Facebook Ads,FB-100178,UA - Prospecting - Broad | iOS | EU | UGC,26494,986,301.42,82
2025-10-14,Facebook Ads,FB-100179,UA - Lookalike - 5% | Android | MENA | Carousel,29995,1136,322.51,128
2025-10-14,Facebook Ads,FB-100180,UA - Retargeting - Value | iOS | APAC | Carousel,8680,199,93.07,40
2025-10-14,Facebook Ads,FB-100181,UA - Prospecting - Broad | Android | LATAM | UGC,16702,389,134.2,74
2025-10-14,Facebook Ads,FB-100182,UA - Prospecting - Broad | Android | APAC | UGC,19921,699,225.43,74
2025-10-14,Facebook Ads,FB-100183,UA - Lookalike - 1% | Android | EU | Static,13728,455,157.66,98
2025-10-14,Facebook Ads,FB-100184,UA - Lookalike - 5% | Android | EU | Video,13730,488,222.63,100
2025-10-14,Facebook Ads,FB-100185,UA - Lookalike - 5% | Android | MENA | UGC,42105,1487,520.9,279
2025-10-14,Facebook Ads,FB-100186,UA - Lookalike - 5% | iOS | LATAM | Playables,13507,325,153.79,25
2025-10-14,Facebook Ads,FB-100187,UA - Prospecting - Broad | iOS | MENA | Playables,28649,1256,445.38,182
2025-10-14,Facebook Ads,FB-100188,UA - Lookalike - 1% | Android | EU | Static,20207,940,415.57,84
2025-10-14,Facebook Ads,FB-100189,UA - Retargeting - Value | Android | EU | Static,10741,186,93.8,32
2025-10-14,Facebook Ads,FB-100190,UA - Lookalike - 5% | Android | EU | Video,20299,466,203.46,28
2025-10-14,Facebook Ads,FB-100191,UA - Lookalike - 1% | iOS | MENA | UGC,13828,676,202.6,105
2025-10-14,Facebook Ads,FB-100192,UA - Lookalike - 1% | Android | EU | Carousel,23504,953,256.45,127
2025-10-14,Facebook Ads,FB-100193,UA - Lookalike - 1% | iOS | US | Static,20693,547,230.67,77
2025-10-14,Facebook Ads,FB-100194,UA - Retargeting - Value | Android | APAC | Video,13563,73,39.82,11
2025-10-14,Facebook Ads,FB-100195,UA - Prospecting - Broad | Android | LATAM | Static,19613,524,208.76,60
2025-10-14,Facebook Ads,FB-100196,UA - Lookalike - 1% | Android | EU | Carousel,18833,459,212.84,94
2025-10-14,Facebook Ads,FB-100197,UA - Lookalike - 1% | iOS | US | UGC,26480,636,285.06,21
2025-10-14,Facebook Ads,FB-100198,UA - Lookalike - 5% | iOS | LATAM | Playables,28099,662,137.23,70
2025-10-14,Facebook Ads,FB-100199,UA - Prospecting - Broad | iOS | US | Playables,13530,455,178.81,71
2025-10-14,Facebook Ads,FB-100200,UA - Lookalike - 1% | iOS | LATAM | Playables,14835,301,148.57,14
2025-10-14,Facebook Ads,FB-100201,UA - Prospecting - Broad | Android | US | Static,10781,295,135.08,58
2025-10-14,Facebook Ads,FB-100202,UA - Retargeting - Value | iOS | MENA | Video,16307,569,289.68,91
2025-10-14,Facebook Ads,FB-100203,UA - Lookalike - 1% | iOS | MENA | UGC,15895,792,166.4,66
2025-10-14,Facebook Ads,FB-100204,UA - Lookalike - 5% | Android | MENA | UGC,37471,1165,416.14,122
2025-10-14,Facebook Ads,FB-100205,UA - Lookalike - 5% | Android | APAC | Carousel,28861,1258,207.07,218
2025-10-14,Facebook Ads,FB-100206,UA - Retargeting - Value | iOS | LATAM | Video,9153,299,91.85,32
2025-10-14,Facebook Ads,FB-100207,UA - Lookalike - 1% | iOS | APAC | UGC,15352,322,135.66,39
2025-10-14,Facebook Ads,FB-100208,UA - Lookalike - 5% | iOS | MENA | Video,24973,703,231.99,58
2025-10-14,Facebook Ads,FB-100209,UA - Lookalike - 1% | Android | LATAM | Carousel,11880,554,89.3,55
2025-10-14,Facebook Ads,FB-100210,UA - Prospecting - Broad | Android | APAC | Playables,11863,253,93.48,33
2025-10-14,Facebook Ads,FB-100211,UA - Retargeting - Value | iOS | APAC | Video,12553,168,95.52,28
2025-10-14,Facebook Ads,FB-100212,UA - Lookalike - 5% | iOS | MENA | UGC,15366,345,88.91,12
2025-10-14,Facebook Ads,FB-100213,UA - Retargeting - Value | Android | EU | Carousel,17619,610,203.5,124
2025-10-14,Facebook Ads,FB-100214,UA - Prospecting - Broad | iOS | APAC | UGC,14063,445,104.71,51
2025-10-14,Facebook Ads,FB-100215,UA - Retargeting - Value | Android | MENA | Static,9269,307,117.21,71
2025-10-14,Facebook Ads,FB-100216,UA - Lookalike - 5% | iOS | MENA | Video,12448,428,188.83,75
2025-10-14,Facebook Ads,FB-100217,UA - Lookalike - 5% | Android | EU | Video,13385,596,268.14,40
2025-10-14,Facebook Ads,FB-100218,UA - Lookalike - 1% | Android | EU | UGC,25187,595,200.87,77
2025-10-14,Facebook Ads,FB-100219,UA - Lookalike - 5% | iOS | APAC | UGC,10946,354,97.77,28
2025-10-14,Facebook Ads,FB-100220,UA - Retargeting - Value | Android | APAC | Playables,18675,599,182.1,123
2025-10-14,Facebook Ads,FB-100221,UA - Retargeting - Value | iOS | EU | Playables,9935,201,116.94,43
2025-10-14,Facebook Ads,FB-100222,UA - Lookalike - 1% | Android | LATAM | UGC,16417,695,246.17,125
2025-10-14,Facebook Ads,FB-100223,UA - Lookalike - 1% | iOS | US | Carousel,14496,629,243.61,95
2025-10-14,Facebook Ads,FB-100224,UA - Lookalike - 5% | iOS | EU | UGC,22986,825,434.12,163
2025-10-14,Facebook Ads,FB-100225,UA - Lookalike - 5% | iOS | LATAM | Playables,15345,483,219.86,85
2025-10-14,Facebook Ads,FB-100226,UA - Retargeting - Value | iOS | LATAM | Static,12009,329,154.0,70
2025-10-14,Facebook Ads,FB-100227,UA - Prospecting - Broad | iOS | EU | UGC,13335,390,126.05,34
2025-10-14,Facebook Ads,FB-100228,UA - Lookalike - 5% | iOS | APAC | UGC,17585,839,281.74,31
2025-10-14,Facebook Ads,FB-100229,UA - Retargeting - Value | Android | APAC | Video,19879,435,220.33,72
2025-10-14,Facebook Ads,FB-100230,UA - Prospecting - Broad | iOS | US | UGC,14221,408,154.02,74
2025-10-14,Facebook Ads,FB-100231,UA - Lookalike - 5% | iOS | US | Static,25307,597,183.22,54
2025-10-14,Facebook Ads,FB-100232,UA - Lookalike - 1% | Android | US | UGC,15216,356,117.69,52
2025-10-14,Facebook Ads,FB-100233,UA - Prospecting - Broad | iOS | MENA | UGC,10831,277,117.89,26
2025-10-14,Facebook Ads,FB-100234,UA - Lookalike - 1% | iOS | MENA | UGC,12849,338,157.95,44
2025-10-14,Facebook Ads,FB-100235,UA - Prospecting - Broad | iOS | MENA | Video,10166,354,161.67,54
2025-10-14,Facebook Ads,FB-100236,UA - Prospecting - Broad | Android | LATAM | Static,19318,756,305.27,90
2025-10-14,Facebook Ads,FB-100237,UA - Lookalike - 5% | iOS | US | Video,18907,917,234.29,40
2025-10-14,Facebook Ads,FB-100238,UA - Prospecting - Broad | Android | LATAM | Video,34243,1151,387.77,151
2025-10-14,Facebook Ads,FB-100239,UA - Lookalike - 1% | iOS | US | Carousel,20644,1028,323.72,75
2025-10-14,Facebook Ads,FB-100240,UA - Retargeting - Value | iOS | APAC | Static,7961,209,103.73,28
2025-10-14,Facebook Ads,FB-100241,UA - Retargeting - Value | iOS | MENA | Static,17695,216,86.72,25
2025-10-14,Facebook Ads,FB-100242,UA - Lookalike - 5% | Android | US | Playables,30917,935,247.49,48
2025-10-14,Facebook Ads,FB-100243,UA - Retargeting - Value | Android | APAC | Playables,13576,121,52.94,25
2025-10-14,Facebook Ads,FB-100244,UA - Lookalike - 5% | Android | APAC | Carousel,12680,276,100.8,41
2025-10-14,Facebook Ads,FB-100245,UA - Lookalike - 1% | iOS | US | UGC,17449,810,441.29,136
2025-10-14,Facebook Ads,FB-100246,UA - Lookalike - 1% | Android | US | UGC,18503,723,313.35,89
2025-10-14,Facebook Ads,FB-100247,UA - Lookalike - 5% | iOS | APAC | Carousel,16847,794,301.72,135
2025-10-14,Facebook Ads,FB-100248,UA - Lookalike - 5% | iOS | EU | UGC,25962,1166,572.04,120
2025-10-14,Facebook Ads,FB-100249,UA - Lookalike - 1% | Android | EU | UGC,22772,920,254.66,89
2025-10-14,Facebook Ads,FB-100250,UA - Lookalike - 5% | iOS | LATAM | Video,20839,537,217.0,69
2025-10-14,Facebook Ads,FB-100251,UA - Prospecting - Broad | iOS | US | Playables,17328,350,151.27,27
2025-10-14,Facebook Ads,FB-100252,UA - Lookalike - 1% | iOS | LATAM | Static,12861,442,155.98,28
2025-10-14,Facebook Ads,FB-100253,UA - Lookalike - 1% | Android | EU | Playables,14957,387,164.98,68
2025-10-14,Facebook Ads,FB-100254,UA - Lookalike - 1% | Android | US | Video,28908,779,350.08,96
2025-10-14,Facebook Ads,FB-100255,UA - Lookalike - 1% | iOS | US | Playables,15632,605,168.98,18
2025-10-14,Facebook Ads,FB-100256,UA - Lookalike - 1% | Android | US | Carousel,29639,697,284.59,102
2025-10-14,Facebook Ads,FB-100257,UA - Retargeting - Value | iOS | EU | Static,8705,61,23.31,5
2025-10-14,Facebook Ads,FB-100258,UA - Lookalike - 1% | iOS | MENA | Playables,13179,401,197.77,56
2025-10-14,Facebook Ads,FB-100259,UA - Lookalike - 1% | Android | LATAM | UGC,22580,1002,375.55,60
2025-10-14,Facebook Ads,FB-100260,UA - Prospecting - Broad | iOS | US | UGC,13067,295,92.95,53
2025-10-14,Facebook Ads,FB-100261,UA - Lookalike - 1% | Android | EU | UGC,12543,522,160.36,102
2025-10-14,Facebook Ads,FB-100262,UA - Lookalike - 1% | Android | APAC | Video,14811,403,147.46,36
2025-10-14,Facebook Ads,FB-100263,UA - Lookalike - 1% | Android | APAC | Carousel,18737,787,120.33,170
2025-10-14,Facebook Ads,FB-100264,UA - Retargeting - Value | iOS | LATAM | Video,10707,199,71.9,16
2025-10-14,Facebook Ads,FB-100265,UA - Lookalike - 1% | iOS | US | Playables,15646,478,142.16,50
2025-10-14,Facebook Ads,FB-100266,UA - Lookalike - 1% | Android | US | UGC,13946,573,156.89,74
2025-10-14,Facebook Ads,FB-100267,UA - Prospecting - Broad | iOS | US | Static,10957,396,169.01,24
2025-10-14,Facebook Ads,FB-100268,UA - Prospecting - Broad | Android | LATAM | UGC,17050,665,270.32,135
2025-10-14,Facebook Ads,FB-100269,UA - Retargeting - Value | Android | EU | Playables,20103,400,184.6,98
2025-10-14,Facebook Ads,FB-100270,UA - Lookalike - 5% | iOS | APAC | Carousel,14697,366,114.59,49
2025-10-14,Facebook Ads,FB-100271,UA - Lookalike - 5% | Android | APAC | Video,10206,290,108.2,38
2025-10-14,Facebook Ads,FB-100272,UA - Lookalike - 1% | iOS | LATAM | Video,16768,689,139.45,115
2025-10-14,Facebook Ads,FB-100273,UA - Retargeting - Value | Android | APAC | UGC,16459,220,106.92,29
2025-10-14,Facebook Ads,FB-100274,UA - Lookalike - 1% | iOS | US | Carousel,8561,245,90.33,40
2025-10-14,Facebook Ads,FB-100275,UA - Retargeting - Value | Android | APAC | Carousel,17044,192,51.63,19
2025-10-14,Facebook Ads,FB-100276,UA - Retargeting - Value | Android | APAC | Video,9734,114,58.44,26
2025-10-14,Facebook Ads,FB-100277,UA - Retargeting - Value | Android | US | Carousel,16622,440,262.28,91
2025-10-14,Facebook Ads,FB-100278,UA - Prospecting - Broad | Android | MENA | Static,12744,201,60.28,16
2025-10-14,Facebook Ads,FB-100279,UA - Retargeting - Value | Android | MENA | Static,14063,491,247.96,81
2025-10-14,Facebook Ads,FB-100280,UA - Prospecting - Broad | iOS | EU | Playables,19646,343,176.89,7
2025-10-14,Facebook Ads,FB-100281,UA - Lookalike - 1% | iOS | EU | Static,11073,358,97.73,59
2025-10-14,Facebook Ads,FB-100282,UA - Retargeting - Value | Android | US | Video,17075,544,165.76,48
2025-10-14,Facebook Ads,FB-100283,UA - Lookalike - 1% | Android | LATAM | Static,31813,1444,473.78,299
2025-10-14,Facebook Ads,FB-100284,UA - Prospecting - Broad | Android | EU | Carousel,37640,846,306.84,39
2025-10-14,Facebook Ads,FB-100285,UA - Prospecting - Broad | Android | APAC | Playables,27847,883,358.5,184
2025-10-14,Facebook Ads,FB-100286,UA - Lookalike - 1% | Android | APAC | UGC,31249,1490,539.83,219
2025-10-14,Facebook Ads,FB-100287,UA - Retargeting - Value | Android | APAC | Playables,8811,287,125.73,28
2025-10-14,Facebook Ads,FB-100288,UA - Lookalike - 5% | Android | MENA | Carousel,25878,1187,461.74,257
2025-10-14,Facebook Ads,FB-100289,UA - Lookalike - 5% | Android | US | UGC,39194,842,251.08,172
2025-10-14,Facebook Ads,FB-100290,UA - Lookalike - 5% | iOS | US | UGC,17048,480,145.82,47
2025-10-14,Facebook Ads,FB-100291,UA - Retargeting - Value | Android | US | Carousel,12699,163,85.38,28
2025-10-14,Facebook Ads,FB-100292,UA - Lookalike - 1% | Android | EU | Carousel,17192,398,141.49,53
2025-10-14,Facebook Ads,FB-100293,UA - Lookalike - 1% | iOS | MENA | Playables,22439,824,359.76,78
2025-10-14,Facebook Ads,FB-100294,UA - Lookalike - 5% | iOS | MENA | Playables,11074,508,155.55,57
2025-10-14,Facebook Ads,FB-100295,UA - Retargeting - Value | Android | US | Playables,10164,167,98.06,40
2025-10-14,Facebook Ads,FB-100296,UA - Lookalike - 5% | iOS | APAC | Static,13149,557,215.67,104
2025-10-14,Facebook Ads,FB-100297,UA - Lookalike - 5% | iOS | APAC | UGC,46355,1802,646.92,72
2025-10-14,Facebook Ads,FB-100298,UA - Lookalike - 1% | Android | LATAM | UGC,25878,914,250.89,165
2025-10-14,Facebook Ads,FB-100299,UA - Lookalike - 5% | iOS | LATAM | Static,23202,1123,374.3,89
2025-10-14,Facebook Ads,FB-100300,UA - Prospecting - Broad | Android | US | Video,13437,553,264.39,63
2025-10-14,Facebook Ads,FB-100301,UA - Retargeting - Value | iOS | US | Carousel,11239,59,28.25,4
2025-10-14,Facebook Ads,FB-100302,UA - Lookalike - 1% | Android | MENA | Playables,31352,1187,409.75,153
2025-10-14,Facebook Ads,FB-100303,UA - Lookalike - 5% | Android | APAC | Carousel,38641,1064,435.92,194
2025-10-14,Facebook Ads,FB-100304,UA - Lookalike - 1% | Android | LATAM | Playables,33708,1554,395.34,331
2025-10-14,Facebook Ads,FB-100305,UA - Retargeting - Value | iOS | US | Playables,11881,379,236.42,62
2025-10-14,Facebook Ads,FB-100306,UA - Prospecting - Broad | Android | APAC | Static,15387,519,221.25,63
2025-10-14,Facebook Ads,FB-100307,UA - Prospecting - Broad | iOS | MENA | Carousel,16928,300,125.34,46
2025-10-14,Facebook Ads,FB-100308,UA - Lookalike - 5% | iOS | MENA | Static,21294,432,168.7,71
2025-10-14,Facebook Ads,FB-100309,UA - Prospecting - Broad | Android | MENA | Carousel,14675,548,184.46,71
2025-10-14,Facebook Ads,FB-100310,UA - Lookalike - 1% | Android | LATAM | Carousel,36260,784,240.84,116
2025-10-14,Facebook Ads,FB-100311,UA - Retargeting - Value | iOS | US | Static,10223,230,98.97,27
2025-10-14,Facebook Ads,FB-100312,UA - Prospecting - Broad | iOS | US | Static,15534,634,164.08,31
2025-10-14,Facebook Ads,FB-100313,UA - Lookalike - 5% | Android | MENA | Static,12879,307,95.05,37
2025-10-14,Facebook Ads,FB-100314,UA - Retargeting - Value | iOS | APAC | Carousel,14441,357,191.92,76
2025-10-14,Facebook Ads,FB-100315,UA - Prospecting - Broad | iOS | LATAM | Carousel,22469,777,322.84,75
2025-10-14,Facebook Ads,FB-100316,UA - Prospecting - Broad | Android | EU | Static,11681,212,50.24,24
2025-10-14,Facebook Ads,FB-100317,UA - Lookalike - 5% | Android | LATAM | UGC,35426,869,279.64,172
2025-10-14,Facebook Ads,FB-100318,UA - Lookalike - 5% | iOS | MENA | UGC,20922,955,206.57,155
2025-10-14,Facebook Ads,FB-100319,UA - Prospecting - Broad | iOS | EU | Playables,13756,283,83.0,8
2025-10-14,Facebook Ads,FB-100320,UA - Lookalike - 1% | iOS | APAC | Video,27223,1316,270.96,176
2025-10-14,Facebook Ads,FB-100321,UA - Prospecting - Broad | iOS | MENA | Carousel,18376,530,138.49,96
2025-10-14,Facebook Ads,FB-100322,UA - Prospecting - Broad | Android | APAC | Playables,21502,451,187.89,86
2025-10-14,Facebook Ads,FB-100323,UA - Retargeting - Value | Android | EU | Carousel,8484,153,60.71,21
2025-10-14,Facebook Ads,FB-100324,UA - Lookalike - 1% | Android | LATAM | Carousel,28100,1228,269.42,67
2025-10-14,Facebook Ads,FB-100325,UA - Lookalike - 5% | Android | US | UGC,12357,548,247.15,93
2025-10-14,Facebook Ads,FB-100326,UA - Retargeting - Value | Android | EU | UGC,18635,114,43.64,26
2025-10-14,Facebook Ads,FB-100327,UA - Prospecting - Broad | iOS | US | UGC,14333,217,72.65,36
2025-10-14,Facebook Ads,FB-100328,UA - Prospecting - Broad | iOS | US | UGC,16041,268,104.79,11
2025-10-14,Facebook Ads,FB-100329,UA - Lookalike - 5% | iOS | MENA | UGC,9307,313,87.3,15
2025-10-14,Facebook Ads,FB-100330,UA - Lookalike - 5% | iOS | LATAM | Video,14414,309,141.0,56
2025-10-14,Facebook Ads,FB-100331,UA - Lookalike - 5% | Android | LATAM | Static,30932,923,272.01,187
2025-10-14,Facebook Ads,FB-100332,UA - Prospecting - Broad | iOS | US | UGC,14994,296,88.62,22
2025-10-14,Facebook Ads,FB-100333,UA - Lookalike - 5% | Android | APAC | Playables,19949,508,132.64,37
2025-10-14,Facebook Ads,FB-100334,UA - Lookalike - 1% | Android | APAC | Carousel,22781,680,153.61,43
2025-10-14,Facebook Ads,FB-100335,UA - Prospecting - Broad | Android | LATAM | Static,16221,613,234.41,25
2025-10-14,Facebook Ads,FB-100336,UA - Retargeting - Value | Android | MENA | Playables,12547,262,86.51,46
2025-10-14,Facebook Ads,FB-100337,UA - Retargeting - Value | iOS | LATAM | Static,9499,83,48.99,19
2025-10-14,Facebook Ads,FB-100338,UA - Retargeting - Value | Android | EU | Carousel,22164,359,143.38,67
2025-10-14,Facebook Ads,FB-100339,UA - Prospecting - Broad | Android | MENA | Static,16612,325,88.43,47
2025-10-14,Facebook Ads,FB-100340,UA - Lookalike - 5% | Android | APAC | UGC,25136,673,194.9,103
2025-10-14,Facebook Ads,FB-100341,UA - Lookalike - 5% | iOS | LATAM | Static,15549,394,102.87,15
2025-10-14,Facebook Ads,FB-100342,UA - Lookalike - 1% | Android | APAC | UGC,22802,557,222.13,108
2025-10-14,Facebook Ads,FB-100343,UA - Lookalike - 1% | iOS | MENA | Video,12573,483,116.45,40
2025-10-14,Facebook Ads,FB-100344,UA - Lookalike - 5% | Android | LATAM | UGC,13053,601,167.8,51
2025-10-14,Facebook Ads,FB-100345,UA - Lookalike - 1% | Android | US | Carousel,24070,956,449.61,205
2025-10-14,Facebook Ads,FB-100346,UA - Lookalike - 5% | Android | US | Playables,15343,656,203.62,116
2025-10-14,Facebook Ads,FB-100347,UA - Prospecting - Broad | iOS | MENA | Playables,21055,556,150.01,72
2025-10-14,Facebook Ads,FB-100348,UA - Lookalike - 1% | iOS | MENA | Static,9484,411,111.79,59
2025-10-14,Facebook Ads,FB-100349,UA - Prospecting - Broad | iOS | MENA | Static,11516,452,118.92,71
2025-10-15,Facebook Ads,FB-100000,UA - Retargeting - Value | Android | US | Carousel,14056,188,111.6,31
2025-10-15,Facebook Ads,FB-100001,UA - Prospecting - Broad | Android | EU | Video,32166,555,211.23,99
2025-10-15,Facebook Ads,FB-100002,UA - Prospecting - Broad | iOS | US | Video,18607,446,139.6,34
2025-10-15,Facebook Ads,FB-100003,UA - Prospecting - Broad | Android | EU | Playables,16238,645,195.37,104
2025-10-15,Facebook Ads,FB-100004,UA - Retargeting - Value | Android | MENA | UGC,10524,288,72.2,59
2025-10-15,Facebook Ads,FB-100005,UA - Prospecting - Broad | iOS | MENA | Carousel,11767,514,180.93,94
2025-10-15,Facebook Ads,FB-100006,UA - Lookalike - 1% | Android | APAC | Carousel,19434,413,145.29,64
2025-10-15,Facebook Ads,FB-100007,UA - Prospecting - Broad | Android | EU | Carousel,13750,494,178.19,101
2025-10-15,Facebook Ads,FB-100008,UA - Lookalike - 1% | Android | APAC | Video,34248,1114,284.52,80
2025-10-15,Facebook Ads,FB-100009,UA - Prospecting - Broad | iOS | MENA | Carousel,12716,355,81.19,64
2025-10-15,Facebook Ads,FB-100010,UA - Lookalike - 5% | iOS | MENA | Video,15640,424,84.93,21
2025-10-15,Facebook Ads,FB-100011,UA - Lookalike - 1% | Android | MENA | Carousel,16938,726,279.36,69
2025-10-15,Facebook Ads,FB-100012,UA - Retargeting - Value | Android | US | Video,10072,68,40.59,15
2025-10-15,Facebook Ads,FB-100013,UA - Prospecting - Broad | iOS | US | Static,25993,1118,295.49,112
2025-10-15,Facebook Ads,FB-100014,UA - Lookalike - 1% | iOS | LATAM | UGC,14814,673,183.06,51
2025-10-15,Facebook Ads,FB-100015,UA - Retargeting - Value | Android | LATAM | Carousel,8249,225,66.98,35
2025-10-15,Facebook Ads,FB-100016,UA - Retargeting - Value | iOS | US | Playables,9862,327,185.54,44
2025-10-15,Facebook Ads,FB-100017,UA - Lookalike - 5% | Android | EU | UGC,11652,362,158.92,63
2025-10-15,Facebook Ads,FB-100018,UA - Lookalike - 1% | iOS | MENA | Static,21203,807,348.54,52
2025-10-15,Facebook Ads,FB-100019,UA - Lookalike - 1% | Android | EU | Video,12793,462,162.85,82
2025-10-15,Facebook Ads,FB-100020,UA - Retargeting - Value | iOS | LATAM | Video,20832,113,62.59,14
2025-10-15,Facebook Ads,FB-100021,UA - Lookalike - 5% | iOS | EU | UGC,10117,385,156.12,12
2025-10-15,Facebook Ads,FB-100022,UA - Retargeting - Value | iOS | EU | Carousel,13746,311,180.41,49
2025-10-15,Facebook Ads,FB-100023,UA - Lookalike - 1% | Android | MENA | Playables,12558,257,73.32,25
2025-10-15,Facebook Ads,FB-100024,UA - Lookalike - 1% | iOS | MENA | UGC,17622,354,93.03,20
2025-10-15,Facebook Ads,FB-100025,UA - Lookalike - 5% | Android | EU | Playables,12005,401,142.8,76
2025-10-15,Facebook Ads,FB-100026,UA - Retargeting - Value | Android | US | Video,12016,183,108.79,44
2025-10-15,Facebook Ads,FB-100027,UA - Prospecting - Broad | Android | APAC | Playables,16621,703,292.45,145
2025-10-15,Facebook Ads,FB-100028,UA - Lookalike - 5% | iOS | APAC | Playables,17358,597,208.05,80
2025-10-15,Facebook Ads,FB-100029,UA - Prospecting - Broad | iOS | MENA | Video,24932,990,429.36,21
2025-10-15,Facebook Ads,FB-100030,UA - Lookalike - 1% | iOS | LATAM | Video,26112,1011,406.22,51
2025-10-15,Facebook Ads,FB-100031,UA - Prospecting - Broad | iOS | EU | UGC,20031,593,180.21,80
2025-10-15,Facebook Ads,FB-100032,UA - Prospecting - Broad | iOS | MENA | Static,9360,391,87.9,50
2025-10-15,Facebook Ads,FB-100033,UA - Retargeting - Value | iOS | MENA | Playables,6313,123,73.47,18
2025-10-15,Facebook Ads,FB-100034,UA - Prospecting - Broad | Android | LATAM | Static,15255,549,86.47,45
2025-10-15,Facebook Ads,FB-100035,UA - Prospecting - Broad | iOS | APAC | Video,17736,368,145.51,12
2025-10-15,Facebook Ads,FB-100036,UA - Prospecting - Broad | iOS | LATAM | Static,18565,829,398.33,24
2025-10-15,Facebook Ads,FB-100037,UA - Prospecting - Broad | Android | MENA | Video,23875,632,166.41,100
2025-10-15,Facebook Ads,FB-100038,UA - Retargeting - Value | iOS | US | Playables,12098,371,156.01,51
2025-10-15,Facebook Ads,FB-100039,UA - Retargeting - Value | Android | APAC | Playables,10446,171,80.68,44
2025-10-15,Facebook Ads,FB-100040,UA - Lookalike - 5% | iOS | MENA | Playables,13320,649,175.94,119
2025-10-15,Facebook Ads,FB-100041,UA - Lookalike - 1% | Android | MENA | Static,24929,689,215.66,39
2025-10-15,Facebook Ads,FB-100042,UA - Lookalike - 5% | iOS | LATAM | UGC,14443,639,287.23,97
2025-10-15,Facebook Ads,FB-100043,UA - Prospecting - Broad | Android | EU | Static,12884,477,205.21,41
2025-10-15,Facebook Ads,FB-100044,UA - Retargeting - Value | iOS | US | Playables,8182,226,109.61,16
2025-10-15,Facebook Ads,FB-100045,UA - Prospecting - Broad | Android | US | Video,16577,477,199.62,70
2025-10-15,Facebook Ads,FB-100046,UA - Lookalike - 1% | Android | US | Video,47496,2137,440.65,318
2025-10-15,Facebook Ads,FB-100047,UA - Lookalike - 1% | Android | MENA | Static,13265,351,139.49,46
2025-10-15,Facebook Ads,FB-100048,UA - Retargeting - Value | iOS | EU | Playables,15537,328,143.24,69
2025-10-15,Facebook Ads,FB-100049,UA - Lookalike - 5% | iOS | EU | UGC,29730,1140,471.28,39
2025-10-15,Facebook Ads,FB-100050,UA - Lookalike - 5% | Android | US | Video,12398,377,105.03,41
2025-10-15,Facebook Ads,FB-100051,UA - Lookalike - 5% | iOS | APAC | UGC,25912,744,307.57,142
2025-10-15,Facebook Ads,FB-100052,UA - Lookalike - 5% | Android | US | Video,10481,467,182.32,27
2025-10-15,Facebook Ads,FB-100053,UA - Retargeting - Value | iOS | US | Static,12745,245,156.14,58
2025-10-15,Facebook Ads,FB-100054,UA - Retargeting - Value | Android | MENA | UGC,6050,172,81.63,23
2025-10-15,Facebook Ads,FB-100055,UA - Lookalike - 5% | iOS | EU | Carousel,14466,566,232.4,83
2025-10-15,Facebook Ads,FB-100056,UA - Prospecting - Broad | Android | US | UGC,21297,332,96.74,62
2025-10-15,Facebook Ads,FB-100057,UA - Prospecting - Broad | Android | MENA | Video,24047,922,393.51,56
2025-10-15,Facebook Ads,FB-100058,UA - Lookalike - 5% | Android | EU | UGC,19528,701,160.11,152
2025-10-15,Facebook Ads,FB-100059,UA - Prospecting - Broad | iOS | EU | UGC,16177,450,143.96,37
2025-10-15,Facebook Ads,FB-100060,UA - Lookalike - 5% | Android | APAC | Video,23038,539,82.84,97
2025-10-15,Facebook Ads,FB-100061,UA - Lookalike - 5% | iOS | APAC | Carousel,28988,956,311.46,148
2025-10-15,Facebook Ads,FB-100062,UA - Lookalike - 1% | iOS | EU | Static,13456,394,163.43,34
2025-10-15,Facebook Ads,FB-100063,UA - Prospecting - Broad | Android | US | Playables,26509,534,180.39,105
2025-10-15,Facebook Ads,FB-100064,UA - Lookalike - 5% | iOS | US | Video,11932,508,230.73,64
2025-10-15,Facebook Ads,FB-100065,UA - Prospecting - Broad | Android | US | Playables,18399,399,99.07,61
2025-10-15,Facebook Ads,FB-100066,UA - Prospecting - Broad | Android | US | Playables,27551,427,164.18,68
2025-10-15,Facebook Ads,FB-100067,UA - Retargeting - Value | Android | APAC | Video,17156,503,178.72,130
2025-10-15,Facebook Ads,FB-100068,UA - Lookalike - 5% | Android | MENA | Video,14908,361,60.43,36
2025-10-15,Facebook Ads,FB-100069,UA - Lookalike - 1% | iOS | LATAM | Static,10840,352,144.53,32
2025-10-15,Facebook Ads,FB-100070,UA - Retargeting - Value | Android | LATAM | UGC,10411,123,60.43,21
2025-10-15,Facebook Ads,FB-100071,UA - Prospecting - Broad | iOS | APAC | Carousel,10285,459,204.21,62
2025-10-15,Facebook Ads,FB-100072,UA - Prospecting - Broad | Android | APAC | Playables,10196,179,65.5,29
2025-10-15,Facebook Ads,FB-100073,UA - Lookalike - 1% | Android | MENA | Static,16621,428,188.79,63
2025-10-15,Facebook Ads,FB-100074,UA - Retargeting - Value | Android | LATAM | Video,14999,198,83.2,31
2025-10-15,Facebook Ads,FB-100075,UA - Lookalike - 5% | iOS | LATAM | Static,39286,1885,659.0,253
2025-10-15,Facebook Ads,FB-100076,UA - Prospecting - Broad | iOS | MENA | Playables,12103,436,99.5,40
2025-10-15,Facebook Ads,FB-100077,UA - Lookalike - 1% | iOS | US | Static,18243,772,248.89,104
2025-10-15,Facebook Ads,FB-100078,UA - Retargeting - Value | Android | US | Playables,14003,169,66.01,29
2025-10-15,Facebook Ads,FB-100079,UA - Retargeting - Value | iOS | LATAM | Playables,15808,481,159.36,88
2025-10-15,Facebook Ads,FB-100080,UA - Lookalike - 5% | iOS | EU | Carousel,13905,342,99.86,37
2025-10-15,Facebook Ads,FB-100081,UA - Lookalike - 5% | iOS | US | Video,25252,760,211.96,109
2025-10-15,Facebook Ads,FB-100082,UA - Lookalike - 1% | iOS | US | Video,22817,461,225.52,62
2025-10-15,Facebook Ads,FB-100083,UA - Lookalike - 5% | Android | LATAM | Static,19277,956,265.39,164
2025-10-15,Facebook Ads,FB-100084,UA - Prospecting - Broad | iOS | MENA | Video,11723,292,125.21,26
2025-10-15,Facebook Ads,FB-100085,UA - Prospecting - Broad | Android | EU | Playables,13734,248,77.25,37
2025-10-15,Facebook Ads,FB-100086,UA - Retargeting - Value | iOS | MENA | Playables,6679,200,60.42,14
2025-10-15,Facebook Ads,FB-100087,UA - Lookalike - 1% | iOS | EU | Video,20838,860,461.39,96
2025-10-15,Facebook Ads,FB-100088,UA - Retargeting - Value | iOS | US | Carousel,15770,196,79.11,28
2025-10-15,Facebook Ads,FB-100089,UA - Lookalike - 5% | Android | US | Carousel,26483,1011,366.18,160
2025-10-15,Facebook Ads,FB-100090,UA - Retargeting - Value | Android | EU | Static,19914,579,267.67,63
2025-10-15,Facebook Ads,FB-100091,UA - Lookalike - 1% | iOS | US | Static,28459,1258,431.24,141
2025-10-15,Facebook Ads,FB-100092,UA - Retargeting - Value | iOS | EU | Carousel,11998,292,152.89,25
2025-10-15,Facebook Ads,FB-100093,UA - Lookalike - 5% | Android | APAC | Video,17054,783,250.95,127
2025-10-15,Facebook Ads,FB-100094,UA - Lookalike - 1% | Android | EU | UGC,11910,574,168.76,53
2025-10-15,Facebook Ads,FB-100095,UA - Prospecting - Broad | iOS | EU | Static,15870,285,110.47,9
2025-10-15,Facebook Ads,FB-100096,UA - Lookalike - 1% | Android | APAC | Carousel,26638,933,234.56,177
2025-10-15,Facebook Ads,FB-100097,UA - Lookalike - 5% | Android | LATAM | Carousel,16595,556,128.66,81
2025-10-15,Facebook Ads,FB-100098,UA - Lookalike - 1% | iOS | US | Video,17008,749,384.54,90
2025-10-15,Facebook Ads,FB-100099,UA - Prospecting - Broad | Android | MENA | Carousel,16774,685,156.45,38
2025-10-15,Facebook Ads,FB-100100,UA - Lookalike - 1% | Android | MENA | UGC,18702,691,199.98,64
2025-10-15,Facebook Ads,FB-100101,UA - Prospecting - Broad | iOS | APAC | Playables,19681,562,134.21,12
2025-10-15,Facebook Ads,FB-100102,UA - Lookalike - 1% | iOS | MENA | Static,6980,148,30.19,4
2025-10-15,Facebook Ads,FB-100103,UA - Retargeting - Value | Android | APAC | Video,21131,652,313.29,115
2025-10-15,Facebook Ads,FB-100104,UA - Lookalike - 1% | iOS | APAC | Video,25216,620,304.79,109
2025-10-15,Facebook Ads,FB-100105,UA - Lookalike - 1% | iOS | US | Carousel,15044,596,261.11,23
2025-10-15,Facebook Ads,FB-100106,UA - Lookalike - 1% | iOS | LATAM | UGC,33847,740,317.53,94
2025-10-15,Facebook Ads,FB-100107,UA - Lookalike - 5% | Android | EU | UGC,25696,968,303.47,154
2025-10-15,Facebook Ads,FB-100108,UA - Lookalike - 1% | Android | MENA | Playables,27300,1344,601.57,80
2025-10-15,Facebook Ads,FB-100109,UA - Lookalike - 1% | iOS | MENA | Video,11534,387,92.96,55
2025-10-15,Facebook Ads,FB-100110,UA - Lookalike - 1% | iOS | EU | UGC,19462,715,225.22,86
2025-10-15,Facebook Ads,FB-100111,UA - Retargeting - Value | iOS | APAC | UGC,9446,297,106.95,50
2025-10-15,Facebook Ads,FB-100112,UA - Lookalike - 1% | iOS | EU | Video,13575,414,114.47,55
2025-10-15,Facebook Ads,FB-100113,UA - Lookalike - 1% | iOS | US | Static,11941,367,185.26,42
2025-10-15,Facebook Ads,FB-100114,UA - Prospecting - Broad | Android | EU | Static,15319,530,208.98,94
2025-10-15,Facebook Ads,FB-100115,UA - Prospecting - Broad | Android | EU | UGC,14439,228,67.58,44
2025-10-15,Facebook Ads,FB-100116,UA - Retargeting - Value | iOS | APAC | Playables,14017,184,87.51,33
2025-10-15,Facebook Ads,FB-100117,UA - Retargeting - Value | iOS | APAC | UGC,15156,450,217.31,36
2025-10-15,Facebook Ads,FB-100118,UA - Lookalike - 5% | Android | US | Video,17386,658,312.48,101
2025-10-15,Facebook Ads,FB-100119,UA - Lookalike - 5% | Android | EU | Playables,16473,459,166.34,86
2025-10-15,Facebook Ads,FB-100120,UA - Prospecting - Broad | Android | MENA | Static,13408,336,102.41,44
2025-10-15,Facebook Ads,FB-100121,UA - Lookalike - 1% | iOS | EU | UGC,13208,281,143.48,28
2025-10-15,Facebook Ads,FB-100122,UA - Lookalike - 5% | iOS | MENA | Playables,13895,287,133.63,40
2025-10-15,Facebook Ads,FB-100123,UA - Lookalike - 5% | iOS | EU | UGC,25500,1016,362.31,169
2025-10-15,Facebook Ads,FB-100124,UA - Lookalike - 5% | iOS | EU | Carousel,20632,823,285.17,69
2025-10-15,Facebook Ads,FB-100125,UA - Prospecting - Broad | Android | LATAM | UGC,31999,810,320.6,128
2025-10-15,Facebook Ads,FB-100126,UA - Lookalike - 1% | iOS | EU | Carousel,15643,512,220.11,16
2025-10-15,Facebook Ads,FB-100127,UA - Retargeting - Value | iOS | MENA | Video,7444,65,23.61,14
2025-10-15,Facebook Ads,FB-100128,UA - Retargeting - Value | Android | EU | UGC,16755,326,101.45,36
2025-10-15,Facebook Ads,FB-100129,UA - Lookalike - 5% | Android | US | UGC,19143,608,240.34,123
2025-10-15,Facebook Ads,FB-100130,UA - Lookalike - 5% | iOS | MENA | UGC,14036,685,278.59,125
2025-10-15,Facebook Ads,FB-100131,UA - Lookalike - 5% | Android | EU | UGC,15757,531,144.86,107
2025-10-15,Facebook Ads,FB-100132,UA - Lookalike - 5% | Android | MENA | UGC,12209,465,201.53,30
2025-10-15,Facebook Ads,FB-100133,UA - Lookalike - 5% | Android | LATAM | Carousel,24023,1078,242.55,171
2025-10-15,Facebook Ads,FB-100134,UA - Retargeting - Value | iOS | MENA | Playables,14901,420,131.75,40
2025-10-15,Facebook Ads,FB-100135,UA - Lookalike - 5% | iOS | EU | Carousel,18266,626,221.17,45
2025-10-15,Facebook Ads,FB-100136,UA - Lookalike - 1% | iOS | US | UGC,19498,934,471.39,88
2025-10-15,Facebook Ads,FB-100137,UA - Retargeting - Value | iOS | EU | UGC,6371,58,29.16,9
2025-10-15,Facebook Ads,FB-100138,UA - Prospecting - Broad | Android | APAC | Playables,16980,450,200.56,56
2025-10-15,Facebook Ads,FB-100139,UA - Lookalike - 5% | Android | APAC | Static,13755,676,197.32,59
2025-10-15,Facebook Ads,FB-100140,UA - Lookalike - 5% | Android | US | Carousel,15774,717,194.74,90
2025-10-15,Facebook Ads,FB-100141,UA - Lookalike - 1% | iOS | EU | UGC,20789,806,324.5,63
2025-10-15,Facebook Ads,FB-100142,UA - Lookalike - 5% | iOS | APAC | Carousel,17203,687,216.89,109
2025-10-15,Facebook Ads,FB-100143,UA - Prospecting - Broad | iOS | US | UGC,17671,608,307.53,66
2025-10-15,Facebook Ads,FB-100144,UA - Prospecting - Broad | Android | LATAM | Static,11801,305,102.21,29
2025-10-15,Facebook Ads,FB-100145,UA - Retargeting - Value | Android | US | Static,7315,59,21.08,14
2025-10-15,Facebook Ads,FB-100146,UA - Retargeting - Value | Android | MENA | Static,7565,239,111.28,24
2025-10-15,Facebook Ads,FB-100147,UA - Retargeting - Value | Android | APAC | Video,8057,146,70.82,20
2025-10-15,Facebook Ads,FB-100148,UA - Retargeting - Value | iOS | LATAM | Carousel,4618,143,65.19,24
2025-10-15,Facebook Ads,FB-100149,UA - Prospecting - Broad | Android | EU | Carousel,13823,379,163.31,45
2025-10-15,Facebook Ads,FB-100150,UA - Lookalike - 5% | Android | LATAM | Playables,20934,1014,314.34,87
2025-10-15,Facebook Ads,FB-100151,UA - Retargeting - Value | iOS | EU | Video,8041,62,38.86,11
2025-10-15,Facebook Ads,FB-100152,UA - Prospecting - Broad | Android | LATAM | Playables,14558,454,93.84,79
2025-10-15,Facebook Ads,FB-100153,UA - Lookalike - 5% | Android | LATAM | Playables,31968,1507,428.14,219
2025-10-15,Facebook Ads,FB-100154,UA - Lookalike - 1% | iOS | US | Playables,18629,927,237.31,78
2025-10-15,Facebook Ads,FB-100155,UA - Prospecting - Broad | Android | APAC | UGC,20299,687,267.86,115
2025-10-15,Facebook Ads,FB-100156,UA - Retargeting - Value | iOS | LATAM | UGC,12111,214,84.81,35
2025-10-15,Facebook Ads,FB-100157,UA - Lookalike - 1% | iOS | EU | Playables,7741,175,45.57,20
2025-10-15,Facebook Ads,FB-100158,UA - Lookalike - 1% | iOS | APAC | UGC,16314,610,178.18,36
2025-10-15,Facebook Ads,FB-100159,UA - Lookalike - 1% | iOS | EU | Video,13949,522,157.49,31
2025-10-15,Facebook Ads,FB-100160,UA - Lookalike - 5% | iOS | EU | UGC,20409,920,251.44,43
2025-10-15,Facebook Ads,FB-100161,UA - Lookalike - 1% | iOS | US | UGC,23902,671,209.55,31
2025-10-15,Facebook Ads,FB-100162,UA - Lookalike - 1% | Android | APAC | Static,16882,692,135.77,46
2025-10-15,Facebook Ads,FB-100163,UA - Lookalike - 1% | iOS | LATAM | Carousel,19672,703,156.28,136
2025-10-15,Facebook Ads,FB-100164,UA - Prospecting - Broad | Android | MENA | Static,18593,394,92.2,43
2025-10-15,Facebook Ads,FB-100165,UA - Retargeting - Value | Android | APAC | UGC,16872,274,147.41,36
2025-10-15,Facebook Ads,FB-100166,UA - Prospecting - Broad | iOS | APAC | UGC,11969,376,181.53,9
2025-10-15,Facebook Ads,FB-100167,UA - Lookalike - 5% | Android | LATAM | Static,13840,576,101.61,95
2025-10-15,Facebook Ads,FB-100168,UA - Lookalike - 1% | Android | LATAM | Playables,26105,1030,361.12,213
2025-10-15,Facebook Ads,FB-100169,UA - Lookalike - 1% | iOS | MENA | Playables,13397,532,191.95,31
2025-10-15,Facebook Ads,FB-100170,UA - Lookalike - 1% | iOS | MENA | Carousel,17031,487,166.16,87
2025-10-15,Facebook Ads,FB-100171,UA - Lookalike - 1% | iOS | LATAM | Carousel,13755,660,290.93,120
2025-10-15,Facebook Ads,FB-100172,UA - Lookalike - 1% | Android | US | Static,23868,489,136.87,78
2025-10-15,Facebook Ads,FB-100173,UA - Retargeting - Value | Android | MENA | Static,14885,357,110.28,35
2025-10-15,Facebook Ads,FB-100174,UA - Lookalike - 1% | Android | APAC | Carousel,25984,1037,223.68,116
2025-10-15,Facebook Ads,FB-100175,UA - Retargeting - Value | Android | EU | Carousel,4912,106,48.52,12
2025-10-15,Facebook Ads,FB-100176,UA - Prospecting - Broad | iOS | EU | Carousel,10875,290,121.28,7
2025-10-15,Facebook Ads,FB-100177,UA - Prospecting - Broad | Android | LATAM | Video,21154,449,183.69,33
2025-10-15,Facebook Ads,FB-100178,UA - Prospecting - Broad | iOS | EU | UGC,23006,613,259.54,42
2025-10-15,Facebook Ads,FB-100179,UA - Lookalike - 5% | Android | MENA | Carousel,18496,384,110.02,39
2025-10-15,Facebook Ads,FB-100180,UA - Retargeting - Value | iOS | APAC | Carousel,12329,344,168.59,67
2025-10-15,Facebook Ads,FB-100181,UA - Prospecting - Broad | Android | LATAM | UGC,11908,488,145.96,84
2025-10-15,Facebook Ads,FB-100182,UA - Prospecting - Broad | Android | APAC | UGC,17552,389,65.51,31
2025-10-15,Facebook Ads,FB-100183,UA - Lookalike - 1% | Android | EU | Static,21873,719,265.38,138
2025-10-15,Facebook Ads,FB-100184,UA - Lookalike - 5% | Android | EU | Video,20261,868,381.14,56
2025-10-15,Facebook Ads,FB-100185,UA - Lookalike - 5% | Android | MENA | UGC,31615,1557,305.48,183
2025-10-15,Facebook Ads,FB-100186,UA - Lookalike - 5% | iOS | LATAM | Playables,9930,488,115.27,14
2025-10-15,Facebook Ads,FB-100187,UA - Prospecting - Broad | iOS | MENA | Playables,23340,558,135.98,81
2025-10-15,Facebook Ads,FB-100188,UA - Lookalike - 1% | Android | EU | Static,20233,831,169.94,55
2025-10-15,Facebook Ads,FB-100189,UA - Retargeting - Value | Android | EU | Static,15155,323,162.02,43
2025-10-15,Facebook Ads,FB-100190,UA - Lookalike - 5% | Android | EU | Video,16928,811,243.87,145
2025-10-15,Facebook Ads,FB-100191,UA - Lookalike - 1% | iOS | MENA | UGC,18027,869,433.8,53
2025-10-15,Facebook Ads,FB-100192,UA - Lookalike - 1% | Android | EU | Carousel,14105,441,95.61,79
2025-10-15,Facebook Ads,FB-100193,UA - Lookalike - 1% | iOS | US | Static,22240,747,316.73,68
2025-10-15,Facebook Ads,FB-100194,UA - Retargeting - Value | Android | APAC | Video,15191,94,25.01,12
2025-10-15,Facebook Ads,FB-100195,UA - Prospecting - Broad | Android | LATAM | Static,28671,1245,526.63,202
2025-10-15,Facebook Ads,FB-100196,UA - Lookalike - 1% | Android | EU | Carousel,13848,664,288.31,81
2025-10-15,Facebook Ads,FB-100197,UA - Lookalike - 1% | iOS | US | UGC,21604,865,364.77,130
2025-10-15,Facebook Ads,FB-100198,UA - Lookalike - 5% | iOS | LATAM | Playables,20136,974,240.48,75
2025-10-15,Facebook Ads,FB-100199,UA - Prospecting - Broad | iOS | US | Playables,21215,420,171.78,24
2025-10-15,Facebook Ads,FB-100200,UA - Lookalike - 1% | iOS | LATAM | Playables,23766,989,262.28,130
2025-10-15,Facebook Ads,FB-100201,UA - Prospecting - Broad | Android | US | Static,16021,611,280.14,54
2025-10-15,Facebook Ads,FB-100202,UA - Retargeting - Value | iOS | MENA | Video,6962,97,34.1,12
2025-10-15,Facebook Ads,FB-100203,UA - Lookalike - 1% | iOS | MENA | UGC,5494,243,76.89,35
2025-10-15,Facebook Ads,FB-100204,UA - Lookalike - 5% | Android | MENA | UGC,15836,732,251.22,40
2025-10-15,Facebook Ads,FB-100205,UA - Lookalike - 5% | Android | APAC | Carousel,17661,719,150.27,152
2025-10-15,Facebook Ads,FB-100206,UA - Retargeting - Value | iOS | LATAM | Video,7963,213,123.28,23
2025-10-15,Facebook Ads,FB-100207,UA - Lookalike - 1% | iOS | APAC | UGC,30641,1148,500.87,49
2025-10-15,Facebook Ads,FB-100208,UA - Lookalike - 5% | iOS | MENA | Video,17898,701,196.56,87
2025-10-15,Facebook Ads,FB-100209,UA - Lookalike - 1% | Android | LATAM | Carousel,21655,1077,273.13,220
2025-10-15,Facebook Ads,FB-100210,UA - Prospecting - Broad | Android | APAC | Playables,18245,276,76.29,52
2025-10-15,Facebook Ads,FB-100211,UA - Retargeting - Value | iOS | APAC | Video,11742,349,145.92,51
2025-10-15,Facebook Ads,FB-100212,UA - Lookalike - 5% | iOS | MENA | UGC,17699,644,271.77,123
2025-10-15,Facebook Ads,FB-100213,UA - Retargeting - Value | Android | EU | Carousel,10750,302,142.36,61
2025-10-15,Facebook Ads,FB-100214,UA - Prospecting - Broad | iOS | APAC | UGC,11896,297,71.01,40
2025-10-15,Facebook Ads,FB-100215,UA - Retargeting - Value | Android | MENA | Static,7715,245,68.85,26
2025-10-15,Facebook Ads,FB-100216,UA - Lookalike - 5% | iOS | MENA | Video,14291,565,278.83,30
2025-10-15,Facebook Ads,FB-100217,UA - Lookalike - 5% | Android | EU | Video,26309,926,403.55,193
2025-10-15,Facebook Ads,FB-100218,UA - Lookalike - 1% | Android | EU | UGC,15117,318,82.71,60
2025-10-15,Facebook Ads,FB-100219,UA - Lookalike - 5% | iOS | APAC | UGC,15746,673,332.13,38
2025-10-15,Facebook Ads,FB-100220,UA - Retargeting - Value | Android | APAC | Playables,14670,352,119.15,44
2025-10-15,Facebook Ads,FB-100221,UA - Retargeting - Value | iOS | EU | Playables,29525,892,578.46,93
2025-10-15,Facebook Ads,FB-100222,UA - Lookalike - 1% | Android | LATAM | UGC,18565,395,66.95,65
2025-10-15,Facebook Ads,FB-100223,UA - Lookalike - 1% | iOS | US | Carousel,33116,692,362.68,107
2025-10-15,Facebook Ads,FB-100224,UA - Lookalike - 5% | iOS | EU | UGC,21952,678,319.54,109
2025-10-15,Facebook Ads,FB-100225,UA - Lookalike - 5% | iOS | LATAM | Playables,17531,594,196.32,83
2025-10-15,Facebook Ads,FB-100226,UA - Retargeting - Value | iOS | LATAM | Static,5611,67,29.48,12
2025-10-15,Facebook Ads,FB-100227,UA - Prospecting - Broad | iOS | EU | UGC,24771,915,429.96,35
2025-10-15,Facebook Ads,FB-100228,UA - Lookalike - 5% | iOS | APAC | UGC,18644,711,205.62,36
2025-10-15,Facebook Ads,FB-100229,UA - Retargeting - Value | Android | APAC | Video,9018,203,51.95,27
2025-10-15,Facebook Ads,FB-100230,UA - Prospecting - Broad | iOS | US | UGC,16575,332,102.16,10
2025-10-15,Facebook Ads,FB-100231,UA - Lookalike - 5% | iOS | US | Static,15761,787,263.65,104
2025-10-15,Facebook Ads,FB-100232,UA - Lookalike - 1% | Android | US | UGC,22169,492,166.05,80
2025-10-15,Facebook Ads,FB-100233,UA - Prospecting - Broad | iOS | MENA | UGC,14722,574,178.57,12
2025-10-15,Facebook Ads,FB-100234,UA - Lookalike - 1% | iOS | MENA | UGC,16224,526,226.81,55
2025-10-15,Facebook Ads,FB-100235,UA - Prospecting - Broad | iOS | MENA | Video,15718,360,96.62,64
2025-10-15,Facebook Ads,FB-100236,UA - Prospecting - Broad | Android | LATAM | Static,17671,507,83.91,33
2025-10-15,Facebook Ads,FB-100237,UA - Lookalike - 5% | iOS | US | Video,21442,496,173.85,24
2025-10-15,Facebook Ads,FB-100238,UA - Prospecting - Broad | Android | LATAM | Video,15419,327,85.31,23
2025-10-15,Facebook Ads,FB-100239,UA - Lookalike - 1% | iOS | US | Carousel,18338,598,207.92,82
2025-10-15,Facebook Ads,FB-100240,UA - Retargeting - Value | iOS | APAC | Static,10256,312,96.97,32
2025-10-15,Facebook Ads,FB-100241,UA - Retargeting - Value | iOS | MENA | Static,14162,132,68.65,21
2025-10-15,Facebook Ads,FB-100242,UA - Lookalike - 5% | Android | US | Playables,28237,1029,340.7,189
2025-10-15,Facebook Ads,FB-100243,UA - Retargeting - Value | Android | APAC | Playables,25796,374,199.57,85
2025-10-15,Facebook Ads,FB-100244,UA - Lookalike - 5% | Android | APAC | Carousel,33220,1275,282.16,79
2025-10-15,Facebook Ads,FB-100245,UA - Lookalike - 1% | iOS | US | UGC,14007,576,190.48,23
2025-10-15,Facebook Ads,FB-100246,UA - Lookalike - 1% | Android | US | UGC,26320,1019,491.57,70
2025-10-15,Facebook Ads,FB-100247,UA - Lookalike - 5% | iOS | APAC | Carousel,28784,1259,321.55,149
2025-10-15,Facebook Ads,FB-100248,UA - Lookalike - 5% | iOS | EU | UGC,14977,414,122.13,37
2025-10-15,Facebook Ads,FB-100249,UA - Lookalike - 1% | Android | EU | UGC,10065,214,68.82,20
2025-10-15,Facebook Ads,FB-100250,UA - Lookalike - 5% | iOS | LATAM | Video,11590,368,121.88,28
2025-10-15,Facebook Ads,FB-100251,UA - Prospecting - Broad | iOS | US | Playables,19611,854,257.31,110
2025-10-15,Facebook Ads,FB-100252,UA - Lookalike - 1% | iOS | LATAM | Static,17659,578,197.21,78
2025-10-15,Facebook Ads,FB-100253,UA - Lookalike - 1% | Android | EU | Playables,21202,466,162.17,63
2025-10-15,Facebook Ads,FB-100254,UA - Lookalike - 1% | Android | US | Video,16342,502,208.23,98
2025-10-15,Facebook Ads,FB-100255,UA - Lookalike - 1% | iOS | US | Playables,15214,466,197.07,18
2025-10-15,Facebook Ads,FB-100256,UA - Lookalike - 1% | Android | US | Carousel,31880,1252,256.41,157
2025-10-15,Facebook Ads,FB-100257,UA - Retargeting - Value | iOS | EU | Static,14964,220,84.72,20
2025-10-15,Facebook Ads,FB-100258,UA - Lookalike - 1% | iOS | MENA | Playables,12900,419,157.5,67
2025-10-15,Facebook Ads,FB-100259,UA - Lookalike - 1% | Android | LATAM | UGC,9741,273,96.1,42
2025-10-15,Facebook Ads,FB-100260,UA - Prospecting - Broad | iOS | US | UGC,23599,989,311.44,89
2025-10-15,Facebook Ads,FB-100261,UA - Lookalike - 1% | Android | EU | UGC,17343,454,201.98,68
2025-10-15,Facebook Ads,FB-100262,UA - Lookalike - 1% | Android | APAC | Video,7318,240,93.02,25
2025-10-15,Facebook Ads,FB-100263,UA - Lookalike - 1% | Android | APAC | Carousel,39159,1182,504.0,195
2025-10-15,Facebook Ads,FB-100264,UA - Retargeting - Value | iOS | LATAM | Video,8933,230,109.76,35
2025-10-15,Facebook Ads,FB-100265,UA - Lookalike - 1% | iOS | US | Playables,14166,662,349.8,54
2025-10-15,Facebook Ads,FB-100266,UA - Lookalike - 1% | Android | US | UGC,23378,615,135.12,35
2025-10-15,Facebook Ads,FB-100267,UA - Prospecting - Broad | iOS | US | Static,17463,760,329.08,20
2025-10-15,Facebook Ads,FB-100268,UA - Prospecting - Broad | Android | LATAM | UGC,10120,425,141.69,55
2025-10-15,Facebook Ads,FB-100269,UA - Retargeting - Value | Android | EU | Playables,12386,149,82.14,15
2025-10-15,Facebook Ads,FB-100270,UA - Lookalike - 5% | iOS | APAC | Carousel,20633,708,234.84,65
2025-10-15,Facebook Ads,FB-100271,UA - Lookalike - 5% | Android | APAC | Video,21832,619,246.18,66
2025-10-15,Facebook Ads,FB-100272,UA - Lookalike - 1% | iOS | LATAM | Video,20430,984,450.57,178
2025-10-15,Facebook Ads,FB-100273,UA - Retargeting - Value | Android | APAC | UGC,9357,277,101.96,67
2025-10-15,Facebook Ads,FB-100274,UA - Lookalike - 1% | iOS | US | Carousel,16209,737,379.33,81
2025-10-15,Facebook Ads,FB-100275,UA - Retargeting - Value | Android | APAC | Carousel,18032,600,309.96,79
2025-10-15,Facebook Ads,FB-100276,UA - Retargeting - Value | Android | APAC | Video,16063,319,129.32,37
2025-10-15,Facebook Ads,FB-100277,UA - Retargeting - Value | Android | US | Carousel,27469,158,70.75,16
2025-10-15,Facebook Ads,FB-100278,UA - Prospecting - Broad | Android | MENA | Static,18215,356,78.96,69
2025-10-15,Facebook Ads,FB-100279,UA - Retargeting - Value | Android | MENA | Static,12169,285,120.55,42
2025-10-15,Facebook Ads,FB-100280,UA - Prospecting - Broad | iOS | EU | Playables,21167,371,94.79,62
2025-10-15,Facebook Ads,FB-100281,UA - Lookalike - 1% | iOS | EU | Static,22476,638,309.56,50
2025-10-15,Facebook Ads,FB-100282,UA - Retargeting - Value | Android | US | Video,27690,255,129.23,65
2025-10-15,Facebook Ads,FB-100283,UA - Lookalike - 1% | Android | LATAM | Static,29554,683,172.18,124
2025-10-15,Facebook Ads,FB-100284,UA - Prospecting - Broad | Android | EU | Carousel,11755,239,94.38,44
2025-10-15,Facebook Ads,FB-100285,UA - Prospecting - Broad | Android | APAC | Playables,26648,1121,406.03,156
2025-10-15,Facebook Ads,FB-100286,UA - Lookalike - 1% | Android | APAC | UGC,19779,737,158.6,60
2025-10-15,Facebook Ads,FB-100287,UA - Retargeting - Value | Android | APAC | Playables,33129,1037,558.94,187
2025-10-15,Facebook Ads,FB-100288,UA - Lookalike - 5% | Android | MENA | Carousel,11779,342,77.46,59
2025-10-15,Facebook Ads,FB-100289,UA - Lookalike - 5% | Android | US | UGC,27453,1293,405.1,206
2025-10-15,Facebook Ads,FB-100290,UA - Lookalike - 5% | iOS | US | UGC,15303,663,258.84,54
2025-10-15,Facebook Ads,FB-100291,UA - Retargeting - Value | Android | US | Carousel,16672,192,72.29,40
2025-10-15,Facebook Ads,FB-100292,UA - Lookalike - 1% | Android | EU | Carousel,24278,1167,353.13,226
2025-10-15,Facebook Ads,FB-100293,UA - Lookalike - 1% | iOS | MENA | Playables,25273,746,325.85,136
2025-10-15,Facebook Ads,FB-100294,UA - Lookalike - 5% | iOS | MENA | Playables,17339,618,236.45,23
2025-10-15,Facebook Ads,FB-100295,UA - Retargeting - Value | Android | US | Playables,12843,186,105.22,30
2025-10-15,Facebook Ads,FB-100296,UA - Lookalike - 5% | iOS | APAC | Static,13880,507,216.29,34
2025-10-15,Facebook Ads,FB-100297,UA - Lookalike - 5% | iOS | APAC | UGC,23291,494,196.46,75
2025-10-15,Facebook Ads,FB-100298,UA - Lookalike - 1% | Android | LATAM | UGC,14441,517,217.92,91
2025-10-15,Facebook Ads,FB-100299,UA - Lookalike - 5% | iOS | LATAM | Static,15201,648,231.34,129
2025-10-15,Facebook Ads,FB-100300,UA - Prospecting - Broad | Android | US | Video,25759,999,496.0,71
2025-10-15,Facebook Ads,FB-100301,UA - Retargeting - Value | iOS | US | Carousel,17248,264,166.5,19
2025-10-15,Facebook Ads,FB-100302,UA - Lookalike - 1% | Android | MENA | Playables,21486,617,190.1,82
2025-10-15,Facebook Ads,FB-100303,UA - Lookalike - 5% | Android | APAC | Carousel,21086,747,283.49,139
2025-10-15,Facebook Ads,FB-100304,UA - Lookalike - 1% | Android | LATAM | Playables,20790,793,154.4,173
2025-10-15,Facebook Ads,FB-100305,UA - Retargeting - Value | iOS | US | Playables,10012,202,82.78,31
2025-10-15,Facebook Ads,FB-100306,UA - Prospecting - Broad | Android | APAC | Static,23100,958,150.5,169
2025-10-15,Facebook Ads,FB-100307,UA - Prospecting - Broad | iOS | MENA | Carousel,13711,543,205.47,87
2025-10-15,Facebook Ads,FB-100308,UA - Lookalike - 5% | iOS | MENA | Static,12180,560,168.11,20
2025-10-15,Facebook Ads,FB-100309,UA - Prospecting - Broad | Android | MENA | Carousel,17644,685,277.49,101
2025-10-15,Facebook Ads,FB-100310,UA - Lookalike - 1% | Android | LATAM | Carousel,14673,389,103.75,37
2025-10-15,Facebook Ads,FB-100311,UA - Retargeting - Value | iOS | US | Static,14420,226,135.26,47
2025-10-15,Facebook Ads,FB-100312,UA - Prospecting - Broad | iOS | US | Static,14510,337,173.32,52
2025-10-15,Facebook Ads,FB-100313,UA - Lookalike - 5% | Android | MENA | Static,21120,575,138.29,62
2025-10-15,Facebook Ads,FB-100314,UA - Retargeting - Value | iOS | APAC | Carousel,8707,96,50.76,7
2025-10-15,Facebook Ads,FB-100315,UA - Prospecting - Broad | iOS | LATAM | Carousel,22147,777,333.95,94
2025-10-15,Facebook Ads,FB-100316,UA - Prospecting - Broad | Android | EU | Static,22256,552,222.46,96
2025-10-15,Facebook Ads,FB-100317,UA - Lookalike - 5% | Android | LATAM | UGC,13073,518,144.0,37
2025-10-15,Facebook Ads,FB-100318,UA - Lookalike - 5% | iOS | MENA | UGC,12017,358,71.6,24
2025-10-15,Facebook Ads,FB-100319,UA - Prospecting - Broad | iOS | EU | Playables,17293,438,225.92,42
2025-10-15,Facebook Ads,FB-100320,UA - Lookalike - 1% | iOS | APAC | Video,15718,700,307.51,97
2025-10-15,Facebook Ads,FB-100321,UA - Prospecting - Broad | iOS | MENA | Carousel,13706,581,181.79,47
2025-10-15,Facebook Ads,FB-100322,UA - Prospecting - Broad | Android | APAC | Playables,15900,350,84.52,51
2025-10-15,Facebook Ads,FB-100323,UA - Retargeting - Value | Android | EU | Carousel,9906,229,93.52,34
2025-10-15,Facebook Ads,FB-100324,UA - Lookalike - 1% | Android | LATAM | Carousel,25629,1170,267.46,65
2025-10-15,Facebook Ads,FB-100325,UA - Lookalike - 5% | Android | US | UGC,31553,969,448.55,163
2025-10-15,Facebook Ads,FB-100326,UA - Retargeting - Value | Android | EU | UGC,14329,313,155.4,48
2025-10-15,Facebook Ads,FB-100327,UA - Prospecting - Broad | iOS | US | UGC,15765,266,134.94,28
2025-10-15,Facebook Ads,FB-100328,UA - Prospecting - Broad | iOS | US | UGC,14296,590,283.67,63
2025-10-15,Facebook Ads,FB-100329,UA - Lookalike - 5% | iOS | MENA | UGC,17549,469,112.28,60
2025-10-15,Facebook Ads,FB-100330,UA - Lookalike - 5% | iOS | LATAM | Video,13365,617,156.1,47
2025-10-15,Facebook Ads,FB-100331,UA - Lookalike - 5% | Android | LATAM | Static,18065,805,250.11,41
2025-10-15,Facebook Ads,FB-100332,UA - Prospecting - Broad | iOS | US | UGC,14955,543,226.65,68
2025-10-15,Facebook Ads,FB-100333,UA - Lookalike - 5% | Android | APAC | Playables,12184,571,129.33,92
2025-10-15,Facebook Ads,FB-100334,UA - Lookalike - 1% | Android | APAC | Carousel,25651,936,194.78,171
2025-10-15,Facebook Ads,FB-100335,UA - Prospecting - Broad | Android | LATAM | Static,21924,880,238.57,44
2025-10-15,Facebook Ads,FB-100336,UA - Retargeting - Value | Android | MENA | Playables,20660,551,170.37,76
2025-10-15,Facebook Ads,FB-100337,UA - Retargeting - Value | iOS | LATAM | Static,15244,336,185.81,46
2025-10-15,Facebook Ads,FB-100338,UA - Retargeting - Value | Android | EU | Carousel,16683,414,200.87,75
2025-10-15,Facebook Ads,FB-100339,UA - Prospecting - Broad | Android | MENA | Static,29905,1237,331.52,246
2025-10-15,Facebook Ads,FB-100340,UA - Lookalike - 5% | Android | APAC | UGC,12666,322,73.19,38
2025-10-15,Facebook Ads,FB-100341,UA - Lookalike - 5% | iOS | LATAM | Static,14467,307,124.67,14
2025-10-15,Facebook Ads,FB-100342,UA - Lookalike - 1% | Android | APAC | UGC,16754,641,160.38,90
2025-10-15,Facebook Ads,FB-100343,UA - Lookalike - 1% | iOS | MENA | Video,13403,328,115.06,64
2025-10-15,Facebook Ads,FB-100344,UA - Lookalike - 5% | Android | LATAM | UGC,34271,931,234.89,66
2025-10-15,Facebook Ads,FB-100345,UA - Lookalike - 1% | Android | US | Carousel,25652,586,128.69,116
2025-10-15,Facebook Ads,FB-100346,UA - Lookalike - 5% | Android | US | Playables,23166,856,192.86,56
2025-10-15,Facebook Ads,FB-100347,UA - Prospecting - Broad | iOS | MENA | Playables,17364,486,166.02,45
2025-10-15,Facebook Ads,FB-100348,UA - Lookalike - 1% | iOS | MENA | Static,20836,661,303.47,54
2025-10-15,Facebook Ads,FB-100349,UA - Prospecting - Broad | iOS | MENA | Static,29565,586,173.87,12
2025-10-16,Facebook Ads,FB-100000,UA - Retargeting - Value | Android | US | Carousel,9069,275,96.31,67
2025-10-16,Facebook Ads,FB-100001,UA - Prospecting - Broad | Android | EU | Video,19945,562,114.42,99
2025-10-16,Facebook Ads,FB-100002,UA - Prospecting - Broad | iOS | US | Video,22997,462,121.51,56
2025-10-16,Facebook Ads,FB-100003,UA - Prospecting - Broad | Android | EU | Playables,27923,660,221.1,32
2025-10-16,Facebook Ads,FB-100004,UA - Retargeting - Value | Android | MENA | UGC,20320,344,157.69,42
2025-10-16,Facebook Ads,FB-100005,UA - Prospecting - Broad | iOS | MENA | Carousel,13532,573,152.76,22
2025-10-16,Facebook Ads,FB-100006,UA - Lookalike - 1% | Android | APAC | Carousel,21245,809,166.25,53
2025-10-16,Facebook Ads,FB-100007,UA - Prospecting - Broad | Android | EU | Carousel,37102,910,403.58,75
2025-10-16,Facebook Ads,FB-100008,UA - Lookalike - 1% | Android | APAC | Video,22171,849,328.31,144
2025-10-16,Facebook Ads,FB-100009,UA - Prospecting - Broad | iOS | MENA | Carousel,26362,800,241.2,113
2025-10-16,Facebook Ads,FB-100010,UA - Lookalike - 5% | iOS | MENA | Video,22564,627,174.87,78
2025-10-16,Facebook Ads,FB-100011,UA - Lookalike - 1% | Android | MENA | Carousel,18260,788,286.36,74
2025-10-16,Facebook Ads,FB-100012,UA - Retargeting - Value | Android | US | Video,5247,141,78.17,17
2025-10-16,Facebook Ads,FB-100013,UA - Prospecting - Broad | iOS | US | Static,9943,302,128.53,31
2025-10-16,Facebook Ads,FB-100014,UA - Lookalike - 1% | iOS | LATAM | UGC,23960,1098,507.5,202
2025-10-16,Facebook Ads,FB-100015,UA - Retargeting - Value | Android | LATAM | Carousel,9858,66,26.63,9
2025-10-16,Facebook Ads,FB-100016,UA - Retargeting - Value | iOS | US | Playables,6218,196,83.99,17
2025-10-16,Facebook Ads,FB-100017,UA - Lookalike - 5% | Android | EU | UGC,18182,734,335.36,136
2025-10-16,Facebook Ads,FB-100018,UA - Lookalike - 1% | iOS | MENA | Static,11550,391,98.26,40
2025-10-16,Facebook Ads,FB-100019,UA - Lookalike - 1% | Android | EU | Video,16535,691,267.28,127
2025-10-16,Facebook Ads,FB-100020,UA - Retargeting - Value | iOS | LATAM | Video,19343,588,238.32,46
2025-10-16,Facebook Ads,FB-100021,UA - Lookalike - 5% | iOS | EU | UGC,23269,636,173.56,93
2025-10-16,Facebook Ads,FB-100022,UA - Retargeting - Value | iOS | EU | Carousel,9919,234,115.76,44
2025-10-16,Facebook Ads,FB-100023,UA - Lookalike - 1% | Android | MENA | Playables,48550,1054,293.22,111
2025-10-16,Facebook Ads,FB-100024,UA - Lookalike - 1% | iOS | MENA | UGC,19613,846,352.7,153
2025-10-16,Facebook Ads,FB-100025,UA - Lookalike - 5% | Android | EU | Playables,34034,759,194.99,42
2025-10-16,Facebook Ads,FB-100026,UA - Retargeting - Value | Android | US | Video,8313,144,63.03,14
2025-10-16,Facebook Ads,FB-100027,UA - Prospecting - Broad | Android | APAC | Playables,20035,430,146.67,88
2025-10-16,Facebook Ads,FB-100028,UA - Lookalike - 5% | iOS | APAC | Playables,13022,422,90.39,15
2025-10-16,Facebook Ads,FB-100029,UA - Prospecting - Broad | iOS | MENA | Video,12513,493,168.21,14
2025-10-16,Facebook Ads,FB-100030,UA - Lookalike - 1% | iOS | LATAM | Video,19162,771,335.15,73
2025-10-16,Facebook Ads,FB-100031,UA - Prospecting - Broad | iOS | EU | UGC,22507,339,177.33,52
2025-10-16,Facebook Ads,FB-100032,UA - Prospecting - Broad | iOS | MENA | Static,17496,744,316.27,31
2025-10-16,Facebook Ads,FB-100033,UA - Retargeting - Value | iOS | MENA | Playables,9846,113,67.08,19
2025-10-16,Facebook Ads,FB-100034,UA - Prospecting - Broad | Android | LATAM | Static,32307,1222,510.8,237
2025-10-16,Facebook Ads,FB-100035,UA - Prospecting - Broad | iOS | APAC | Video,11897,437,102.08,66
2025-10-16,Facebook Ads,FB-100036,UA - Prospecting - Broad | iOS | LATAM | Static,14272,573,133.51,71
2025-10-16,Facebook Ads,FB-100037,UA - Prospecting - Broad | Android | MENA | Video,18338,820,179.42,57
2025-10-16,Facebook Ads,FB-100038,UA - Retargeting - Value | iOS | US | Playables,7287,235,146.9,53
2025-10-16,Facebook Ads,FB-100039,UA - Retargeting - Value | Android | APAC | Playables,18977,177,47.6,42
2025-10-16,Facebook Ads,FB-100040,UA - Lookalike - 5% | iOS | MENA | Playables,17715,787,249.56,67
2025-10-16,Facebook Ads,FB-100041,UA - Lookalike - 1% | Android | MENA | Static,26632,657,239.67,127
2025-10-16,Facebook Ads,FB-100042,UA - Lookalike - 5% | iOS | LATAM | UGC,20449,730,218.56,79
2025-10-16,Facebook Ads,FB-100043,UA - Prospecting - Broad | Android | EU | Static,14208,632,158.76,40
2025-10-16,Facebook Ads,FB-100044,UA - Retargeting - Value | iOS | US | Playables,11459,135,73.95,23
2025-10-16,Facebook Ads,FB-100045,UA - Prospecting - Broad | Android | US | Video,25266,1018,497.29,67
2025-10-16,Facebook Ads,FB-100046,UA - Lookalike - 1% | Android | US | Video,13639,278,64.44,38
2025-10-16,Facebook Ads,FB-100047,UA - Lookalike - 1% | Android | MENA | Static,14218,481,116.5,96
2025-10-16,Facebook Ads,FB-100048,UA - Retargeting - Value | iOS | EU | Playables,9004,61,38.21,13
2025-10-16,Facebook Ads,FB-100049,UA - Lookalike - 5% | iOS | EU | UGC,17846,846,317.42,150
2025-10-16,Facebook Ads,FB-100050,UA - Lookalike - 5% | Android | US | Video,24191,1058,404.79,130
2025-10-16,Facebook Ads,FB-100051,UA - Lookalike - 5% | iOS | APAC | UGC,18554,875,342.3,64
2025-10-16,Facebook Ads,FB-100052,UA - Lookalike - 5% | Android | US | Video,24308,1116,553.76,239
2025-10-16,Facebook Ads,FB-100053,UA - Retargeting - Value | iOS | US | Static,7423,239,108.34,35
2025-10-16,Facebook Ads,FB-100054,UA - Retargeting - Value | Android | MENA | UGC,11245,122,36.62,21
2025-10-16,Facebook Ads,FB-100055,UA - Lookalike - 5% | iOS | EU | Carousel,15706,742,288.86,49
2025-10-16,Facebook Ads,FB-100056,UA - Prospecting - Broad | Android | US | UGC,18745,461,196.8,60
2025-10-16,Facebook Ads,FB-100057,UA - Prospecting - Broad | Android | MENA | Video,12474,409,159.39,84
2025-10-16,Facebook Ads,FB-100058,UA - Lookalike - 5% | Android | EU | UGC,39448,824,171.72,131
2025-10-16,Facebook Ads,FB-100059,UA - Prospecting - Broad | iOS | EU | UGC,21136,796,412.09,92
2025-10-16,Facebook Ads,FB-100060,UA - Lookalike - 5% | Android | APAC | Video,7691,203,90.15,20
2025-10-16,Facebook Ads,FB-100061,UA - Lookalike - 5% | iOS | APAC | Carousel,12838,406,143.89,23
2025-10-16,Facebook Ads,FB-100062,UA - Lookalike - 1% | iOS | EU | Static,17194,532,210.3,49
2025-10-16,Facebook Ads,FB-100063,UA - Prospecting - Broad | Android | US | Playables,12547,554,273.29,101
2025-10-16,Facebook Ads,FB-100064,UA - Lookalike - 5% | iOS | US | Video,20566,656,319.93,28
2025-10-16,Facebook Ads,FB-100065,UA - Prospecting - Broad | Android | US | Playables,12491,224,65.68,12
2025-10-16,Facebook Ads,FB-100066,UA - Prospecting - Broad | Android | US | Playables,23502,460,101.52,37
2025-10-16,Facebook Ads,FB-100067,UA - Retargeting - Value | Android | APAC | Video,15621,333,170.7,82
2025-10-16,Facebook Ads,FB-100068,UA - Lookalike - 5% | Android | MENA | Video,22794,1057,274.08,119
2025-10-16,Facebook Ads,FB-100069,UA - Lookalike - 1% | iOS | LATAM | Static,28018,1198,282.97,199
2025-10-16,Facebook Ads,FB-100070,UA - Retargeting - Value | Android | LATAM | UGC,13380,325,164.61,45
2025-10-16,Facebook Ads,FB-100071,UA - Prospecting - Broad | iOS | APAC | Carousel,14512,277,56.56,23
2025-10-16,Facebook Ads,FB-100072,UA - Prospecting - Broad | Android | APAC | Playables,14835,226,76.82,15
2025-10-16,Facebook Ads,FB-100073,UA - Lookalike - 1% | Android | MENA | Static,22271,986,271.35,87
2025-10-16,Facebook Ads,FB-100074,UA - Retargeting - Value | Android | LATAM | Video,12497,148,63.49,35
2025-10-16,Facebook Ads,FB-100075,UA - Lookalike - 5% | iOS | LATAM | Static,12093,281,127.91,54
2025-10-16,Facebook Ads,FB-100076,UA - Prospecting - Broad | iOS | MENA | Playables,18152,637,280.41,91
2025-10-16,Facebook Ads,FB-100077,UA - Lookalike - 1% | iOS | US | Static,32856,1380,690.14,212
2025-10-16,Facebook Ads,FB-100078,UA - Retargeting - Value | Android | US | Playables,12007,254,121.54,36
2025-10-16,Facebook Ads,FB-100079,UA - Retargeting - Value | iOS | LATAM | Playables,9456,233,88.05,38
2025-10-16,Facebook Ads,FB-100080,UA - Lookalike - 5% | iOS | EU | Carousel,22779,786,390.72,110
2025-10-16,Facebook Ads,FB-100081,UA - Lookalike - 5% | iOS | US | Video,7874,288,122.95,17
2025-10-16,Facebook Ads,FB-100082,UA - Lookalike - 1% | iOS | US | Video,15217,732,216.23,24
2025-10-16,Facebook Ads,FB-100083,UA - Lookalike - 5% | Android | LATAM | Static,34057,802,303.4,154
2025-10-16,Facebook Ads,FB-100084,UA - Prospecting - Broad | iOS | MENA | Video,18767,646,268.99,61
2025-10-16,Facebook Ads,FB-100085,UA - Prospecting - Broad | Android | EU | Playables,31338,1388,457.07,97
2025-10-16,Facebook Ads,FB-100086,UA - Retargeting - Value | iOS | MENA | Playables,11855,356,110.29,65
2025-10-16,Facebook Ads,FB-100087,UA - Lookalike - 1% | iOS | EU | Video,39851,1923,824.01,339
2025-10-16,Facebook Ads,FB-100088,UA - Retargeting - Value | iOS | US | Carousel,13620,267,153.23,23
2025-10-16,Facebook Ads,FB-100089,UA - Lookalike - 5% | Android | US | Carousel,37843,1573,545.52,87
2025-10-16,Facebook Ads,FB-100090,UA - Retargeting - Value | Android | EU | Static,17021,335,167.53,50
2025-10-16,Facebook Ads,FB-100091,UA - Lookalike - 1% | iOS | US | Static,20185,744,225.36,64
2025-10-16,Facebook Ads,FB-100092,UA - Retargeting - Value | iOS | EU | Carousel,5694,109,53.12,8
2025-10-16,Facebook Ads,FB-100093,UA - Lookalike - 5% | Android | APAC | Video,15588,474,170.12,65
2025-10-16,Facebook Ads,FB-100094,UA - Lookalike - 1% | Android | EU | UGC,21005,985,426.31,78
2025-10-16,Facebook Ads,FB-100095,UA - Prospecting - Broad | iOS | EU | Static,12285,409,198.69,22
2025-10-16,Facebook Ads,FB-100096,UA - Lookalike - 1% | Android | APAC | Carousel,19815,752,144.68,107
2025-10-16,Facebook Ads,FB-100097,UA - Lookalike - 5% | Android | LATAM | Carousel,19664,722,141.51,121
2025-10-16,Facebook Ads,FB-100098,UA - Lookalike - 1% | iOS | US | Video,12681,271,115.72,47
2025-10-16,Facebook Ads,FB-100099,UA - Prospecting - Broad | Android | MENA | Carousel,10738,282,92.44,44
2025-10-16,Facebook Ads,FB-100100,UA - Lookalike - 1% | Android | MENA | UGC,34660,1231,393.43,119
2025-10-16,Facebook Ads,FB-100101,UA - Prospecting - Broad | iOS | APAC | Playables,14337,303,130.23,10
2025-10-16,Facebook Ads,FB-100102,UA - Lookalike - 1% | iOS | MENA | Static,12273,308,130.78,15
2025-10-16,Facebook Ads,FB-100103,UA - Retargeting - Value | Android | APAC | Video,28699,819,380.59,178
2025-10-16,Facebook Ads,FB-100104,UA - Lookalike - 1% | iOS | APAC | Video,17318,796,193.75,113
2025-10-16,Facebook Ads,FB-100105,UA - Lookalike - 1% | iOS | US | Carousel,11462,468,125.66,49
2025-10-16,Facebook Ads,FB-100106,UA - Lookalike - 1% | iOS | LATAM | UGC,11164,320,91.74,27
2025-10-16,Facebook Ads,FB-100107,UA - Lookalike - 5% | Android | EU | UGC,24009,483,190.16,88
2025-10-16,Facebook Ads,FB-100108,UA - Lookalike - 1% | Android | MENA | Playables,19226,552,190.16,55
2025-10-16,Facebook Ads,FB-100109,UA - Lookalike - 1% | iOS | MENA | Video,12034,365,83.99,23
2025-10-16,Facebook Ads,FB-100110,UA - Lookalike - 1% | iOS | EU | UGC,11198,543,175.23,56
2025-10-16,Facebook Ads,FB-100111,UA - Retargeting - Value | iOS | APAC | UGC,18971,486,264.43,67
2025-10-16,Facebook Ads,FB-100112,UA - Lookalike - 1% | iOS | EU | Video,23198,781,426.89,80
2025-10-16,Facebook Ads,FB-100113,UA - Lookalike - 1% | iOS | US | Static,14944,458,185.35,41
2025-10-16,Facebook Ads,FB-100114,UA - Prospecting - Broad | Android | EU | Static,12581,319,144.89,24
2025-10-16,Facebook Ads,FB-100115,UA - Prospecting - Broad | Android | EU | UGC,17484,716,282.53,60
2025-10-16,Facebook Ads,FB-100116,UA - Retargeting - Value | iOS | APAC | Playables,12800,231,88.96,49
2025-10-16,Facebook Ads,FB-100117,UA - Retargeting - Value | iOS | APAC | UGC,9317,48,27.1,7
2025-10-16,Facebook Ads,FB-100118,UA - Lookalike - 5% | Android | US | Video,29241,1050,383.67,158
2025-10-16,Facebook Ads,FB-100119,UA - Lookalike - 5% | Android | EU | Playables,26863,921,340.68,125
2025-10-16,Facebook Ads,FB-100120,UA - Prospecting - Broad | Android | MENA | Static,26276,770,255.02,43
2025-10-16,Facebook Ads,FB-100121,UA - Lookalike - 1% | iOS | EU | UGC,23969,532,250.63,57
2025-10-16,Facebook Ads,FB-100122,UA - Lookalike - 5% | iOS | MENA | Playables,10296,417,123.35,21
2025-10-16,Facebook Ads,FB-100123,UA - Lookalike - 5% | iOS | EU | UGC,16632,499,227.44,67
2025-10-16,Facebook Ads,FB-100124,UA - Lookalike - 5% | iOS | EU | Carousel,25464,766,363.7,86
2025-10-16,Facebook Ads,FB-100125,UA - Prospecting - Broad | Android | LATAM | UGC,9742,325,127.14,62
2025-10-16,Facebook Ads,FB-100126,UA - Lookalike - 1% | iOS | EU | Carousel,15455,535,286.28,88
2025-10-16,Facebook Ads,FB-100127,UA - Retargeting - Value | iOS | MENA | Video,6194,207,88.37,27
2025-10-16,Facebook Ads,FB-100128,UA - Retargeting - Value | Android | EU | UGC,6498,154,61.8,23
2025-10-16,Facebook Ads,FB-100129,UA - Lookalike - 5% | Android | US | UGC,26076,1121,308.84,188
2025-10-16,Facebook Ads,FB-100130,UA - Lookalike - 5% | iOS | MENA | UGC,22427,530,230.71,18
2025-10-16,Facebook Ads,FB-100131,UA - Lookalike - 5% | Android | EU | UGC,19429,569,214.97,110
2025-10-16,Facebook Ads,FB-100132,UA - Lookalike - 5% | Android | MENA | UGC,16562,678,163.67,63
2025-10-16,Facebook Ads,FB-100133,UA - Lookalike - 5% | Android | LATAM | Carousel,15694,781,168.15,169
2025-10-16,Facebook Ads,FB-100134,UA - Retargeting - Value | iOS | MENA | Playables,9764,207,92.51,31
2025-10-16,Facebook Ads,FB-100135,UA - Lookalike - 5% | iOS | EU | Carousel,23403,621,167.36,25
2025-10-16,Facebook Ads,FB-100136,UA - Lookalike - 1% | iOS | US | UGC,10861,322,120.88,40
2025-10-16,Facebook Ads,FB-100137,UA - Retargeting - Value | iOS | EU | UGC,9806,281,123.05,61
2025-10-16,Facebook Ads,FB-100138,UA - Prospecting - Broad | Android | APAC | Playables,17678,540,193.75,104
2025-10-16,Facebook Ads,FB-100139,UA - Lookalike - 5% | Android | APAC | Static,12000,249,64.89,31
2025-10-16,Facebook Ads,FB-100140,UA - Lookalike - 5% | Android | US | Carousel,45421,1482,466.39,180
2025-10-16,Facebook Ads,FB-100141,UA - Lookalike - 1% | iOS | EU | UGC,15571,508,203.0,19
2025-10-16,Facebook Ads,FB-100142,UA - Lookalike - 5% | iOS | APAC | Carousel,10929,378,104.63,65
2025-10-16,Facebook Ads,FB-100143,UA - Prospecting - Broad | iOS | US | UGC,26279,834,259.29,83
2025-10-16,Facebook Ads,FB-100144,UA - Prospecting - Broad | Android | LATAM | Static,22294,937,201.83,183
2025-10-16,Facebook Ads,FB-100145,UA - Retargeting - Value | Android | US | Static,20838,564,255.66,96
2025-10-16,Facebook Ads,FB-100146,UA - Retargeting - Value | Android | MENA | Static,9318,274,143.74,34
2025-10-16,Facebook Ads,FB-100147,UA - Retargeting - Value | Android | APAC | Video,6082,194,89.38,20
2025-10-16,Facebook Ads,FB-100148,UA - Retargeting - Value | iOS | LATAM | Carousel,12583,404,196.63,64
2025-10-16,Facebook Ads,FB-100149,UA - Prospecting - Broad | Android | EU | Carousel,12093,408,170.38,59
2025-10-16,Facebook Ads,FB-100150,UA - Lookalike - 5% | Android | LATAM | Playables,25430,965,277.34,206
2025-10-16,Facebook Ads,FB-100151,UA - Retargeting - Value | iOS | EU | Video,13158,307,193.2,52
2025-10-16,Facebook Ads,FB-100152,UA - Prospecting - Broad | Android | LATAM | Playables,15854,283,88.21,42
2025-10-16,Facebook Ads,FB-100153,UA - Lookalike - 5% | Android | LATAM | Playables,10673,517,195.74,84
2025-10-16,Facebook Ads,FB-100154,UA - Lookalike - 1% | iOS | US | Playables,10846,414,168.7,22
2025-10-16,Facebook Ads,FB-100155,UA - Prospecting - Broad | Android | APAC | UGC,15741,618,103.89,48
2025-10-16,Facebook Ads,FB-100156,UA - Retargeting - Value | iOS | LATAM | UGC,14304,143,74.4,34
2025-10-16,Facebook Ads,FB-100157,UA - Lookalike - 1% | iOS | EU | Playables,20812,551,167.12,69
2025-10-16,Facebook Ads,FB-100158,UA - Lookalike - 1% | iOS | APAC | UGC,15856,588,269.83,24
2025-10-16,Facebook Ads,FB-100159,UA - Lookalike - 1% | iOS | EU | Video,11029,429,180.27,67
2025-10-16,Facebook Ads,FB-100160,UA - Lookalike - 5% | iOS | EU | UGC,22644,821,303.36,44
2025-10-16,Facebook Ads,FB-100161,UA - Lookalike - 1% | iOS | US | UGC,41462,1018,544.63,193
2025-10-16,Facebook Ads,FB-100162,UA - Lookalike - 1% | Android | APAC | Static,19885,827,368.92,58
2025-10-16,Facebook Ads,FB-100163,UA - Lookalike - 1% | iOS | LATAM | Carousel,5916,229,92.79,18
2025-10-16,Facebook Ads,FB-100164,UA - Prospecting - Broad | Android | MENA | Static,16682,740,125.73,139
2025-10-16,Facebook Ads,FB-100165,UA - Retargeting - Value | Android | APAC | UGC,9119,203,53.35,19
2025-10-16,Facebook Ads,FB-100166,UA - Prospecting - Broad | iOS | APAC | UGC,23676,507,210.35,25
2025-10-16,Facebook Ads,FB-100167,UA - Lookalike - 5% | Android | LATAM | Static,18740,418,100.19,65
2025-10-16,Facebook Ads,FB-100168,UA - Lookalike - 1% | Android | LATAM | Playables,26694,1253,515.36,146
2025-10-16,Facebook Ads,FB-100169,UA - Lookalike - 1% | iOS | MENA | Playables,23928,815,371.72,115
2025-10-16,Facebook Ads,FB-100170,UA - Lookalike - 1% | iOS | MENA | Carousel,29007,734,154.51,34
2025-10-16,Facebook Ads,FB-100171,UA - Lookalike - 1% | iOS | LATAM | Carousel,15819,379,156.38,68
2025-10-16,Facebook Ads,FB-100172,UA - Lookalike - 1% | Android | US | Static,18915,700,189.56,61
2025-10-16,Facebook Ads,FB-100173,UA - Retargeting - Value | Android | MENA | Static,8414,277,118.0,63
2025-10-16,Facebook Ads,FB-100174,UA - Lookalike - 1% | Android | APAC | Carousel,17861,569,114.65,37
2025-10-16,Facebook Ads,FB-100175,UA - Retargeting - Value | Android | EU | Carousel,11241,368,169.06,76
2025-10-16,Facebook Ads,FB-100176,UA - Prospecting - Broad | iOS | EU | Carousel,20090,609,279.47,58
2025-10-16,Facebook Ads,FB-100177,UA - Prospecting - Broad | Android | LATAM | Video,16078,326,105.17,44
2025-10-16,Facebook Ads,FB-100178,UA - Prospecting - Broad | iOS | EU | UGC,17829,653,256.96,86
2025-10-16,Facebook Ads,FB-100179,UA - Lookalike - 5% | Android | MENA | Carousel,13321,317,109.05,46
2025-10-16,Facebook Ads,FB-100180,UA - Retargeting - Value | iOS | APAC | Carousel,9319,323,125.03,33
2025-10-16,Facebook Ads,FB-100181,UA - Prospecting - Broad | Android | LATAM | UGC,24874,743,253.44,34
2025-10-16,Facebook Ads,FB-100182,UA - Prospecting - Broad | Android | APAC | UGC,33872,820,269.78,124
2025-10-16,Facebook Ads,FB-100183,UA - Lookalike - 1% | Android | EU | Static,16228,725,211.12,116
2025-10-16,Facebook Ads,FB-100184,UA - Lookalike - 5% | Android | EU | Video,19530,813,197.07,92
2025-10-16,Facebook Ads,FB-100185,UA - Lookalike - 5% | Android | MENA | UGC,18999,749,158.86,84
2025-10-16,Facebook Ads,FB-100186,UA - Lookalike - 5% | iOS | LATAM | Playables,11164,333,137.06,60
2025-10-16,Facebook Ads,FB-100187,UA - Prospecting - Broad | iOS | MENA | Playables,26991,615,298.89,42
2025-10-16,Facebook Ads,FB-100188,UA - Lookalike - 1% | Android | EU | Static,23930,809,166.41,50
2025-10-16,Facebook Ads,FB-100189,UA - Retargeting - Value | Android | EU | Static,16360,421,173.45,92
2025-10-16,Facebook Ads,FB-100190,UA - Lookalike - 5% | Android | EU | Video,32471,1081,247.98,195
2025-10-16,Facebook Ads,FB-100191,UA - Lookalike - 1% | iOS | MENA | UGC,16096,392,155.74,44
2025-10-16,Facebook Ads,FB-100192,UA - Lookalike - 1% | Android | EU | Carousel,27047,589,287.73,35
2025-10-16,Facebook Ads,FB-100193,UA - Lookalike - 1% | iOS | US | Static,7553,313,141.82,32
2025-10-16,Facebook Ads,FB-100194,UA - Retargeting - Value | Android | APAC | Video,7302,170,73.25,34
2025-10-16,Facebook Ads,FB-100195,UA - Prospecting - Broad | Android | LATAM | Static,12248,475,180.36,38
2025-10-16,Facebook Ads,FB-100196,UA - Lookalike - 1% | Android | EU | Carousel,13553,495,217.26,68
2025-10-16,Facebook Ads,FB-100197,UA - Lookalike - 1% | iOS | US | UGC,21327,1040,325.62,185
2025-10-16,Facebook Ads,FB-100198,UA - Lookalike - 5% | iOS | LATAM | Playables,15186,368,110.33,41
2025-10-16,Facebook Ads,FB-100199,UA - Prospecting - Broad | iOS | US | Playables,18866,631,248.61,117
2025-10-16,Facebook Ads,FB-100200,UA - Lookalike - 1% | iOS | LATAM | Playables,12268,384,136.28,71
2025-10-16,Facebook Ads,FB-100201,UA - Prospecting - Broad | Android | US | Static,14671,311,89.19,43
2025-10-16,Facebook Ads,FB-100202,UA - Retargeting - Value | iOS | MENA | Video,7773,271,93.85,49
2025-10-16,Facebook Ads,FB-100203,UA - Lookalike - 1% | iOS | MENA | UGC,16125,539,179.0,84
2025-10-16,Facebook Ads,FB-100204,UA - Lookalike - 5% | Android | MENA | UGC,32866,883,291.83,55
2025-10-16,Facebook Ads,FB-100205,UA - Lookalike - 5% | Android | APAC | Carousel,17493,692,194.73,141
2025-10-16,Facebook Ads,FB-100206,UA - Retargeting - Value | iOS | LATAM | Video,11485,131,58.4,10
2025-10-16,Facebook Ads,FB-100207,UA - Lookalike - 1% | iOS | APAC | UGC,19495,458,189.06,32
2025-10-16,Facebook Ads,FB-100208,UA - Lookalike - 5% | iOS | MENA | Video,20169,722,203.68,95
2025-10-16,Facebook Ads,FB-100209,UA - Lookalike - 1% | Android | LATAM | Carousel,26741,599,115.25,60
2025-10-16,Facebook Ads,FB-100210,UA - Prospecting - Broad | Android | APAC | Playables,21158,855,281.98,84
2025-10-16,Facebook Ads,FB-100211,UA - Retargeting - Value | iOS | APAC | Video,16221,335,103.98,49
2025-10-16,Facebook Ads,FB-100212,UA - Lookalike - 5% | iOS | MENA | UGC,19190,783,279.84,139
2025-10-16,Facebook Ads,FB-100213,UA - Retargeting - Value | Android | EU | Carousel,20787,673,288.45,163
2025-10-16,Facebook Ads,FB-100214,UA - Prospecting - Broad | iOS | APAC | UGC,26654,1100,323.29,25
2025-10-16,Facebook Ads,FB-100215,UA - Retargeting - Value | Android | MENA | Static,11679,167,79.61,36
2025-10-16,Facebook Ads,FB-100216,UA - Lookalike - 5% | iOS | MENA | Video,18619,816,220.73,77
2025-10-16,Facebook Ads,FB-100217,UA - Lookalike - 5% | Android | EU | Video,26319,574,200.79,118
2025-10-16,Facebook Ads,FB-100218,UA - Lookalike - 1% | Android | EU | UGC,26410,771,364.07,134
2025-10-16,Facebook Ads,FB-100219,UA - Lookalike - 5% | iOS | APAC | UGC,28183,763,160.38,42
2025-10-16,Facebook Ads,FB-100220,UA - Retargeting - Value | Android | APAC | Playables,23672,716,351.91,184
2025-10-16,Facebook Ads,FB-100221,UA - Retargeting - Value | iOS | EU | Playables,14549,375,158.62,60
2025-10-16,Facebook Ads,FB-100222,UA - Lookalike - 1% | Android | LATAM | UGC,20343,802,283.27,56
2025-10-16,Facebook Ads,FB-100223,UA - Lookalike - 1% | iOS | US | Carousel,27781,1190,613.68,136
2025-10-16,Facebook Ads,FB-100224,UA - Lookalike - 5% | iOS | EU | UGC,28771,1165,623.62,107
2025-10-16,Facebook Ads,FB-100225,UA - Lookalike - 5% | iOS | LATAM | Playables,9888,454,212.52,25
2025-10-16,Facebook Ads,FB-100226,UA - Retargeting - Value | iOS | LATAM | Static,15289,173,58.51,21
2025-10-16,Facebook Ads,FB-100227,UA - Prospecting - Broad | iOS | EU | UGC,14513,551,169.1,86
2025-10-16,Facebook Ads,FB-100228,UA - Lookalike - 5% | iOS | APAC | UGC,11634,302,145.35,21
2025-10-16,Facebook Ads,FB-100229,UA - Retargeting - Value | Android | APAC | Video,14593,472,186.2,70
2025-10-16,Facebook Ads,FB-100230,UA - Prospecting - Broad | iOS | US | UGC,15965,446,220.86,40
2025-10-16,Facebook Ads,FB-100231,UA - Lookalike - 5% | iOS | US | Static,16871,600,237.24,22
2025-10-16,Facebook Ads,FB-100232,UA - Lookalike - 1% | Android | US | UGC,31439,1276,476.46,194
2025-10-16,Facebook Ads,FB-100233,UA - Prospecting - Broad | iOS | MENA | UGC,6760,128,42.52,24
2025-10-16,Facebook Ads,FB-100234,UA - Lookalike - 1% | iOS | MENA | UGC,14991,558,268.84,17
2025-10-16,Facebook Ads,FB-100235,UA - Prospecting - Broad | iOS | MENA | Video,15031,290,101.7,8
2025-10-16,Facebook Ads,FB-100236,UA - Prospecting - Broad | Android | LATAM | Static,17697,344,93.74,29
2025-10-16,Facebook Ads,FB-100237,UA - Lookalike - 5% | iOS | US | Video,11306,418,145.38,56
2025-10-16,Facebook Ads,FB-100238,UA - Prospecting - Broad | Android | LATAM | Video,28409,632,273.72,114
2025-10-16,Facebook Ads,FB-100239,UA - Lookalike - 1% | iOS | US | Carousel,15915,686,357.61,95
2025-10-16,Facebook Ads,FB-100240,UA - Retargeting - Value | iOS | APAC | Static,8413,161,64.54,21
2025-10-16,Facebook Ads,FB-100241,UA - Retargeting - Value | iOS | MENA | Static,11122,71,29.22,16
2025-10-16,Facebook Ads,FB-100242,UA - Lookalike - 5% | Android | US | Playables,17389,353,80.91,68
2025-10-16,Facebook Ads,FB-100243,UA - Retargeting - Value | Android | APAC | Playables,14004,455,120.94,71
2025-10-16,Facebook Ads,FB-100244,UA - Lookalike - 5% | Android | APAC | Carousel,28817,601,153.07,32
2025-10-16,Facebook Ads,FB-100245,UA - Lookalike - 1% | iOS | US | UGC,10369,349,121.77,42
2025-10-16,Facebook Ads,FB-100246,UA - Lookalike - 1% | Android | US | UGC,18232,417,158.71,55
2025-10-16,Facebook Ads,FB-100247,UA - Lookalike - 5% | iOS | APAC | Carousel,13858,523,215.21,44
2025-10-16,Facebook Ads,FB-100248,UA - Lookalike - 5% | iOS | EU | UGC,8556,270,136.08,35
2025-10-16,Facebook Ads,FB-100249,UA - Lookalike - 1% | Android | EU | UGC,14294,402,89.0,72
2025-10-16,Facebook Ads,FB-100250,UA - Lookalike - 5% | iOS | LATAM | Video,18178,404,157.44,15
2025-10-16,Facebook Ads,FB-100251,UA - Prospecting - Broad | iOS | US | Playables,18675,411,158.24,77
2025-10-16,Facebook Ads,FB-100252,UA - Lookalike - 1% | iOS | LATAM | Static,20999,805,398.31,57
2025-10-16,Facebook Ads,FB-100253,UA - Lookalike - 1% | Android | EU | Playables,16080,558,265.83,103
2025-10-16,Facebook Ads,FB-100254,UA - Lookalike - 1% | Android | US | Video,19468,648,252.66,120
2025-10-16,Facebook Ads,FB-100255,UA - Lookalike - 1% | iOS | US | Playables,14297,522,195.33,62
2025-10-16,Facebook Ads,FB-100256,UA - Lookalike - 1% | Android | US | Carousel,22059,679,249.06,109
2025-10-16,Facebook Ads,FB-100257,UA - Retargeting - Value | iOS | EU | Static,11666,98,48.09,13
2025-10-16,Facebook Ads,FB-100258,UA - Lookalike - 1% | iOS | MENA | Playables,16696,828,350.99,161
2025-10-16,Facebook Ads,FB-100259,UA - Lookalike - 1% | Android | LATAM | UGC,33563,1639,469.08,351
2025-10-16,Facebook Ads,FB-100260,UA - Prospecting - Broad | iOS | US | UGC,28052,1161,631.58,195
2025-10-16,Facebook Ads,FB-100261,UA - Lookalike - 1% | Android | EU | UGC,14625,723,326.8,153
2025-10-16,Facebook Ads,FB-100262,UA - Lookalike - 1% | Android | APAC | Video,16622,387,68.89,19
2025-10-16,Facebook Ads,FB-100263,UA - Lookalike - 1% | Android | APAC | Carousel,15152,367,98.61,45
2025-10-16,Facebook Ads,FB-100264,UA - Retargeting - Value | iOS | LATAM | Video,9982,311,157.21,33
2025-10-16,Facebook Ads,FB-100265,UA - Lookalike - 1% | iOS | US | Playables,14271,544,281.14,73
2025-10-16,Facebook Ads,FB-100266,UA - Lookalike - 1% | Android | US | UGC,34433,929,409.32,62
2025-10-16,Facebook Ads,FB-100267,UA - Prospecting - Broad | iOS | US | Static,12100,279,140.59,34
2025-10-16,Facebook Ads,FB-100268,UA - Prospecting - Broad | Android | LATAM | UGC,15415,470,127.46,75
2025-10-16,Facebook Ads,FB-100269,UA - Retargeting - Value | Android | EU | Playables,14448,161,52.49,24
2025-10-16,Facebook Ads,FB-100270,UA - Lookalike - 5% | iOS | APAC | Carousel,16171,376,125.32,11
2025-10-16,Facebook Ads,FB-100271,UA - Lookalike - 5% | Android | APAC | Video,22820,666,295.3,98
2025-10-16,Facebook Ads,FB-100272,UA - Lookalike - 1% | iOS | LATAM | Video,19521,828,285.49,78
2025-10-16,Facebook Ads,FB-100273,UA - Retargeting - Value | Android | APAC | UGC,6084,59,17.76,10
2025-10-16,Facebook Ads,FB-100274,UA - Lookalike - 1% | iOS | US | Carousel,23003,596,187.5,89
2025-10-16,Facebook Ads,FB-100275,UA - Retargeting - Value | Android | APAC | Carousel,11239,61,23.44,10
2025-10-16,Facebook Ads,FB-100276,UA - Retargeting - Value | Android | APAC | Video,16769,136,53.87,21
2025-10-16,Facebook Ads,FB-100277,UA - Retargeting - Value | Android | US | Carousel,18819,125,42.17,30
2025-10-16,Facebook Ads,FB-100278,UA - Prospecting - Broad | Android | MENA | Static,19558,478,119.55,25
2025-10-16,Facebook Ads,FB-100279,UA - Retargeting - Value | Android | MENA | Static,13247,212,61.23,53
2025-10-16,Facebook Ads,FB-100280,UA - Prospecting - Broad | iOS | EU | Playables,31262,550,211.97,94
2025-10-16,Facebook Ads,FB-100281,UA - Lookalike - 1% | iOS | EU | Static,15239,358,122.36,23
2025-10-16,Facebook Ads,FB-100282,UA - Retargeting - Value | Android | US | Video,13484,212,102.59,29
2025-10-16,Facebook Ads,FB-100283,UA - Lookalike - 1% | Android | LATAM | Static,22827,661,114.35,132
2025-10-16,Facebook Ads,FB-100284,UA - Prospecting - Broad | Android | EU | Carousel,17263,579,150.83,30
2025-10-16,Facebook Ads,FB-100285,UA - Prospecting - Broad | Android | APAC | Playables,17917,530,170.77,64
2025-10-16,Facebook Ads,FB-100286,UA - Lookalike - 1% | Android | APAC | UGC,28711,659,213.98,110
2025-10-16,Facebook Ads,FB-100287,UA - Retargeting - Value | Android | APAC | Playables,16605,325,101.99,59
2025-10-16,Facebook Ads,FB-100288,UA - Lookalike - 5% | Android | MENA | Carousel,17454,804,132.58,75
2025-10-16,Facebook Ads,FB-100289,UA - Lookalike - 5% | Android | US | UGC,21087,945,277.17,69
2025-10-16,Facebook Ads,FB-100290,UA - Lookalike - 5% | iOS | US | UGC,29081,1108,428.46,36
2025-10-16,Facebook Ads,FB-100291,UA - Retargeting - Value | Android | US | Carousel,8199,124,45.98,25
2025-10-16,Facebook Ads,FB-100292,UA - Lookalike - 1% | Android | EU | Carousel,18166,698,246.74,134
2025-10-16,Facebook Ads,FB-100293,UA - Lookalike - 1% | iOS | MENA | Playables,10627,369,165.02,26
2025-10-16,Facebook Ads,FB-100294,UA - Lookalike - 5% | iOS | MENA | Playables,24216,645,211.56,113
2025-10-16,Facebook Ads,FB-100295,UA - Retargeting - Value | Android | US | Playables,21376,523,296.65,76
2025-10-16,Facebook Ads,FB-100296,UA - Lookalike - 5% | iOS | APAC | Static,16285,530,237.07,97
2025-10-16,Facebook Ads,FB-100297,UA - Lookalike - 5% | iOS | APAC | UGC,21134,940,285.01,61
2025-10-16,Facebook Ads,FB-100298,UA - Lookalike - 1% | Android | LATAM | UGC,17663,456,158.51,85
2025-10-16,Facebook Ads,FB-100299,UA - Lookalike - 5% | iOS | LATAM | Static,24442,953,426.18,144
2025-10-16,Facebook Ads,FB-100300,UA - Prospecting - Broad | Android | US | Video,8860,319,72.38,48
2025-10-16,Facebook Ads,FB-100301,UA - Retargeting - Value | iOS | US | Carousel,13161,101,37.44,17
2025-10-16,Facebook Ads,FB-100302,UA - Lookalike - 1% | Android | MENA | Playables,18999,745,281.91,125
2025-10-16,Facebook Ads,FB-100303,UA - Lookalike - 5% | Android | APAC | Carousel,21959,466,127.59,66
2025-10-16,Facebook Ads,FB-100304,UA - Lookalike - 1% | Android | LATAM | Playables,15666,713,237.29,110
2025-10-16,Facebook Ads,FB-100305,UA - Retargeting - Value | iOS | US | Playables,10999,154,94.37,25
2025-10-16,Facebook Ads,FB-100306,UA - Prospecting - Broad | Android | APAC | Static,16741,339,78.38,39
2025-10-16,Facebook Ads,FB-100307,UA - Prospecting - Broad | iOS | MENA | Carousel,24104,733,317.46,78
2025-10-16,Facebook Ads,FB-100308,UA - Lookalike - 5% | iOS | MENA | Static,19062,661,216.15,106
2025-10-16,Facebook Ads,FB-100309,UA - Prospecting - Broad | Android | MENA | Carousel,22334,447,151.18,36
2025-10-16,Facebook Ads,FB-100310,UA - Lookalike - 1% | Android | LATAM | Carousel,10715,420,148.72,39
2025-10-16,Facebook Ads,FB-100311,UA - Retargeting - Value | iOS | US | Static,11651,346,155.94,63
2025-10-16,Facebook Ads,FB-100312,UA - Prospecting - Broad | iOS | US | Static,10926,369,160.7,62
2025-10-16,Facebook Ads,FB-100313,UA - Lookalike - 5% | Android | MENA | Static,16751,410,168.22,35
2025-10-16,Facebook Ads,FB-100314,UA - Retargeting - Value | iOS | APAC | Carousel,11387,115,36.71,9
2025-10-16,Facebook Ads,FB-100315,UA - Prospecting - Broad | iOS | LATAM | Carousel,29152,804,365.82,144
2025-10-16,Facebook Ads,FB-100316,UA - Prospecting - Broad | Android | EU | Static,10838,482,236.95,40
2025-10-16,Facebook Ads,FB-100317,UA - Lookalike - 5% | Android | LATAM | UGC,15893,515,93.52,73
2025-10-16,Facebook Ads,FB-100318,UA - Lookalike - 5% | iOS | MENA | UGC,19456,908,376.55,59
2025-10-16,Facebook Ads,FB-100319,UA - Prospecting - Broad | iOS | EU | Playables,13412,547,205.29,58
2025-10-16,Facebook Ads,FB-100320,UA - Lookalike - 1% | iOS | APAC | Video,17537,417,103.96,70
2025-10-16,Facebook Ads,FB-100321,UA - Prospecting - Broad | iOS | MENA | Carousel,21269,400,115.4,29
2025-10-16,Facebook Ads,FB-100322,UA - Prospecting - Broad | Android | APAC | Playables,17664,592,175.53,110
2025-10-16,Facebook Ads,FB-100323,UA - Retargeting - Value | Android | EU | Carousel,15080,450,145.58,50
2025-10-16,Facebook Ads,FB-100324,UA - Lookalike - 1% | Android | LATAM | Carousel,15257,394,79.79,65
2025-10-16,Facebook Ads,FB-100325,UA - Lookalike - 5% | Android | US | UGC,22721,870,184.61,71
2025-10-16,Facebook Ads,FB-100326,UA - Retargeting - Value | Android | EU | UGC,23247,710,307.64,132
2025-10-16,Facebook Ads,FB-100327,UA - Prospecting - Broad | iOS | US | UGC,23461,601,211.67,26
2025-10-16,Facebook Ads,FB-100328,UA - Prospecting - Broad | iOS | US | UGC,9249,313,78.88,15
2025-10-16,Facebook Ads,FB-100329,UA - Lookalike - 5% | iOS | MENA | UGC,22520,907,244.71,123
2025-10-16,Facebook Ads,FB-100330,UA - Lookalike - 5% | iOS | LATAM | Video,28490,888,305.92,111
2025-10-16,Facebook Ads,FB-100331,UA - Lookalike - 5% | Android | LATAM | Static,18561,689,220.41,112
2025-10-16,Facebook Ads,FB-100332,UA - Prospecting - Broad | iOS | US | UGC,27538,882,369.21,140
2025-10-16,Facebook Ads,FB-100333,UA - Lookalike - 5% | Android | APAC | Playables,33289,899,312.67,136
2025-10-16,Facebook Ads,FB-100334,UA - Lookalike - 1% | Android | APAC | Carousel,17717,805,199.72,144
2025-10-16,Facebook Ads,FB-100335,UA - Prospecting - Broad | Android | LATAM | Static,20510,437,92.34,29
2025-10-16,Facebook Ads,FB-100336,UA - Retargeting - Value | Android | MENA | Playables,9374,317,126.96,72
2025-10-16,Facebook Ads,FB-100337,UA - Retargeting - Value | iOS | LATAM | Static,9322,255,92.77,21
2025-10-16,Facebook Ads,FB-100338,UA - Retargeting - Value | Android | EU | Carousel,11257,342,111.25,71
2025-10-16,Facebook Ads,FB-100339,UA - Prospecting - Broad | Android | MENA | Static,13236,569,210.64,88
2025-10-16,Facebook Ads,FB-100340,UA - Lookalike - 5% | Android | APAC | UGC,15449,616,264.7,102
2025-10-16,Facebook Ads,FB-100341,UA - Lookalike - 5% | iOS | LATAM | Static,24676,917,194.77,171
2025-10-16,Facebook Ads,FB-100342,UA - Lookalike - 1% | Android | APAC | UGC,14897,382,95.31,52
2025-10-16,Facebook Ads,FB-100343,UA - Lookalike - 1% | iOS | MENA | Video,23046,641,181.4,55
2025-10-16,Facebook Ads,FB-100344,UA - Lookalike - 5% | Android | LATAM | UGC,30461,650,124.61,139
2025-10-16,Facebook Ads,FB-100345,UA - Lookalike - 1% | Android | US | Carousel,17996,657,265.82,38
2025-10-16,Facebook Ads,FB-100346,UA - Lookalike - 5% | Android | US | Playables,24653,727,319.52,73
2025-10-16,Facebook Ads,FB-100347,UA - Prospecting - Broad | iOS | MENA | Playables,10762,341,69.67,11
2025-10-16,Facebook Ads,FB-100348,UA - Lookalike - 1% | iOS | MENA | Static,14569,592,279.84,96
2025-10-16,Facebook Ads,FB-100349,UA - Prospecting - Broad | iOS | MENA | Static,6547,179,60.09,13
2025-10-17,Facebook Ads,FB-100000,UA - Retargeting - Value | Android | US | Carousel,7631,149,73.93,21
2025-10-17,Facebook Ads,FB-100001,UA - Prospecting - Broad | Android | EU | Video,17939,455,210.12,49
2025-10-17,Facebook Ads,FB-100002,UA - Prospecting - Broad | iOS | US | Video,20241,669,218.76,122
2025-10-17,Facebook Ads,FB-100003,UA - Prospecting - Broad | Android | EU | Playables,15253,353,126.16,50
2025-10-17,Facebook Ads,FB-100004,UA - Retargeting - Value | Android | MENA | UGC,10098,78,32.03,9
2025-10-17,Facebook Ads,FB-100005,UA - Prospecting - Broad | iOS | MENA | Carousel,24871,669,252.01,99
2025-10-17,Facebook Ads,FB-100006,UA - Lookalike - 1% | Android | APAC | Carousel,31629,1304,370.47,65
2025-10-17,Facebook Ads,FB-100007,UA - Prospecting - Broad | Android | EU | Carousel,13673,593,168.06,75
2025-10-17,Facebook Ads,FB-100008,UA - Lookalike - 1% | Android | APAC | Video,29174,906,140.7,169
2025-10-17,Facebook Ads,FB-100009,UA - Prospecting - Broad | iOS | MENA | Carousel,21845,681,203.21,97
2025-10-17,Facebook Ads,FB-100010,UA - Lookalike - 5% | iOS | MENA | Video,16892,433,154.84,76
2025-10-17,Facebook Ads,FB-100011,UA - Lookalike - 1% | Android | MENA | Carousel,15816,437,139.58,40
2025-10-17,Facebook Ads,FB-100012,UA - Retargeting - Value | Android | US | Video,23906,490,222.56,54
2025-10-17,Facebook Ads,FB-100013,UA - Prospecting - Broad | iOS | US | Static,38128,1210,438.99,229
2025-10-17,Facebook Ads,FB-100014,UA - Lookalike - 1% | iOS | LATAM | UGC,16428,730,151.04,99
2025-10-17,Facebook Ads,FB-100015,UA - Retargeting - Value | Android | LATAM | Carousel,11894,148,68.89,21
2025-10-17,Facebook Ads,FB-100016,UA - Retargeting - Value | iOS | US | Playables,10905,267,106.69,38
2025-10-17,Facebook Ads,FB-100017,UA - Lookalike - 5% | Android | EU | UGC,10204,371,124.29,50
2025-10-17,Facebook Ads,FB-100018,UA - Lookalike - 1% | iOS | MENA | Static,10830,532,116.14,94
2025-10-17,Facebook Ads,FB-100019,UA - Lookalike - 1% | Android | EU | Video,24587,819,264.86,110
2025-10-17,Facebook Ads,FB-100020,UA - Retargeting - Value | iOS | LATAM | Video,6220,113,56.43,23
2025-10-17,Facebook Ads,FB-100021,UA - Lookalike - 5% | iOS | EU | UGC,14963,682,296.4,132
2025-10-17,Facebook Ads,FB-100022,UA - Retargeting - Value | iOS | EU | Carousel,23007,775,349.06,176
2025-10-17,Facebook Ads,FB-100023,UA - Lookalike - 1% | Android | MENA | Playables,22459,886,378.41,66
2025-10-17,Facebook Ads,FB-100024,UA - Lookalike - 1% | iOS | MENA | UGC,21244,919,407.76,61
2025-10-17,Facebook Ads,FB-100025,UA - Lookalike - 5% | Android | EU | Playables,14031,300,141.06,34
2025-10-17,Facebook Ads,FB-100026,UA - Retargeting - Value | Android | US | Video,12444,67,37.05,7
2025-10-17,Facebook Ads,FB-100027,UA - Prospecting - Broad | Android | APAC | Playables,24150,720,195.34,139
2025-10-17,Facebook Ads,FB-100028,UA - Lookalike - 5% | iOS | APAC | Playables,16107,706,233.9,49
2025-10-17,Facebook Ads,FB-100029,UA - Prospecting - Broad | iOS | MENA | Video,28937,799,282.45,134
2025-10-17,Facebook Ads,FB-100030,UA - Lookalike - 1% | iOS | LATAM | Video,18401,462,211.13,61
2025-10-17,Facebook Ads,FB-100031,UA - Prospecting - Broad | iOS | EU | UGC,11269,197,108.19,36
2025-10-17,Facebook Ads,FB-100032,UA - Prospecting - Broad | iOS | MENA | Static,32008,602,295.58,22
2025-10-17,Facebook Ads,FB-100033,UA - Retargeting - Value | iOS | MENA | Playables,15410,458,263.85,100
2025-10-17,Facebook Ads,FB-100034,UA - Prospecting - Broad | Android | LATAM | Static,14295,491,198.51,73
2025-10-17,Facebook Ads,FB-100035,UA - Prospecting - Broad | iOS | APAC | Video,15011,638,170.22,42
2025-10-17,Facebook Ads,FB-100036,UA - Prospecting - Broad | iOS | LATAM | Static,12995,231,110.23,43
2025-10-17,Facebook Ads,FB-100037,UA - Prospecting - Broad | Android | MENA | Video,31785,550,149.11,87
2025-10-17,Facebook Ads,FB-100038,UA - Retargeting - Value | iOS | US | Playables,15436,485,219.12,90
2025-10-17,Facebook Ads,FB-100039,UA - Retargeting - Value | Android | APAC | Playables,7772,236,75.83,32
2025-10-17,Facebook Ads,FB-100040,UA - Lookalike - 5% | iOS | MENA | Playables,24532,677,328.62,74
2025-10-17,Facebook Ads,FB-100041,UA - Lookalike - 1% | Android | MENA | Static,14117,370,60.72,81
2025-10-17,Facebook Ads,FB-100042,UA - Lookalike - 5% | iOS | LATAM | UGC,16173,549,125.56,31
2025-10-17,Facebook Ads,FB-100043,UA - Prospecting - Broad | Android | EU | Static,11960,494,148.35,60
2025-10-17,Facebook Ads,FB-100044,UA - Retargeting - Value | iOS | US | Playables,17296,277,111.77,45
2025-10-17,Facebook Ads,FB-100045,UA - Prospecting - Broad | Android | US | Video,28853,445,175.95,53
2025-10-17,Facebook Ads,FB-100046,UA - Lookalike - 1% | Android | US | Video,34307,1334,620.04,269
2025-10-17,Facebook Ads,FB-100047,UA - Lookalike - 1% | Android | MENA | Static,19380,606,153.38,72
2025-10-17,Facebook Ads,FB-100048,UA - Retargeting - Value | iOS | EU | Playables,13375,458,255.11,69
2025-10-17,Facebook Ads,FB-100049,UA - Lookalike - 5% | iOS | EU | UGC,21557,651,230.06,115
2025-10-17,Facebook Ads,FB-100050,UA - Lookalike - 5% | Android | US | Video,44857,1145,564.94,82
2025-10-17,Facebook Ads,FB-100051,UA - Lookalike - 5% | iOS | APAC | UGC,18361,579,155.4,38
2025-10-17,Facebook Ads,FB-100052,UA - Lookalike - 5% | Android | US | Video,15122,670,259.16,84
2025-10-17,Facebook Ads,FB-100053,UA - Retargeting - Value | iOS | US | Static,5459,79,50.37,13
2025-10-17,Facebook Ads,FB-100054,UA - Retargeting - Value | Android | MENA | UGC,27997,625,292.25,101
2025-10-17,Facebook Ads,FB-100055,UA - Lookalike - 5% | iOS | EU | Carousel,15568,607,281.77,99
2025-10-17,Facebook Ads,FB-100056,UA - Prospecting - Broad | Android | US | UGC,25675,574,121.69,26
2025-10-17,Facebook Ads,FB-100057,UA - Prospecting - Broad | Android | MENA | Video,9870,225,36.18,40
2025-10-17,Facebook Ads,FB-100058,UA - Lookalike - 5% | Android | EU | UGC,16435,534,236.67,91
2025-10-17,Facebook Ads,FB-100059,UA - Prospecting - Broad | iOS | EU | UGC,21692,558,218.57,71
2025-10-17,Facebook Ads,FB-100060,UA - Lookalike - 5% | Android | APAC | Video,20962,534,176.27,41
2025-10-17,Facebook Ads,FB-100061,UA - Lookalike - 5% | iOS | APAC | Carousel,28046,1018,468.38,34
2025-10-17,Facebook Ads,FB-100062,UA - Lookalike - 1% | iOS | EU | Static,16449,562,207.77,46
2025-10-17,Facebook Ads,FB-100063,UA - Prospecting - Broad | Android | US | Playables,13084,413,94.99,46
2025-10-17,Facebook Ads,FB-100064,UA - Lookalike - 5% | iOS | US | Video,15344,426,139.94,63
2025-10-17,Facebook Ads,FB-100065,UA - Prospecting - Broad | Android | US | Playables,29963,814,340.33,69
2025-10-17,Facebook Ads,FB-100066,UA - Prospecting - Broad | Android | US | Playables,14990,320,132.51,49
2025-10-17,Facebook Ads,FB-100067,UA - Retargeting - Value | Android | APAC | Video,11750,336,151.3,47
2025-10-17,Facebook Ads,FB-100068,UA - Lookalike - 5% | Android | MENA | Video,22093,929,223.33,98
2025-10-17,Facebook Ads,FB-100069,UA - Lookalike - 1% | iOS | LATAM | Static,9687,328,126.67,42
2025-10-17,Facebook Ads,FB-100070,UA - Retargeting - Value | Android | LATAM | UGC,15652,350,115.82,85
2025-10-17,Facebook Ads,FB-100071,UA - Prospecting - Broad | iOS | APAC | Carousel,17772,478,230.63,20
2025-10-17,Facebook Ads,FB-100072,UA - Prospecting - Broad | Android | APAC | Playables,17035,725,303.7,118
2025-10-17,Facebook Ads,FB-100073,UA - Lookalike - 1% | Android | MENA | Static,8393,379,58.02,45
2025-10-17,Facebook Ads,FB-100074,UA - Retargeting - Value | Android | LATAM | Video,19812,501,209.67,65
2025-10-17,Facebook Ads,FB-100075,UA - Lookalike - 5% | iOS | LATAM | Static,21336,784,194.67,118
2025-10-17,Facebook Ads,FB-100076,UA - Prospecting - Broad | iOS | MENA | Playables,23073,872,379.23,103
2025-10-17,Facebook Ads,FB-100077,UA - Lookalike - 1% | iOS | US | Static,24413,989,491.43,115
2025-10-17,Facebook Ads,FB-100078,UA - Retargeting - Value | Android | US | Playables,16278,325,149.4,81
2025-10-17,Facebook Ads,FB-100079,UA - Retargeting - Value | iOS | LATAM | Playables,11584,99,32.49,8
2025-10-17,Facebook Ads,FB-100080,UA - Lookalike - 5% | iOS | EU | Carousel,8201,264,71.65,49
2025-10-17,Facebook Ads,FB-100081,UA - Lookalike - 5% | iOS | US | Video,32464,1099,510.6,90
2025-10-17,Facebook Ads,FB-100082,UA - Lookalike - 1% | iOS | US | Video,14013,452,224.96,40
2025-10-17,Facebook Ads,FB-100083,UA - Lookalike - 5% | Android | LATAM | Static,38594,1295,273.37,72
2025-10-17,Facebook Ads,FB-100084,UA - Prospecting - Broad | iOS | MENA | Video,12044,283,124.49,9
2025-10-17,Facebook Ads,FB-100085,UA - Prospecting - Broad | Android | EU | Playables,16545,731,321.57,109
2025-10-17,Facebook Ads,FB-100086,UA - Retargeting - Value | iOS | MENA | Playables,12292,193,93.03,15
2025-10-17,Facebook Ads,FB-100087,UA - Lookalike - 1% | iOS | EU | Video,19378,967,445.21,136
2025-10-17,Facebook Ads,FB-100088,UA - Retargeting - Value | iOS | US | Carousel,15134,107,53.49,14
2025-10-17,Facebook Ads,FB-100089,UA - Lookalike - 5% | Android | US | Carousel,18190,863,348.57,170
2025-10-17,Facebook Ads,FB-100090,UA - Retargeting - Value | Android | EU | Static,9728,133,67.18,12
2025-10-17,Facebook Ads,FB-100091,UA - Lookalike - 1% | iOS | US | Static,22851,791,275.51,138
2025-10-17,Facebook Ads,FB-100092,UA - Retargeting - Value | iOS | EU | Carousel,13242,73,28.08,6
2025-10-17,Facebook Ads,FB-100093,UA - Lookalike - 5% | Android | APAC | Video,14882,369,79.89,61
2025-10-17,Facebook Ads,FB-100094,UA - Lookalike - 1% | Android | EU | UGC,14075,461,179.97,94
2025-10-17,Facebook Ads,FB-100095,UA - Prospecting - Broad | iOS | EU | Static,13373,308,93.2,12
2025-10-17,Facebook Ads,FB-100096,UA - Lookalike - 1% | Android | APAC | Carousel,34691,1207,187.81,237
2025-10-17,Facebook Ads,FB-100097,UA - Lookalike - 5% | Android | LATAM | Carousel,16662,531,234.01,92
2025-10-17,Facebook Ads,FB-100098,UA - Lookalike - 1% | iOS | US | Video,26187,800,200.16,76
2025-10-17,Facebook Ads,FB-100099,UA - Prospecting - Broad | Android | MENA | Carousel,9799,250,76.73,18
2025-10-17,Facebook Ads,FB-100100,UA - Lookalike - 1% | Android | MENA | UGC,15199,567,118.96,120
2025-10-17,Facebook Ads,FB-100101,UA - Prospecting - Broad | iOS | APAC | Playables,14575,641,268.77,90
2025-10-17,Facebook Ads,FB-100102,UA - Lookalike - 1% | iOS | MENA | Static,23788,959,462.43,173
2025-10-17,Facebook Ads,FB-100103,UA - Retargeting - Value | Android | APAC | Video,15456,221,68.22,31
2025-10-17,Facebook Ads,FB-100104,UA - Lookalike - 1% | iOS | APAC | Video,34758,1493,492.24,244
2025-10-17,Facebook Ads,FB-100105,UA - Lookalike - 1% | iOS | US | Carousel,14247,557,222.24,41
2025-10-17,Facebook Ads,FB-100106,UA - Lookalike - 1% | iOS | LATAM | UGC,12546,572,123.49,80
2025-10-17,Facebook Ads,FB-100107,UA - Lookalike - 5% | Android | EU | UGC,11494,382,146.73,33
2025-10-17,Facebook Ads,FB-100108,UA - Lookalike - 1% | Android | MENA | Playables,21047,586,152.83,39
2025-10-17,Facebook Ads,FB-100109,UA - Lookalike - 1% | iOS | MENA | Video,16286,747,187.65,127
2025-10-17,Facebook Ads,FB-100110,UA - Lookalike - 1% | iOS | EU | UGC,20879,610,329.58,45
2025-10-17,Facebook Ads,FB-100111,UA - Retargeting - Value | iOS | APAC | UGC,11862,243,108.48,40
2025-10-17,Facebook Ads,FB-100112,UA - Lookalike - 1% | iOS | EU | Video,27888,1252,363.21,61
2025-10-17,Facebook Ads,FB-100113,UA - Lookalike - 1% | iOS | US | Static,14983,314,84.43,39
2025-10-17,Facebook Ads,FB-100114,UA - Prospecting - Broad | Android | EU | Static,24442,535,232.3,84
2025-10-17,Facebook Ads,FB-100115,UA - Prospecting - Broad | Android | EU | UGC,11600,381,111.02,73
2025-10-17,Facebook Ads,FB-100116,UA - Retargeting - Value | iOS | APAC | Playables,16853,154,86.83,36
2025-10-17,Facebook Ads,FB-100117,UA - Retargeting - Value | iOS | APAC | UGC,10095,181,67.44,26
2025-10-17,Facebook Ads,FB-100118,UA - Lookalike - 5% | Android | US | Video,14681,478,193.69,32
2025-10-17,Facebook Ads,FB-100119,UA - Lookalike - 5% | Android | EU | Playables,22253,916,209.12,108
2025-10-17,Facebook Ads,FB-100120,UA - Prospecting - Broad | Android | MENA | Static,22400,944,174.92,121
2025-10-17,Facebook Ads,FB-100121,UA - Lookalike - 1% | iOS | EU | UGC,14471,566,187.86,88
2025-10-17,Facebook Ads,FB-100122,UA - Lookalike - 5% | iOS | MENA | Playables,21406,1021,490.49,121
2025-10-17,Facebook Ads,FB-100123,UA - Lookalike - 5% | iOS | EU | UGC,19766,853,282.34,33
2025-10-17,Facebook Ads,FB-100124,UA - Lookalike - 5% | iOS | EU | Carousel,12112,412,189.56,18
2025-10-17,Facebook Ads,FB-100125,UA - Prospecting - Broad | Android | LATAM | UGC,10803,484,198.88,41
2025-10-17,Facebook Ads,FB-100126,UA - Lookalike - 1% | iOS | EU | Carousel,17555,520,238.16,29
2025-10-17,Facebook Ads,FB-100127,UA - Retargeting - Value | iOS | MENA | Video,9146,311,163.21,24
2025-10-17,Facebook Ads,FB-100128,UA - Retargeting - Value | Android | EU | UGC,7351,127,49.07,18
2025-10-17,Facebook Ads,FB-100129,UA - Lookalike - 5% | Android | US | UGC,23712,1148,362.65,228
2025-10-17,Facebook Ads,FB-100130,UA - Lookalike - 5% | iOS | MENA | UGC,13187,511,243.54,15
2025-10-17,Facebook Ads,FB-100131,UA - Lookalike - 5% | Android | EU | UGC,24752,592,252.31,53
2025-10-17,Facebook Ads,FB-100132,UA - Lookalike - 5% | Android | MENA | UGC,29917,966,345.54,82
2025-10-17,Facebook Ads,FB-100133,UA - Lookalike - 5% | Android | LATAM | Carousel,18614,501,141.18,55
2025-10-17,Facebook Ads,FB-100134,UA - Retargeting - Value | iOS | MENA | Playables,8379,281,144.94,35
2025-10-17,Facebook Ads,FB-100135,UA - Lookalike - 5% | iOS | EU | Carousel,11473,277,94.43,8
2025-10-17,Facebook Ads,FB-100136,UA - Lookalike - 1% | iOS | US | UGC,14851,543,283.61,100
2025-10-17,Facebook Ads,FB-100137,UA - Retargeting - Value | iOS | EU | UGC,7017,177,77.53,41
2025-10-17,Facebook Ads,FB-100138,UA - Prospecting - Broad | Android | APAC | Playables,22490,668,221.58,72
2025-10-17,Facebook Ads,FB-100139,UA - Lookalike - 5% | Android | APAC | Static,22459,1052,400.92,207
2025-10-17,Facebook Ads,FB-100140,UA - Lookalike - 5% | Android | US | Carousel,19334,755,285.54,106
2025-10-17,Facebook Ads,FB-100141,UA - Lookalike - 1% | iOS | EU | UGC,16897,408,134.8,34
2025-10-17,Facebook Ads,FB-100142,UA - Lookalike - 5% | iOS | APAC | Carousel,19495,464,169.04,45
2025-10-17,Facebook Ads,FB-100143,UA - Prospecting - Broad | iOS | US | UGC,19667,611,192.53,113
2025-10-17,Facebook Ads,FB-100144,UA - Prospecting - Broad | Android | LATAM | Static,14017,319,73.5,61
2025-10-17,Facebook Ads,FB-100145,UA - Retargeting - Value | Android | US | Static,12702,275,159.56,55
2025-10-17,Facebook Ads,FB-100146,UA - Retargeting - Value | Android | MENA | Static,11304,113,50.97,14
2025-10-17,Facebook Ads,FB-100147,UA - Retargeting - Value | Android | APAC | Video,28532,765,288.79,180
2025-10-17,Facebook Ads,FB-100148,UA - Retargeting - Value | iOS | LATAM | Carousel,16321,127,57.49,13
2025-10-17,Facebook Ads,FB-100149,UA - Prospecting - Broad | Android | EU | Carousel,22061,481,231.36,75
2025-10-17,Facebook Ads,FB-100150,UA - Lookalike - 5% | Android | LATAM | Playables,20995,644,154.95,81
2025-10-17,Facebook Ads,FB-100151,UA - Retargeting - Value | iOS | EU | Video,8264,106,53.51,18
2025-10-17,Facebook Ads,FB-100152,UA - Prospecting - Broad | Android | LATAM | Playables,17600,743,258.04,107
2025-10-17,Facebook Ads,FB-100153,UA - Lookalike - 5% | Android | LATAM | Playables,25864,713,290.83,79
2025-10-17,Facebook Ads,FB-100154,UA - Lookalike - 1% | iOS | US | Playables,25609,623,165.16,114
2025-10-17,Facebook Ads,FB-100155,UA - Prospecting - Broad | Android | APAC | UGC,10153,405,155.72,33
2025-10-17,Facebook Ads,FB-100156,UA - Retargeting - Value | iOS | LATAM | UGC,7058,137,56.03,21
2025-10-17,Facebook Ads,FB-100157,UA - Lookalike - 1% | iOS | EU | Playables,21902,499,234.58,77
2025-10-17,Facebook Ads,FB-100158,UA - Lookalike - 1% | iOS | APAC | UGC,26930,941,462.13,182
2025-10-17,Facebook Ads,FB-100159,UA - Lookalike - 1% | iOS | EU | Video,17628,748,392.25,59
2025-10-17,Facebook Ads,FB-100160,UA - Lookalike - 5% | iOS | EU | UGC,15154,475,133.66,63
2025-10-17,Facebook Ads,FB-100161,UA - Lookalike - 1% | iOS | US | UGC,33811,831,376.44,31
2025-10-17,Facebook Ads,FB-100162,UA - Lookalike - 1% | Android | APAC | Static,30925,1187,234.43,112
2025-10-17,Facebook Ads,FB-100163,UA - Lookalike - 1% | iOS | LATAM | Carousel,19745,910,377.65,166
2025-10-17,Facebook Ads,FB-100164,UA - Prospecting - Broad | Android | MENA | Static,16364,256,47.03,24
2025-10-17,Facebook Ads,FB-100165,UA - Retargeting - Value | Android | APAC | UGC,6563,204,80.38,31
2025-10-17,Facebook Ads,FB-100166,UA - Prospecting - Broad | iOS | APAC | UGC,19429,643,245.37,68
2025-10-17,Facebook Ads,FB-100167,UA - Lookalike - 5% | Android | LATAM | Static,16175,383,103.26,60
2025-10-17,Facebook Ads,FB-100168,UA - Lookalike - 1% | Android | LATAM | Playables,21097,526,124.08,93
2025-10-17,Facebook Ads,FB-100169,UA - Lookalike - 1% | iOS | MENA | Playables,18210,365,173.74,45
2025-10-17,Facebook Ads,FB-100170,UA - Lookalike - 1% | iOS | MENA | Carousel,18931,560,164.58,81
2025-10-17,Facebook Ads,FB-100171,UA - Lookalike - 1% | iOS | LATAM | Carousel,15085,326,147.35,38
2025-10-17,Facebook Ads,FB-100172,UA - Lookalike - 1% | Android | US | Static,19405,924,307.05,80
2025-10-17,Facebook Ads,FB-100173,UA - Retargeting - Value | Android | MENA | Static,14846,383,187.06,52
2025-10-17,Facebook Ads,FB-100174,UA - Lookalike - 1% | Android | APAC | Carousel,19443,748,224.1,83
2025-10-17,Facebook Ads,FB-100175,UA - Retargeting - Value | Android | EU | Carousel,10667,275,135.47,30
2025-10-17,Facebook Ads,FB-100176,UA - Prospecting - Broad | iOS | EU | Carousel,21102,875,402.68,103
2025-10-17,Facebook Ads,FB-100177,UA - Prospecting - Broad | Android | LATAM | Video,25116,850,234.51,38
2025-10-17,Facebook Ads,FB-100178,UA - Prospecting - Broad | iOS | EU | UGC,30937,1177,485.98,193
2025-10-17,Facebook Ads,FB-100179,UA - Lookalike - 5% | Android | MENA | Carousel,13182,479,140.78,62
2025-10-17,Facebook Ads,FB-100180,UA - Retargeting - Value | iOS | APAC | Carousel,6265,79,43.26,13
2025-10-17,Facebook Ads,FB-100181,UA - Prospecting - Broad | Android | LATAM | UGC,26657,674,236.37,77
2025-10-17,Facebook Ads,FB-100182,UA - Prospecting - Broad | Android | APAC | UGC,19437,869,325.09,112
2025-10-17,Facebook Ads,FB-100183,UA - Lookalike - 1% | Android | EU | Static,34890,932,223.12,148
2025-10-17,Facebook Ads,FB-100184,UA - Lookalike - 5% | Android | EU | Video,9276,289,67.74,31
2025-10-17,Facebook Ads,FB-100185,UA - Lookalike - 5% | Android | MENA | UGC,21293,1046,436.39,78
2025-10-17,Facebook Ads,FB-100186,UA - Lookalike - 5% | iOS | LATAM | Playables,15635,492,225.88,60
2025-10-17,Facebook Ads,FB-100187,UA - Prospecting - Broad | iOS | MENA | Playables,28069,911,218.28,86
2025-10-17,Facebook Ads,FB-100188,UA - Lookalike - 1% | Android | EU | Static,15075,619,179.76,72
2025-10-17,Facebook Ads,FB-100189,UA - Retargeting - Value | Android | EU | Static,15076,480,252.24,93
2025-10-17,Facebook Ads,FB-100190,UA - Lookalike - 5% | Android | EU | Video,13725,532,186.84,35
2025-10-17,Facebook Ads,FB-100191,UA - Lookalike - 1% | iOS | MENA | UGC,16460,407,96.74,18
2025-10-17,Facebook Ads,FB-100192,UA - Lookalike - 1% | Android | EU | Carousel,25635,1148,230.29,236
2025-10-17,Facebook Ads,FB-100193,UA - Lookalike - 1% | iOS | US | Static,18395,380,149.95,56
2025-10-17,Facebook Ads,FB-100194,UA - Retargeting - Value | Android | APAC | Video,17722,171,63.71,29
2025-10-17,Facebook Ads,FB-100195,UA - Prospecting - Broad | Android | LATAM | Static,10220,381,80.89,27
2025-10-17,Facebook Ads,FB-100196,UA - Lookalike - 1% | Android | EU | Carousel,23116,566,193.8,112
2025-10-17,Facebook Ads,FB-100197,UA - Lookalike - 1% | iOS | US | UGC,28374,1157,541.36,90
2025-10-17,Facebook Ads,FB-100198,UA - Lookalike - 5% | iOS | LATAM | Playables,11875,451,113.83,35
2025-10-17,Facebook Ads,FB-100199,UA - Prospecting - Broad | iOS | US | Playables,15443,658,179.44,48
2025-10-17,Facebook Ads,FB-100200,UA - Lookalike - 1% | iOS | LATAM | Playables,11735,326,150.03,47
2025-10-17,Facebook Ads,FB-100201,UA - Prospecting - Broad | Android | US | Static,14861,657,302.61,47
2025-10-17,Facebook Ads,FB-100202,UA - Retargeting - Value | iOS | MENA | Video,18181,580,339.65,130
2025-10-17,Facebook Ads,FB-100203,UA - Lookalike - 1% | iOS | MENA | UGC,16623,613,232.94,36
2025-10-17,Facebook Ads,FB-100204,UA - Lookalike - 5% | Android | MENA | UGC,23915,705,299.13,120
2025-10-17,Facebook Ads,FB-100205,UA - Lookalike - 5% | Android | APAC | Carousel,26813,563,246.59,65
2025-10-17,Facebook Ads,FB-100206,UA - Retargeting - Value | iOS | LATAM | Video,13675,198,67.16,46
2025-10-17,Facebook Ads,FB-100207,UA - Lookalike - 1% | iOS | APAC | UGC,20497,823,361.54,50
2025-10-17,Facebook Ads,FB-100208,UA - Lookalike - 5% | iOS | MENA | Video,21168,985,236.2,36
2025-10-17,Facebook Ads,FB-100209,UA - Lookalike - 1% | Android | LATAM | Carousel,22413,811,243.38,130
2025-10-17,Facebook Ads,FB-100210,UA - Prospecting - Broad | Android | APAC | Playables,14707,572,165.82,42
2025-10-17,Facebook Ads,FB-100211,UA - Retargeting - Value | iOS | APAC | Video,8301,227,71.53,39
2025-10-17,Facebook Ads,FB-100212,UA - Lookalike - 5% | iOS | MENA | UGC,8607,348,168.33,25
2025-10-17,Facebook Ads,FB-100213,UA - Retargeting - Value | Android | EU | Carousel,13383,305,126.33,56
2025-10-17,Facebook Ads,FB-100214,UA - Prospecting - Broad | iOS | APAC | UGC,17046,334,117.77,62
2025-10-17,Facebook Ads,FB-100215,UA - Retargeting - Value | Android | MENA | Static,11160,320,112.26,78
2025-10-17,Facebook Ads,FB-100216,UA - Lookalike - 5% | iOS | MENA | Video,15615,609,288.67,106
2025-10-17,Facebook Ads,FB-100217,UA - Lookalike - 5% | Android | EU | Video,33110,708,239.66,139
2025-10-17,Facebook Ads,FB-100218,UA - Lookalike - 1% | Android | EU | UGC,16949,778,363.01,101
2025-10-17,Facebook Ads,FB-100219,UA - Lookalike - 5% | iOS | APAC | UGC,15477,731,219.96,52
2025-10-17,Facebook Ads,FB-100220,UA - Retargeting - Value | Android | APAC | Playables,13715,138,45.64,19
2025-10-17,Facebook Ads,FB-100221,UA - Retargeting - Value | iOS | EU | Playables,4705,111,47.09,8
2025-10-17,Facebook Ads,FB-100222,UA - Lookalike - 1% | Android | LATAM | UGC,21402,710,157.12,80
2025-10-17,Facebook Ads,FB-100223,UA - Lookalike - 1% | iOS | US | Carousel,12110,590,204.02,25
2025-10-17,Facebook Ads,FB-100224,UA - Lookalike - 5% | iOS | EU | UGC,12792,609,154.63,90
2025-10-17,Facebook Ads,FB-100225,UA - Lookalike - 5% | iOS | LATAM | Playables,22368,760,183.08,102
2025-10-17,Facebook Ads,FB-100226,UA - Retargeting - Value | iOS | LATAM | Static,16128,218,109.09,28
2025-10-17,Facebook Ads,FB-100227,UA - Prospecting - Broad | iOS | EU | UGC,16750,291,155.16,23
2025-10-17,Facebook Ads,FB-100228,UA - Lookalike - 5% | iOS | APAC | UGC,11428,252,98.73,32
2025-10-17,Facebook Ads,FB-100229,UA - Retargeting - Value | Android | APAC | Video,11826,312,81.18,35
2025-10-17,Facebook Ads,FB-100230,UA - Prospecting - Broad | iOS | US | UGC,26054,995,510.83,187
2025-10-17,Facebook Ads,FB-100231,UA - Lookalike - 5% | iOS | US | Static,21814,1042,490.37,93
2025-10-17,Facebook Ads,FB-100232,UA - Lookalike - 1% | Android | US | UGC,14240,397,119.58,66
2025-10-17,Facebook Ads,FB-100233,UA - Prospecting - Broad | iOS | MENA | UGC,9558,189,90.49,5
2025-10-17,Facebook Ads,FB-100234,UA - Lookalike - 1% | iOS | MENA | UGC,15987,629,268.39,45
2025-10-17,Facebook Ads,FB-100235,UA - Prospecting - Broad | iOS | MENA | Video,19943,406,122.08,44
2025-10-17,Facebook Ads,FB-100236,UA - Prospecting - Broad | Android | LATAM | Static,12980,270,78.79,38
2025-10-17,Facebook Ads,FB-100237,UA - Lookalike - 5% | iOS | US | Video,30975,695,322.06,81
2025-10-17,Facebook Ads,FB-100238,UA - Prospecting - Broad | Android | LATAM | Video,8204,343,108.42,30
2025-10-17,Facebook Ads,FB-100239,UA - Lookalike - 1% | iOS | US | Carousel,11988,269,118.92,53
2025-10-17,Facebook Ads,FB-100240,UA - Retargeting - Value | iOS | APAC | Static,21261,401,168.02,63
2025-10-17,Facebook Ads,FB-100241,UA - Retargeting - Value | iOS | MENA | Static,6981,186,93.19,22
2025-10-17,Facebook Ads,FB-100242,UA - Lookalike - 5% | Android | US | Playables,25135,628,213.46,70
2025-10-17,Facebook Ads,FB-100243,UA - Retargeting - Value | Android | APAC | Playables,11546,169,60.7,28
2025-10-17,Facebook Ads,FB-100244,UA - Lookalike - 5% | Android | APAC | Carousel,29931,743,200.83,132
2025-10-17,Facebook Ads,FB-100245,UA - Lookalike - 1% | iOS | US | UGC,7044,218,83.97,36
2025-10-17,Facebook Ads,FB-100246,UA - Lookalike - 1% | Android | US | UGC,11811,385,164.97,37
2025-10-17,Facebook Ads,FB-100247,UA - Lookalike - 5% | iOS | APAC | Carousel,26194,1063,415.0,133
2025-10-17,Facebook Ads,FB-100248,UA - Lookalike - 5% | iOS | EU | UGC,13087,344,139.73,52
2025-10-17,Facebook Ads,FB-100249,UA - Lookalike - 1% | Android | EU | UGC,35029,962,237.04,187
2025-10-17,Facebook Ads,FB-100250,UA - Lookalike - 5% | iOS | LATAM | Video,7845,305,129.2,57
2025-10-17,Facebook Ads,FB-100251,UA - Prospecting - Broad | iOS | US | Playables,16059,365,158.12,64
2025-10-17,Facebook Ads,FB-100252,UA - Lookalike - 1% | iOS | LATAM | Static,22919,515,109.08,33
2025-10-17,Facebook Ads,FB-100253,UA - Lookalike - 1% | Android | EU | Playables,28211,640,235.65,87
2025-10-17,Facebook Ads,FB-100254,UA - Lookalike - 1% | Android | US | Video,15115,565,124.75,121
2025-10-17,Facebook Ads,FB-100255,UA - Lookalike - 1% | iOS | US | Playables,8531,276,69.3,48
2025-10-17,Facebook Ads,FB-100256,UA - Lookalike - 1% | Android | US | Carousel,13817,340,150.93,50
2025-10-17,Facebook Ads,FB-100257,UA - Retargeting - Value | iOS | EU | Static,18092,268,140.86,59
2025-10-17,Facebook Ads,FB-100258,UA - Lookalike - 1% | iOS | MENA | Playables,26083,1232,385.37,97
2025-10-17,Facebook Ads,FB-100259,UA - Lookalike - 1% | Android | LATAM | UGC,12805,265,104.97,15
2025-10-17,Facebook Ads,FB-100260,UA - Prospecting - Broad | iOS | US | UGC,9409,397,136.01,9
2025-10-17,Facebook Ads,FB-100261,UA - Lookalike - 1% | Android | EU | UGC,24697,690,162.22,121
2025-10-17,Facebook Ads,FB-100262,UA - Lookalike - 1% | Android | APAC | Video,25119,1226,265.8,239
2025-10-17,Facebook Ads,FB-100263,UA - Lookalike - 1% | Android | APAC | Carousel,42691,1337,241.86,178
2025-10-17,Facebook Ads,FB-100264,UA - Retargeting - Value | iOS | LATAM | Video,8833,71,23.56,8
2025-10-17,Facebook Ads,FB-100265,UA - Lookalike - 1% | iOS | US | Playables,13309,539,225.25,100
2025-10-17,Facebook Ads,FB-100266,UA - Lookalike - 1% | Android | US | UGC,36970,884,317.18,49
2025-10-17,Facebook Ads,FB-100267,UA - Prospecting - Broad | iOS | US | Static,8885,358,195.32,20
2025-10-17,Facebook Ads,FB-100268,UA - Prospecting - Broad | Android | LATAM | UGC,20513,348,114.87,61
2025-10-17,Facebook Ads,FB-100269,UA - Retargeting - Value | Android | EU | Playables,12428,328,132.64,47
2025-10-17,Facebook Ads,FB-100270,UA - Lookalike - 5% | iOS | APAC | Carousel,20448,760,235.14,96
2025-10-17,Facebook Ads,FB-100271,UA - Lookalike - 5% | Android | APAC | Video,18821,861,379.87,95
2025-10-17,Facebook Ads,FB-100272,UA - Lookalike - 1% | iOS | LATAM | Video,28888,581,122.77,92
2025-10-17,Facebook Ads,FB-100273,UA - Retargeting - Value | Android | APAC | UGC,24042,446,144.55,96
2025-10-17,Facebook Ads,FB-100274,UA - Lookalike - 1% | iOS | US | Carousel,39650,911,467.71,32
2025-10-17,Facebook Ads,FB-100275,UA - Retargeting - Value | Android | APAC | Carousel,17992,167,43.77,16
2025-10-17,Facebook Ads,FB-100276,UA - Retargeting - Value | Android | APAC | Video,7814,204,108.59,36
2025-10-17,Facebook Ads,FB-100277,UA - Retargeting - Value | Android | US | Carousel,24972,838,413.13,190
2025-10-17,Facebook Ads,FB-100278,UA - Prospecting - Broad | Android | MENA | Static,12072,361,119.2,23
2025-10-17,Facebook Ads,FB-100279,UA - Retargeting - Value | Android | MENA | Static,22299,615,307.87,104
2025-10-17,Facebook Ads,FB-100280,UA - Prospecting - Broad | iOS | EU | Playables,14404,319,152.35,58
2025-10-17,Facebook Ads,FB-100281,UA - Lookalike - 1% | iOS | EU | Static,15281,563,293.66,80
2025-10-17,Facebook Ads,FB-100282,UA - Retargeting - Value | Android | US | Video,11110,156,69.4,15
2025-10-17,Facebook Ads,FB-100283,UA - Lookalike - 1% | Android | LATAM | Static,22868,763,144.13,151
2025-10-17,Facebook Ads,FB-100284,UA - Prospecting - Broad | Android | EU | Carousel,26037,630,231.59,41
2025-10-17,Facebook Ads,FB-100285,UA - Prospecting - Broad | Android | APAC | Playables,31602,594,99.5,111
2025-10-17,Facebook Ads,FB-100286,UA - Lookalike - 1% | Android | APAC | UGC,30447,734,319.44,143
2025-10-17,Facebook Ads,FB-100287,UA - Retargeting - Value | Android | APAC | Playables,9271,164,58.88,36
2025-10-17,Facebook Ads,FB-100288,UA - Lookalike - 5% | Android | MENA | Carousel,34965,1642,288.17,170
2025-10-17,Facebook Ads,FB-100289,UA - Lookalike - 5% | Android | US | UGC,18285,829,368.24,58
2025-10-17,Facebook Ads,FB-100290,UA - Lookalike - 5% | iOS | US | UGC,19052,405,166.78,68
2025-10-17,Facebook Ads,FB-100291,UA - Retargeting - Value | Android | US | Carousel,17456,108,51.19,17
2025-10-17,Facebook Ads,FB-100292,UA - Lookalike - 1% | Android | EU | Carousel,25558,734,262.77,83
2025-10-17,Facebook Ads,FB-100293,UA - Lookalike - 1% | iOS | MENA | Playables,13900,355,120.45,34
2025-10-17,Facebook Ads,FB-100294,UA - Lookalike - 5% | iOS | MENA | Playables,26494,777,188.42,46
2025-10-17,Facebook Ads,FB-100295,UA - Retargeting - Value | Android | US | Playables,6830,64,26.11,13
2025-10-17,Facebook Ads,FB-100296,UA - Lookalike - 5% | iOS | APAC | Static,25880,651,213.07,25
2025-10-17,Facebook Ads,FB-100297,UA - Lookalike - 5% | iOS | APAC | UGC,11226,491,241.92,65
2025-10-17,Facebook Ads,FB-100298,UA - Lookalike - 1% | Android | LATAM | UGC,42806,1141,280.0,227
2025-10-17,Facebook Ads,FB-100299,UA - Lookalike - 5% | iOS | LATAM | Static,19814,426,160.56,50
2025-10-17,Facebook Ads,FB-100300,UA - Prospecting - Broad | Android | US | Video,18314,544,213.14,40
2025-10-17,Facebook Ads,FB-100301,UA - Retargeting - Value | iOS | US | Carousel,12918,251,123.09,35
2025-10-17,Facebook Ads,FB-100302,UA - Lookalike - 1% | Android | MENA | Playables,16449,580,166.0,108
2025-10-17,Facebook Ads,FB-100303,UA - Lookalike - 5% | Android | APAC | Carousel,29313,1285,522.87,262
2025-10-17,Facebook Ads,FB-100304,UA - Lookalike - 1% | Android | LATAM | Playables,27605,733,116.25,67
2025-10-17,Facebook Ads,FB-100305,UA - Retargeting - Value | iOS | US | Playables,8314,173,65.9,20
2025-10-17,Facebook Ads,FB-100306,UA - Prospecting - Broad | Android | APAC | Static,15991,511,207.62,37
2025-10-17,Facebook Ads,FB-100307,UA - Prospecting - Broad | iOS | MENA | Carousel,14103,406,84.08,35
2025-10-17,Facebook Ads,FB-100308,UA - Lookalike - 5% | iOS | MENA | Static,12178,259,124.14,43
2025-10-17,Facebook Ads,FB-100309,UA - Prospecting - Broad | Android | MENA | Carousel,29778,1157,383.78,121
2025-10-17,Facebook Ads,FB-100310,UA - Lookalike - 1% | Android | LATAM | Carousel,29508,1239,348.78,88
2025-10-17,Facebook Ads,FB-100311,UA - Retargeting - Value | iOS | US | Static,12159,128,60.72,13
2025-10-17,Facebook Ads,FB-100312,UA - Prospecting - Broad | iOS | US | Static,18955,506,183.32,85
2025-10-17,Facebook Ads,FB-100313,UA - Lookalike - 5% | Android | MENA | Static,16862,835,229.79,43
2025-10-17,Facebook Ads,FB-100314,UA - Retargeting - Value | iOS | APAC | Carousel,7853,68,39.54,5
2025-10-17,Facebook Ads,FB-100315,UA - Prospecting - Broad | iOS | LATAM | Carousel,20764,673,134.87,28
2025-10-17,Facebook Ads,FB-100316,UA - Prospecting - Broad | Android | EU | Static,29793,1145,272.28,230
2025-10-17,Facebook Ads,FB-100317,UA - Lookalike - 5% | Android | LATAM | UGC,16262,413,162.52,77
2025-10-17,Facebook Ads,FB-100318,UA - Lookalike - 5% | iOS | MENA | UGC,18554,551,228.0,105
2025-10-17,Facebook Ads,FB-100319,UA - Prospecting - Broad | iOS | EU | Playables,9862,188,100.32,27
2025-10-17,Facebook Ads,FB-100320,UA - Lookalike - 1% | iOS | APAC | Video,20938,915,327.11,87
2025-10-17,Facebook Ads,FB-100321,UA - Prospecting - Broad | iOS | MENA | Carousel,30126,512,184.93,56
2025-10-17,Facebook Ads,FB-100322,UA - Prospecting - Broad | Android | APAC | Playables,16417,551,100.72,32
2025-10-17,Facebook Ads,FB-100323,UA - Retargeting - Value | Android | EU | Carousel,16637,304,178.66,57
2025-10-17,Facebook Ads,FB-100324,UA - Lookalike - 1% | Android | LATAM | Carousel,12945,267,67.44,44
2025-10-17,Facebook Ads,FB-100325,UA - Lookalike - 5% | Android | US | UGC,33568,1562,363.79,225
2025-10-17,Facebook Ads,FB-100326,UA - Retargeting - Value | Android | EU | UGC,12046,309,110.25,43
2025-10-17,Facebook Ads,FB-100327,UA - Prospecting - Broad | iOS | US | UGC,23132,774,321.83,16
2025-10-17,Facebook Ads,FB-100328,UA - Prospecting - Broad | iOS | US | UGC,21380,866,405.98,68
2025-10-17,Facebook Ads,FB-100329,UA - Lookalike - 5% | iOS | MENA | UGC,10525,227,54.39,23
2025-10-17,Facebook Ads,FB-100330,UA - Lookalike - 5% | iOS | LATAM | Video,40734,1332,439.69,149
2025-10-17,Facebook Ads,FB-100331,UA - Lookalike - 5% | Android | LATAM | Static,34941,1460,576.99,136
2025-10-17,Facebook Ads,FB-100332,UA - Prospecting - Broad | iOS | US | UGC,16741,472,160.06,20
2025-10-17,Facebook Ads,FB-100333,UA - Lookalike - 5% | Android | APAC | Playables,18059,662,102.28,56
2025-10-17,Facebook Ads,FB-100334,UA - Lookalike - 1% | Android | APAC | Carousel,30242,1075,215.11,134
2025-10-17,Facebook Ads,FB-100335,UA - Prospecting - Broad | Android | LATAM | Static,24774,974,280.61,78
2025-10-17,Facebook Ads,FB-100336,UA - Retargeting - Value | Android | MENA | Playables,15593,321,130.36,81
2025-10-17,Facebook Ads,FB-100337,UA - Retargeting - Value | iOS | LATAM | Static,14055,450,157.41,100
2025-10-17,Facebook Ads,FB-100338,UA - Retargeting - Value | Android | EU | Carousel,29971,313,181.6,42
2025-10-17,Facebook Ads,FB-100339,UA - Prospecting - Broad | Android | MENA | Static,20795,634,188.68,37
2025-10-17,Facebook Ads,FB-100340,UA - Lookalike - 5% | Android | APAC | UGC,33658,1392,512.95,102
2025-10-17,Facebook Ads,FB-100341,UA - Lookalike - 5% | iOS | LATAM | Static,10945,424,105.15,64
2025-10-17,Facebook Ads,FB-100342,UA - Lookalike - 1% | Android | APAC | UGC,26784,761,334.61,167
2025-10-17,Facebook Ads,FB-100343,UA - Lookalike - 1% | iOS | MENA | Video,27054,1060,387.85,99
2025-10-17,Facebook Ads,FB-100344,UA - Lookalike - 5% | Android | LATAM | UGC,20800,611,225.03,55
2025-10-17,Facebook Ads,FB-100345,UA - Lookalike - 1% | Android | US | Carousel,16634,652,167.3,129
2025-10-17,Facebook Ads,FB-100346,UA - Lookalike - 5% | Android | US | Playables,13876,477,194.81,49
2025-10-17,Facebook Ads,FB-100347,UA - Prospecting - Broad | iOS | MENA | Playables,11778,493,142.03,36
2025-10-17,Facebook Ads,FB-100348,UA - Lookalike - 1% | iOS | MENA | Static,14200,647,242.3,115
2025-10-17,Facebook Ads,FB-100349,UA - Prospecting - Broad | iOS | MENA | Static,16247,508,201.78,19
2025-10-18,Facebook Ads,FB-100000,UA - Retargeting - Value | Android | US | Carousel,9535,246,83.71,58
2025-10-18,Facebook Ads,FB-100001,UA - Prospecting - Broad | Android | EU | Video,27040,1070,338.12,143
2025-10-18,Facebook Ads,FB-100002,UA - Prospecting - Broad | iOS | US | Video,23941,444,140.22,69
2025-10-18,Facebook Ads,FB-100003,UA - Prospecting - Broad | Android | EU | Playables,12494,318,133.81,54
2025-10-18,Facebook Ads,FB-100004,UA - Retargeting - Value | Android | MENA | UGC,17906,523,201.67,92
2025-10-18,Facebook Ads,FB-100005,UA - Prospecting - Broad | iOS | MENA | Carousel,17658,383,136.16,27
2025-10-18,Facebook Ads,FB-100006,UA - Lookalike - 1% | Android | APAC | Carousel,36431,1483,381.72,89
2025-10-18,Facebook Ads,FB-100007,UA - Prospecting - Broad | Android | EU | Carousel,11974,388,114.38,17
2025-10-18,Facebook Ads,FB-100008,UA - Lookalike - 1% | Android | APAC | Video,15275,581,209.1,99
2025-10-18,Facebook Ads,FB-100009,UA - Prospecting - Broad | iOS | MENA | Carousel,11107,418,185.05,13
2025-10-18,Facebook Ads,FB-100010,UA - Lookalike - 5% | iOS | MENA | Video,19540,970,333.68,58
2025-10-18,Facebook Ads,FB-100011,UA - Lookalike - 1% | Android | MENA | Carousel,22243,702,250.68,56
2025-10-18,Facebook Ads,FB-100012,UA - Retargeting - Value | Android | US | Video,21618,379,124.8,68
2025-10-18,Facebook Ads,FB-100013,UA - Prospecting - Broad | iOS | US | Static,21726,823,443.84,97
2025-10-18,Facebook Ads,FB-100014,UA - Lookalike - 1% | iOS | LATAM | UGC,12142,545,150.75,22
2025-10-18,Facebook Ads,FB-100015,UA - Retargeting - Value | Android | LATAM | Carousel,10294,260,120.12,46
2025-10-18,Facebook Ads,FB-100016,UA - Retargeting - Value | iOS | US | Playables,17071,158,80.94,23
2025-10-18,Facebook Ads,FB-100017,UA - Lookalike - 5% | Android | EU | UGC,24766,651,314.24,115
2025-10-18,Facebook Ads,FB-100018,UA - Lookalike - 1% | iOS | MENA | Static,14613,302,113.64,9
2025-10-18,Facebook Ads,FB-100019,UA - Lookalike - 1% | Android | EU | Video,13758,529,150.5,91
2025-10-18,Facebook Ads,FB-100020,UA - Retargeting - Value | iOS | LATAM | Video,6256,59,22.05,13
2025-10-18,Facebook Ads,FB-100021,UA - Lookalike - 5% | iOS | EU | UGC,20554,733,370.53,140
2025-10-18,Facebook Ads,FB-100022,UA - Retargeting - Value | iOS | EU | Carousel,9684,243,109.47,45
2025-10-18,Facebook Ads,FB-100023,UA - Lookalike - 1% | Android | MENA | Playables,15992,401,86.98,37
2025-10-18,Facebook Ads,FB-100024,UA - Lookalike - 1% | iOS | MENA | UGC,12787,382,83.7,45
2025-10-18,Facebook Ads,FB-100025,UA - Lookalike - 5% | Android | EU | Playables,19543,447,89.58,62
2025-10-18,Facebook Ads,FB-100026,UA - Retargeting - Value | Android | US | Video,8840,252,141.15,48
2025-10-18,Facebook Ads,FB-100027,UA - Prospecting - Broad | Android | APAC | Playables,31579,1003,285.45,63
2025-10-18,Facebook Ads,FB-100028,UA - Lookalike - 5% | iOS | APAC | Playables,24277,1174,502.0,144
2025-10-18,Facebook Ads,FB-100029,UA - Prospecting - Broad | iOS | MENA | Video,15374,400,95.52,40
2025-10-18,Facebook Ads,FB-100030,UA - Lookalike - 1% | iOS | LATAM | Video,23962,564,185.05,27
2025-10-18,Facebook Ads,FB-100031,UA - Prospecting - Broad | iOS | EU | UGC,10608,240,131.88,21
2025-10-18,Facebook Ads,FB-100032,UA - Prospecting - Broad | iOS | MENA | Static,12942,532,239.77,41
2025-10-18,Facebook Ads,FB-100033,UA - Retargeting - Value | iOS | MENA | Playables,6266,165,50.44,12
2025-10-18,Facebook Ads,FB-100034,UA - Prospecting - Broad | Android | LATAM | Static,16213,523,106.8,87
2025-10-18,Facebook Ads,FB-100035,UA - Prospecting - Broad | iOS | APAC | Video,12377,483,185.96,19
2025-10-18,Facebook Ads,FB-100036,UA - Prospecting - Broad | iOS | LATAM | Static,19699,868,215.61,144
2025-10-18,Facebook Ads,FB-100037,UA - Prospecting - Broad | Android | MENA | Video,14497,312,82.62,60
2025-10-18,Facebook Ads,FB-100038,UA - Retargeting - Value | iOS | US | Playables,17874,102,51.89,13
2025-10-18,Facebook Ads,FB-100039,UA - Retargeting - Value | Android | APAC | Playables,9530,93,30.88,11
2025-10-18,Facebook Ads,FB-100040,UA - Lookalike - 5% | iOS | MENA | Playables,38816,1912,447.41,119
2025-10-18,Facebook Ads,FB-100041,UA - Lookalike - 1% | Android | MENA | Static,19757,749,316.23,62
2025-10-18,Facebook Ads,FB-100042,UA - Lookalike - 5% | iOS | LATAM | UGC,16025,617,225.51,101
2025-10-18,Facebook Ads,FB-100043,UA - Prospecting - Broad | Android | EU | Static,20805,612,151.41,30
2025-10-18,Facebook Ads,FB-100044,UA - Retargeting - Value | iOS | US | Playables,15379,390,153.08,83
2025-10-18,Facebook Ads,FB-100045,UA - Prospecting - Broad | Android | US | Video,24027,660,316.01,66
2025-10-18,Facebook Ads,FB-100046,UA - Lookalike - 1% | Android | US | Video,18516,483,135.19,59
2025-10-18,Facebook Ads,FB-100047,UA - Lookalike - 1% | Android | MENA | Static,19625,549,221.25,27
2025-10-18,Facebook Ads,FB-100048,UA - Retargeting - Value | iOS | EU | Playables,10279,101,41.07,17
2025-10-18,Facebook Ads,FB-100049,UA - Lookalike - 5% | iOS | EU | UGC,24142,536,238.14,92
2025-10-18,Facebook Ads,FB-100050,UA - Lookalike - 5% | Android | US | Video,15919,326,81.27,54
2025-10-18,Facebook Ads,FB-100051,UA - Lookalike - 5% | iOS | APAC | UGC,16762,506,235.75,29
2025-10-18,Facebook Ads,FB-100052,UA - Lookalike - 5% | Android | US | Video,19520,871,192.49,59
2025-10-18,Facebook Ads,FB-100053,UA - Retargeting - Value | iOS | US | Static,9872,323,186.27,77
2025-10-18,Facebook Ads,FB-100054,UA - Retargeting - Value | Android | MENA | UGC,9628,204,98.86,30
2025-10-18,Facebook Ads,FB-100055,UA - Lookalike - 5% | iOS | EU | Carousel,20985,606,241.31,68
2025-10-18,Facebook Ads,FB-100056,UA - Prospecting - Broad | Android | US | UGC,19209,553,159.26,58
2025-10-18,Facebook Ads,FB-100057,UA - Prospecting - Broad | Android | MENA | Video,13474,366,156.28,28
2025-10-18,Facebook Ads,FB-100058,UA - Lookalike - 5% | Android | EU | UGC,20332,902,230.1,96
2025-10-18,Facebook Ads,FB-100059,UA - Prospecting - Broad | iOS | EU | UGC,15842,537,240.2,102
2025-10-18,Facebook Ads,FB-100060,UA - Lookalike - 5% | Android | APAC | Video,17393,362,130.36,22
2025-10-18,Facebook Ads,FB-100061,UA - Lookalike - 5% | iOS | APAC | Carousel,17318,814,290.03,61
2025-10-18,Facebook Ads,FB-100062,UA - Lookalike - 1% | iOS | EU | Static,24024,581,315.54,38
2025-10-18,Facebook Ads,FB-100063,UA - Prospecting - Broad | Android | US | Playables,19888,720,241.27,144
2025-10-18,Facebook Ads,FB-100064,UA - Lookalike - 5% | iOS | US | Video,19464,891,295.9,103
2025-10-18,Facebook Ads,FB-100065,UA - Prospecting - Broad | Android | US | Playables,12890,566,257.13,42
2025-10-18,Facebook Ads,FB-100066,UA - Prospecting - Broad | Android | US | Playables,26481,700,225.05,132
2025-10-18,Facebook Ads,FB-100067,UA - Retargeting - Value | Android | APAC | Video,12813,159,70.53,15
2025-10-18,Facebook Ads,FB-100068,UA - Lookalike - 5% | Android | MENA | Video,17842,511,191.93,34
2025-10-18,Facebook Ads,FB-100069,UA - Lookalike - 1% | iOS | LATAM | Static,15969,637,223.46,77
2025-10-18,Facebook Ads,FB-100070,UA - Retargeting - Value | Android | LATAM | UGC,8634,211,81.28,36
2025-10-18,Facebook Ads,FB-100071,UA - Prospecting - Broad | iOS | APAC | Carousel,27652,961,248.42,170
2025-10-18,Facebook Ads,FB-100072,UA - Prospecting - Broad | Android | APAC | Playables,35279,901,206.15,149
2025-10-18,Facebook Ads,FB-100073,UA - Lookalike - 1% | Android | MENA | Static,16700,484,183.39,57
2025-10-18,Facebook Ads,FB-100074,UA - Retargeting - Value | Android | LATAM | Video,20875,105,56.16,25
2025-10-18,Facebook Ads,FB-100075,UA - Lookalike - 5% | iOS | LATAM | Static,12754,397,91.07,18
2025-10-18,Facebook Ads,FB-100076,UA - Prospecting - Broad | iOS | MENA | Playables,18513,309,150.2,58
2025-10-18,Facebook Ads,FB-100077,UA - Lookalike - 1% | iOS | US | Static,13713,377,157.96,28
2025-10-18,Facebook Ads,FB-100078,UA - Retargeting - Value | Android | US | Playables,12264,364,213.78,55
2025-10-18,Facebook Ads,FB-100079,UA - Retargeting - Value | iOS | LATAM | Playables,5309,65,19.84,15
2025-10-18,Facebook Ads,FB-100080,UA - Lookalike - 5% | iOS | EU | Carousel,23767,923,329.7,103
2025-10-18,Facebook Ads,FB-100081,UA - Lookalike - 5% | iOS | US | Video,18697,386,113.6,18
2025-10-18,Facebook Ads,FB-100082,UA - Lookalike - 1% | iOS | US | Video,18497,383,201.96,30
2025-10-18,Facebook Ads,FB-100083,UA - Lookalike - 5% | Android | LATAM | Static,24506,970,280.33,168
2025-10-18,Facebook Ads,FB-100084,UA - Prospecting - Broad | iOS | MENA | Video,16614,352,146.19,34
2025-10-18,Facebook Ads,FB-100085,UA - Prospecting - Broad | Android | EU | Playables,26309,975,341.54,116
2025-10-18,Facebook Ads,FB-100086,UA - Retargeting - Value | iOS | MENA | Playables,7850,243,99.39,55
2025-10-18,Facebook Ads,FB-100087,UA - Lookalike - 1% | iOS | EU | Video,27827,822,362.17,111
2025-10-18,Facebook Ads,FB-100088,UA - Retargeting - Value | iOS | US | Carousel,10319,68,28.7,10
2025-10-18,Facebook Ads,FB-100089,UA - Lookalike - 5% | Android | US | Carousel,28198,997,366.4,118
2025-10-18,Facebook Ads,FB-100090,UA - Retargeting - Value | Android | EU | Static,16431,445,181.92,101
2025-10-18,Facebook Ads,FB-100091,UA - Lookalike - 1% | iOS | US | Static,15679,585,189.83,66
2025-10-18,Facebook Ads,FB-100092,UA - Retargeting - Value | iOS | EU | Carousel,9746,53,27.23,11
2025-10-18,Facebook Ads,FB-100093,UA - Lookalike - 5% | Android | APAC | Video,26488,745,113.24,77
2025-10-18,Facebook Ads,FB-100094,UA - Lookalike - 1% | Android | EU | UGC,15323,528,239.66,109
2025-10-18,Facebook Ads,FB-100095,UA - Prospecting - Broad | iOS | EU | Static,13345,443,157.8,73
2025-10-18,Facebook Ads,FB-100096,UA - Lookalike - 1% | Android | APAC | Carousel,28082,794,357.06,64
2025-10-18,Facebook Ads,FB-100097,UA - Lookalike - 5% | Android | LATAM | Carousel,25335,546,231.23,43
2025-10-18,Facebook Ads,FB-100098,UA - Lookalike - 1% | iOS | US | Video,20464,643,204.15,23
2025-10-18,Facebook Ads,FB-100099,UA - Prospecting - Broad | Android | MENA | Carousel,27867,667,214.24,31
2025-10-18,Facebook Ads,FB-100100,UA - Lookalike - 1% | Android | MENA | UGC,15135,387,93.62,57
2025-10-18,Facebook Ads,FB-100101,UA - Prospecting - Broad | iOS | APAC | Playables,20294,859,222.65,105
2025-10-18,Facebook Ads,FB-100102,UA - Lookalike - 1% | iOS | MENA | Static,15036,386,160.73,14
2025-10-18,Facebook Ads,FB-100103,UA - Retargeting - Value | Android | APAC | Video,17751,621,305.28,76
2025-10-18,Facebook Ads,FB-100104,UA - Lookalike - 1% | iOS | APAC | Video,21378,475,101.7,24
2025-10-18,Facebook Ads,FB-100105,UA - Lookalike - 1% | iOS | US | Carousel,19519,676,207.73,103
2025-10-18,Facebook Ads,FB-100106,UA - Lookalike - 1% | iOS | LATAM | UGC,30693,1334,490.51,217
2025-10-18,Facebook Ads,FB-100107,UA - Lookalike - 5% | Android | EU | UGC,16416,600,286.26,123
2025-10-18,Facebook Ads,FB-100108,UA - Lookalike - 1% | Android | MENA | Playables,12431,359,75.39,29
2025-10-18,Facebook Ads,FB-100109,UA - Lookalike - 1% | iOS | MENA | Video,22195,586,275.19,24
2025-10-18,Facebook Ads,FB-100110,UA - Lookalike - 1% | iOS | EU | UGC,17748,840,223.69,68
2025-10-18,Facebook Ads,FB-100111,UA - Retargeting - Value | iOS | APAC | UGC,9593,226,108.57,26
2025-10-18,Facebook Ads,FB-100112,UA - Lookalike - 1% | iOS | EU | Video,10405,475,144.12,43
2025-10-18,Facebook Ads,FB-100113,UA - Lookalike - 1% | iOS | US | Static,12513,539,242.44,49
2025-10-18,Facebook Ads,FB-100114,UA - Prospecting - Broad | Android | EU | Static,22357,486,120.87,28
2025-10-18,Facebook Ads,FB-100115,UA - Prospecting - Broad | Android | EU | UGC,18902,827,379.26,41
2025-10-18,Facebook Ads,FB-100116,UA - Retargeting - Value | iOS | APAC | Playables,10026,64,21.02,10
2025-10-18,Facebook Ads,FB-100117,UA - Retargeting - Value | iOS | APAC | UGC,8326,210,86.75,45
2025-10-18,Facebook Ads,FB-100118,UA - Lookalike - 5% | Android | US | Video,18438,642,275.23,32
2025-10-18,Facebook Ads,FB-100119,UA - Lookalike - 5% | Android | EU | Playables,25186,515,109.23,81
2025-10-18,Facebook Ads,FB-100120,UA - Prospecting - Broad | Android | MENA | Static,15127,372,121.53,31
2025-10-18,Facebook Ads,FB-100121,UA - Lookalike - 1% | iOS | EU | UGC,15199,488,142.45,27
2025-10-18,Facebook Ads,FB-100122,UA - Lookalike - 5% | iOS | MENA | Playables,18202,367,158.84,38
2025-10-18,Facebook Ads,FB-100123,UA - Lookalike - 5% | iOS | EU | UGC,7866,368,146.83,70
2025-10-18,Facebook Ads,FB-100124,UA - Lookalike - 5% | iOS | EU | Carousel,19902,851,421.33,30
2025-10-18,Facebook Ads,FB-100125,UA - Prospecting - Broad | Android | LATAM | UGC,19029,736,287.85,85
2025-10-18,Facebook Ads,FB-100126,UA - Lookalike - 1% | iOS | EU | Carousel,21476,861,310.91,136
2025-10-18,Facebook Ads,FB-100127,UA - Retargeting - Value | iOS | MENA | Video,11218,99,44.64,15
2025-10-18,Facebook Ads,FB-100128,UA - Retargeting - Value | Android | EU | UGC,18870,529,317.08,60
2025-10-18,Facebook Ads,FB-100129,UA - Lookalike - 5% | Android | US | UGC,19591,827,236.69,162
2025-10-18,Facebook Ads,FB-100130,UA - Lookalike - 5% | iOS | MENA | UGC,24522,571,126.19,57
2025-10-18,Facebook Ads,FB-100131,UA - Lookalike - 5% | Android | EU | UGC,23996,842,357.6,123
2025-10-18,Facebook Ads,FB-100132,UA - Lookalike - 5% | Android | MENA | UGC,20591,913,260.57,137
2025-10-18,Facebook Ads,FB-100133,UA - Lookalike - 5% | Android | LATAM | Carousel,30408,922,301.68,83
2025-10-18,Facebook Ads,FB-100134,UA - Retargeting - Value | iOS | MENA | Playables,16122,187,107.77,18
2025-10-18,Facebook Ads,FB-100135,UA - Lookalike - 5% | iOS | EU | Carousel,14785,455,135.04,18
2025-10-18,Facebook Ads,FB-100136,UA - Lookalike - 1% | iOS | US | UGC,16073,719,369.35,120
2025-10-18,Facebook Ads,FB-100137,UA - Retargeting - Value | iOS | EU | UGC,15015,270,121.91,24
2025-10-18,Facebook Ads,FB-100138,UA - Prospecting - Broad | Android | APAC | Playables,11320,414,183.65,60
2025-10-18,Facebook Ads,FB-100139,UA - Lookalike - 5% | Android | APAC | Static,31986,1539,476.78,119
2025-10-18,Facebook Ads,FB-100140,UA - Lookalike - 5% | Android | US | Carousel,18329,727,358.92,65
2025-10-18,Facebook Ads,FB-100141,UA - Lookalike - 1% | iOS | EU | UGC,18693,742,258.66,43
2025-10-18,Facebook Ads,FB-100142,UA - Lookalike - 5% | iOS | APAC | Carousel,16349,429,146.25,52
2025-10-18,Facebook Ads,FB-100143,UA - Prospecting - Broad | iOS | US | UGC,23516,1053,469.74,169
2025-10-18,Facebook Ads,FB-100144,UA - Prospecting - Broad | Android | LATAM | Static,20908,363,74.09,28
2025-10-18,Facebook Ads,FB-100145,UA - Retargeting - Value | Android | US | Static,13322,338,201.96,74
2025-10-18,Facebook Ads,FB-100146,UA - Retargeting - Value | Android | MENA | Static,12797,310,77.97,49
2025-10-18,Facebook Ads,FB-100147,UA - Retargeting - Value | Android | APAC | Video,9777,163,62.69,17
2025-10-18,Facebook Ads,FB-100148,UA - Retargeting - Value | iOS | LATAM | Carousel,5483,174,70.63,30
2025-10-18,Facebook Ads,FB-100149,UA - Prospecting - Broad | Android | EU | Carousel,32589,1034,284.56,54
2025-10-18,Facebook Ads,FB-100150,UA - Lookalike - 5% | Android | LATAM | Playables,24223,835,335.92,166
2025-10-18,Facebook Ads,FB-100151,UA - Retargeting - Value | iOS | EU | Video,9106,314,174.99,37
2025-10-18,Facebook Ads,FB-100152,UA - Prospecting - Broad | Android | LATAM | Playables,18915,443,105.08,80
2025-10-18,Facebook Ads,FB-100153,UA - Lookalike - 5% | Android | LATAM | Playables,17293,789,124.98,83
2025-10-18,Facebook Ads,FB-100154,UA - Lookalike - 1% | iOS | US | Playables,13967,601,153.68,118
2025-10-18,Facebook Ads,FB-100155,UA - Prospecting - Broad | Android | APAC | UGC,11940,428,140.13,79
2025-10-18,Facebook Ads,FB-100156,UA - Retargeting - Value | iOS | LATAM | UGC,6794,175,64.37,15
2025-10-18,Facebook Ads,FB-100157,UA - Lookalike - 1% | iOS | EU | Playables,23047,1099,426.19,171
2025-10-18,Facebook Ads,FB-100158,UA - Lookalike - 1% | iOS | APAC | UGC,20927,950,209.19,170
2025-10-18,Facebook Ads,FB-100159,UA - Lookalike - 1% | iOS | EU | Video,16534,776,294.18,130
2025-10-18,Facebook Ads,FB-100160,UA - Lookalike - 5% | iOS | EU | UGC,16584,811,444.51,138
2025-10-18,Facebook Ads,FB-100161,UA - Lookalike - 1% | iOS | US | UGC,17405,504,135.12,89
2025-10-18,Facebook Ads,FB-100162,UA - Lookalike - 1% | Android | APAC | Static,26466,543,165.23,81
2025-10-18,Facebook Ads,FB-100163,UA - Lookalike - 1% | iOS | LATAM | Carousel,21073,479,150.5,78
2025-10-18,Facebook Ads,FB-100164,UA - Prospecting - Broad | Android | MENA | Static,20503,341,130.4,20
2025-10-18,Facebook Ads,FB-100165,UA - Retargeting - Value | Android | APAC | UGC,18762,348,134.82,37
2025-10-18,Facebook Ads,FB-100166,UA - Prospecting - Broad | iOS | APAC | UGC,17879,687,178.76,99
2025-10-18,Facebook Ads,FB-100167,UA - Lookalike - 5% | Android | LATAM | Static,22327,857,328.83,98
2025-10-18,Facebook Ads,FB-100168,UA - Lookalike - 1% | Android | LATAM | Playables,23994,920,235.52,49
2025-10-18,Facebook Ads,FB-100169,UA - Lookalike - 1% | iOS | MENA | Playables,11268,247,60.22,38
2025-10-18,Facebook Ads,FB-100170,UA - Lookalike - 1% | iOS | MENA | Carousel,12222,586,225.14,112
2025-10-18,Facebook Ads,FB-100171,UA - Lookalike - 1% | iOS | LATAM | Carousel,17025,713,226.52,121
2025-10-18,Facebook Ads,FB-100172,UA - Lookalike - 1% | Android | US | Static,29808,973,458.57,207
2025-10-18,Facebook Ads,FB-100173,UA - Retargeting - Value | Android | MENA | Static,8443,294,104.99,48
2025-10-18,Facebook Ads,FB-100174,UA - Lookalike - 1% | Android | APAC | Carousel,14458,367,104.04,45
2025-10-18,Facebook Ads,FB-100175,UA - Retargeting - Value | Android | EU | Carousel,11383,215,127.06,51
2025-10-18,Facebook Ads,FB-100176,UA - Prospecting - Broad | iOS | EU | Carousel,16435,471,211.86,47
2025-10-18,Facebook Ads,FB-100177,UA - Prospecting - Broad | Android | LATAM | Video,19158,803,348.9,136
2025-10-18,Facebook Ads,FB-100178,UA - Prospecting - Broad | iOS | EU | UGC,19652,599,303.45,105
2025-10-18,Facebook Ads,FB-100179,UA - Lookalike - 5% | Android | MENA | Carousel,13176,456,148.29,33
2025-10-18,Facebook Ads,FB-100180,UA - Retargeting - Value | iOS | APAC | Carousel,15963,533,313.56,78
2025-10-18,Facebook Ads,FB-100181,UA - Prospecting - Broad | Android | LATAM | UGC,15603,360,152.32,23
2025-10-18,Facebook Ads,FB-100182,UA - Prospecting - Broad | Android | APAC | UGC,14746,315,89.08,61
2025-10-18,Facebook Ads,FB-100183,UA - Lookalike - 1% | Android | EU | Static,18385,850,291.38,167
2025-10-18,Facebook Ads,FB-100184,UA - Lookalike - 5% | Android | EU | Video,13340,380,85.96,78
2025-10-18,Facebook Ads,FB-100185,UA - Lookalike - 5% | Android | MENA | UGC,7808,178,74.51,39
2025-10-18,Facebook Ads,FB-100186,UA - Lookalike - 5% | iOS | LATAM | Playables,22160,928,414.72,132
2025-10-18,Facebook Ads,FB-100187,UA - Prospecting - Broad | iOS | MENA | Playables,17022,518,120.38,86
2025-10-18,Facebook Ads,FB-100188,UA - Lookalike - 1% | Android | EU | Static,20553,975,225.61,185
2025-10-18,Facebook Ads,FB-100189,UA - Retargeting - Value | Android | EU | Static,10083,332,173.97,47
2025-10-18,Facebook Ads,FB-100190,UA - Lookalike - 5% | Android | EU | Video,30842,1251,475.0,234
2025-10-18,Facebook Ads,FB-100191,UA - Lookalike - 1% | iOS | MENA | UGC,14191,537,186.88,62
2025-10-18,Facebook Ads,FB-100192,UA - Lookalike - 1% | Android | EU | Carousel,13157,324,83.27,59
2025-10-18,Facebook Ads,FB-100193,UA - Lookalike - 1% | iOS | US | Static,20992,630,214.7,48
2025-10-18,Facebook Ads,FB-100194,UA - Retargeting - Value | Android | APAC | Video,12046,166,60.77,37
2025-10-18,Facebook Ads,FB-100195,UA - Prospecting - Broad | Android | LATAM | Static,9789,162,72.17,18
2025-10-18,Facebook Ads,FB-100196,UA - Lookalike - 1% | Android | EU | Carousel,27344,577,132.83,107
2025-10-18,Facebook Ads,FB-100197,UA - Lookalike - 1% | iOS | US | UGC,21476,786,220.39,78
2025-10-18,Facebook Ads,FB-100198,UA - Lookalike - 5% | iOS | LATAM | Playables,10228,391,185.26,22
2025-10-18,Facebook Ads,FB-100199,UA - Prospecting - Broad | iOS | US | Playables,11695,339,159.09,15
2025-10-18,Facebook Ads,FB-100200,UA - Lookalike - 1% | iOS | LATAM | Playables,23262,556,154.07,33
2025-10-18,Facebook Ads,FB-100201,UA - Prospecting - Broad | Android | US | Static,8623,301,132.2,55
2025-10-18,Facebook Ads,FB-100202,UA - Retargeting - Value | iOS | MENA | Video,13960,366,163.78,73
2025-10-18,Facebook Ads,FB-100203,UA - Lookalike - 1% | iOS | MENA | UGC,10384,250,86.9,16
2025-10-18,Facebook Ads,FB-100204,UA - Lookalike - 5% | Android | MENA | UGC,17915,501,96.49,43
2025-10-18,Facebook Ads,FB-100205,UA - Lookalike - 5% | Android | APAC | Carousel,20690,459,154.87,74
2025-10-18,Facebook Ads,FB-100206,UA - Retargeting - Value | iOS | LATAM | Video,12319,115,37.66,13
2025-10-18,Facebook Ads,FB-100207,UA - Lookalike - 1% | iOS | APAC | UGC,15972,430,142.33,40
2025-10-18,Facebook Ads,FB-100208,UA - Lookalike - 5% | iOS | MENA | Video,14185,629,285.94,50
2025-10-18,Facebook Ads,FB-100209,UA - Lookalike - 1% | Android | LATAM | Carousel,19954,557,133.29,33
2025-10-18,Facebook Ads,FB-100210,UA - Prospecting - Broad | Android | APAC | Playables,27964,683,193.63,121
2025-10-18,Facebook Ads,FB-100211,UA - Retargeting - Value | iOS | APAC | Video,18539,534,205.11,82
2025-10-18,Facebook Ads,FB-100212,UA - Lookalike - 5% | iOS | MENA | UGC,17406,680,296.48,124
2025-10-18,Facebook Ads,FB-100213,UA - Retargeting - Value | Android | EU | Carousel,16578,538,196.64,92
2025-10-18,Facebook Ads,FB-100214,UA - Prospecting - Broad | iOS | APAC | UGC,16009,339,103.8,61
2025-10-18,Facebook Ads,FB-100215,UA - Retargeting - Value | Android | MENA | Static,11343,267,114.62,38
2025-10-18,Facebook Ads,FB-100216,UA - Lookalike - 5% | iOS | MENA | Video,14305,456,151.57,33
2025-10-18,Facebook Ads,FB-100217,UA - Lookalike - 5% | Android | EU | Video,14011,494,157.04,73
2025-10-18,Facebook Ads,FB-100218,UA - Lookalike - 1% | Android | EU | UGC,24435,1059,263.06,129
2025-10-18,Facebook Ads,FB-100219,UA - Lookalike - 5% | iOS | APAC | UGC,18108,435,175.7,66
2025-10-18,Facebook Ads,FB-100220,UA - Retargeting - Value | Android | APAC | Playables,12034,162,65.46,23
2025-10-18,Facebook Ads,FB-100221,UA - Retargeting - Value | iOS | EU | Playables,11730,235,136.14,54
2025-10-18,Facebook Ads,FB-100222,UA - Lookalike - 1% | Android | LATAM | UGC,17962,680,119.48,138
2025-10-18,Facebook Ads,FB-100223,UA - Lookalike - 1% | iOS | US | Carousel,19122,713,185.31,60
2025-10-18,Facebook Ads,FB-100224,UA - Lookalike - 5% | iOS | EU | UGC,19909,611,330.31,79
2025-10-18,Facebook Ads,FB-100225,UA - Lookalike - 5% | iOS | LATAM | Playables,18034,535,251.93,49
2025-10-18,Facebook Ads,FB-100226,UA - Retargeting - Value | iOS | LATAM | Static,16605,526,185.47,101
2025-10-18,Facebook Ads,FB-100227,UA - Prospecting - Broad | iOS | EU | UGC,23811,594,205.76,107
2025-10-18,Facebook Ads,FB-100228,UA - Lookalike - 5% | iOS | APAC | UGC,16942,510,189.72,65
2025-10-18,Facebook Ads,FB-100229,UA - Retargeting - Value | Android | APAC | Video,10849,110,36.34,21
2025-10-18,Facebook Ads,FB-100230,UA - Prospecting - Broad | iOS | US | UGC,19905,782,223.18,27
2025-10-18,Facebook Ads,FB-100231,UA - Lookalike - 5% | iOS | US | Static,15616,569,256.73,31
2025-10-18,Facebook Ads,FB-100232,UA - Lookalike - 1% | Android | US | UGC,24112,1080,445.61,76
2025-10-18,Facebook Ads,FB-100233,UA - Prospecting - Broad | iOS | MENA | UGC,13350,335,98.32,55
2025-10-18,Facebook Ads,FB-100234,UA - Lookalike - 1% | iOS | MENA | UGC,23506,1165,426.27,223
2025-10-18,Facebook Ads,FB-100235,UA - Prospecting - Broad | iOS | MENA | Video,14757,227,53.71,12
2025-10-18,Facebook Ads,FB-100236,UA - Prospecting - Broad | Android | LATAM | Static,22416,757,249.58,149
2025-10-18,Facebook Ads,FB-100237,UA - Lookalike - 5% | iOS | US | Video,13887,326,160.07,54
2025-10-18,Facebook Ads,FB-100238,UA - Prospecting - Broad | Android | LATAM | Video,16298,570,150.42,60
2025-10-18,Facebook Ads,FB-100239,UA - Lookalike - 1% | iOS | US | Carousel,22873,933,338.77,56
2025-10-18,Facebook Ads,FB-100240,UA - Retargeting - Value | iOS | APAC | Static,11012,55,30.35,6
2025-10-18,Facebook Ads,FB-100241,UA - Retargeting - Value | iOS | MENA | Static,20525,545,253.97,93
2025-10-18,Facebook Ads,FB-100242,UA - Lookalike - 5% | Android | US | Playables,15113,330,113.49,45
2025-10-18,Facebook Ads,FB-100243,UA - Retargeting - Value | Android | APAC | Playables,9806,118,63.51,15
2025-10-18,Facebook Ads,FB-100244,UA - Lookalike - 5% | Android | APAC | Carousel,16888,352,53.15,57
2025-10-18,Facebook Ads,FB-100245,UA - Lookalike - 1% | iOS | US | UGC,18912,564,227.4,39
2025-10-18,Facebook Ads,FB-100246,UA - Lookalike - 1% | Android | US | UGC,24529,594,277.69,98
2025-10-18,Facebook Ads,FB-100247,UA - Lookalike - 5% | iOS | APAC | Carousel,13689,412,141.65,26
2025-10-18,Facebook Ads,FB-100248,UA - Lookalike - 5% | iOS | EU | UGC,21443,868,354.75,83
2025-10-18,Facebook Ads,FB-100249,UA - Lookalike - 1% | Android | EU | UGC,23955,618,292.81,53
2025-10-18,Facebook Ads,FB-100250,UA - Lookalike - 5% | iOS | LATAM | Video,13716,498,168.17,40
2025-10-18,Facebook Ads,FB-100251,UA - Prospecting - Broad | iOS | US | Playables,15698,370,186.59,29
2025-10-18,Facebook Ads,FB-100252,UA - Lookalike - 1% | iOS | LATAM | Static,18520,869,430.76,101
2025-10-18,Facebook Ads,FB-100253,UA - Lookalike - 1% | Android | EU | Playables,25902,1207,284.97,132
2025-10-18,Facebook Ads,FB-100254,UA - Lookalike - 1% | Android | US | Video,15966,403,160.11,39
2025-10-18,Facebook Ads,FB-100255,UA - Lookalike - 1% | iOS | US | Playables,21707,787,245.31,68
2025-10-18,Facebook Ads,FB-100256,UA - Lookalike - 1% | Android | US | Carousel,16664,765,218.18,55
2025-10-18,Facebook Ads,FB-100257,UA - Retargeting - Value | iOS | EU | Static,10182,208,86.24,35
2025-10-18,Facebook Ads,FB-100258,UA - Lookalike - 1% | iOS | MENA | Playables,27935,580,237.8,103
2025-10-18,Facebook Ads,FB-100259,UA - Lookalike - 1% | Android | LATAM | UGC,16376,381,72.85,38
2025-10-18,Facebook Ads,FB-100260,UA - Prospecting - Broad | iOS | US | UGC,11738,266,95.23,37
2025-10-18,Facebook Ads,FB-100261,UA - Lookalike - 1% | Android | EU | UGC,21023,497,194.18,102
2025-10-18,Facebook Ads,FB-100262,UA - Lookalike - 1% | Android | APAC | Video,14022,628,259.43,130
2025-10-18,Facebook Ads,FB-100263,UA - Lookalike - 1% | Android | APAC | Carousel,16263,526,129.71,107
2025-10-18,Facebook Ads,FB-100264,UA - Retargeting - Value | iOS | LATAM | Video,7216,193,92.89,44
2025-10-18,Facebook Ads,FB-100265,UA - Lookalike - 1% | iOS | US | Playables,18051,809,257.42,65
2025-10-18,Facebook Ads,FB-100266,UA - Lookalike - 1% | Android | US | UGC,26798,763,223.64,133
2025-10-18,Facebook Ads,FB-100267,UA - Prospecting - Broad | iOS | US | Static,21476,323,97.9,17
2025-10-18,Facebook Ads,FB-100268,UA - Prospecting - Broad | Android | LATAM | UGC,14837,603,114.63,92
2025-10-18,Facebook Ads,FB-100269,UA - Retargeting - Value | Android | EU | Playables,9684,325,192.37,64
2025-10-18,Facebook Ads,FB-100270,UA - Lookalike - 5% | iOS | APAC | Carousel,15852,400,145.12,75
2025-10-18,Facebook Ads,FB-100271,UA - Lookalike - 5% | Android | APAC | Video,17932,803,359.26,163
2025-10-18,Facebook Ads,FB-100272,UA - Lookalike - 1% | iOS | LATAM | Video,12969,424,177.15,29
2025-10-18,Facebook Ads,FB-100273,UA - Retargeting - Value | Android | APAC | UGC,14174,401,103.1,67
2025-10-18,Facebook Ads,FB-100274,UA - Lookalike - 1% | iOS | US | Carousel,26116,806,292.58,93
2025-10-18,Facebook Ads,FB-100275,UA - Retargeting - Value | Android | APAC | Carousel,18302,601,326.64,154
2025-10-18,Facebook Ads,FB-100276,UA - Retargeting - Value | Android | APAC | Video,19617,359,195.98,72
2025-10-18,Facebook Ads,FB-100277,UA - Retargeting - Value | Android | US | Carousel,10135,258,110.89,31
2025-10-18,Facebook Ads,FB-100278,UA - Prospecting - Broad | Android | MENA | Static,13427,271,107.37,27
2025-10-18,Facebook Ads,FB-100279,UA - Retargeting - Value | Android | MENA | Static,17786,422,207.2,107
2025-10-18,Facebook Ads,FB-100280,UA - Prospecting - Broad | iOS | EU | Playables,10981,323,83.98,26
2025-10-18,Facebook Ads,FB-100281,UA - Lookalike - 1% | iOS | EU | Static,13421,594,311.26,102
2025-10-18,Facebook Ads,FB-100282,UA - Retargeting - Value | Android | US | Video,11925,383,222.14,89
2025-10-18,Facebook Ads,FB-100283,UA - Lookalike - 1% | Android | LATAM | Static,13146,461,164.44,76
2025-10-18,Facebook Ads,FB-100284,UA - Prospecting - Broad | Android | EU | Carousel,14179,406,184.0,45
2025-10-18,Facebook Ads,FB-100285,UA - Prospecting - Broad | Android | APAC | Playables,11172,192,33.73,39
2025-10-18,Facebook Ads,FB-100286,UA - Lookalike - 1% | Android | APAC | UGC,26683,684,224.76,77
2025-10-18,Facebook Ads,FB-100287,UA - Retargeting - Value | Android | APAC | Playables,7292,51,18.07,8
2025-10-18,Facebook Ads,FB-100288,UA - Lookalike - 5% | Android | MENA | Carousel,19480,554,164.76,49
2025-10-18,Facebook Ads,FB-100289,UA - Lookalike - 5% | Android | US | UGC,15628,715,234.66,121
2025-10-18,Facebook Ads,FB-100290,UA - Lookalike - 5% | iOS | US | UGC,23753,1141,373.56,221
2025-10-18,Facebook Ads,FB-100291,UA - Retargeting - Value | Android | US | Carousel,16316,388,163.74,70
2025-10-18,Facebook Ads,FB-100292,UA - Lookalike - 1% | Android | EU | Carousel,17240,425,119.77,51
2025-10-18,Facebook Ads,FB-100293,UA - Lookalike - 1% | iOS | MENA | Playables,19975,856,393.5,162
2025-10-18,Facebook Ads,FB-100294,UA - Lookalike - 5% | iOS | MENA | Playables,21377,733,276.12,55
2025-10-18,Facebook Ads,FB-100295,UA - Retargeting - Value | Android | US | Playables,9475,51,30.05,4
2025-10-18,Facebook Ads,FB-100296,UA - Lookalike - 5% | iOS | APAC | Static,19942,976,333.6,194
2025-10-18,Facebook Ads,FB-100297,UA - Lookalike - 5% | iOS | APAC | UGC,17783,509,165.63,23
2025-10-18,Facebook Ads,FB-100298,UA - Lookalike - 1% | Android | LATAM | UGC,22721,474,90.63,59
2025-10-18,Facebook Ads,FB-100299,UA - Lookalike - 5% | iOS | LATAM | Static,14098,435,95.35,29
2025-10-18,Facebook Ads,FB-100300,UA - Prospecting - Broad | Android | US | Video,18811,344,148.09,51
2025-10-18,Facebook Ads,FB-100301,UA - Retargeting - Value | iOS | US | Carousel,15654,243,94.33,53
2025-10-18,Facebook Ads,FB-100302,UA - Lookalike - 1% | Android | MENA | Playables,21522,785,217.29,130
2025-10-18,Facebook Ads,FB-100303,UA - Lookalike - 5% | Android | APAC | Carousel,10282,470,139.35,99
2025-10-18,Facebook Ads,FB-100304,UA - Lookalike - 1% | Android | LATAM | Playables,32727,1031,157.74,60
2025-10-18,Facebook Ads,FB-100305,UA - Retargeting - Value | iOS | US | Playables,6829,93,42.45,7
2025-10-18,Facebook Ads,FB-100306,UA - Prospecting - Broad | Android | APAC | Static,23617,821,301.72,38
2025-10-18,Facebook Ads,FB-100307,UA - Prospecting - Broad | iOS | MENA | Carousel,9716,435,202.88,69
2025-10-18,Facebook Ads,FB-100308,UA - Lookalike - 5% | iOS | MENA | Static,21245,494,232.53,44
2025-10-18,Facebook Ads,FB-100309,UA - Prospecting - Broad | Android | MENA | Carousel,22675,508,115.93,45
2025-10-18,Facebook Ads,FB-100310,UA - Lookalike - 1% | Android | LATAM | Carousel,18815,869,230.63,123
2025-10-18,Facebook Ads,FB-100311,UA - Retargeting - Value | iOS | US | Static,7234,88,36.2,20
2025-10-18,Facebook Ads,FB-100312,UA - Prospecting - Broad | iOS | US | Static,11492,419,156.2,72
2025-10-18,Facebook Ads,FB-100313,UA - Lookalike - 5% | Android | MENA | Static,17871,694,161.15,40
2025-10-18,Facebook Ads,FB-100314,UA - Retargeting - Value | iOS | APAC | Carousel,8234,186,74.23,16
2025-10-18,Facebook Ads,FB-100315,UA - Prospecting - Broad | iOS | LATAM | Carousel,22330,918,409.06,171
2025-10-18,Facebook Ads,FB-100316,UA - Prospecting - Broad | Android | EU | Static,29929,945,282.27,175
2025-10-18,Facebook Ads,FB-100317,UA - Lookalike - 5% | Android | LATAM | UGC,20116,439,171.96,82
2025-10-18,Facebook Ads,FB-100318,UA - Lookalike - 5% | iOS | MENA | UGC,42855,1255,396.45,108
2025-10-18,Facebook Ads,FB-100319,UA - Prospecting - Broad | iOS | EU | Playables,34951,681,256.46,110
2025-10-18,Facebook Ads,FB-100320,UA - Lookalike - 1% | iOS | APAC | Video,36649,767,170.12,140
2025-10-18,Facebook Ads,FB-100321,UA - Prospecting - Broad | iOS | MENA | Carousel,4793,165,43.84,18
2025-10-18,Facebook Ads,FB-100322,UA - Prospecting - Broad | Android | APAC | Playables,10897,254,98.09,21
2025-10-18,Facebook Ads,FB-100323,UA - Retargeting - Value | Android | EU | Carousel,12261,309,125.05,52
2025-10-18,Facebook Ads,FB-100324,UA - Lookalike - 1% | Android | LATAM | Carousel,11232,250,103.58,12
2025-10-18,Facebook Ads,FB-100325,UA - Lookalike - 5% | Android | US | UGC,15634,374,114.48,66
2025-10-18,Facebook Ads,FB-100326,UA - Retargeting - Value | Android | EU | UGC,10486,188,94.77,44
2025-10-18,Facebook Ads,FB-100327,UA - Prospecting - Broad | iOS | US | UGC,20424,638,259.22,118
2025-10-18,Facebook Ads,FB-100328,UA - Prospecting - Broad | iOS | US | UGC,19848,831,249.05,41
2025-10-18,Facebook Ads,FB-100329,UA - Lookalike - 5% | iOS | MENA | UGC,20938,782,326.49,48
2025-10-18,Facebook Ads,FB-100330,UA - Lookalike - 5% | iOS | LATAM | Video,16059,669,278.5,76
2025-10-18,Facebook Ads,FB-100331,UA - Lookalike - 5% | Android | LATAM | Static,30601,1265,217.07,208
2025-10-18,Facebook Ads,FB-100332,UA - Prospecting - Broad | iOS | US | UGC,12498,223,108.8,35
2025-10-18,Facebook Ads,FB-100333,UA - Lookalike - 5% | Android | APAC | Playables,20749,1027,252.13,210
2025-10-18,Facebook Ads,FB-100334,UA - Lookalike - 1% | Android | APAC | Carousel,45202,1808,610.56,267
2025-10-18,Facebook Ads,FB-100335,UA - Prospecting - Broad | Android | LATAM | Static,37033,1466,602.97,176
2025-10-18,Facebook Ads,FB-100336,UA - Retargeting - Value | Android | MENA | Playables,18752,395,108.39,70
2025-10-18,Facebook Ads,FB-100337,UA - Retargeting - Value | iOS | LATAM | Static,5682,156,67.36,33
2025-10-18,Facebook Ads,FB-100338,UA - Retargeting - Value | Android | EU | Carousel,13690,434,199.9,85
2025-10-18,Facebook Ads,FB-100339,UA - Prospecting - Broad | Android | MENA | Static,8224,158,34.29,18
2025-10-18,Facebook Ads,FB-100340,UA - Lookalike - 5% | Android | APAC | UGC,15224,688,286.48,103
2025-10-18,Facebook Ads,FB-100341,UA - Lookalike - 5% | iOS | LATAM | Static,18468,804,203.25,110
2025-10-18,Facebook Ads,FB-100342,UA - Lookalike - 1% | Android | APAC | UGC,26959,830,153.55,63
2025-10-18,Facebook Ads,FB-100343,UA - Lookalike - 1% | iOS | MENA | Video,24461,1149,380.09,152
2025-10-18,Facebook Ads,FB-100344,UA - Lookalike - 5% | Android | LATAM | UGC,17029,476,146.18,94
2025-10-18,Facebook Ads,FB-100345,UA - Lookalike - 1% | Android | US | Carousel,13687,407,165.2,40
2025-10-18,Facebook Ads,FB-100346,UA - Lookalike - 5% | Android | US | Playables,27864,980,364.85,205
2025-10-18,Facebook Ads,FB-100347,UA - Prospecting - Broad | iOS | MENA | Playables,14676,653,144.38,21
2025-10-18,Facebook Ads,FB-100348,UA - Lookalike - 1% | iOS | MENA | Static,23506,559,192.02,47
2025-10-18,Facebook Ads,FB-100349,UA - Prospecting - Broad | iOS | MENA | Static,17128,434,119.57,34
2025-10-19,Facebook Ads,FB-100000,UA - Retargeting - Value | Android | US | Carousel,16202,98,47.94,19
2025-10-19,Facebook Ads,FB-100001,UA - Prospecting - Broad | Android | EU | Video,15994,274,99.63,27
2025-10-19,Facebook Ads,FB-100002,UA - Prospecting - Broad | iOS | US | Video,19469,540,280.31,94
2025-10-19,Facebook Ads,FB-100003,UA - Prospecting - Broad | Android | EU | Playables,13666,537,170.23,107
2025-10-19,Facebook Ads,FB-100004,UA - Retargeting - Value | Android | MENA | UGC,15957,416,147.56,77
2025-10-19,Facebook Ads,FB-100005,UA - Prospecting - Broad | iOS | MENA | Carousel,16715,562,274.03,62
2025-10-19,Facebook Ads,FB-100006,UA - Lookalike - 1% | Android | APAC | Carousel,24345,571,237.08,87
2025-10-19,Facebook Ads,FB-100007,UA - Prospecting - Broad | Android | EU | Carousel,13662,497,148.21,25
2025-10-19,Facebook Ads,FB-100008,UA - Lookalike - 1% | Android | APAC | Video,18081,775,177.16,92
2025-10-19,Facebook Ads,FB-100009,UA - Prospecting - Broad | iOS | MENA | Carousel,21539,821,311.24,64
2025-10-19,Facebook Ads,FB-100010,UA - Lookalike - 5% | iOS | MENA | Video,21660,1033,265.07,191
2025-10-19,Facebook Ads,FB-100011,UA - Lookalike - 1% | Android | MENA | Carousel,13457,397,99.73,32
2025-10-19,Facebook Ads,FB-100012,UA - Retargeting - Value | Android | US | Video,4280,79,28.21,14
2025-10-19,Facebook Ads,FB-100013,UA - Prospecting - Broad | iOS | US | Static,21199,901,331.3,26
2025-10-19,Facebook Ads,FB-100014,UA - Lookalike - 1% | iOS | LATAM | UGC,32822,1272,445.84,52
2025-10-19,Facebook Ads,FB-100015,UA - Retargeting - Value | Android | LATAM | Carousel,11983,225,104.06,44
2025-10-19,Facebook Ads,FB-100016,UA - Retargeting - Value | iOS | US | Playables,5591,103,50.63,21
2025-10-19,Facebook Ads,FB-100017,UA - Lookalike - 5% | Android | EU | UGC,13867,529,106.65,63
2025-10-19,Facebook Ads,FB-100018,UA - Lookalike - 1% | iOS | MENA | Static,18659,588,187.22,51
2025-10-19,Facebook Ads,FB-100019,UA - Lookalike - 1% | Android | EU | Video,13875,288,127.07,23
2025-10-19,Facebook Ads,FB-100020,UA - Retargeting - Value | iOS | LATAM | Video,6235,142,51.02,25
2025-10-19,Facebook Ads,FB-100021,UA - Lookalike - 5% | iOS | EU | UGC,17453,811,344.27,48
2025-10-19,Facebook Ads,FB-100022,UA - Retargeting - Value | iOS | EU | Carousel,11654,214,83.67,49
2025-10-19,Facebook Ads,FB-100023,UA - Lookalike - 1% | Android | MENA | Playables,16841,623,96.25,126
2025-10-19,Facebook Ads,FB-100024,UA - Lookalike - 1% | iOS | MENA | UGC,16227,385,174.6,75
2025-10-19,Facebook Ads,FB-100025,UA - Lookalike - 5% | Android | EU | Playables,16466,695,205.23,54
2025-10-19,Facebook Ads,FB-100026,UA - Retargeting - Value | Android | US | Video,12797,336,185.34,37
2025-10-19,Facebook Ads,FB-100027,UA - Prospecting - Broad | Android | APAC | Playables,10219,404,72.6,82
2025-10-19,Facebook Ads,FB-100028,UA - Lookalike - 5% | iOS | APAC | Playables,14113,498,164.79,27
2025-10-19,Facebook Ads,FB-100029,UA - Prospecting - Broad | iOS | MENA | Video,14902,661,310.41,115
2025-10-19,Facebook Ads,FB-100030,UA - Lookalike - 1% | iOS | LATAM | Video,29102,1175,385.05,129
2025-10-19,Facebook Ads,FB-100031,UA - Prospecting - Broad | iOS | EU | UGC,18871,544,255.14,57
2025-10-19,Facebook Ads,FB-100032,UA - Prospecting - Broad | iOS | MENA | Static,10571,296,112.07,18
2025-10-19,Facebook Ads,FB-100033,UA - Retargeting - Value | iOS | MENA | Playables,18143,481,246.46,55
2025-10-19,Facebook Ads,FB-100034,UA - Prospecting - Broad | Android | LATAM | Static,22796,417,172.22,87
2025-10-19,Facebook Ads,FB-100035,UA - Prospecting - Broad | iOS | APAC | Video,20192,350,93.94,57
2025-10-19,Facebook Ads,FB-100036,UA - Prospecting - Broad | iOS | LATAM | Static,19709,547,127.51,102
2025-10-19,Facebook Ads,FB-100037,UA - Prospecting - Broad | Android | MENA | Video,31765,1222,508.23,219
2025-10-19,Facebook Ads,FB-100038,UA - Retargeting - Value | iOS | US | Playables,7260,134,52.22,17
2025-10-19,Facebook Ads,FB-100039,UA - Retargeting - Value | Android | APAC | Playables,16045,208,64.21,22
2025-10-19,Facebook Ads,FB-100040,UA - Lookalike - 5% | iOS | MENA | Playables,21536,1044,454.35,201
2025-10-19,Facebook Ads,FB-100041,UA - Lookalike - 1% | Android | MENA | Static,14497,409,83.8,56
2025-10-19,Facebook Ads,FB-100042,UA - Lookalike - 5% | iOS | LATAM | UGC,15769,557,187.04,62
2025-10-19,Facebook Ads,FB-100043,UA - Prospecting - Broad | Android | EU | Static,16577,404,151.3,74
2025-10-19,Facebook Ads,FB-100044,UA - Retargeting - Value | iOS | US | Playables,11522,78,38.24,15
2025-10-19,Facebook Ads,FB-100045,UA - Prospecting - Broad | Android | US | Video,14237,337,112.39,19
2025-10-19,Facebook Ads,FB-100046,UA - Lookalike - 1% | Android | US | Video,24373,961,230.64,141
2025-10-19,Facebook Ads,FB-100047,UA - Lookalike - 1% | Android | MENA | Static,30514,1231,299.26,173
2025-10-19,Facebook Ads,FB-100048,UA - Retargeting - Value | iOS | EU | Playables,11490,272,170.49,25
2025-10-19,Facebook Ads,FB-100049,UA - Lookalike - 5% | iOS | EU | UGC,19172,564,224.3,69
2025-10-19,Facebook Ads,FB-100050,UA - Lookalike - 5% | Android | US | Video,22247,451,161.91,53
2025-10-19,Facebook Ads,FB-100051,UA - Lookalike - 5% | iOS | APAC | UGC,15649,508,184.15,18
2025-10-19,Facebook Ads,FB-100052,UA - Lookalike - 5% | Android | US | Video,22067,987,276.46,207
2025-10-19,Facebook Ads,FB-100053,UA - Retargeting - Value | iOS | US | Static,12079,414,164.73,34
2025-10-19,Facebook Ads,FB-100054,UA - Retargeting - Value | Android | MENA | UGC,7864,110,38.11,18
2025-10-19,Facebook Ads,FB-100055,UA - Lookalike - 5% | iOS | EU | Carousel,21065,497,161.23,92
2025-10-19,Facebook Ads,FB-100056,UA - Prospecting - Broad | Android | US | UGC,13384,569,250.82,107
2025-10-19,Facebook Ads,FB-100057,UA - Prospecting - Broad | Android | MENA | Video,15195,300,85.62,36
2025-10-19,Facebook Ads,FB-100058,UA - Lookalike - 5% | Android | EU | UGC,35169,1381,365.41,154
2025-10-19,Facebook Ads,FB-100059,UA - Prospecting - Broad | iOS | EU | UGC,13616,372,176.85,44
2025-10-19,Facebook Ads,FB-100060,UA - Lookalike - 5% | Android | APAC | Video,14056,484,115.63,39
2025-10-19,Facebook Ads,FB-100061,UA - Lookalike - 5% | iOS | APAC | Carousel,15539,743,350.99,142
2025-10-19,Facebook Ads,FB-100062,UA - Lookalike - 1% | iOS | EU | Static,12124,603,275.03,22
2025-10-19,Facebook Ads,FB-100063,UA - Prospecting - Broad | Android | US | Playables,16303,289,101.15,35
2025-10-19,Facebook Ads,FB-100064,UA - Lookalike - 5% | iOS | US | Video,20480,523,279.13,32
2025-10-19,Facebook Ads,FB-100065,UA - Prospecting - Broad | Android | US | Playables,14138,421,198.25,39
2025-10-19,Facebook Ads,FB-100066,UA - Prospecting - Broad | Android | US | Playables,11993,435,216.37,52
2025-10-19,Facebook Ads,FB-100067,UA - Retargeting - Value | Android | APAC | Video,28977,996,275.39,183
2025-10-19,Facebook Ads,FB-100068,UA - Lookalike - 5% | Android | MENA | Video,19161,747,218.27,92
2025-10-19,Facebook Ads,FB-100069,UA - Lookalike - 1% | iOS | LATAM | Static,23123,1114,412.63,135
2025-10-19,Facebook Ads,FB-100070,UA - Retargeting - Value | Android | LATAM | UGC,9850,156,63.77,39
2025-10-19,Facebook Ads,FB-100071,UA - Prospecting - Broad | iOS | APAC | Carousel,23809,723,204.39,115
2025-10-19,Facebook Ads,FB-100072,UA - Prospecting - Broad | Android | APAC | Playables,23959,963,354.0,104
2025-10-19,Facebook Ads,FB-100073,UA - Lookalike - 1% | Android | MENA | Static,14454,472,101.2,87
2025-10-19,Facebook Ads,FB-100074,UA - Retargeting - Value | Android | LATAM | Video,11458,349,184.66,57
2025-10-19,Facebook Ads,FB-100075,UA - Lookalike - 5% | iOS | LATAM | Static,13951,336,73.75,24
2025-10-19,Facebook Ads,FB-100076,UA - Prospecting - Broad | iOS | MENA | Playables,11870,529,109.03,20
2025-10-19,Facebook Ads,FB-100077,UA - Lookalike - 1% | iOS | US | Static,17566,719,181.48,77
2025-10-19,Facebook Ads,FB-100078,UA - Retargeting - Value | Android | US | Playables,10299,140,48.36,23
2025-10-19,Facebook Ads,FB-100079,UA - Retargeting - Value | iOS | LATAM | Playables,16790,265,94.9,58
2025-10-19,Facebook Ads,FB-100080,UA - Lookalike - 5% | iOS | EU | Carousel,18417,696,363.66,118
2025-10-19,Facebook Ads,FB-100081,UA - Lookalike - 5% | iOS | US | Video,28337,1124,604.04,86
2025-10-19,Facebook Ads,FB-100082,UA - Lookalike - 1% | iOS | US | Video,17688,558,229.34,85
2025-10-19,Facebook Ads,FB-100083,UA - Lookalike - 5% | Android | LATAM | Static,35575,1230,199.75,213
2025-10-19,Facebook Ads,FB-100084,UA - Prospecting - Broad | iOS | MENA | Video,19444,819,233.99,83
2025-10-19,Facebook Ads,FB-100085,UA - Prospecting - Broad | Android | EU | Playables,22355,960,235.01,179
2025-10-19,Facebook Ads,FB-100086,UA - Retargeting - Value | iOS | MENA | Playables,13652,384,221.64,70
2025-10-19,Facebook Ads,FB-100087,UA - Lookalike - 1% | iOS | EU | Video,23738,742,296.58,134
2025-10-19,Facebook Ads,FB-100088,UA - Retargeting - Value | iOS | US | Carousel,9128,65,31.65,4
2025-10-19,Facebook Ads,FB-100089,UA - Lookalike - 5% | Android | US | Carousel,12314,277,121.3,49
2025-10-19,Facebook Ads,FB-100090,UA - Retargeting - Value | Android | EU | Static,17926,553,189.51,60
2025-10-19,Facebook Ads,FB-100091,UA - Lookalike - 1% | iOS | US | Static,27806,853,367.39,79
2025-10-19,Facebook Ads,FB-100092,UA - Retargeting - Value | iOS | EU | Carousel,18278,414,240.33,72
2025-10-19,Facebook Ads,FB-100093,UA - Lookalike - 5% | Android | APAC | Video,21766,550,120.56,68
2025-10-19,Facebook Ads,FB-100094,UA - Lookalike - 1% | Android | EU | UGC,16832,707,207.5,68
2025-10-19,Facebook Ads,FB-100095,UA - Prospecting - Broad | iOS | EU | Static,20287,697,366.9,71
2025-10-19,Facebook Ads,FB-100096,UA - Lookalike - 1% | Android | APAC | Carousel,23670,851,179.39,139
2025-10-19,Facebook Ads,FB-100097,UA - Lookalike - 5% | Android | LATAM | Carousel,36191,1646,674.53,220
2025-10-19,Facebook Ads,FB-100098,UA - Lookalike - 1% | iOS | US | Video,20462,940,509.86,80
2025-10-19,Facebook Ads,FB-100099,UA - Prospecting - Broad | Android | MENA | Carousel,17663,448,118.45,74
2025-10-19,Facebook Ads,FB-100100,UA - Lookalike - 1% | Android | MENA | UGC,29226,1304,382.85,145
2025-10-19,Facebook Ads,FB-100101,UA - Prospecting - Broad | iOS | APAC | Playables,17670,386,181.77,22
2025-10-19,Facebook Ads,FB-100102,UA - Lookalike - 1% | iOS | MENA | Static,17035,445,190.77,36
2025-10-19,Facebook Ads,FB-100103,UA - Retargeting - Value | Android | APAC | Video,13205,354,97.31,85
2025-10-19,Facebook Ads,FB-100104,UA - Lookalike - 1% | iOS | APAC | Video,28112,670,140.43,131
2025-10-19,Facebook Ads,FB-100105,UA - Lookalike - 1% | iOS | US | Carousel,14621,369,106.2,38
2025-10-19,Facebook Ads,FB-100106,UA - Lookalike - 1% | iOS | LATAM | UGC,8294,411,167.98,57
2025-10-19,Facebook Ads,FB-100107,UA - Lookalike - 5% | Android | EU | UGC,36153,1400,688.1,261
2025-10-19,Facebook Ads,FB-100108,UA - Lookalike - 1% | Android | MENA | Playables,33111,1168,333.93,247
2025-10-19,Facebook Ads,FB-100109,UA - Lookalike - 1% | iOS | MENA | Video,13566,503,150.7,81
2025-10-19,Facebook Ads,FB-100110,UA - Lookalike - 1% | iOS | EU | UGC,23455,926,377.62,57
2025-10-19,Facebook Ads,FB-100111,UA - Retargeting - Value | iOS | APAC | UGC,10087,184,65.71,32
2025-10-19,Facebook Ads,FB-100112,UA - Lookalike - 1% | iOS | EU | Video,10129,403,107.44,75
2025-10-19,Facebook Ads,FB-100113,UA - Lookalike - 1% | iOS | US | Static,27417,1245,623.87,202
2025-10-19,Facebook Ads,FB-100114,UA - Prospecting - Broad | Android | EU | Static,10704,356,159.38,54
2025-10-19,Facebook Ads,FB-100115,UA - Prospecting - Broad | Android | EU | UGC,27370,501,111.32,27
2025-10-19,Facebook Ads,FB-100116,UA - Retargeting - Value | iOS | APAC | Playables,9955,173,69.2,37
2025-10-19,Facebook Ads,FB-100117,UA - Retargeting - Value | iOS | APAC | UGC,8985,296,130.74,28
2025-10-19,Facebook Ads,FB-100118,UA - Lookalike - 5% | Android | US | Video,19692,504,163.75,88
2025-10-19,Facebook Ads,FB-100119,UA - Lookalike - 5% | Android | EU | Playables,20344,593,285.0,48
2025-10-19,Facebook Ads,FB-100120,UA - Prospecting - Broad | Android | MENA | Static,14859,615,244.77,125
2025-10-19,Facebook Ads,FB-100121,UA - Lookalike - 1% | iOS | EU | UGC,14896,566,158.65,32
2025-10-19,Facebook Ads,FB-100122,UA - Lookalike - 5% | iOS | MENA | Playables,16816,756,184.01,117
2025-10-19,Facebook Ads,FB-100123,UA - Lookalike - 5% | iOS | EU | UGC,26845,1071,467.38,121
2025-10-19,Facebook Ads,FB-100124,UA - Lookalike - 5% | iOS | EU | Carousel,30075,756,217.65,118
2025-10-19,Facebook Ads,FB-100125,UA - Prospecting - Broad | Android | LATAM | UGC,15074,568,86.17,62
2025-10-19,Facebook Ads,FB-100126,UA - Lookalike - 1% | iOS | EU | Carousel,11378,458,153.2,66
2025-10-19,Facebook Ads,FB-100127,UA - Retargeting - Value | iOS | MENA | Video,10878,333,145.65,61
2025-10-19,Facebook Ads,FB-100128,UA - Retargeting - Value | Android | EU | UGC,13550,313,123.01,38
2025-10-19,Facebook Ads,FB-100129,UA - Lookalike - 5% | Android | US | UGC,20912,814,196.91,167
2025-10-19,Facebook Ads,FB-100130,UA - Lookalike - 5% | iOS | MENA | UGC,13647,626,270.87,37
2025-10-19,Facebook Ads,FB-100131,UA - Lookalike - 5% | Android | EU | UGC,20732,919,237.84,173
2025-10-19,Facebook Ads,FB-100132,UA - Lookalike - 5% | Android | MENA | UGC,32639,1541,609.31,318
2025-10-19,Facebook Ads,FB-100133,UA - Lookalike - 5% | Android | LATAM | Carousel,22476,975,422.86,211
2025-10-19,Facebook Ads,FB-100134,UA - Retargeting - Value | iOS | MENA | Playables,6611,47,15.25,9
2025-10-19,Facebook Ads,FB-100135,UA - Lookalike - 5% | iOS | EU | Carousel,24500,771,362.99,144
2025-10-19,Facebook Ads,FB-100136,UA - Lookalike - 1% | iOS | US | UGC,14303,520,212.78,51
2025-10-19,Facebook Ads,FB-100137,UA - Retargeting - Value | iOS | EU | UGC,8111,240,140.71,41
2025-10-19,Facebook Ads,FB-100138,UA - Prospecting - Broad | Android | APAC | Playables,21962,412,184.08,31
2025-10-19,Facebook Ads,FB-100139,UA - Lookalike - 5% | Android | APAC | Static,13291,607,271.39,85
2025-10-19,Facebook Ads,FB-100140,UA - Lookalike - 5% | Android | US | Carousel,17225,495,212.11,36
2025-10-19,Facebook Ads,FB-100141,UA - Lookalike - 1% | iOS | EU | UGC,14452,408,199.96,25
2025-10-19,Facebook Ads,FB-100142,UA - Lookalike - 5% | iOS | APAC | Carousel,14645,477,199.58,47
2025-10-19,Facebook Ads,FB-100143,UA - Prospecting - Broad | iOS | US | UGC,22319,660,212.12,32
2025-10-19,Facebook Ads,FB-100144,UA - Prospecting - Broad | Android | LATAM | Static,11967,381,80.01,77
2025-10-19,Facebook Ads,FB-100145,UA - Retargeting - Value | Android | US | Static,11454,198,82.55,49
2025-10-19,Facebook Ads,FB-100146,UA - Retargeting - Value | Android | MENA | Static,7298,157,53.0,29
2025-10-19,Facebook Ads,FB-100147,UA - Retargeting - Value | Android | APAC | Video,19527,615,276.13,159
2025-10-19,Facebook Ads,FB-100148,UA - Retargeting - Value | iOS | LATAM | Carousel,20718,337,166.01,55
2025-10-19,Facebook Ads,FB-100149,UA - Prospecting - Broad | Android | EU | Carousel,15216,366,120.16,24
2025-10-19,Facebook Ads,FB-100150,UA - Lookalike - 5% | Android | LATAM | Playables,24635,1197,349.4,251
2025-10-19,Facebook Ads,FB-100151,UA - Retargeting - Value | iOS | EU | Video,10871,144,81.3,14
2025-10-19,Facebook Ads,FB-100152,UA - Prospecting - Broad | Android | LATAM | Playables,18226,520,165.1,35
2025-10-19,Facebook Ads,FB-100153,UA - Lookalike - 5% | Android | LATAM | Playables,26524,937,242.31,190
2025-10-19,Facebook Ads,FB-100154,UA - Lookalike - 1% | iOS | US | Playables,25456,1024,309.15,161
2025-10-19,Facebook Ads,FB-100155,UA - Prospecting - Broad | Android | APAC | UGC,21731,948,231.22,48
2025-10-19,Facebook Ads,FB-100156,UA - Retargeting - Value | iOS | LATAM | UGC,14293,233,104.5,38
2025-10-19,Facebook Ads,FB-100157,UA - Lookalike - 1% | iOS | EU | Playables,12899,314,148.87,19
2025-10-19,Facebook Ads,FB-100158,UA - Lookalike - 1% | iOS | APAC | UGC,11368,233,48.56,10
2025-10-19,Facebook Ads,FB-100159,UA - Lookalike - 1% | iOS | EU | Video,18551,471,188.78,38
2025-10-19,Facebook Ads,FB-100160,UA - Lookalike - 5% | iOS | EU | UGC,33403,1503,594.74,187
2025-10-19,Facebook Ads,FB-100161,UA - Lookalike - 1% | iOS | US | UGC,18525,574,190.97,70
2025-10-19,Facebook Ads,FB-100162,UA - Lookalike - 1% | Android | APAC | Static,17559,425,141.78,70
2025-10-19,Facebook Ads,FB-100163,UA - Lookalike - 1% | iOS | LATAM | Carousel,44208,1443,315.73,128
2025-10-19,Facebook Ads,FB-100164,UA - Prospecting - Broad | Android | MENA | Static,17997,376,60.61,25
2025-10-19,Facebook Ads,FB-100165,UA - Retargeting - Value | Android | APAC | UGC,18764,175,72.89,28
2025-10-19,Facebook Ads,FB-100166,UA - Prospecting - Broad | iOS | APAC | UGC,16269,502,141.21,39
2025-10-19,Facebook Ads,FB-100167,UA - Lookalike - 5% | Android | LATAM | Static,19045,738,198.89,120
2025-10-19,Facebook Ads,FB-100168,UA - Lookalike - 1% | Android | LATAM | Playables,32712,1582,686.9,339
2025-10-19,Facebook Ads,FB-100169,UA - Lookalike - 1% | iOS | MENA | Playables,11604,285,74.67,55
2025-10-19,Facebook Ads,FB-100170,UA - Lookalike - 1% | iOS | MENA | Carousel,12184,415,195.09,42
2025-10-19,Facebook Ads,FB-100171,UA - Lookalike - 1% | iOS | LATAM | Carousel,17902,685,227.9,22
2025-10-19,Facebook Ads,FB-100172,UA - Lookalike - 1% | Android | US | Static,18921,569,214.8,51
2025-10-19,Facebook Ads,FB-100173,UA - Retargeting - Value | Android | MENA | Static,11893,126,41.84,24
2025-10-19,Facebook Ads,FB-100174,UA - Lookalike - 1% | Android | APAC | Carousel,18487,808,227.53,136
2025-10-19,Facebook Ads,FB-100175,UA - Retargeting - Value | Android | EU | Carousel,13635,454,182.01,66
2025-10-19,Facebook Ads,FB-100176,UA - Prospecting - Broad | iOS | EU | Carousel,26024,1168,627.45,31
2025-10-19,Facebook Ads,FB-100177,UA - Prospecting - Broad | Android | LATAM | Video,13415,211,57.96,17
2025-10-19,Facebook Ads,FB-100178,UA - Prospecting - Broad | iOS | EU | UGC,17926,492,155.23,30
2025-10-19,Facebook Ads,FB-100179,UA - Lookalike - 5% | Android | MENA | Carousel,17943,515,199.87,40
2025-10-19,Facebook Ads,FB-100180,UA - Retargeting - Value | iOS | APAC | Carousel,11114,148,80.56,30
2025-10-19,Facebook Ads,FB-100181,UA - Prospecting - Broad | Android | LATAM | UGC,12745,350,62.58,33
2025-10-19,Facebook Ads,FB-100182,UA - Prospecting - Broad | Android | APAC | UGC,12272,224,61.33,20
2025-10-19,Facebook Ads,FB-100183,UA - Lookalike - 1% | Android | EU | Static,40664,1530,568.09,190
2025-10-19,Facebook Ads,FB-100184,UA - Lookalike - 5% | Android | EU | Video,12478,621,306.28,41
2025-10-19,Facebook Ads,FB-100185,UA - Lookalike - 5% | Android | MENA | UGC,25183,620,207.7,107
2025-10-19,Facebook Ads,FB-100186,UA - Lookalike - 5% | iOS | LATAM | Playables,23881,701,151.0,69
2025-10-19,Facebook Ads,FB-100187,UA - Prospecting - Broad | iOS | MENA | Playables,12802,568,250.89,86
2025-10-19,Facebook Ads,FB-100188,UA - Lookalike - 1% | Android | EU | Static,13987,466,201.08,78
2025-10-19,Facebook Ads,FB-100189,UA - Retargeting - Value | Android | EU | Static,10722,153,71.45,31
2025-10-19,Facebook Ads,FB-100190,UA - Lookalike - 5% | Android | EU | Video,17325,519,259.14,56
2025-10-19,Facebook Ads,FB-100191,UA - Lookalike - 1% | iOS | MENA | UGC,24909,1096,263.7,167
2025-10-19,Facebook Ads,FB-100192,UA - Lookalike - 1% | Android | EU | Carousel,25041,635,155.96,88
2025-10-19,Facebook Ads,FB-100193,UA - Lookalike - 1% | iOS | US | Static,9209,346,140.61,62
2025-10-19,Facebook Ads,FB-100194,UA - Retargeting - Value | Android | APAC | Video,11501,65,21.61,13
2025-10-19,Facebook Ads,FB-100195,UA - Prospecting - Broad | Android | LATAM | Static,32736,529,86.12,78
2025-10-19,Facebook Ads,FB-100196,UA - Lookalike - 1% | Android | EU | Carousel,21907,505,119.84,36
2025-10-19,Facebook Ads,FB-100197,UA - Lookalike - 1% | iOS | US | UGC,20046,609,243.97,93
2025-10-19,Facebook Ads,FB-100198,UA - Lookalike - 5% | iOS | LATAM | Playables,12147,580,181.25,101
2025-10-19,Facebook Ads,FB-100199,UA - Prospecting - Broad | iOS | US | Playables,22172,790,336.14,72
2025-10-19,Facebook Ads,FB-100200,UA - Lookalike - 1% | iOS | LATAM | Playables,9794,468,108.81,60
2025-10-19,Facebook Ads,FB-100201,UA - Prospecting - Broad | Android | US | Static,9976,199,76.54,12
2025-10-19,Facebook Ads,FB-100202,UA - Retargeting - Value | iOS | MENA | Video,15182,523,232.68,115
2025-10-19,Facebook Ads,FB-100203,UA - Lookalike - 1% | iOS | MENA | UGC,20886,423,195.17,65
2025-10-19,Facebook Ads,FB-100204,UA - Lookalike - 5% | Android | MENA | UGC,54724,1222,499.31,254
2025-10-19,Facebook Ads,FB-100205,UA - Lookalike - 5% | Android | APAC | Carousel,13341,358,90.43,66
2025-10-19,Facebook Ads,FB-100206,UA - Retargeting - Value | iOS | LATAM | Video,10129,73,24.75,12
2025-10-19,Facebook Ads,FB-100207,UA - Lookalike - 1% | iOS | APAC | UGC,34564,1232,435.02,79
2025-10-19,Facebook Ads,FB-100208,UA - Lookalike - 5% | iOS | MENA | Video,16344,548,246.55,33
2025-10-19,Facebook Ads,FB-100209,UA - Lookalike - 1% | Android | LATAM | Carousel,58115,1253,471.0,176
2025-10-19,Facebook Ads,FB-100210,UA - Prospecting - Broad | Android | APAC | Playables,13227,447,93.47,74
2025-10-19,Facebook Ads,FB-100211,UA - Retargeting - Value | iOS | APAC | Video,7923,129,71.31,29
2025-10-19,Facebook Ads,FB-100212,UA - Lookalike - 5% | iOS | MENA | UGC,25568,1249,592.9,59
2025-10-19,Facebook Ads,FB-100213,UA - Retargeting - Value | Android | EU | Carousel,10840,262,81.12,45
2025-10-19,Facebook Ads,FB-100214,UA - Prospecting - Broad | iOS | APAC | UGC,23467,990,302.05,29
2025-10-19,Facebook Ads,FB-100215,UA - Retargeting - Value | Android | MENA | Static,12253,164,85.1,15
2025-10-19,Facebook Ads,FB-100216,UA - Lookalike - 5% | iOS | MENA | Video,19985,480,161.86,40
2025-10-19,Facebook Ads,FB-100217,UA - Lookalike - 5% | Android | EU | Video,21141,587,154.38,38
2025-10-19,Facebook Ads,FB-100218,UA - Lookalike - 1% | Android | EU | UGC,27277,968,450.22,176
2025-10-19,Facebook Ads,FB-100219,UA - Lookalike - 5% | iOS | APAC | UGC,20904,650,165.16,122
2025-10-19,Facebook Ads,FB-100220,UA - Retargeting - Value | Android | APAC | Playables,19759,191,81.08,30
2025-10-19,Facebook Ads,FB-100221,UA - Retargeting - Value | iOS | EU | Playables,9652,77,45.95,15
2025-10-19,Facebook Ads,FB-100222,UA - Lookalike - 1% | Android | LATAM | UGC,37116,1685,332.11,350
2025-10-19,Facebook Ads,FB-100223,UA - Lookalike - 1% | iOS | US | Carousel,21805,892,330.49,81
2025-10-19,Facebook Ads,FB-100224,UA - Lookalike - 5% | iOS | EU | UGC,11427,393,165.1,24
2025-10-19,Facebook Ads,FB-100225,UA - Lookalike - 5% | iOS | LATAM | Playables,37393,1099,372.78,215
2025-10-19,Facebook Ads,FB-100226,UA - Retargeting - Value | iOS | LATAM | Static,8067,197,97.44,18
2025-10-19,Facebook Ads,FB-100227,UA - Prospecting - Broad | iOS | EU | UGC,10610,386,142.63,20
2025-10-19,Facebook Ads,FB-100228,UA - Lookalike - 5% | iOS | APAC | UGC,22765,907,194.1,120
2025-10-19,Facebook Ads,FB-100229,UA - Retargeting - Value | Android | APAC | Video,15734,357,108.71,76
2025-10-19,Facebook Ads,FB-100230,UA - Prospecting - Broad | iOS | US | UGC,16680,250,128.7,43
2025-10-19,Facebook Ads,FB-100231,UA - Lookalike - 5% | iOS | US | Static,20562,446,190.44,25
2025-10-19,Facebook Ads,FB-100232,UA - Lookalike - 1% | Android | US | UGC,17585,602,185.42,123
2025-10-19,Facebook Ads,FB-100233,UA - Prospecting - Broad | iOS | MENA | UGC,12960,291,121.55,48
2025-10-19,Facebook Ads,FB-100234,UA - Lookalike - 1% | iOS | MENA | UGC,19821,881,355.75,27
2025-10-19,Facebook Ads,FB-100235,UA - Prospecting - Broad | iOS | MENA | Video,19835,761,307.9,123
2025-10-19,Facebook Ads,FB-100236,UA - Prospecting - Broad | Android | LATAM | Static,20195,628,278.02,26
2025-10-19,Facebook Ads,FB-100237,UA - Lookalike - 5% | iOS | US | Video,18808,681,214.04,69
2025-10-19,Facebook Ads,FB-100238,UA - Prospecting - Broad | Android | LATAM | Video,16645,699,279.88,142
2025-10-19,Facebook Ads,FB-100239,UA - Lookalike - 1% | iOS | US | Carousel,12647,590,312.76,117
2025-10-19,Facebook Ads,FB-100240,UA - Retargeting - Value | iOS | APAC | Static,5996,62,24.53,14
2025-10-19,Facebook Ads,FB-100241,UA - Retargeting - Value | iOS | MENA | Static,14366,502,203.26,88
2025-10-19,Facebook Ads,FB-100242,UA - Lookalike - 5% | Android | US | Playables,23974,677,186.51,41
2025-10-19,Facebook Ads,FB-100243,UA - Retargeting - Value | Android | APAC | Playables,8355,145,76.95,26
2025-10-19,Facebook Ads,FB-100244,UA - Lookalike - 5% | Android | APAC | Carousel,16307,451,182.34,35
2025-10-19,Facebook Ads,FB-100245,UA - Lookalike - 1% | iOS | US | UGC,19120,849,282.12,142
2025-10-19,Facebook Ads,FB-100246,UA - Lookalike - 1% | Android | US | UGC,9623,213,52.95,45
2025-10-19,Facebook Ads,FB-100247,UA - Lookalike - 5% | iOS | APAC | Carousel,11720,575,286.29,113
2025-10-19,Facebook Ads,FB-100248,UA - Lookalike - 5% | iOS | EU | UGC,17925,524,151.49,77
2025-10-19,Facebook Ads,FB-100249,UA - Lookalike - 1% | Android | EU | UGC,26586,628,281.41,119
2025-10-19,Facebook Ads,FB-100250,UA - Lookalike - 5% | iOS | LATAM | Video,21545,521,192.72,88
2025-10-19,Facebook Ads,FB-100251,UA - Prospecting - Broad | iOS | US | Playables,23503,846,391.87,21
2025-10-19,Facebook Ads,FB-100252,UA - Lookalike - 1% | iOS | LATAM | Static,24645,1130,301.71,91
2025-10-19,Facebook Ads,FB-100253,UA - Lookalike - 1% | Android | EU | Playables,23254,754,288.33,98
2025-10-19,Facebook Ads,FB-100254,UA - Lookalike - 1% | Android | US | Video,31437,1064,250.47,191
2025-10-19,Facebook Ads,FB-100255,UA - Lookalike - 1% | iOS | US | Playables,13499,532,244.83,101
2025-10-19,Facebook Ads,FB-100256,UA - Lookalike - 1% | Android | US | Carousel,33990,1343,651.22,156
2025-10-19,Facebook Ads,FB-100257,UA - Retargeting - Value | iOS | EU | Static,13806,220,106.17,29
2025-10-19,Facebook Ads,FB-100258,UA - Lookalike - 1% | iOS | MENA | Playables,15292,345,91.25,27
2025-10-19,Facebook Ads,FB-100259,UA - Lookalike - 1% | Android | LATAM | UGC,20615,581,158.21,123
2025-10-19,Facebook Ads,FB-100260,UA - Prospecting - Broad | iOS | US | UGC,20254,834,301.99,71
2025-10-19,Facebook Ads,FB-100261,UA - Lookalike - 1% | Android | EU | UGC,28728,777,309.63,58
2025-10-19,Facebook Ads,FB-100262,UA - Lookalike - 1% | Android | APAC | Video,30207,869,308.41,142
2025-10-19,Facebook Ads,FB-100263,UA - Lookalike - 1% | Android | APAC | Carousel,20003,888,274.04,175
2025-10-19,Facebook Ads,FB-100264,UA - Retargeting - Value | iOS | LATAM | Video,8077,65,37.68,14
2025-10-19,Facebook Ads,FB-100265,UA - Lookalike - 1% | iOS | US | Playables,12744,285,151.02,56
2025-10-19,Facebook Ads,FB-100266,UA - Lookalike - 1% | Android | US | UGC,19413,575,117.41,90
2025-10-19,Facebook Ads,FB-100267,UA - Prospecting - Broad | iOS | US | Static,13168,533,265.49,27
2025-10-19,Facebook Ads,FB-100268,UA - Prospecting - Broad | Android | LATAM | UGC,24982,1003,208.82,69
2025-10-19,Facebook Ads,FB-100269,UA - Retargeting - Value | Android | EU | Playables,7584,205,97.25,46
2025-10-19,Facebook Ads,FB-100270,UA - Lookalike - 5% | iOS | APAC | Carousel,19988,415,111.51,42
2025-10-19,Facebook Ads,FB-100271,UA - Lookalike - 5% | Android | APAC | Video,21630,695,291.41,103
2025-10-19,Facebook Ads,FB-100272,UA - Lookalike - 1% | iOS | LATAM | Video,12503,392,125.6,44
2025-10-19,Facebook Ads,FB-100273,UA - Retargeting - Value | Android | APAC | UGC,9936,101,45.37,15
2025-10-19,Facebook Ads,FB-100274,UA - Lookalike - 1% | iOS | US | Carousel,30637,714,351.93,76
2025-10-19,Facebook Ads,FB-100275,UA - Retargeting - Value | Android | APAC | Carousel,30168,471,226.97,106
2025-10-19,Facebook Ads,FB-100276,UA - Retargeting - Value | Android | APAC | Video,10674,123,60.1,20
2025-10-19,Facebook Ads,FB-100277,UA - Retargeting - Value | Android | US | Carousel,14145,305,115.2,49
2025-10-19,Facebook Ads,FB-100278,UA - Prospecting - Broad | Android | MENA | Static,13556,335,104.72,66
2025-10-19,Facebook Ads,FB-100279,UA - Retargeting - Value | Android | MENA | Static,12596,110,39.96,25
2025-10-19,Facebook Ads,FB-100280,UA - Prospecting - Broad | iOS | EU | Playables,15356,678,271.67,69
2025-10-19,Facebook Ads,FB-100281,UA - Lookalike - 1% | iOS | EU | Static,30084,1376,594.98,238
2025-10-19,Facebook Ads,FB-100282,UA - Retargeting - Value | Android | US | Video,10848,291,147.3,55
2025-10-19,Facebook Ads,FB-100283,UA - Lookalike - 1% | Android | LATAM | Static,18766,692,226.49,138
2025-10-19,Facebook Ads,FB-100284,UA - Prospecting - Broad | Android | EU | Carousel,22625,419,92.31,81
2025-10-19,Facebook Ads,FB-100285,UA - Prospecting - Broad | Android | APAC | Playables,15444,234,86.49,38
2025-10-19,Facebook Ads,FB-100286,UA - Lookalike - 1% | Android | APAC | UGC,11381,292,93.44,42
2025-10-19,Facebook Ads,FB-100287,UA - Retargeting - Value | Android | APAC | Playables,21542,513,163.39,116
2025-10-19,Facebook Ads,FB-100288,UA - Lookalike - 5% | Android | MENA | Carousel,28695,931,265.43,80
2025-10-19,Facebook Ads,FB-100289,UA - Lookalike - 5% | Android | US | UGC,18830,568,136.89,93
2025-10-19,Facebook Ads,FB-100290,UA - Lookalike - 5% | iOS | US | UGC,20116,849,402.77,45
2025-10-19,Facebook Ads,FB-100291,UA - Retargeting - Value | Android | US | Carousel,11853,247,137.97,35
2025-10-19,Facebook Ads,FB-100292,UA - Lookalike - 1% | Android | EU | Carousel,23582,527,109.09,62
2025-10-19,Facebook Ads,FB-100293,UA - Lookalike - 1% | iOS | MENA | Playables,17619,723,252.18,97
2025-10-19,Facebook Ads,FB-100294,UA - Lookalike - 5% | iOS | MENA | Playables,18314,691,153.95,51
2025-10-19,Facebook Ads,FB-100295,UA - Retargeting - Value | Android | US | Playables,12243,385,187.88,91
2025-10-19,Facebook Ads,FB-100296,UA - Lookalike - 5% | iOS | APAC | Static,19709,522,226.81,53
2025-10-19,Facebook Ads,FB-100297,UA - Lookalike - 5% | iOS | APAC | UGC,25004,1248,563.72,99
2025-10-19,Facebook Ads,FB-100298,UA - Lookalike - 1% | Android | LATAM | UGC,29409,830,221.36,140
2025-10-19,Facebook Ads,FB-100299,UA - Lookalike - 5% | iOS | LATAM | Static,16657,677,176.97,72
2025-10-19,Facebook Ads,FB-100300,UA - Prospecting - Broad | Android | US | Video,14025,503,220.92,38
2025-10-19,Facebook Ads,FB-100301,UA - Retargeting - Value | iOS | US | Carousel,15547,427,197.74,32
2025-10-19,Facebook Ads,FB-100302,UA - Lookalike - 1% | Android | MENA | Playables,15567,596,209.79,58
2025-10-19,Facebook Ads,FB-100303,UA - Lookalike - 5% | Android | APAC | Carousel,25359,1143,279.81,222
2025-10-19,Facebook Ads,FB-100304,UA - Lookalike - 1% | Android | LATAM | Playables,27067,1330,302.71,197
2025-10-19,Facebook Ads,FB-100305,UA - Retargeting - Value | iOS | US | Playables,11726,92,47.52,8
2025-10-19,Facebook Ads,FB-100306,UA - Prospecting - Broad | Android | APAC | Static,30740,1167,315.32,104
2025-10-19,Facebook Ads,FB-100307,UA - Prospecting - Broad | iOS | MENA | Carousel,10464,452,148.21,12
2025-10-19,Facebook Ads,FB-100308,UA - Lookalike - 5% | iOS | MENA | Static,24320,1005,349.64,132
2025-10-19,Facebook Ads,FB-100309,UA - Prospecting - Broad | Android | MENA | Carousel,17260,702,294.91,115
2025-10-19,Facebook Ads,FB-100310,UA - Lookalike - 1% | Android | LATAM | Carousel,13615,485,179.94,68
2025-10-19,Facebook Ads,FB-100311,UA - Retargeting - Value | iOS | US | Static,6423,157,81.25,13
2025-10-19,Facebook Ads,FB-100312,UA - Prospecting - Broad | iOS | US | Static,17525,303,128.71,48
2025-10-19,Facebook Ads,FB-100313,UA - Lookalike - 5% | Android | MENA | Static,16950,478,84.65,97
2025-10-19,Facebook Ads,FB-100314,UA - Retargeting - Value | iOS | APAC | Carousel,10057,329,177.96,53
2025-10-19,Facebook Ads,FB-100315,UA - Prospecting - Broad | iOS | LATAM | Carousel,12638,418,115.45,46
2025-10-19,Facebook Ads,FB-100316,UA - Prospecting - Broad | Android | EU | Static,9631,211,88.28,20
2025-10-19,Facebook Ads,FB-100317,UA - Lookalike - 5% | Android | LATAM | UGC,18248,686,293.06,103
2025-10-19,Facebook Ads,FB-100318,UA - Lookalike - 5% | iOS | MENA | UGC,13719,610,163.97,53
2025-10-19,Facebook Ads,FB-100319,UA - Prospecting - Broad | iOS | EU | Playables,25137,501,188.98,44
2025-10-19,Facebook Ads,FB-100320,UA - Lookalike - 1% | iOS | APAC | Video,23422,1018,483.75,38
2025-10-19,Facebook Ads,FB-100321,UA - Prospecting - Broad | iOS | MENA | Carousel,13037,396,118.56,28
2025-10-19,Facebook Ads,FB-100322,UA - Prospecting - Broad | Android | APAC | Playables,19950,319,122.66,60
2025-10-19,Facebook Ads,FB-100323,UA - Retargeting - Value | Android | EU | Carousel,14091,177,61.14,45
2025-10-19,Facebook Ads,FB-100324,UA - Lookalike - 1% | Android | LATAM | Carousel,17802,522,134.36,103
2025-10-19,Facebook Ads,FB-100325,UA - Lookalike - 5% | Android | US | UGC,41191,1450,512.28,271
2025-10-19,Facebook Ads,FB-100326,UA - Retargeting - Value | Android | EU | UGC,20454,198,61.04,41
2025-10-19,Facebook Ads,FB-100327,UA - Prospecting - Broad | iOS | US | UGC,12814,334,112.89,48
2025-10-19,Facebook Ads,FB-100328,UA - Prospecting - Broad | iOS | US | UGC,23337,425,122.53,23
2025-10-19,Facebook Ads,FB-100329,UA - Lookalike - 5% | iOS | MENA | UGC,28575,767,250.81,27
2025-10-19,Facebook Ads,FB-100330,UA - Lookalike - 5% | iOS | LATAM | Video,9899,365,169.62,72
2025-10-19,Facebook Ads,FB-100331,UA - Lookalike - 5% | Android | LATAM | Static,47914,2120,435.24,254
2025-10-19,Facebook Ads,FB-100332,UA - Prospecting - Broad | iOS | US | UGC,22697,697,234.82,116
2025-10-19,Facebook Ads,FB-100333,UA - Lookalike - 5% | Android | APAC | Playables,22452,881,319.98,178
2025-10-19,Facebook Ads,FB-100334,UA - Lookalike - 1% | Android | APAC | Carousel,31520,798,283.85,116
2025-10-19,Facebook Ads,FB-100335,UA - Prospecting - Broad | Android | LATAM | Static,8152,228,47.52,12
2025-10-19,Facebook Ads,FB-100336,UA - Retargeting - Value | Android | MENA | Playables,13619,327,137.83,37
2025-10-19,Facebook Ads,FB-100337,UA - Retargeting - Value | iOS | LATAM | Static,14692,482,278.4,97
2025-10-19,Facebook Ads,FB-100338,UA - Retargeting - Value | Android | EU | Carousel,14993,491,200.57,109
2025-10-19,Facebook Ads,FB-100339,UA - Prospecting - Broad | Android | MENA | Static,13891,448,105.37,49
2025-10-19,Facebook Ads,FB-100340,UA - Lookalike - 5% | Android | APAC | UGC,25755,775,234.9,88
2025-10-19,Facebook Ads,FB-100341,UA - Lookalike - 5% | iOS | LATAM | Static,19888,401,120.66,53
2025-10-19,Facebook Ads,FB-100342,UA - Lookalike - 1% | Android | APAC | UGC,12068,263,69.12,51
2025-10-19,Facebook Ads,FB-100343,UA - Lookalike - 1% | iOS | MENA | Video,12642,406,181.6,62
2025-10-19,Facebook Ads,FB-100344,UA - Lookalike - 5% | Android | LATAM | UGC,16642,587,231.1,53
2025-10-19,Facebook Ads,FB-100345,UA - Lookalike - 1% | Android | US | Carousel,24163,834,286.98,135
2025-10-19,Facebook Ads,FB-100346,UA - Lookalike - 5% | Android | US | Playables,28192,923,265.92,55
2025-10-19,Facebook Ads,FB-100347,UA - Prospecting - Broad | iOS | MENA | Playables,10387,176,60.02,8
2025-10-19,Facebook Ads,FB-100348,UA - Lookalike - 1% | iOS | MENA | Static,23324,835,255.01,73
2025-10-19,Facebook Ads,FB-100349,UA - Prospecting - Broad | iOS | MENA | Static,27696,584,166.44,68
2025-10-20,Facebook Ads,FB-100000,UA - Retargeting - Value | Android | US | Carousel,10276,127,44.01,28
2025-10-20,Facebook Ads,FB-100001,UA - Prospecting - Broad | Android | EU | Video,12370,416,177.22,85
2025-10-20,Facebook Ads,FB-100002,UA - Prospecting - Broad | iOS | US | Video,16763,436,181.2,66
2025-10-20,Facebook Ads,FB-100003,UA - Prospecting - Broad | Android | EU | Playables,14066,258,97.34,27
2025-10-20,Facebook Ads,FB-100004,UA - Retargeting - Value | Android | MENA | UGC,13901,126,54.33,28
2025-10-20,Facebook Ads,FB-100005,UA - Prospecting - Broad | iOS | MENA | Carousel,9725,155,37.34,15
2025-10-20,Facebook Ads,FB-100006,UA - Lookalike - 1% | Android | APAC | Carousel,22201,629,129.76,84
2025-10-20,Facebook Ads,FB-100007,UA - Prospecting - Broad | Android | EU | Carousel,24000,672,136.89,43
2025-10-20,Facebook Ads,FB-100008,UA - Lookalike - 1% | Android | APAC | Video,18814,479,143.51,49
2025-10-20,Facebook Ads,FB-100009,UA - Prospecting - Broad | iOS | MENA | Carousel,26425,859,370.57,90
2025-10-20,Facebook Ads,FB-100010,UA - Lookalike - 5% | iOS | MENA | Video,24840,1031,329.1,186
2025-10-20,Facebook Ads,FB-100011,UA - Lookalike - 1% | Android | MENA | Carousel,13196,658,292.68,67
2025-10-20,Facebook Ads,FB-100012,UA - Retargeting - Value | Android | US | Video,12249,229,113.93,23
2025-10-20,Facebook Ads,FB-100013,UA - Prospecting - Broad | iOS | US | Static,10267,266,122.07,23
2025-10-20,Facebook Ads,FB-100014,UA - Lookalike - 1% | iOS | LATAM | UGC,9591,216,76.14,10
2025-10-20,Facebook Ads,FB-100015,UA - Retargeting - Value | Android | LATAM | Carousel,15129,88,44.43,11
2025-10-20,Facebook Ads,FB-100016,UA - Retargeting - Value | iOS | US | Playables,18957,325,182.0,33
2025-10-20,Facebook Ads,FB-100017,UA - Lookalike - 5% | Android | EU | UGC,53688,1265,416.44,135
2025-10-20,Facebook Ads,FB-100018,UA - Lookalike - 1% | iOS | MENA | Static,9756,376,128.07,63
2025-10-20,Facebook Ads,FB-100019,UA - Lookalike - 1% | Android | EU | Video,25640,726,285.17,56
2025-10-20,Facebook Ads,FB-100020,UA - Retargeting - Value | iOS | LATAM | Video,12576,359,200.14,28
2025-10-20,Facebook Ads,FB-100021,UA - Lookalike - 5% | iOS | EU | UGC,13063,557,227.7,107
2025-10-20,Facebook Ads,FB-100022,UA - Retargeting - Value | iOS | EU | Carousel,7086,40,18.14,5
2025-10-20,Facebook Ads,FB-100023,UA - Lookalike - 1% | Android | MENA | Playables,16289,349,112.94,41
2025-10-20,Facebook Ads,FB-100024,UA - Lookalike - 1% | iOS | MENA | UGC,21429,938,342.28,175
2025-10-20,Facebook Ads,FB-100025,UA - Lookalike - 5% | Android | EU | Playables,18056,757,243.6,108
2025-10-20,Facebook Ads,FB-100026,UA - Retargeting - Value | Android | US | Video,18621,503,232.24,117
2025-10-20,Facebook Ads,FB-100027,UA - Prospecting - Broad | Android | APAC | Playables,20246,837,347.69,156
2025-10-20,Facebook Ads,FB-100028,UA - Lookalike - 5% | iOS | APAC | Playables,19345,966,333.85,47
2025-10-20,Facebook Ads,FB-100029,UA - Prospecting - Broad | iOS | MENA | Video,14230,563,259.15,76
2025-10-20,Facebook Ads,FB-100030,UA - Lookalike - 1% | iOS | LATAM | Video,20983,771,191.21,41
2025-10-20,Facebook Ads,FB-100031,UA - Prospecting - Broad | iOS | EU | UGC,24350,871,303.37,25
2025-10-20,Facebook Ads,FB-100032,UA - Prospecting - Broad | iOS | MENA | Static,11968,218,101.46,20
2025-10-20,Facebook Ads,FB-100033,UA - Retargeting - Value | iOS | MENA | Playables,9796,281,156.91,41
2025-10-20,Facebook Ads,FB-100034,UA - Prospecting - Broad | Android | LATAM | Static,10285,209,71.21,20
2025-10-20,Facebook Ads,FB-100035,UA - Prospecting - Broad | iOS | APAC | Video,8810,170,76.98,18
2025-10-20,Facebook Ads,FB-100036,UA - Prospecting - Broad | iOS | LATAM | Static,24716,476,213.68,53
2025-10-20,Facebook Ads,FB-100037,UA - Prospecting - Broad | Android | MENA | Video,15832,507,149.06,51
2025-10-20,Facebook Ads,FB-100038,UA - Retargeting - Value | iOS | US | Playables,12430,264,120.67,43
2025-10-20,Facebook Ads,FB-100039,UA - Retargeting - Value | Android | APAC | Playables,18191,387,153.41,91
2025-10-20,Facebook Ads,FB-100040,UA - Lookalike - 5% | iOS | MENA | Playables,20940,852,392.09,130
2025-10-20,Facebook Ads,FB-100041,UA - Lookalike - 1% | Android | MENA | Static,24110,996,350.09,126
2025-10-20,Facebook Ads,FB-100042,UA - Lookalike - 5% | iOS | LATAM | UGC,22896,718,255.25,103
2025-10-20,Facebook Ads,FB-100043,UA - Prospecting - Broad | Android | EU | Static,14558,297,60.17,32
2025-10-20,Facebook Ads,FB-100044,UA - Retargeting - Value | iOS | US | Playables,7574,45,26.74,10
2025-10-20,Facebook Ads,FB-100045,UA - Prospecting - Broad | Android | US | Video,18040,514,170.29,76
2025-10-20,Facebook Ads,FB-100046,UA - Lookalike - 1% | Android | US | Video,18824,615,165.68,100
2025-10-20,Facebook Ads,FB-100047,UA - Lookalike - 1% | Android | MENA | Static,15170,460,110.31,28
2025-10-20,Facebook Ads,FB-100048,UA - Retargeting - Value | iOS | EU | Playables,16372,396,202.36,71
2025-10-20,Facebook Ads,FB-100049,UA - Lookalike - 5% | iOS | EU | UGC,11531,434,203.5,74
2025-10-20,Facebook Ads,FB-100050,UA - Lookalike - 5% | Android | US | Video,32195,1533,616.27,253
2025-10-20,Facebook Ads,FB-100051,UA - Lookalike - 5% | iOS | APAC | UGC,15633,548,247.75,17
2025-10-20,Facebook Ads,FB-100052,UA - Lookalike - 5% | Android | US | Video,17946,736,289.47,38
2025-10-20,Facebook Ads,FB-100053,UA - Retargeting - Value | iOS | US | Static,9971,232,85.49,20
2025-10-20,Facebook Ads,FB-100054,UA - Retargeting - Value | Android | MENA | UGC,9793,188,59.67,41
2025-10-20,Facebook Ads,FB-100055,UA - Lookalike - 5% | iOS | EU | Carousel,29329,1011,309.97,38
2025-10-20,Facebook Ads,FB-100056,UA - Prospecting - Broad | Android | US | UGC,15521,550,247.61,48
2025-10-20,Facebook Ads,FB-100057,UA - Prospecting - Broad | Android | MENA | Video,21463,579,160.15,33
2025-10-20,Facebook Ads,FB-100058,UA - Lookalike - 5% | Android | EU | UGC,10848,439,100.49,74
2025-10-20,Facebook Ads,FB-100059,UA - Prospecting - Broad | iOS | EU | UGC,14981,642,271.89,37
2025-10-20,Facebook Ads,FB-100060,UA - Lookalike - 5% | Android | APAC | Video,24959,811,281.66,66
2025-10-20,Facebook Ads,FB-100061,UA - Lookalike - 5% | iOS | APAC | Carousel,21434,682,273.69,97
2025-10-20,Facebook Ads,FB-100062,UA - Lookalike - 1% | iOS | EU | Static,18853,736,342.98,111
2025-10-20,Facebook Ads,FB-100063,UA - Prospecting - Broad | Android | US | Playables,18034,763,286.74,137
2025-10-20,Facebook Ads,FB-100064,UA - Lookalike - 5% | iOS | US | Video,15485,436,231.25,75
2025-10-20,Facebook Ads,FB-100065,UA - Prospecting - Broad | Android | US | Playables,18958,488,120.24,21
2025-10-20,Facebook Ads,FB-100066,UA - Prospecting - Broad | Android | US | Playables,16061,497,127.38,73
2025-10-20,Facebook Ads,FB-100067,UA - Retargeting - Value | Android | APAC | Video,18203,434,146.39,101
2025-10-20,Facebook Ads,FB-100068,UA - Lookalike - 5% | Android | MENA | Video,28894,740,124.32,87
2025-10-20,Facebook Ads,FB-100069,UA - Lookalike - 1% | iOS | LATAM | Static,12802,377,127.39,60
2025-10-20,Facebook Ads,FB-100070,UA - Retargeting - Value | Android | LATAM | UGC,13553,273,102.05,47
2025-10-20,Facebook Ads,FB-100071,UA - Prospecting - Broad | iOS | APAC | Carousel,18199,588,152.88,82
2025-10-20,Facebook Ads,FB-100072,UA - Prospecting - Broad | Android | APAC | Playables,20964,630,274.55,38
2025-10-20,Facebook Ads,FB-100073,UA - Lookalike - 1% | Android | MENA | Static,10069,274,58.53,17
2025-10-20,Facebook Ads,FB-100074,UA - Retargeting - Value | Android | LATAM | Video,9772,270,102.79,45
2025-10-20,Facebook Ads,FB-100075,UA - Lookalike - 5% | iOS | LATAM | Static,26499,619,258.37,101
2025-10-20,Facebook Ads,FB-100076,UA - Prospecting - Broad | iOS | MENA | Playables,13026,502,136.14,13
2025-10-20,Facebook Ads,FB-100077,UA - Lookalike - 1% | iOS | US | Static,18739,852,286.95,35
2025-10-20,Facebook Ads,FB-100078,UA - Retargeting - Value | Android | US | Playables,12189,162,73.82,21
2025-10-20,Facebook Ads,FB-100079,UA - Retargeting - Value | iOS | LATAM | Playables,5512,122,39.78,20
2025-10-20,Facebook Ads,FB-100080,UA - Lookalike - 5% | iOS | EU | Carousel,23092,1084,486.17,144
2025-10-20,Facebook Ads,FB-100081,UA - Lookalike - 5% | iOS | US | Video,24904,1119,351.03,90
2025-10-20,Facebook Ads,FB-100082,UA - Lookalike - 1% | iOS | US | Video,8848,319,168.14,30
2025-10-20,Facebook Ads,FB-100083,UA - Lookalike - 5% | Android | LATAM | Static,26951,897,238.96,114
2025-10-20,Facebook Ads,FB-100084,UA - Prospecting - Broad | iOS | MENA | Video,23052,775,293.42,54
2025-10-20,Facebook Ads,FB-100085,UA - Prospecting - Broad | Android | EU | Playables,14879,524,233.49,51
2025-10-20,Facebook Ads,FB-100086,UA - Retargeting - Value | iOS | MENA | Playables,12273,426,251.68,95
2025-10-20,Facebook Ads,FB-100087,UA - Lookalike - 1% | iOS | EU | Video,24800,1179,418.66,51
2025-10-20,Facebook Ads,FB-100088,UA - Retargeting - Value | iOS | US | Carousel,13505,265,111.91,51
2025-10-20,Facebook Ads,FB-100089,UA - Lookalike - 5% | Android | US | Carousel,17231,466,98.65,93
2025-10-20,Facebook Ads,FB-100090,UA - Retargeting - Value | Android | EU | Static,7804,254,95.05,59
2025-10-20,Facebook Ads,FB-100091,UA - Lookalike - 1% | iOS | US | Static,25833,901,492.13,147
2025-10-20,Facebook Ads,FB-100092,UA - Retargeting - Value | iOS | EU | Carousel,7325,235,114.09,23
2025-10-20,Facebook Ads,FB-100093,UA - Lookalike - 5% | Android | APAC | Video,23488,528,172.81,49
2025-10-20,Facebook Ads,FB-100094,UA - Lookalike - 1% | Android | EU | UGC,25457,666,228.04,144
2025-10-20,Facebook Ads,FB-100095,UA - Prospecting - Broad | iOS | EU | Static,10587,196,76.26,36
2025-10-20,Facebook Ads,FB-100096,UA - Lookalike - 1% | Android | APAC | Carousel,7919,269,56.81,44
2025-10-20,Facebook Ads,FB-100097,UA - Lookalike - 5% | Android | LATAM | Carousel,16795,480,151.34,32
2025-10-20,Facebook Ads,FB-100098,UA - Lookalike - 1% | iOS | US | Video,15633,460,156.03,63
2025-10-20,Facebook Ads,FB-100099,UA - Prospecting - Broad | Android | MENA | Carousel,11844,404,113.69,68
2025-10-20,Facebook Ads,FB-100100,UA - Lookalike - 1% | Android | MENA | UGC,14425,610,212.46,39
2025-10-20,Facebook Ads,FB-100101,UA - Prospecting - Broad | iOS | APAC | Playables,11562,385,99.98,39
2025-10-20,Facebook Ads,FB-100102,UA - Lookalike - 1% | iOS | MENA | Static,9384,356,128.2,69
2025-10-20,Facebook Ads,FB-100103,UA - Retargeting - Value | Android | APAC | Video,9194,281,77.47,41
2025-10-20,Facebook Ads,FB-100104,UA - Lookalike - 1% | iOS | APAC | Video,40875,853,253.51,79
2025-10-20,Facebook Ads,FB-100105,UA - Lookalike - 1% | iOS | US | Carousel,28430,1143,520.75,180
2025-10-20,Facebook Ads,FB-100106,UA - Lookalike - 1% | iOS | LATAM | UGC,36970,1275,506.81,78
2025-10-20,Facebook Ads,FB-100107,UA - Lookalike - 5% | Android | EU | UGC,7134,257,72.47,44
2025-10-20,Facebook Ads,FB-100108,UA - Lookalike - 1% | Android | MENA | Playables,17915,745,246.45,66
2025-10-20,Facebook Ads,FB-100109,UA - Lookalike - 1% | iOS | MENA | Video,6883,224,91.97,11
2025-10-20,Facebook Ads,FB-100110,UA - Lookalike - 1% | iOS | EU | UGC,14578,653,175.92,30
2025-10-20,Facebook Ads,FB-100111,UA - Retargeting - Value | iOS | APAC | UGC,8171,227,128.39,32
2025-10-20,Facebook Ads,FB-100112,UA - Lookalike - 1% | iOS | EU | Video,19728,587,204.92,106
2025-10-20,Facebook Ads,FB-100113,UA - Lookalike - 1% | iOS | US | Static,14608,489,134.03,89
2025-10-20,Facebook Ads,FB-100114,UA - Prospecting - Broad | Android | EU | Static,14954,520,106.24,99
2025-10-20,Facebook Ads,FB-100115,UA - Prospecting - Broad | Android | EU | UGC,23130,355,177.0,53
2025-10-20,Facebook Ads,FB-100116,UA - Retargeting - Value | iOS | APAC | Playables,12712,195,73.98,40
2025-10-20,Facebook Ads,FB-100117,UA - Retargeting - Value | iOS | APAC | UGC,13127,370,130.31,75
2025-10-20,Facebook Ads,FB-100118,UA - Lookalike - 5% | Android | US | Video,27092,1076,510.02,98
2025-10-20,Facebook Ads,FB-100119,UA - Lookalike - 5% | Android | EU | Playables,20086,483,238.89,97
2025-10-20,Facebook Ads,FB-100120,UA - Prospecting - Broad | Android | MENA | Static,13069,567,129.9,70
2025-10-20,Facebook Ads,FB-100121,UA - Lookalike - 1% | iOS | EU | UGC,11511,479,134.41,82
2025-10-20,Facebook Ads,FB-100122,UA - Lookalike - 5% | iOS | MENA | Playables,9821,442,153.11,75
2025-10-20,Facebook Ads,FB-100123,UA - Lookalike - 5% | iOS | EU | UGC,14303,683,230.24,96
2025-10-20,Facebook Ads,FB-100124,UA - Lookalike - 5% | iOS | EU | Carousel,13942,295,79.92,12
2025-10-20,Facebook Ads,FB-100125,UA - Prospecting - Broad | Android | LATAM | UGC,17661,657,177.13,35
2025-10-20,Facebook Ads,FB-100126,UA - Lookalike - 1% | iOS | EU | Carousel,19168,417,134.69,63
2025-10-20,Facebook Ads,FB-100127,UA - Retargeting - Value | iOS | MENA | Video,11467,96,35.61,22
2025-10-20,Facebook Ads,FB-100128,UA - Retargeting - Value | Android | EU | UGC,21262,332,191.2,65
2025-10-20,Facebook Ads,FB-100129,UA - Lookalike - 5% | Android | US | UGC,8625,402,109.46,36
2025-10-20,Facebook Ads,FB-100130,UA - Lookalike - 5% | iOS | MENA | UGC,20549,926,237.06,47
2025-10-20,Facebook Ads,FB-100131,UA - Lookalike - 5% | Android | EU | UGC,16905,566,221.31,72
2025-10-20,Facebook Ads,FB-100132,UA - Lookalike - 5% | Android | MENA | UGC,34400,1028,415.41,63
2025-10-20,Facebook Ads,FB-100133,UA - Lookalike - 5% | Android | LATAM | Carousel,20954,952,218.29,49
2025-10-20,Facebook Ads,FB-100134,UA - Retargeting - Value | iOS | MENA | Playables,5887,129,52.57,17
2025-10-20,Facebook Ads,FB-100135,UA - Lookalike - 5% | iOS | EU | Carousel,20381,984,440.64,156
2025-10-20,Facebook Ads,FB-100136,UA - Lookalike - 1% | iOS | US | UGC,20264,493,206.17,39
2025-10-20,Facebook Ads,FB-100137,UA - Retargeting - Value | iOS | EU | UGC,23492,636,264.13,54
2025-10-20,Facebook Ads,FB-100138,UA - Prospecting - Broad | Android | APAC | Playables,26232,621,264.36,90
2025-10-20,Facebook Ads,FB-100139,UA - Lookalike - 5% | Android | APAC | Static,14148,536,190.17,79
2025-10-20,Facebook Ads,FB-100140,UA - Lookalike - 5% | Android | US | Carousel,26453,811,174.45,156
2025-10-20,Facebook Ads,FB-100141,UA - Lookalike - 1% | iOS | EU | UGC,30134,678,370.39,21
2025-10-20,Facebook Ads,FB-100142,UA - Lookalike - 5% | iOS | APAC | Carousel,21616,743,215.84,84
2025-10-20,Facebook Ads,FB-100143,UA - Prospecting - Broad | iOS | US | UGC,19294,645,186.79,66
2025-10-20,Facebook Ads,FB-100144,UA - Prospecting - Broad | Android | LATAM | Static,25093,549,209.61,39
2025-10-20,Facebook Ads,FB-100145,UA - Retargeting - Value | Android | US | Static,11552,371,165.35,81
2025-10-20,Facebook Ads,FB-100146,UA - Retargeting - Value | Android | MENA | Static,14832,77,41.7,11
2025-10-20,Facebook Ads,FB-100147,UA - Retargeting - Value | Android | APAC | Video,14069,200,54.2,28
2025-10-20,Facebook Ads,FB-100148,UA - Retargeting - Value | iOS | LATAM | Carousel,10313,350,143.64,66
2025-10-20,Facebook Ads,FB-100149,UA - Prospecting - Broad | Android | EU | Carousel,13532,579,160.21,117
2025-10-20,Facebook Ads,FB-100150,UA - Lookalike - 5% | Android | LATAM | Playables,12265,526,214.24,71
2025-10-20,Facebook Ads,FB-100151,UA - Retargeting - Value | iOS | EU | Video,10129,250,145.85,23
2025-10-20,Facebook Ads,FB-100152,UA - Prospecting - Broad | Android | LATAM | Playables,14386,618,257.58,98
2025-10-20,Facebook Ads,FB-100153,UA - Lookalike - 5% | Android | LATAM | Playables,15013,555,150.74,78
2025-10-20,Facebook Ads,FB-100154,UA - Lookalike - 1% | iOS | US | Playables,20037,679,218.43,62
2025-10-20,Facebook Ads,FB-100155,UA - Prospecting - Broad | Android | APAC | UGC,20575,648,197.64,44
2025-10-20,Facebook Ads,FB-100156,UA - Retargeting - Value | iOS | LATAM | UGC,20024,141,66.64,26
2025-10-20,Facebook Ads,FB-100157,UA - Lookalike - 1% | iOS | EU | Playables,18389,714,222.2,107
2025-10-20,Facebook Ads,FB-100158,UA - Lookalike - 1% | iOS | APAC | UGC,15509,755,226.58,75
2025-10-20,Facebook Ads,FB-100159,UA - Lookalike - 1% | iOS | EU | Video,31966,1425,737.87,124
2025-10-20,Facebook Ads,FB-100160,UA - Lookalike - 5% | iOS | EU | UGC,7734,282,109.02,36
2025-10-20,Facebook Ads,FB-100161,UA - Lookalike - 1% | iOS | US | UGC,21911,831,438.19,154
2025-10-20,Facebook Ads,FB-100162,UA - Lookalike - 1% | Android | APAC | Static,14712,515,223.15,69
2025-10-20,Facebook Ads,FB-100163,UA - Lookalike - 1% | iOS | LATAM | Carousel,22022,643,246.01,26
2025-10-20,Facebook Ads,FB-100164,UA - Prospecting - Broad | Android | MENA | Static,11148,175,77.45,20
2025-10-20,Facebook Ads,FB-100165,UA - Retargeting - Value | Android | APAC | UGC,14473,293,151.57,33
2025-10-20,Facebook Ads,FB-100166,UA - Prospecting - Broad | iOS | APAC | UGC,10331,404,190.24,72
2025-10-20,Facebook Ads,FB-100167,UA - Lookalike - 5% | Android | LATAM | Static,19339,948,223.16,95
2025-10-20,Facebook Ads,FB-100168,UA - Lookalike - 1% | Android | LATAM | Playables,22606,926,189.0,202
2025-10-20,Facebook Ads,FB-100169,UA - Lookalike - 1% | iOS | MENA | Playables,14038,682,223.22,92
2025-10-20,Facebook Ads,FB-100170,UA - Lookalike - 1% | iOS | MENA | Carousel,26663,1126,436.1,191
2025-10-20,Facebook Ads,FB-100171,UA - Lookalike - 1% | iOS | LATAM | Carousel,25996,923,224.38,152
2025-10-20,Facebook Ads,FB-100172,UA - Lookalike - 1% | Android | US | Static,18483,575,165.14,115
2025-10-20,Facebook Ads,FB-100173,UA - Retargeting - Value | Android | MENA | Static,8844,214,87.48,31
2025-10-20,Facebook Ads,FB-100174,UA - Lookalike - 1% | Android | APAC | Carousel,32764,1265,372.42,91
2025-10-20,Facebook Ads,FB-100175,UA - Retargeting - Value | Android | EU | Carousel,9092,166,96.01,20
2025-10-20,Facebook Ads,FB-100176,UA - Prospecting - Broad | iOS | EU | Carousel,19629,536,258.57,76
2025-10-20,Facebook Ads,FB-100177,UA - Prospecting - Broad | Android | LATAM | Video,16928,372,63.13,75
2025-10-20,Facebook Ads,FB-100178,UA - Prospecting - Broad | iOS | EU | UGC,11449,187,101.47,29
2025-10-20,Facebook Ads,FB-100179,UA - Lookalike - 5% | Android | MENA | Carousel,20545,850,250.32,133
2025-10-20,Facebook Ads,FB-100180,UA - Retargeting - Value | iOS | APAC | Carousel,6995,93,45.77,21
2025-10-20,Facebook Ads,FB-100181,UA - Prospecting - Broad | Android | LATAM | UGC,24600,449,84.73,69
2025-10-20,Facebook Ads,FB-100182,UA - Prospecting - Broad | Android | APAC | UGC,24549,751,189.85,139
2025-10-20,Facebook Ads,FB-100183,UA - Lookalike - 1% | Android | EU | Static,34636,1527,420.38,155
2025-10-20,Facebook Ads,FB-100184,UA - Lookalike - 5% | Android | EU | Video,11359,549,209.28,98
2025-10-20,Facebook Ads,FB-100185,UA - Lookalike - 5% | Android | MENA | UGC,17989,464,166.11,29
2025-10-20,Facebook Ads,FB-100186,UA - Lookalike - 5% | iOS | LATAM | Playables,20528,852,309.28,66
2025-10-20,Facebook Ads,FB-100187,UA - Prospecting - Broad | iOS | MENA | Playables,9109,372,173.09,16
2025-10-20,Facebook Ads,FB-100188,UA - Lookalike - 1% | Android | EU | Static,19418,738,253.58,73
2025-10-20,Facebook Ads,FB-100189,UA - Retargeting - Value | Android | EU | Static,10996,346,170.54,44
2025-10-20,Facebook Ads,FB-100190,UA - Lookalike - 5% | Android | EU | Video,15976,775,261.25,166
2025-10-20,Facebook Ads,FB-100191,UA - Lookalike - 1% | iOS | MENA | UGC,50111,1122,451.83,121
2025-10-20,Facebook Ads,FB-100192,UA - Lookalike - 1% | Android | EU | Carousel,18998,393,97.39,51
2025-10-20,Facebook Ads,FB-100193,UA - Lookalike - 1% | iOS | US | Static,17127,687,231.18,22
2025-10-20,Facebook Ads,FB-100194,UA - Retargeting - Value | Android | APAC | Video,10909,169,48.18,36
2025-10-20,Facebook Ads,FB-100195,UA - Prospecting - Broad | Android | LATAM | Static,53160,993,442.18,177
2025-10-20,Facebook Ads,FB-100196,UA - Lookalike - 1% | Android | EU | Carousel,11395,353,96.09,50
2025-10-20,Facebook Ads,FB-100197,UA - Lookalike - 1% | iOS | US | UGC,26329,1028,361.24,33
2025-10-20,Facebook Ads,FB-100198,UA - Lookalike - 5% | iOS | LATAM | Playables,18467,896,318.35,61
2025-10-20,Facebook Ads,FB-100199,UA - Prospecting - Broad | iOS | US | Playables,11297,334,114.5,16
2025-10-20,Facebook Ads,FB-100200,UA - Lookalike - 1% | iOS | LATAM | Playables,42965,1903,422.66,281
2025-10-20,Facebook Ads,FB-100201,UA - Prospecting - Broad | Android | US | Static,14616,345,169.57,27
2025-10-20,Facebook Ads,FB-100202,UA - Retargeting - Value | iOS | MENA | Video,19190,347,186.37,43
2025-10-20,Facebook Ads,FB-100203,UA - Lookalike - 1% | iOS | MENA | UGC,13988,365,160.75,57
2025-10-20,Facebook Ads,FB-100204,UA - Lookalike - 5% | Android | MENA | UGC,11469,235,38.07,20
2025-10-20,Facebook Ads,FB-100205,UA - Lookalike - 5% | Android | APAC | Carousel,21673,479,145.62,82
2025-10-20,Facebook Ads,FB-100206,UA - Retargeting - Value | iOS | LATAM | Video,11938,363,173.99,72
2025-10-20,Facebook Ads,FB-100207,UA - Lookalike - 1% | iOS | APAC | UGC,13671,619,244.26,49
2025-10-20,Facebook Ads,FB-100208,UA - Lookalike - 5% | iOS | MENA | Video,24502,603,195.55,53
2025-10-20,Facebook Ads,FB-100209,UA - Lookalike - 1% | Android | LATAM | Carousel,20704,949,238.39,118
2025-10-20,Facebook Ads,FB-100210,UA - Prospecting - Broad | Android | APAC | Playables,27569,865,163.4,114
2025-10-20,Facebook Ads,FB-100211,UA - Retargeting - Value | iOS | APAC | Video,10880,166,69.34,24
2025-10-20,Facebook Ads,FB-100212,UA - Lookalike - 5% | iOS | MENA | UGC,15814,543,206.45,68
2025-10-20,Facebook Ads,FB-100213,UA - Retargeting - Value | Android | EU | Carousel,14032,106,33.49,16
2025-10-20,Facebook Ads,FB-100214,UA - Prospecting - Broad | iOS | APAC | UGC,15457,244,106.04,10
2025-10-20,Facebook Ads,FB-100215,UA - Retargeting - Value | Android | MENA | Static,6948,132,67.12,21
2025-10-20,Facebook Ads,FB-100216,UA - Lookalike - 5% | iOS | MENA | Video,23520,1034,224.48,62
2025-10-20,Facebook Ads,FB-100217,UA - Lookalike - 5% | Android | EU | Video,13961,581,221.07,40
2025-10-20,Facebook Ads,FB-100218,UA - Lookalike - 1% | Android | EU | UGC,47634,1683,640.55,216
2025-10-20,Facebook Ads,FB-100219,UA - Lookalike - 5% | iOS | APAC | UGC,14942,599,284.58,44
2025-10-20,Facebook Ads,FB-100220,UA - Retargeting - Value | Android | APAC | Playables,12118,215,68.0,27
2025-10-20,Facebook Ads,FB-100221,UA - Retargeting - Value | iOS | EU | Playables,10854,276,113.96,48
2025-10-20,Facebook Ads,FB-100222,UA - Lookalike - 1% | Android | LATAM | UGC,15968,789,228.42,44
2025-10-20,Facebook Ads,FB-100223,UA - Lookalike - 1% | iOS | US | Carousel,28854,1140,609.67,199
2025-10-20,Facebook Ads,FB-100224,UA - Lookalike - 5% | iOS | EU | UGC,13222,607,302.41,63
2025-10-20,Facebook Ads,FB-100225,UA - Lookalike - 5% | iOS | LATAM | Playables,21582,732,346.97,84
2025-10-20,Facebook Ads,FB-100226,UA - Retargeting - Value | iOS | LATAM | Static,11087,125,56.11,8
2025-10-20,Facebook Ads,FB-100227,UA - Prospecting - Broad | iOS | EU | UGC,38425,1287,486.74,148
2025-10-20,Facebook Ads,FB-100228,UA - Lookalike - 5% | iOS | APAC | UGC,27513,1195,325.88,130
2025-10-20,Facebook Ads,FB-100229,UA - Retargeting - Value | Android | APAC | Video,10676,235,118.6,40
2025-10-20,Facebook Ads,FB-100230,UA - Prospecting - Broad | iOS | US | UGC,21301,733,239.84,123
2025-10-20,Facebook Ads,FB-100231,UA - Lookalike - 5% | iOS | US | Static,9128,201,108.38,6
2025-10-20,Facebook Ads,FB-100232,UA - Lookalike - 1% | Android | US | UGC,17169,622,246.19,89
2025-10-20,Facebook Ads,FB-100233,UA - Prospecting - Broad | iOS | MENA | UGC,12484,290,137.72,8
2025-10-20,Facebook Ads,FB-100234,UA - Lookalike - 1% | iOS | MENA | UGC,29944,1004,209.33,162
2025-10-20,Facebook Ads,FB-100235,UA - Prospecting - Broad | iOS | MENA | Video,10147,297,110.25,54
2025-10-20,Facebook Ads,FB-100236,UA - Prospecting - Broad | Android | LATAM | Static,15863,626,121.94,96
2025-10-20,Facebook Ads,FB-100237,UA - Lookalike - 5% | iOS | US | Video,14299,580,153.99,92
2025-10-20,Facebook Ads,FB-100238,UA - Prospecting - Broad | Android | LATAM | Video,17430,614,93.45,88
2025-10-20,Facebook Ads,FB-100239,UA - Lookalike - 1% | iOS | US | Carousel,33451,1478,624.31,64
2025-10-20,Facebook Ads,FB-100240,UA - Retargeting - Value | iOS | APAC | Static,14567,207,111.08,31
2025-10-20,Facebook Ads,FB-100241,UA - Retargeting - Value | iOS | MENA | Static,20517,296,120.32,24
2025-10-20,Facebook Ads,FB-100242,UA - Lookalike - 5% | Android | US | Playables,15684,648,299.64,112
2025-10-20,Facebook Ads,FB-100243,UA - Retargeting - Value | Android | APAC | Playables,18815,121,35.85,18
2025-10-20,Facebook Ads,FB-100244,UA - Lookalike - 5% | Android | APAC | Carousel,28807,866,138.3,73
2025-10-20,Facebook Ads,FB-100245,UA - Lookalike - 1% | iOS | US | UGC,19605,663,294.31,54
2025-10-20,Facebook Ads,FB-100246,UA - Lookalike - 1% | Android | US | UGC,23612,620,306.65,50
2025-10-20,Facebook Ads,FB-100247,UA - Lookalike - 5% | iOS | APAC | Carousel,22248,688,326.46,58
2025-10-20,Facebook Ads,FB-100248,UA - Lookalike - 5% | iOS | EU | UGC,14418,714,180.07,64
2025-10-20,Facebook Ads,FB-100249,UA - Lookalike - 1% | Android | EU | UGC,20112,861,268.98,167
2025-10-20,Facebook Ads,FB-100250,UA - Lookalike - 5% | iOS | LATAM | Video,18264,788,209.06,100
2025-10-20,Facebook Ads,FB-100251,UA - Prospecting - Broad | iOS | US | Playables,12533,414,118.61,77
2025-10-20,Facebook Ads,FB-100252,UA - Lookalike - 1% | iOS | LATAM | Static,15438,689,241.91,112
2025-10-20,Facebook Ads,FB-100253,UA - Lookalike - 1% | Android | EU | Playables,12449,266,80.73,42
2025-10-20,Facebook Ads,FB-100254,UA - Lookalike - 1% | Android | US | Video,18098,849,201.13,85
2025-10-20,Facebook Ads,FB-100255,UA - Lookalike - 1% | iOS | US | Playables,27347,840,354.73,102
2025-10-20,Facebook Ads,FB-100256,UA - Lookalike - 1% | Android | US | Carousel,22434,990,473.91,126
2025-10-20,Facebook Ads,FB-100257,UA - Retargeting - Value | iOS | EU | Static,9552,79,32.67,7
2025-10-20,Facebook Ads,FB-100258,UA - Lookalike - 1% | iOS | MENA | Playables,18108,704,204.44,123
2025-10-20,Facebook Ads,FB-100259,UA - Lookalike - 1% | Android | LATAM | UGC,15230,420,162.92,78
2025-10-20,Facebook Ads,FB-100260,UA - Prospecting - Broad | iOS | US | UGC,23858,883,396.73,140
2025-10-20,Facebook Ads,FB-100261,UA - Lookalike - 1% | Android | EU | UGC,19119,513,179.45,79
2025-10-20,Facebook Ads,FB-100262,UA - Lookalike - 1% | Android | APAC | Video,34179,1396,608.38,86
2025-10-20,Facebook Ads,FB-100263,UA - Lookalike - 1% | Android | APAC | Carousel,21299,996,317.92,179
2025-10-20,Facebook Ads,FB-100264,UA - Retargeting - Value | iOS | LATAM | Video,19330,323,189.37,41
2025-10-20,Facebook Ads,FB-100265,UA - Lookalike - 1% | iOS | US | Playables,13019,577,220.01,76
2025-10-20,Facebook Ads,FB-100266,UA - Lookalike - 1% | Android | US | UGC,23438,918,192.32,180
2025-10-20,Facebook Ads,FB-100267,UA - Prospecting - Broad | iOS | US | Static,12718,540,147.31,52
2025-10-20,Facebook Ads,FB-100268,UA - Prospecting - Broad | Android | LATAM | UGC,16492,540,239.44,106
2025-10-20,Facebook Ads,FB-100269,UA - Retargeting - Value | Android | EU | Playables,19396,334,101.9,47
2025-10-20,Facebook Ads,FB-100270,UA - Lookalike - 5% | iOS | APAC | Carousel,17840,588,245.9,66
2025-10-20,Facebook Ads,FB-100271,UA - Lookalike - 5% | Android | APAC | Video,18488,690,266.82,135
2025-10-20,Facebook Ads,FB-100272,UA - Lookalike - 1% | iOS | LATAM | Video,25647,968,444.12,51
2025-10-20,Facebook Ads,FB-100273,UA - Retargeting - Value | Android | APAC | UGC,22297,411,103.82,67
2025-10-20,Facebook Ads,FB-100274,UA - Lookalike - 1% | iOS | US | Carousel,14658,707,194.21,79
2025-10-20,Facebook Ads,FB-100275,UA - Retargeting - Value | Android | APAC | Carousel,16874,226,88.7,32
2025-10-20,Facebook Ads,FB-100276,UA - Retargeting - Value | Android | APAC | Video,22695,423,142.72,78
2025-10-20,Facebook Ads,FB-100277,UA - Retargeting - Value | Android | US | Carousel,25405,555,280.33,85
2025-10-20,Facebook Ads,FB-100278,UA - Prospecting - Broad | Android | MENA | Static,21682,701,171.67,43
2025-10-20,Facebook Ads,FB-100279,UA - Retargeting - Value | Android | MENA | Static,12959,311,114.6,51
2025-10-20,Facebook Ads,FB-100280,UA - Prospecting - Broad | iOS | EU | Playables,19458,680,214.81,123
2025-10-20,Facebook Ads,FB-100281,UA - Lookalike - 1% | iOS | EU | Static,28312,723,211.62,61
2025-10-20,Facebook Ads,FB-100282,UA - Retargeting - Value | Android | US | Video,14060,157,74.09,27
2025-10-20,Facebook Ads,FB-100283,UA - Lookalike - 1% | Android | LATAM | Static,12853,314,126.89,27
2025-10-20,Facebook Ads,FB-100284,UA - Prospecting - Broad | Android | EU | Carousel,15293,470,118.39,79
2025-10-20,Facebook Ads,FB-100285,UA - Prospecting - Broad | Android | APAC | Playables,17073,662,162.65,53
2025-10-20,Facebook Ads,FB-100286,UA - Lookalike - 1% | Android | APAC | UGC,16742,484,186.29,78
2025-10-20,Facebook Ads,FB-100287,UA - Retargeting - Value | Android | APAC | Playables,14422,284,111.47,36
2025-10-20,Facebook Ads,FB-100288,UA - Lookalike - 5% | Android | MENA | Carousel,16286,450,196.61,30
2025-10-20,Facebook Ads,FB-100289,UA - Lookalike - 5% | Android | US | UGC,28175,1204,369.15,176
2025-10-20,Facebook Ads,FB-100290,UA - Lookalike - 5% | iOS | US | UGC,24238,1098,290.64,93
2025-10-20,Facebook Ads,FB-100291,UA - Retargeting - Value | Android | US | Carousel,12979,121,41.62,12
2025-10-20,Facebook Ads,FB-100292,UA - Lookalike - 1% | Android | EU | Carousel,10249,407,187.18,80
2025-10-20,Facebook Ads,FB-100293,UA - Lookalike - 1% | iOS | MENA | Playables,28191,791,341.63,98
2025-10-20,Facebook Ads,FB-100294,UA - Lookalike - 5% | iOS | MENA | Playables,35517,1683,394.66,156
2025-10-20,Facebook Ads,FB-100295,UA - Retargeting - Value | Android | US | Playables,15003,158,94.04,25
2025-10-20,Facebook Ads,FB-100296,UA - Lookalike - 5% | iOS | APAC | Static,17612,864,264.9,165
2025-10-20,Facebook Ads,FB-100297,UA - Lookalike - 5% | iOS | APAC | UGC,23664,848,397.37,108
2025-10-20,Facebook Ads,FB-100298,UA - Lookalike - 1% | Android | LATAM | UGC,14195,493,127.59,104
2025-10-20,Facebook Ads,FB-100299,UA - Lookalike - 5% | iOS | LATAM | Static,12895,381,158.23,12
2025-10-20,Facebook Ads,FB-100300,UA - Prospecting - Broad | Android | US | Video,22622,1013,345.13,77
2025-10-20,Facebook Ads,FB-100301,UA - Retargeting - Value | iOS | US | Carousel,11361,120,50.71,13
2025-10-20,Facebook Ads,FB-100302,UA - Lookalike - 1% | Android | MENA | Playables,18655,794,235.18,68
2025-10-20,Facebook Ads,FB-100303,UA - Lookalike - 5% | Android | APAC | Carousel,18464,377,111.21,63
2025-10-20,Facebook Ads,FB-100304,UA - Lookalike - 1% | Android | LATAM | Playables,20047,791,260.4,127
2025-10-20,Facebook Ads,FB-100305,UA - Retargeting - Value | iOS | US | Playables,15512,342,210.6,66
2025-10-20,Facebook Ads,FB-100306,UA - Prospecting - Broad | Android | APAC | Static,17758,506,89.36,51
2025-10-20,Facebook Ads,FB-100307,UA - Prospecting - Broad | iOS | MENA | Carousel,14449,636,257.64,113
2025-10-20,Facebook Ads,FB-100308,UA - Lookalike - 5% | iOS | MENA | Static,8834,385,158.74,68
2025-10-20,Facebook Ads,FB-100309,UA - Prospecting - Broad | Android | MENA | Carousel,28988,1018,312.63,181
2025-10-20,Facebook Ads,FB-100310,UA - Lookalike - 1% | Android | LATAM | Carousel,17387,729,173.87,97
2025-10-20,Facebook Ads,FB-100311,UA - Retargeting - Value | iOS | US | Static,8797,150,75.9,35
2025-10-20,Facebook Ads,FB-100312,UA - Prospecting - Broad | iOS | US | Static,14219,241,96.91,30
2025-10-20,Facebook Ads,FB-100313,UA - Lookalike - 5% | Android | MENA | Static,12997,649,188.53,109
2025-10-20,Facebook Ads,FB-100314,UA - Retargeting - Value | iOS | APAC | Carousel,13901,470,157.31,80
2025-10-20,Facebook Ads,FB-100315,UA - Prospecting - Broad | iOS | LATAM | Carousel,11611,369,164.21,34
2025-10-20,Facebook Ads,FB-100316,UA - Prospecting - Broad | Android | EU | Static,17561,646,189.41,63
2025-10-20,Facebook Ads,FB-100317,UA - Lookalike - 5% | Android | LATAM | UGC,14900,695,270.42,91
2025-10-20,Facebook Ads,FB-100318,UA - Lookalike - 5% | iOS | MENA | UGC,13375,481,127.32,90
2025-10-20,Facebook Ads,FB-100319,UA - Prospecting - Broad | iOS | EU | Playables,15397,592,318.61,73
2025-10-20,Facebook Ads,FB-100320,UA - Lookalike - 1% | iOS | APAC | Video,12839,381,120.85,13
2025-10-20,Facebook Ads,FB-100321,UA - Prospecting - Broad | iOS | MENA | Carousel,33748,1367,653.97,46
2025-10-20,Facebook Ads,FB-100322,UA - Prospecting - Broad | Android | APAC | Playables,13544,225,82.91,22
2025-10-20,Facebook Ads,FB-100323,UA - Retargeting - Value | Android | EU | Carousel,16955,407,192.31,53
2025-10-20,Facebook Ads,FB-100324,UA - Lookalike - 1% | Android | LATAM | Carousel,20026,511,165.92,60
2025-10-20,Facebook Ads,FB-100325,UA - Lookalike - 5% | Android | US | UGC,15138,738,154.98,80
2025-10-20,Facebook Ads,FB-100326,UA - Retargeting - Value | Android | EU | UGC,16465,417,148.16,47
2025-10-20,Facebook Ads,FB-100327,UA - Prospecting - Broad | iOS | US | UGC,8969,229,74.72,10
2025-10-20,Facebook Ads,FB-100328,UA - Prospecting - Broad | iOS | US | UGC,16249,388,118.11,23
2025-10-20,Facebook Ads,FB-100329,UA - Lookalike - 5% | iOS | MENA | UGC,11985,579,247.18,34
2025-10-20,Facebook Ads,FB-100330,UA - Lookalike - 5% | iOS | LATAM | Video,19196,638,150.06,122
2025-10-20,Facebook Ads,FB-100331,UA - Lookalike - 5% | Android | LATAM | Static,19017,556,241.75,41
2025-10-20,Facebook Ads,FB-100332,UA - Prospecting - Broad | iOS | US | UGC,22238,707,216.98,71
2025-10-20,Facebook Ads,FB-100333,UA - Lookalike - 5% | Android | APAC | Playables,12383,425,100.81,80
2025-10-20,Facebook Ads,FB-100334,UA - Lookalike - 1% | Android | APAC | Carousel,16680,410,69.58,68
2025-10-20,Facebook Ads,FB-100335,UA - Prospecting - Broad | Android | LATAM | Static,17026,676,270.2,44
2025-10-20,Facebook Ads,FB-100336,UA - Retargeting - Value | Android | MENA | Playables,20328,238,120.24,37
2025-10-20,Facebook Ads,FB-100337,UA - Retargeting - Value | iOS | LATAM | Static,13247,108,35.68,8
2025-10-20,Facebook Ads,FB-100338,UA - Retargeting - Value | Android | EU | Carousel,6814,130,57.56,22
2025-10-20,Facebook Ads,FB-100339,UA - Prospecting - Broad | Android | MENA | Static,7211,265,49.95,33
2025-10-20,Facebook Ads,FB-100340,UA - Lookalike - 5% | Android | APAC | UGC,22640,913,401.54,111
2025-10-20,Facebook Ads,FB-100341,UA - Lookalike - 5% | iOS | LATAM | Static,18722,403,190.1,44
2025-10-20,Facebook Ads,FB-100342,UA - Lookalike - 1% | Android | APAC | UGC,11091,307,109.23,35
2025-10-20,Facebook Ads,FB-100343,UA - Lookalike - 1% | iOS | MENA | Video,18472,853,421.3,144
2025-10-20,Facebook Ads,FB-100344,UA - Lookalike - 5% | Android | LATAM | UGC,16130,644,152.05,38
2025-10-20,Facebook Ads,FB-100345,UA - Lookalike - 1% | Android | US | Carousel,15847,509,231.95,44
2025-10-20,Facebook Ads,FB-100346,UA - Lookalike - 5% | Android | US | Playables,18153,542,137.29,109
2025-10-20,Facebook Ads,FB-100347,UA - Prospecting - Broad | iOS | MENA | Playables,19724,436,101.41,36
2025-10-20,Facebook Ads,FB-100348,UA - Lookalike - 1% | iOS | MENA | Static,30142,1425,322.9,79
2025-10-20,Facebook Ads,FB-100349,UA - Prospecting - Broad | iOS | MENA | Static,6208,189,39.16,35
