date,campaign_id,campaign_name,installs,d1_revenue,d7_revenue
2025-10-07,FB-100000,UA - Retargeting - Value | Android | US | Carousel,69,268.8,1265.78
2025-10-07,FB-100001,UA - Prospecting - Broad | Android | EU | Video,64,274.45,1346.45
2025-10-07,FB-100002,UA - Prospecting - Broad | iOS | US | Video,178,696.51,3816.87
2025-10-07,FB-100003,UA - Prospecting - Broad | Android | EU | Playables,116,360.03,1867.12
2025-10-07,FB-100004,UA - Retargeting - Value | Android | MENA | UGC,45,128.41,714.47
2025-10-07,FB-100005,UA - Prospecting - Broad | iOS | MENA | Carousel,46,123.76,437.37
2025-10-07,FB-100006,UA - Lookalike - 1% | Android | APAC | Carousel,53,118.78,611.84
2025-10-07,FB-100007,UA - Prospecting - Broad | Android | EU | Carousel,60,246.71,803.78
2025-10-07,FB-100008,UA - Lookalike - 1% | Android | APAC | Video,102,342.14,1084.93
2025-10-07,FB-100009,UA - Prospecting - Broad | iOS | MENA | Carousel,29,84.86,413.35
2025-10-07,FB-100010,UA - Lookalike - 5% | iOS | MENA | Video,159,436.66,2106.88
2025-10-07,FB-100011,UA - Lookalike - 1% | Android | MENA | Carousel,85,279.58,1012.08
2025-10-07,FB-100012,UA - Retargeting - Value | Android | US | Video,10,50.02,225.79
2025-10-07,FB-100013,UA - Prospecting - Broad | iOS | US | Static,33,150.73,751.24
2025-10-07,FB-100014,UA - Lookalike - 1% | iOS | LATAM | UGC,20,50.48,197.02
2025-10-07,FB-100015,UA - Retargeting - Value | Android | LATAM | Carousel,58,222.88,987.8
2025-10-07,FB-100016,UA - Retargeting - Value | iOS | US | Playables,1,5.6,33.6
2025-10-07,FB-100017,UA - Lookalike - 5% | Android | EU | UGC,133,445.18,1783.39
2025-10-07,FB-100018,UA - Lookalike - 1% | iOS | MENA | Static,14,62.28,211.0
2025-10-07,FB-100019,UA - Lookalike - 1% | Android | EU | Video,76,287.76,1086.29
2025-10-07,FB-100020,UA - Retargeting - Value | iOS | LATAM | Video,12,53.7,222.21
2025-10-07,FB-100021,UA - Lookalike - 5% | iOS | EU | UGC,56,183.37,555.24
2025-10-07,FB-100022,UA - Retargeting - Value | iOS | EU | Carousel,18,94.49,566.94
2025-10-07,FB-100023,UA - Lookalike - 1% | Android | MENA | Playables,166,474.53,2045.22
2025-10-07,FB-100024,UA - Lookalike - 1% | iOS | MENA | UGC,70,295.31,1009.07
2025-10-07,FB-100025,UA - Lookalike - 5% | Android | EU | Playables,258,704.52,3418.33
2025-10-07,FB-100026,UA - Retargeting - Value | Android | US | Video,20,72.16,432.96
2025-10-07,FB-100027,UA - Prospecting - Broad | Android | APAC | Playables,47,115.1,416.78
2025-10-07,FB-100028,UA - Lookalike - 5% | iOS | APAC | Playables,52,135.48,482.04
2025-10-07,FB-100029,UA - Prospecting - Broad | iOS | MENA | Video,38,160.82,793.49
2025-10-07,FB-100030,UA - Lookalike - 1% | iOS | LATAM | Video,46,183.04,660.04
2025-10-07,FB-100031,UA - Prospecting - Broad | iOS | EU | UGC,93,415.24,1812.94
2025-10-07,FB-100032,UA - Prospecting - Broad | iOS | MENA | Static,83,322.61,975.57
2025-10-07,FB-100033,UA - Retargeting - Value | iOS | MENA | Playables,18,69.57,313.97
2025-10-07,FB-100034,UA - Prospecting - Broad | Android | LATAM | Static,70,146.15,523.07
2025-10-07,FB-100035,UA - Prospecting - Broad | iOS | APAC | Video,107,427.55,1903.45
2025-10-07,FB-100036,UA - Prospecting - Broad | iOS | LATAM | Static,8,22.09,82.37
2025-10-07,FB-100037,UA - Prospecting - Broad | Android | MENA | Video,78,206.89,854.87
2025-10-07,FB-100038,UA - Retargeting - Value | iOS | US | Playables,8,37.19,177.95
2025-10-07,FB-100039,UA - Retargeting - Value | Android | APAC | Playables,54,198.54,1191.24
2025-10-07,FB-100040,UA - Lookalike - 5% | iOS | MENA | Playables,113,476.08,1604.87
2025-10-07,FB-100041,UA - Lookalike - 1% | Android | MENA | Static,128,332.51,1679.18
2025-10-07,FB-100042,UA - Lookalike - 5% | iOS | LATAM | UGC,142,383.94,1913.94
2025-10-07,FB-100043,UA - Prospecting - Broad | Android | EU | Static,120,347.56,1390.59
2025-10-07,FB-100044,UA - Retargeting - Value | iOS | US | Playables,12,68.93,309.77
2025-10-07,FB-100045,UA - Prospecting - Broad | Android | US | Video,16,65.88,217.8
2025-10-07,FB-100046,UA - Lookalike - 1% | Android | US | Video,180,587.79,2390.54
2025-10-07,FB-100047,UA - Lookalike - 1% | Android | MENA | Static,55,126.35,573.0
2025-10-07,FB-100048,UA - Retargeting - Value | iOS | EU | Playables,22,99.35,501.52
2025-10-07,FB-100049,UA - Lookalike - 5% | iOS | EU | UGC,37,151.23,461.1
2025-10-07,FB-100050,UA - Lookalike - 5% | Android | US | Video,49,154.02,566.18
2025-10-07,FB-100051,UA - Lookalike - 5% | iOS | APAC | UGC,18,55.11,276.76
2025-10-07,FB-100052,UA - Lookalike - 5% | Android | US | Video,39,116.31,504.09
2025-10-07,FB-100053,UA - Retargeting - Value | iOS | US | Static,71,348.0,2088.0
2025-10-07,FB-100054,UA - Retargeting - Value | Android | MENA | UGC,29,122.56,600.18
2025-10-07,FB-100055,UA - Lookalike - 5% | iOS | EU | Carousel,102,334.99,1799.23
2025-10-07,FB-100056,UA - Prospecting - Broad | Android | US | UGC,73,190.7,858.91
2025-10-07,FB-100057,UA - Prospecting - Broad | Android | MENA | Video,15,54.19,208.74
2025-10-07,FB-100058,UA - Lookalike - 5% | Android | EU | UGC,91,253.28,830.0
2025-10-07,FB-100059,UA - Prospecting - Broad | iOS | EU | UGC,28,121.08,540.62
2025-10-07,FB-100060,UA - Lookalike - 5% | Android | APAC | Video,104,309.34,1173.33
2025-10-07,FB-100061,UA - Lookalike - 5% | iOS | APAC | Carousel,174,559.18,2608.02
2025-10-07,FB-100062,UA - Lookalike - 1% | iOS | EU | Static,48,211.39,936.88
2025-10-07,FB-100063,UA - Prospecting - Broad | Android | US | Playables,69,216.41,1086.81
2025-10-07,FB-100064,UA - Lookalike - 5% | iOS | US | Video,22,81.26,308.71
2025-10-07,FB-100065,UA - Prospecting - Broad | Android | US | Playables,80,316.69,1215.77
2025-10-07,FB-100066,UA - Prospecting - Broad | Android | US | Playables,145,376.46,1541.98
2025-10-07,FB-100067,UA - Retargeting - Value | Android | APAC | Video,37,127.74,630.78
2025-10-07,FB-100068,UA - Lookalike - 5% | Android | MENA | Video,86,309.46,954.37
2025-10-07,FB-100069,UA - Lookalike - 1% | iOS | LATAM | Static,9,38.48,130.91
2025-10-07,FB-100070,UA - Retargeting - Value | Android | LATAM | UGC,243,1010.64,5132.03
2025-10-07,FB-100071,UA - Prospecting - Broad | iOS | APAC | Carousel,72,227.68,1237.67
2025-10-07,FB-100072,UA - Prospecting - Broad | Android | APAC | Playables,78,170.96,680.76
2025-10-07,FB-100073,UA - Lookalike - 1% | Android | MENA | Static,51,110.94,561.36
2025-10-07,FB-100074,UA - Retargeting - Value | Android | LATAM | Video,14,51.76,222.0
2025-10-07,FB-100075,UA - Lookalike - 5% | iOS | LATAM | Static,103,389.72,1546.8
2025-10-07,FB-100076,UA - Prospecting - Broad | iOS | MENA | Playables,23,96.01,423.5
2025-10-07,FB-100077,UA - Lookalike - 1% | iOS | US | Static,26,120.03,484.32
2025-10-07,FB-100078,UA - Retargeting - Value | Android | US | Playables,15,69.36,416.16
2025-10-07,FB-100079,UA - Retargeting - Value | iOS | LATAM | Playables,22,109.07,445.77
2025-10-07,FB-100080,UA - Lookalike - 5% | iOS | EU | Carousel,25,97.45,523.6
2025-10-07,FB-100081,UA - Lookalike - 5% | iOS | US | Video,21,66.29,312.09
2025-10-07,FB-100082,UA - Lookalike - 1% | iOS | US | Video,44,203.05,653.41
2025-10-07,FB-100083,UA - Lookalike - 5% | Android | LATAM | Static,264,1012.26,3068.16
2025-10-07,FB-100084,UA - Prospecting - Broad | iOS | MENA | Video,24,87.97,476.09
2025-10-07,FB-100085,UA - Prospecting - Broad | Android | EU | Playables,36,152.46,792.79
2025-10-07,FB-100086,UA - Retargeting - Value | iOS | MENA | Playables,49,198.74,1102.21
2025-10-07,FB-100087,UA - Lookalike - 1% | iOS | EU | Video,59,258.48,807.23
2025-10-07,FB-100088,UA - Retargeting - Value | iOS | US | Carousel,27,146.76,880.56
2025-10-07,FB-100089,UA - Lookalike - 5% | Android | US | Carousel,72,287.09,1416.79
2025-10-07,FB-100090,UA - Retargeting - Value | Android | EU | Static,38,154.44,804.79
2025-10-07,FB-100091,UA - Lookalike - 1% | iOS | US | Static,42,131.51,627.83
2025-10-07,FB-100092,UA - Retargeting - Value | iOS | EU | Carousel,14,58.12,240.85
2025-10-07,FB-100093,UA - Lookalike - 5% | Android | APAC | Video,63,172.41,717.4
2025-10-07,FB-100094,UA - Lookalike - 1% | Android | EU | UGC,55,243.16,1017.87
2025-10-07,FB-100095,UA - Prospecting - Broad | iOS | EU | Static,129,601.36,1939.99
2025-10-07,FB-100096,UA - Lookalike - 1% | Android | APAC | Carousel,84,205.82,723.87
2025-10-07,FB-100097,UA - Lookalike - 5% | Android | LATAM | Carousel,164,551.76,2309.12
2025-10-07,FB-100098,UA - Lookalike - 1% | iOS | US | Video,126,557.61,2661.47
2025-10-07,FB-100099,UA - Prospecting - Broad | Android | MENA | Carousel,89,216.84,814.23
2025-10-07,FB-100100,UA - Lookalike - 1% | Android | MENA | UGC,104,382.6,1684.97
2025-10-07,FB-100101,UA - Prospecting - Broad | iOS | APAC | Playables,66,209.39,772.86
2025-10-07,FB-100102,UA - Lookalike - 1% | iOS | MENA | Static,84,296.91,1069.17
2025-10-07,FB-100103,UA - Retargeting - Value | Android | APAC | Video,23,77.95,339.08
2025-10-07,FB-100104,UA - Lookalike - 1% | iOS | APAC | Video,77,282.28,1548.87
2025-10-07,FB-100105,UA - Lookalike - 1% | iOS | US | Carousel,129,551.68,2310.99
2025-10-07,FB-100106,UA - Lookalike - 1% | iOS | LATAM | UGC,99,305.67,1276.78
2025-10-07,FB-100107,UA - Lookalike - 5% | Android | EU | UGC,111,487.71,2559.99
2025-10-07,FB-100108,UA - Lookalike - 1% | Android | MENA | Playables,57,156.37,698.04
2025-10-07,FB-100109,UA - Lookalike - 1% | iOS | MENA | Video,19,69.55,316.59
2025-10-07,FB-100110,UA - Lookalike - 1% | iOS | EU | UGC,39,184.93,624.51
2025-10-07,FB-100111,UA - Retargeting - Value | iOS | APAC | UGC,100,522.33,2276.31
2025-10-07,FB-100112,UA - Lookalike - 1% | iOS | EU | Video,89,277.32,1145.33
2025-10-07,FB-100113,UA - Lookalike - 1% | iOS | US | Static,48,219.38,1085.71
2025-10-07,FB-100114,UA - Prospecting - Broad | Android | EU | Static,74,264.0,1274.33
2025-10-07,FB-100115,UA - Prospecting - Broad | Android | EU | UGC,173,438.69,1320.46
2025-10-07,FB-100116,UA - Retargeting - Value | iOS | APAC | Playables,30,115.87,482.37
2025-10-07,FB-100117,UA - Retargeting - Value | iOS | APAC | UGC,8,34.39,174.84
2025-10-07,FB-100118,UA - Lookalike - 5% | Android | US | Video,156,672.95,3384.94
2025-10-07,FB-100119,UA - Lookalike - 5% | Android | EU | Playables,71,180.61,769.76
2025-10-07,FB-100120,UA - Prospecting - Broad | Android | MENA | Static,158,512.92,2300.45
2025-10-07,FB-100121,UA - Lookalike - 1% | iOS | EU | UGC,91,294.08,1208.96
2025-10-07,FB-100122,UA - Lookalike - 5% | iOS | MENA | Playables,122,407.69,1325.81
2025-10-07,FB-100123,UA - Lookalike - 5% | iOS | EU | UGC,113,542.08,2319.56
2025-10-07,FB-100124,UA - Lookalike - 5% | iOS | EU | Carousel,85,396.36,2153.42
2025-10-07,FB-100125,UA - Prospecting - Broad | Android | LATAM | UGC,25,95.52,450.95
2025-10-07,FB-100126,UA - Lookalike - 1% | iOS | EU | Carousel,13,51.85,278.64
2025-10-07,FB-100127,UA - Retargeting - Value | iOS | MENA | Video,66,299.55,1540.29
2025-10-07,FB-100128,UA - Retargeting - Value | Android | EU | UGC,25,99.26,564.99
2025-10-07,FB-100129,UA - Lookalike - 5% | Android | US | UGC,125,314.91,1053.69
2025-10-07,FB-100130,UA - Lookalike - 5% | iOS | MENA | UGC,53,172.0,663.4
2025-10-07,FB-100131,UA - Lookalike - 5% | Android | EU | UGC,47,182.35,765.14
2025-10-07,FB-100132,UA - Lookalike - 5% | Android | MENA | UGC,47,173.37,565.01
2025-10-07,FB-100133,UA - Lookalike - 5% | Android | LATAM | Carousel,191,615.52,3045.59
2025-10-07,FB-100134,UA - Retargeting - Value | iOS | MENA | Playables,45,190.18,1141.08
2025-10-07,FB-100135,UA - Lookalike - 5% | iOS | EU | Carousel,50,236.84,1021.25
2025-10-07,FB-100136,UA - Lookalike - 1% | iOS | US | UGC,82,358.87,1631.42
2025-10-07,FB-100137,UA - Retargeting - Value | iOS | EU | UGC,17,85.56,374.07
2025-10-07,FB-100138,UA - Prospecting - Broad | Android | APAC | Playables,168,493.68,2093.2
2025-10-07,FB-100139,UA - Lookalike - 5% | Android | APAC | Static,25,63.91,272.7
2025-10-07,FB-100140,UA - Lookalike - 5% | Android | US | Carousel,79,211.4,897.6
2025-10-07,FB-100141,UA - Lookalike - 1% | iOS | EU | UGC,69,262.68,811.68
2025-10-07,FB-100142,UA - Lookalike - 5% | iOS | APAC | Carousel,59,213.86,991.45
2025-10-07,FB-100143,UA - Prospecting - Broad | iOS | US | UGC,61,286.0,1095.38
2025-10-07,FB-100144,UA - Prospecting - Broad | Android | LATAM | Static,76,252.15,757.71
2025-10-07,FB-100145,UA - Retargeting - Value | Android | US | Static,27,107.94,460.47
2025-10-07,FB-100146,UA - Retargeting - Value | Android | MENA | Static,79,248.2,1067.76
2025-10-07,FB-100147,UA - Retargeting - Value | Android | APAC | Video,66,226.11,1332.47
2025-10-07,FB-100148,UA - Retargeting - Value | iOS | LATAM | Carousel,100,442.86,2329.44
2025-10-07,FB-100149,UA - Prospecting - Broad | Android | EU | Carousel,150,504.84,2253.1
2025-10-07,FB-100150,UA - Lookalike - 5% | Android | LATAM | Playables,132,291.34,1352.98
2025-10-07,FB-100151,UA - Retargeting - Value | iOS | EU | Video,42,208.66,1195.83
2025-10-07,FB-100152,UA - Prospecting - Broad | Android | LATAM | Playables,77,246.78,1287.2
2025-10-07,FB-100153,UA - Lookalike - 5% | Android | LATAM | Playables,139,482.83,2116.73
2025-10-07,FB-100154,UA - Lookalike - 1% | iOS | US | Playables,138,610.07,3317.56
2025-10-07,FB-100155,UA - Prospecting - Broad | Android | APAC | UGC,69,242.99,1070.61
2025-10-07,FB-100156,UA - Retargeting - Value | iOS | LATAM | UGC,31,155.16,784.49
2025-10-07,FB-100157,UA - Lookalike - 1% | iOS | EU | Playables,21,65.38,239.75
2025-10-07,FB-100158,UA - Lookalike - 1% | iOS | APAC | UGC,37,107.6,468.38
2025-10-07,FB-100159,UA - Lookalike - 1% | iOS | EU | Video,27,111.34,396.48
2025-10-07,FB-100160,UA - Lookalike - 5% | iOS | EU | UGC,76,235.14,929.74
2025-10-07,FB-100161,UA - Lookalike - 1% | iOS | US | UGC,66,205.1,996.58
2025-10-07,FB-100162,UA - Lookalike - 1% | Android | APAC | Static,99,338.49,1326.54
2025-10-07,FB-100163,UA - Lookalike - 1% | iOS | LATAM | Carousel,84,242.51,999.63
2025-10-07,FB-100164,UA - Prospecting - Broad | Android | MENA | Static,51,130.47,477.65
2025-10-07,FB-100165,UA - Retargeting - Value | Android | APAC | UGC,10,46.25,189.62
2025-10-07,FB-100166,UA - Prospecting - Broad | iOS | APAC | UGC,150,611.97,2677.37
2025-10-07,FB-100167,UA - Lookalike - 5% | Android | LATAM | Static,51,155.1,770.23
2025-10-07,FB-100168,UA - Lookalike - 1% | Android | LATAM | Playables,163,433.92,1620.26
2025-10-07,FB-100169,UA - Lookalike - 1% | iOS | MENA | Playables,138,552.59,2554.62
2025-10-07,FB-100170,UA - Lookalike - 1% | iOS | MENA | Carousel,111,286.36,1493.08
2025-10-07,FB-100171,UA - Lookalike - 1% | iOS | LATAM | Carousel,33,130.28,398.92
2025-10-07,FB-100172,UA - Lookalike - 1% | Android | US | Static,49,186.35,708.32
2025-10-07,FB-100173,UA - Retargeting - Value | Android | MENA | Static,22,83.96,467.41
2025-10-07,FB-100174,UA - Lookalike - 1% | Android | APAC | Carousel,109,398.67,2071.89
2025-10-07,FB-100175,UA - Retargeting - Value | Android | EU | Carousel,120,554.65,2251.32
2025-10-07,FB-100176,UA - Prospecting - Broad | iOS | EU | Carousel,16,74.29,392.03
2025-10-07,FB-100177,UA - Prospecting - Broad | Android | LATAM | Video,47,130.61,430.49
2025-10-07,FB-100178,UA - Prospecting - Broad | iOS | EU | UGC,13,48.3,205.61
2025-10-07,FB-100179,UA - Lookalike - 5% | Android | MENA | Carousel,86,331.39,1310.32
2025-10-07,FB-100180,UA - Retargeting - Value | iOS | APAC | Carousel,22,108.88,515.76
2025-10-07,FB-100181,UA - Prospecting - Broad | Android | LATAM | UGC,111,414.51,1915.04
2025-10-07,FB-100182,UA - Prospecting - Broad | Android | APAC | UGC,36,100.38,438.56
2025-10-07,FB-100183,UA - Lookalike - 1% | Android | EU | Static,78,228.03,1200.35
2025-10-07,FB-100184,UA - Lookalike - 5% | Android | EU | Video,49,188.26,831.73
2025-10-07,FB-100185,UA - Lookalike - 5% | Android | MENA | UGC,79,259.85,827.1
2025-10-07,FB-100186,UA - Lookalike - 5% | iOS | LATAM | Playables,76,292.04,1047.26
2025-10-07,FB-100187,UA - Prospecting - Broad | iOS | MENA | Playables,14,44.19,205.44
2025-10-07,FB-100188,UA - Lookalike - 1% | Android | EU | Static,140,437.7,2172.74
2025-10-07,FB-100189,UA - Retargeting - Value | Android | EU | Static,36,165.93,801.28
2025-10-07,FB-100190,UA - Lookalike - 5% | Android | EU | Video,40,106.56,394.49
2025-10-07,FB-100191,UA - Lookalike - 1% | iOS | MENA | UGC,54,202.67,976.67
2025-10-07,FB-100192,UA - Lookalike - 1% | Android | EU | Carousel,199,582.17,1800.07
2025-10-07,FB-100193,UA - Lookalike - 1% | iOS | US | Static,39,128.59,511.92
2025-10-07,FB-100194,UA - Retargeting - Value | Android | APAC | Video,93,323.43,1302.13
2025-10-07,FB-100195,UA - Prospecting - Broad | Android | LATAM | Static,62,217.89,730.15
2025-10-07,FB-100196,UA - Lookalike - 1% | Android | EU | Carousel,70,306.49,950.43
2025-10-07,FB-100197,UA - Lookalike - 1% | iOS | US | UGC,80,346.98,1490.28
2025-10-07,FB-100198,UA - Lookalike - 5% | iOS | LATAM | Playables,34,92.02,498.84
2025-10-07,FB-100199,UA - Prospecting - Broad | iOS | US | Playables,57,236.0,930.31
2025-10-07,FB-100200,UA - Lookalike - 1% | iOS | LATAM | Playables,45,132.56,532.23
2025-10-07,FB-100201,UA - Prospecting - Broad | Android | US | Static,177,444.84,2315.39
2025-10-07,FB-100202,UA - Retargeting - Value | iOS | MENA | Video,16,71.26,427.56
2025-10-07,FB-100203,UA - Lookalike - 1% | iOS | MENA | UGC,64,246.43,1034.51
2025-10-07,FB-100204,UA - Lookalike - 5% | Android | MENA | UGC,29,65.81,281.8
2025-10-07,FB-100205,UA - Lookalike - 5% | Android | APAC | Carousel,57,172.9,694.02
2025-10-07,FB-100206,UA - Retargeting - Value | iOS | LATAM | Video,126,464.08,2559.87
2025-10-07,FB-100207,UA - Lookalike - 1% | iOS | APAC | UGC,36,100.27,446.9
2025-10-07,FB-100208,UA - Lookalike - 5% | iOS | MENA | Video,101,373.0,1183.16
2025-10-07,FB-100209,UA - Lookalike - 1% | Android | LATAM | Carousel,20,76.37,359.78
2025-10-07,FB-100210,UA - Prospecting - Broad | Android | APAC | Playables,66,202.15,986.69
2025-10-07,FB-100211,UA - Retargeting - Value | iOS | APAC | Video,12,39.03,234.18
2025-10-07,FB-100212,UA - Lookalike - 5% | iOS | MENA | UGC,72,315.13,1325.12
2025-10-07,FB-100213,UA - Retargeting - Value | Android | EU | Carousel,59,290.54,1580.54
2025-10-07,FB-100214,UA - Prospecting - Broad | iOS | APAC | UGC,16,57.4,209.22
2025-10-07,FB-100215,UA - Retargeting - Value | Android | MENA | Static,6,22.74,112.29
2025-10-07,FB-100216,UA - Lookalike - 5% | iOS | MENA | Video,70,211.58,918.26
2025-10-07,FB-100217,UA - Lookalike - 5% | Android | EU | Video,289,840.24,3680.25
2025-10-07,FB-100218,UA - Lookalike - 1% | Android | EU | UGC,130,526.29,2102.53
2025-10-07,FB-100219,UA - Lookalike - 5% | iOS | APAC | UGC,18,73.19,393.25
2025-10-07,FB-100220,UA - Retargeting - Value | Android | APAC | Playables,98,279.7,1390.95
2025-10-07,FB-100221,UA - Retargeting - Value | iOS | EU | Playables,72,356.44,1504.18
2025-10-07,FB-100222,UA - Lookalike - 1% | Android | LATAM | UGC,151,500.17,1858.63
2025-10-07,FB-100223,UA - Lookalike - 1% | iOS | US | Carousel,189,753.86,2281.93
2025-10-07,FB-100224,UA - Lookalike - 5% | iOS | EU | UGC,166,729.89,3312.24
2025-10-07,FB-100225,UA - Lookalike - 5% | iOS | LATAM | Playables,54,144.38,532.76
2025-10-07,FB-100226,UA - Retargeting - Value | iOS | LATAM | Static,9,45.8,246.13
2025-10-07,FB-100227,UA - Prospecting - Broad | iOS | EU | UGC,94,435.31,1552.32
2025-10-07,FB-100228,UA - Lookalike - 5% | iOS | APAC | UGC,49,177.25,754.73
2025-10-07,FB-100229,UA - Retargeting - Value | Android | APAC | Video,30,114.77,686.67
2025-10-07,FB-100230,UA - Prospecting - Broad | iOS | US | UGC,25,113.78,535.22
2025-10-07,FB-100231,UA - Lookalike - 5% | iOS | US | Static,132,497.02,2471.18
2025-10-07,FB-100232,UA - Lookalike - 1% | Android | US | UGC,105,409.67,1498.57
2025-10-07,FB-100233,UA - Prospecting - Broad | iOS | MENA | UGC,94,339.26,1169.09
2025-10-07,FB-100234,UA - Lookalike - 1% | iOS | MENA | UGC,98,282.27,1367.03
2025-10-07,FB-100235,UA - Prospecting - Broad | iOS | MENA | Video,28,116.76,594.43
2025-10-07,FB-100236,UA - Prospecting - Broad | Android | LATAM | Static,45,90.59,465.9
2025-10-07,FB-100237,UA - Lookalike - 5% | iOS | US | Video,127,609.12,3168.64
2025-10-07,FB-100238,UA - Prospecting - Broad | Android | LATAM | Video,35,122.51,406.86
2025-10-07,FB-100239,UA - Lookalike - 1% | iOS | US | Carousel,101,373.15,1922.1
2025-10-07,FB-100240,UA - Retargeting - Value | iOS | APAC | Static,11,50.58,250.32
2025-10-07,FB-100241,UA - Retargeting - Value | iOS | MENA | Static,12,45.31,211.78
2025-10-07,FB-100242,UA - Lookalike - 5% | Android | US | Playables,85,274.57,1098.55
2025-10-07,FB-100243,UA - Retargeting - Value | Android | APAC | Playables,55,240.81,1397.18
2025-10-07,FB-100244,UA - Lookalike - 5% | Android | APAC | Carousel,199,586.25,1772.82
2025-10-07,FB-100245,UA - Lookalike - 1% | iOS | US | UGC,69,280.69,1063.53
2025-10-07,FB-100246,UA - Lookalike - 1% | Android | US | UGC,44,128.96,468.9
2025-10-07,FB-100247,UA - Lookalike - 5% | iOS | APAC | Carousel,124,399.35,1754.74
2025-10-07,FB-100248,UA - Lookalike - 5% | iOS | EU | UGC,94,390.45,1805.83
2025-10-07,FB-100249,UA - Lookalike - 1% | Android | EU | UGC,51,179.57,886.54
2025-10-07,FB-100250,UA - Lookalike - 5% | iOS | LATAM | Video,119,449.96,2394.24
2025-10-07,FB-100251,UA - Prospecting - Broad | iOS | US | Playables,42,132.64,511.86
2025-10-07,FB-100252,UA - Lookalike - 1% | iOS | LATAM | Static,60,243.71,1303.12
2025-10-07,FB-100253,UA - Lookalike - 1% | Android | EU | Playables,163,685.97,2272.62
2025-10-07,FB-100254,UA - Lookalike - 1% | Android | US | Video,72,193.76,1035.07
2025-10-07,FB-100255,UA - Lookalike - 1% | iOS | US | Playables,127,633.98,2066.77
2025-10-07,FB-100256,UA - Lookalike - 1% | Android | US | Carousel,76,257.36,853.41
2025-10-07,FB-100257,UA - Retargeting - Value | iOS | EU | Static,15,83.71,502.26
2025-10-07,FB-100258,UA - Lookalike - 1% | iOS | MENA | Playables,22,78.73,352.47
2025-10-07,FB-100259,UA - Lookalike - 1% | Android | LATAM | UGC,152,498.5,2160.5
2025-10-07,FB-100260,UA - Prospecting - Broad | iOS | US | UGC,34,112.59,340.7
2025-10-07,FB-100261,UA - Lookalike - 1% | Android | EU | UGC,40,142.81,673.92
2025-10-07,FB-100262,UA - Lookalike - 1% | Android | APAC | Video,59,212.02,926.74
2025-10-07,FB-100263,UA - Lookalike - 1% | Android | APAC | Carousel,63,216.08,997.21
2025-10-07,FB-100264,UA - Retargeting - Value | iOS | LATAM | Video,14,62.67,359.41
2025-10-07,FB-100265,UA - Lookalike - 1% | iOS | US | Playables,46,155.3,492.46
2025-10-07,FB-100266,UA - Lookalike - 1% | Android | US | UGC,124,389.52,1316.58
2025-10-07,FB-100267,UA - Prospecting - Broad | iOS | US | Static,146,474.51,1943.59
2025-10-07,FB-100268,UA - Prospecting - Broad | Android | LATAM | UGC,36,107.88,423.75
2025-10-07,FB-100269,UA - Retargeting - Value | Android | EU | Playables,34,120.43,561.93
2025-10-07,FB-100270,UA - Lookalike - 5% | iOS | APAC | Carousel,22,55.55,301.97
2025-10-07,FB-100271,UA - Lookalike - 5% | Android | APAC | Video,226,901.54,3153.59
2025-10-07,FB-100272,UA - Lookalike - 1% | iOS | LATAM | Video,70,306.07,1039.72
2025-10-07,FB-100273,UA - Retargeting - Value | Android | APAC | UGC,50,185.62,881.14
2025-10-07,FB-100274,UA - Lookalike - 1% | iOS | US | Carousel,45,136.35,679.84
2025-10-07,FB-100275,UA - Retargeting - Value | Android | APAC | Carousel,41,160.4,918.61
2025-10-07,FB-100276,UA - Retargeting - Value | Android | APAC | Video,58,198.75,1192.5
2025-10-07,FB-100277,UA - Retargeting - Value | Android | US | Carousel,41,177.23,756.42
2025-10-07,FB-100278,UA - Prospecting - Broad | Android | MENA | Static,42,145.59,444.49
2025-10-07,FB-100279,UA - Retargeting - Value | Android | MENA | Static,25,104.08,561.82
2025-10-07,FB-100280,UA - Prospecting - Broad | iOS | EU | Playables,25,118.38,532.35
2025-10-07,FB-100281,UA - Lookalike - 1% | iOS | EU | Static,87,403.58,1757.19
2025-10-07,FB-100282,UA - Retargeting - Value | Android | US | Video,34,135.26,750.69
2025-10-07,FB-100283,UA - Lookalike - 1% | Android | LATAM | Static,153,364.09,1714.14
2025-10-07,FB-100284,UA - Prospecting - Broad | Android | EU | Carousel,38,145.08,451.05
2025-10-07,FB-100285,UA - Prospecting - Broad | Android | APAC | Playables,26,61.96,190.84
2025-10-07,FB-100286,UA - Lookalike - 1% | Android | APAC | UGC,78,190.43,913.11
2025-10-07,FB-100287,UA - Retargeting - Value | Android | APAC | Playables,10,44.14,228.2
2025-10-07,FB-100288,UA - Lookalike - 5% | Android | MENA | Carousel,131,277.27,1259.36
2025-10-07,FB-100289,UA - Lookalike - 5% | Android | US | UGC,100,293.18,1260.38
2025-10-07,FB-100290,UA - Lookalike - 5% | iOS | US | UGC,97,474.81,2087.26
2025-10-07,FB-100291,UA - Retargeting - Value | Android | US | Carousel,70,321.93,1853.03
2025-10-07,FB-100292,UA - Lookalike - 1% | Android | EU | Carousel,102,363.92,1637.64
2025-10-07,FB-100293,UA - Lookalike - 1% | iOS | MENA | Playables,118,494.38,1992.85
2025-10-07,FB-100294,UA - Lookalike - 5% | iOS | MENA | Playables,40,144.02,700.08
2025-10-07,FB-100295,UA - Retargeting - Value | Android | US | Playables,28,92.94,437.84
2025-10-07,FB-100296,UA - Lookalike - 5% | iOS | APAC | Static,192,600.92,2961.93
2025-10-07,FB-100297,UA - Lookalike - 5% | iOS | APAC | UGC,163,593.53,2628.74
2025-10-07,FB-100298,UA - Lookalike - 1% | Android | LATAM | UGC,131,329.14,1234.6
2025-10-07,FB-100299,UA - Lookalike - 5% | iOS | LATAM | Static,51,160.62,675.57
2025-10-07,FB-100300,UA - Prospecting - Broad | Android | US | Video,17,43.77,219.77
2025-10-07,FB-100301,UA - Retargeting - Value | iOS | US | Carousel,43,236.91,1204.92
2025-10-07,FB-100302,UA - Lookalike - 1% | Android | MENA | Playables,202,660.1,3023.26
2025-10-07,FB-100303,UA - Lookalike - 5% | Android | APAC | Carousel,41,108.8,516.15
2025-10-07,FB-100304,UA - Lookalike - 1% | Android | LATAM | Playables,238,518.89,2117.07
2025-10-07,FB-100305,UA - Retargeting - Value | iOS | US | Playables,62,324.92,1744.82
2025-10-07,FB-100306,UA - Prospecting - Broad | Android | APAC | Static,82,196.49,783.6
2025-10-07,FB-100307,UA - Prospecting - Broad | iOS | MENA | Carousel,140,417.84,1531.8
2025-10-07,FB-100308,UA - Lookalike - 5% | iOS | MENA | Static,40,115.24,444.94
2025-10-07,FB-100309,UA - Prospecting - Broad | Android | MENA | Carousel,52,189.45,948.58
2025-10-07,FB-100310,UA - Lookalike - 1% | Android | LATAM | Carousel,115,397.56,1278.16
2025-10-07,FB-100311,UA - Retargeting - Value | iOS | US | Static,39,211.18,996.56
2025-10-07,FB-100312,UA - Prospecting - Broad | iOS | US | Static,21,71.9,313.92
2025-10-07,FB-100313,UA - Lookalike - 5% | Android | MENA | Static,232,786.5,3673.74
2025-10-07,FB-100314,UA - Retargeting - Value | iOS | APAC | Carousel,9,41.79,195.49
2025-10-07,FB-100315,UA - Prospecting - Broad | iOS | LATAM | Carousel,24,91.82,484.99
2025-10-07,FB-100316,UA - Prospecting - Broad | Android | EU | Static,41,144.2,688.41
2025-10-07,FB-100317,UA - Lookalike - 5% | Android | LATAM | UGC,153,366.86,1987.28
2025-10-07,FB-100318,UA - Lookalike - 5% | iOS | MENA | UGC,17,67.81,206.55
2025-10-07,FB-100319,UA - Prospecting - Broad | iOS | EU | Playables,34,168.54,621.91
2025-10-07,FB-100320,UA - Lookalike - 1% | iOS | APAC | Video,149,655.33,2335.6
2025-10-07,FB-100321,UA - Prospecting - Broad | iOS | MENA | Carousel,19,67.29,315.93
2025-10-07,FB-100322,UA - Prospecting - Broad | Android | APAC | Playables,78,250.43,1032.52
2025-10-07,FB-100323,UA - Retargeting - Value | Android | EU | Carousel,14,51.16,222.29
2025-10-07,FB-100324,UA - Lookalike - 1% | Android | LATAM | Carousel,147,486.94,2148.38
2025-10-07,FB-100325,UA - Lookalike - 5% | Android | US | UGC,34,97.52,497.25
2025-10-07,FB-100326,UA - Retargeting - Value | Android | EU | UGC,47,222.84,1337.04
2025-10-07,FB-100327,UA - Prospecting - Broad | iOS | US | UGC,26,84.84,260.03
2025-10-07,FB-100328,UA - Prospecting - Broad | iOS | US | UGC,102,311.32,995.91
2025-10-07,FB-100329,UA - Lookalike - 5% | iOS | MENA | UGC,127,482.49,1669.42
2025-10-07,FB-100330,UA - Lookalike - 5% | iOS | LATAM | Video,33,143.58,771.74
2025-10-07,FB-100331,UA - Lookalike - 5% | Android | LATAM | Static,55,129.48,697.51
2025-10-07,FB-100332,UA - Prospecting - Broad | iOS | US | UGC,61,277.7,1255.2
2025-10-07,FB-100333,UA - Lookalike - 5% | Android | APAC | Playables,129,405.56,1760.13
2025-10-07,FB-100334,UA - Lookalike - 1% | Android | APAC | Carousel,38,142.71,515.75
2025-10-07,FB-100335,UA - Prospecting - Broad | Android | LATAM | Static,16,56.48,305.33
2025-10-07,FB-100336,UA - Retargeting - Value | Android | MENA | Playables,60,200.33,1201.98
2025-10-07,FB-100337,UA - Retargeting - Value | iOS | LATAM | Static,61,209.28,1099.14
2025-10-07,FB-100338,UA - Retargeting - Value | Android | EU | Carousel,74,244.19,1253.67
2025-10-07,FB-100339,UA - Prospecting - Broad | Android | MENA | Static,208,550.8,2545.25
2025-10-07,FB-100340,UA - Lookalike - 5% | Android | APAC | UGC,135,293.03,1397.17
2025-10-07,FB-100341,UA - Lookalike - 5% | iOS | LATAM | Static,78,280.85,873.44
2025-10-07,FB-100342,UA - Lookalike - 1% | Android | APAC | UGC,79,279.53,874.37
2025-10-07,FB-100343,UA - Lookalike - 1% | iOS | MENA | Video,130,371.98,1951.41
2025-10-07,FB-100344,UA - Lookalike - 5% | Android | LATAM | UGC,116,419.33,1895.37
2025-10-07,FB-100345,UA - Lookalike - 1% | Android | US | Carousel,109,368.83,1660.84
2025-10-07,FB-100346,UA - Lookalike - 5% | Android | US | Playables,211,605.51,1900.09
2025-10-07,FB-100347,UA - Prospecting - Broad | iOS | MENA | Playables,10,37.07,141.9
2025-10-07,FB-100348,UA - Lookalike - 1% | iOS | MENA | Static,81,315.88,1399.66
2025-10-07,FB-100349,UA - Prospecting - Broad | iOS | MENA | Static,80,205.74,1012.45
2025-10-07,GG-200000,Search - Brand - Exact | iOS | US | Carousel,59,232.55,652.3
2025-10-07,GG-200001,UAC - Value | Android | US | Static,292,1071.09,4439.67
2025-10-07,GG-200002,Search - Non-Brand - Broad | iOS | MENA | Playables,25,101.91,434.85
2025-10-07,GG-200003,UAC - Value | iOS | LATAM | Carousel,50,224.83,1348.98
2025-10-07,GG-200004,Search - Brand - Exact | iOS | LATAM | Playables,60,177.92,573.97
2025-10-07,GG-200005,Search - Brand - Exact | iOS | US | Carousel,25,111.87,337.62
2025-10-07,GG-200006,Search - Non-Brand - Broad | iOS | LATAM | Carousel,29,109.65,463.27
2025-10-07,GG-200007,Search - Non-Brand - Broad | iOS | US | Playables,22,99.75,277.8
2025-10-07,GG-200008,Search - Non-Brand - Broad | iOS | LATAM | UGC,57,237.56,1141.71
2025-10-07,GG-200009,UAC - Value | Android | LATAM | Playables,102,312.2,1608.45
2025-10-07,GG-200010,Search - Brand - Exact | iOS | EU | Playables,110,444.63,1739.39
2025-10-07,GG-200011,Search - Brand - Exact | iOS | MENA | Carousel,12,37.96,181.83
2025-10-07,GG-200012,Search - Non-Brand - Broad | iOS | LATAM | Static,26,92.78,270.45
2025-10-07,GG-200013,Search - Non-Brand - Broad | iOS | APAC | Static,23,71.68,332.95
2025-10-07,GG-200014,UAC - Installs | Android | EU | Video,70,217.37,937.52
2025-10-07,GG-200015,Search - Brand - Exact | Android | MENA | Playables,15,32.78,123.42
2025-10-07,GG-200016,UAC - Value | iOS | MENA | Static,92,356.1,1715.69
2025-10-07,GG-200017,Search - Non-Brand - Broad | Android | EU | Static,55,246.7,743.31
2025-10-07,GG-200018,UAC - Installs | iOS | US | UGC,150,704.43,3648.95
2025-10-07,GG-200019,UAC - Installs | Android | APAC | Playables,82,286.27,874.84
2025-10-07,GG-200020,Search - Non-Brand - Broad | iOS | EU | Playables,26,118.19,493.8
2025-10-07,GG-200021,UAC - Installs | iOS | APAC | Static,34,123.06,400.68
2025-10-07,GG-200022,UAC - Value | iOS | APAC | Carousel,68,244.29,1167.22
2025-10-07,GG-200023,Search - Non-Brand - Broad | iOS | EU | Static,22,105.75,277.7
2025-10-07,GG-200024,UAC - Installs | iOS | US | UGC,113,494.96,2036.76
2025-10-07,GG-200025,UAC - Installs | Android | MENA | Video,94,340.15,1087.12
2025-10-07,GG-200026,UAC - Value | Android | EU | Carousel,285,981.68,4688.5
2025-10-07,GG-200027,Search - Non-Brand - Broad | Android | APAC | Video,51,116.66,552.85
2025-10-07,GG-200028,UAC - Value | iOS | LATAM | Video,64,249.57,1302.51
2025-10-07,GG-200029,UAC - Installs | Android | APAC | Playables,111,284.66,1102.2
2025-10-07,GG-200030,UAC - Installs | Android | APAC | Video,55,117.8,442.34
2025-10-07,GG-200031,Search - Brand - Exact | Android | US | Carousel,33,92.99,344.62
2025-10-07,GG-200032,Search - Brand - Exact | iOS | EU | Static,110,405.28,1716.36
2025-10-07,GG-200033,UAC - Value | iOS | APAC | Static,100,492.35,2110.21
2025-10-07,GG-200034,Search - Brand - Exact | iOS | MENA | Video,17,62.84,264.81
2025-10-07,GG-200035,Search - Non-Brand - Broad | Android | LATAM | Static,44,93.41,284.34
2025-10-07,GG-200036,Search - Non-Brand - Broad | iOS | US | Carousel,104,406.21,1311.65
2025-10-07,GG-200037,Search - Non-Brand - Broad | iOS | US | Video,47,169.18,758.94
2025-10-07,GG-200038,Search - Brand - Exact | iOS | MENA | UGC,74,271.25,1092.87
2025-10-07,GG-200039,Search - Brand - Exact | Android | APAC | Playables,39,148.29,729.59
2025-10-07,GG-200040,UAC - Value | Android | EU | Carousel,220,904.95,4954.6
2025-10-07,GG-200041,Search - Non-Brand - Broad | Android | MENA | Carousel,59,142.92,419.33
2025-10-07,GG-200042,UAC - Installs | iOS | EU | Video,160,759.28,2516.25
2025-10-07,GG-200043,Search - Brand - Exact | Android | MENA | Playables,31,102.79,507.47
2025-10-07,GG-200044,UAC - Value | iOS | APAC | Video,201,1027.23,5709.34
2025-10-07,GG-200045,UAC - Installs | iOS | LATAM | Video,144,425.02,1726.43
2025-10-07,GG-200046,Search - Brand - Exact | Android | LATAM | Static,84,264.83,684.32
2025-10-07,GG-200047,UAC - Installs | iOS | EU | Video,56,275.72,882.3
2025-10-07,GG-200048,UAC - Value | iOS | EU | UGC,103,494.06,2729.68
2025-10-07,GG-200049,UAC - Value | Android | EU | Video,73,337.12,1802.92
2025-10-07,GG-200050,Search - Brand - Exact | Android | LATAM | Static,23,87.68,345.02
2025-10-07,GG-200051,UAC - Installs | Android | US | Carousel,115,326.02,1544.68
2025-10-07,GG-200052,UAC - Installs | iOS | MENA | UGC,111,404.67,1878.07
2025-10-07,GG-200053,UAC - Installs | Android | EU | Carousel,53,145.94,465.84
2025-10-07,GG-200054,Search - Brand - Exact | Android | LATAM | Carousel,52,166.8,796.47
2025-10-07,GG-200055,UAC - Value | iOS | APAC | UGC,81,390.02,1790.19
2025-10-07,GG-200056,UAC - Value | iOS | LATAM | Static,104,508.91,3053.46
2025-10-07,GG-200057,UAC - Installs | iOS | LATAM | Playables,168,663.94,2269.35
2025-10-07,GG-200058,UAC - Value | Android | APAC | Video,50,183.9,954.62
2025-10-07,GG-200059,UAC - Installs | Android | MENA | Carousel,116,390.57,1552.52
2025-10-07,GG-200060,UAC - Installs | Android | US | Carousel,140,438.4,1896.52
2025-10-07,GG-200061,UAC - Value | iOS | APAC | Playables,222,1096.35,6058.43
2025-10-07,GG-200062,UAC - Value | Android | APAC | Carousel,69,253.38,1441.23
2025-10-07,GG-200063,UAC - Value | Android | LATAM | Playables,94,385.91,2315.46
2025-10-07,GG-200064,UAC - Value | iOS | US | Video,53,271.41,1324.21
2025-10-07,GG-200065,Search - Brand - Exact | iOS | MENA | Static,24,62.73,249.98
2025-10-07,GG-200066,Search - Brand - Exact | Android | MENA | UGC,114,365.87,1258.59
2025-10-07,GG-200067,UAC - Installs | Android | US | Static,158,430.03,1488.33
2025-10-07,GG-200068,Search - Brand - Exact | iOS | APAC | Playables,43,167.03,696.35
2025-10-07,GG-200069,UAC - Installs | Android | APAC | Carousel,304,645.94,2565.03
2025-10-07,GG-200070,Search - Non-Brand - Broad | iOS | US | Playables,37,125.85,438.21
2025-10-07,GG-200071,UAC - Installs | iOS | APAC | Carousel,118,439.89,1436.68
2025-10-07,GG-200072,Search - Non-Brand - Broad | Android | US | Video,35,88.81,332.5
2025-10-07,GG-200073,Search - Brand - Exact | iOS | MENA | UGC,23,64.47,214.36
2025-10-07,GG-200074,Search - Non-Brand - Broad | iOS | LATAM | UGC,52,205.69,931.98
2025-10-07,GG-200075,Search - Brand - Exact | iOS | APAC | Static,26,105.55,295.86
2025-10-07,GG-200076,Search - Non-Brand - Broad | Android | US | UGC,9,34.15,116.55
2025-10-07,GG-200077,UAC - Installs | iOS | US | Carousel,140,501.19,1758.17
2025-10-07,GG-200078,UAC - Installs | Android | MENA | Playables,52,175.64,740.5
2025-10-07,GG-200079,UAC - Installs | iOS | EU | Static,69,210.5,1155.86
2025-10-07,GG-200080,Search - Non-Brand - Broad | Android | US | Static,80,329.89,1621.74
2025-10-07,GG-200081,UAC - Installs | Android | APAC | Video,93,261.42,922.55
2025-10-07,GG-200082,Search - Non-Brand - Broad | iOS | APAC | Playables,54,160.16,429.23
2025-10-07,GG-200083,UAC - Value | Android | US | Carousel,68,305.1,1405.6
2025-10-07,GG-200084,UAC - Value | iOS | MENA | UGC,135,603.79,3622.74
2025-10-07,GG-200085,Search - Brand - Exact | Android | EU | Carousel,20,74.63,198.37
2025-10-07,GG-200086,UAC - Installs | iOS | APAC | Playables,127,491.26,2144.35
2025-10-07,GG-200087,Search - Non-Brand - Broad | Android | MENA | Playables,44,103.26,274.47
2025-10-07,GG-200088,Search - Brand - Exact | Android | APAC | Playables,24,75.94,215.14
2025-10-07,GG-200089,UAC - Installs | Android | MENA | Static,246,924.79,2961.18
2025-10-07,GG-200090,Search - Non-Brand - Broad | Android | EU | Carousel,123,502.39,1853.82
2025-10-07,GG-200091,Search - Brand - Exact | iOS | MENA | Carousel,22,65.53,192.4
2025-10-07,GG-200092,UAC - Installs | iOS | EU | Playables,68,244.96,991.35
2025-10-07,GG-200093,Search - Brand - Exact | Android | LATAM | Playables,64,207.22,965.02
2025-10-07,GG-200094,Search - Non-Brand - Broad | Android | MENA | Playables,57,126.85,364.44
2025-10-07,GG-200095,UAC - Installs | Android | MENA | Playables,151,580.64,1820.31
2025-10-07,GG-200096,Search - Brand - Exact | Android | US | Video,57,154.4,406.23
2025-10-07,GG-200097,UAC - Value | iOS | EU | Playables,75,291.88,1339.15
2025-10-07,GG-200098,UAC - Installs | Android | APAC | Playables,97,215.37,768.66
2025-10-07,GG-200099,UAC - Value | iOS | APAC | Static,70,237.8,1299.1
2025-10-07,GG-200100,Search - Brand - Exact | iOS | APAC | Video,29,99.05,295.66
2025-10-07,GG-200101,UAC - Value | Android | APAC | UGC,103,400.39,1882.63
2025-10-07,GG-200102,Search - Non-Brand - Broad | iOS | EU | Carousel,37,122.6,549.98
2025-10-07,GG-200103,UAC - Value | iOS | LATAM | Carousel,197,730.75,3674.94
2025-10-07,GG-200104,Search - Brand - Exact | Android | LATAM | Playables,20,57.12,267.38
2025-10-07,GG-200105,Search - Brand - Exact | iOS | EU | UGC,22,107.64,514.95
2025-10-07,GG-200106,Search - Non-Brand - Broad | iOS | APAC | Static,50,167.57,584.15
2025-10-07,GG-200107,UAC - Value | Android | US | Carousel,86,293.79,1728.37
2025-10-07,GG-200108,UAC - Installs | iOS | EU | Static,55,166.75,779.22
2025-10-07,GG-200109,UAC - Value | iOS | EU | Static,55,313.65,1618.12
2025-10-07,GG-200110,UAC - Value | iOS | APAC | Carousel,120,390.32,2173.3
2025-10-07,GG-200111,UAC - Value | Android | US | UGC,173,822.75,4726.7
2025-10-07,GG-200112,UAC - Installs | Android | EU | Playables,70,305.51,1309.72
2025-10-07,GG-200113,UAC - Value | Android | US | Carousel,80,334.46,1371.95
2025-10-07,GG-200114,Search - Brand - Exact | iOS | LATAM | Playables,51,161.66,622.23
2025-10-07,GG-200115,UAC - Installs | Android | APAC | Static,258,878.67,4290.55
2025-10-07,GG-200116,Search - Brand - Exact | iOS | APAC | Carousel,55,178.51,648.17
2025-10-07,GG-200117,Search - Non-Brand - Broad | iOS | US | Playables,33,153.48,728.88
2025-10-07,GG-200118,Search - Brand - Exact | iOS | MENA | Carousel,65,186.99,880.72
2025-10-07,GG-200119,UAC - Installs | iOS | MENA | UGC,54,143.31,488.97
2025-10-07,GG-200120,UAC - Value | Android | EU | Video,132,538.97,3075.36
2025-10-07,GG-200121,UAC - Installs | iOS | LATAM | Playables,152,386.54,1342.45
2025-10-07,GG-200122,UAC - Value | Android | EU | Playables,266,1213.36,7240.12
2025-10-07,GG-200123,Search - Non-Brand - Broad | Android | US | Video,67,228.87,896.71
2025-10-07,GG-200124,UAC - Value | iOS | APAC | Playables,141,696.68,3045.19
2025-10-07,GG-200125,Search - Non-Brand - Broad | Android | MENA | Playables,44,135.11,399.39
2025-10-07,GG-200126,Search - Non-Brand - Broad | iOS | MENA | Carousel,45,201.94,794.84
2025-10-07,GG-200127,UAC - Installs | iOS | MENA | Carousel,120,459.73,2503.23
2025-10-07,GG-200128,UAC - Value | iOS | MENA | Carousel,116,593.0,3511.15
2025-10-07,GG-200129,Search - Brand - Exact | Android | LATAM | Carousel,74,228.83,862.46
2025-10-07,GG-200130,Search - Brand - Exact | iOS | MENA | Carousel,73,279.87,1259.14
2025-10-07,GG-200131,Search - Non-Brand - Broad | iOS | LATAM | Playables,33,114.11,296.69
2025-10-07,GG-200132,Search - Non-Brand - Broad | Android | MENA | UGC,22,58.36,234.61
2025-10-07,GG-200133,Search - Brand - Exact | iOS | EU | Static,41,139.05,376.69
2025-10-07,GG-200134,UAC - Value | Android | EU | Video,218,971.47,5128.39
2025-10-07,GG-200135,UAC - Value | iOS | APAC | Static,37,151.9,754.18
2025-10-07,GG-200136,UAC - Value | Android | APAC | Playables,147,665.26,3894.43
2025-10-07,GG-200137,Search - Non-Brand - Broad | Android | EU | Playables,36,154.63,668.31
2025-10-07,GG-200138,UAC - Value | iOS | APAC | Playables,54,232.23,1123.76
2025-10-07,GG-200139,UAC - Installs | iOS | EU | UGC,168,718.64,2646.75
2025-10-07,GG-200140,UAC - Value | iOS | LATAM | Playables,99,379.06,1980.97
2025-10-07,GG-200141,UAC - Installs | Android | EU | Carousel,242,963.09,3429.56
2025-10-07,GG-200142,Search - Non-Brand - Broad | Android | LATAM | Carousel,57,189.91,611.32
2025-10-07,GG-200143,UAC - Installs | iOS | LATAM | UGC,65,261.91,1108.67
2025-10-07,GG-200144,UAC - Value | iOS | LATAM | Video,132,610.08,3660.48
2025-10-07,GG-200145,UAC - Installs | iOS | LATAM | Static,137,413.62,1842.26
2025-10-07,GG-200146,UAC - Installs | Android | LATAM | Video,118,386.15,2080.58
2025-10-07,GG-200147,Search - Non-Brand - Broad | iOS | LATAM | UGC,44,127.05,517.09
2025-10-07,GG-200148,UAC - Installs | Android | MENA | Carousel,82,295.18,1085.97
2025-10-07,GG-200149,Search - Non-Brand - Broad | Android | US | Playables,45,125.43,356.47
2025-10-07,GG-200150,Search - Non-Brand - Broad | Android | US | Playables,30,105.2,481.71
2025-10-07,GG-200151,UAC - Value | Android | US | Video,344,1700.08,9828.16
2025-10-07,GG-200152,Search - Non-Brand - Broad | iOS | APAC | Video,17,43.09,145.26
2025-10-07,GG-200153,UAC - Value | Android | MENA | Static,79,299.9,1799.4
2025-10-07,GG-200154,UAC - Installs | iOS | APAC | Static,98,379.86,1431.69
2025-10-07,GG-200155,Search - Brand - Exact | iOS | LATAM | Video,43,117.11,298.28
2025-10-07,GG-200156,Search - Non-Brand - Broad | Android | MENA | Video,36,105.78,504.68
2025-10-07,GG-200157,UAC - Value | iOS | EU | Video,35,139.92,770.12
2025-10-07,GG-200158,Search - Brand - Exact | iOS | EU | Carousel,24,85.32,336.93
2025-10-07,GG-200159,Search - Brand - Exact | Android | LATAM | Playables,61,183.6,490.4
2025-10-07,GG-200160,UAC - Value | iOS | LATAM | UGC,183,870.71,3492.42
2025-10-07,GG-200161,UAC - Installs | Android | MENA | UGC,121,356.88,1693.4
2025-10-07,GG-200162,Search - Non-Brand - Broad | Android | US | Carousel,74,261.11,918.85
2025-10-07,GG-200163,Search - Brand - Exact | iOS | LATAM | Static,90,314.24,1069.36
2025-10-07,GG-200164,Search - Non-Brand - Broad | iOS | LATAM | Playables,21,83.42,351.87
2025-10-07,GG-200165,UAC - Value | Android | MENA | UGC,272,980.8,5884.8
2025-10-07,GG-200166,Search - Brand - Exact | iOS | US | UGC,41,178.11,621.78
2025-10-07,GG-200167,UAC - Installs | Android | EU | UGC,60,233.41,1270.68
2025-10-07,GG-200168,UAC - Value | Android | US | Carousel,64,316.04,1583.68
2025-10-07,GG-200169,UAC - Installs | Android | APAC | Carousel,47,166.0,744.34
2025-10-07,GG-200170,Search - Brand - Exact | iOS | MENA | Playables,84,375.9,1420.53
2025-10-07,GG-200171,Search - Brand - Exact | iOS | LATAM | Static,8,23.69,115.04
2025-10-07,GG-200172,Search - Non-Brand - Broad | Android | APAC | Carousel,62,198.97,659.98
2025-10-07,GG-200173,Search - Brand - Exact | iOS | MENA | Carousel,58,205.31,765.81
2025-10-07,GG-200174,Search - Non-Brand - Broad | iOS | LATAM | Playables,38,136.08,346.19
2025-10-07,GG-200175,Search - Non-Brand - Broad | Android | EU | UGC,107,363.82,1685.21
2025-10-07,GG-200176,UAC - Value | iOS | MENA | Carousel,87,311.31,1580.52
2025-10-07,GG-200177,Search - Non-Brand - Broad | iOS | MENA | Static,55,191.46,743.63
2025-10-07,GG-200178,UAC - Installs | Android | MENA | UGC,56,178.2,702.82
2025-10-07,GG-200179,Search - Brand - Exact | Android | MENA | Video,45,143.14,403.65
2025-10-07,GG-200180,Search - Non-Brand - Broad | Android | MENA | Playables,47,134.25,668.57
2025-10-07,GG-200181,UAC - Value | Android | LATAM | Playables,145,489.26,2060.76
2025-10-07,GG-200182,UAC - Value | Android | EU | Playables,62,283.06,1431.15
2025-10-07,GG-200183,Search - Brand - Exact | Android | MENA | UGC,14,28.62,94.19
2025-10-07,GG-200184,UAC - Value | iOS | EU | Playables,57,270.38,1622.28
2025-10-07,GG-200185,UAC - Value | iOS | MENA | Video,88,321.51,1796.92
2025-10-07,GG-200186,UAC - Installs | iOS | US | UGC,119,493.49,2473.37
2025-10-07,GG-200187,Search - Brand - Exact | Android | EU | Playables,81,298.38,949.74
2025-10-07,GG-200188,Search - Brand - Exact | Android | APAC | Carousel,20,60.19,195.62
2025-10-07,GG-200189,Search - Brand - Exact | Android | US | UGC,50,176.53,737.72
2025-10-07,GG-200190,Search - Non-Brand - Broad | iOS | APAC | Static,15,57.32,261.38
2025-10-07,GG-200191,UAC - Value | iOS | LATAM | UGC,131,649.17,3895.02
2025-10-07,GG-200192,Search - Non-Brand - Broad | iOS | APAC | Video,45,179.68,793.11
2025-10-07,GG-200193,UAC - Value | iOS | US | Static,145,727.6,4365.6
2025-10-07,GG-200194,Search - Brand - Exact | Android | EU | Video,28,78.4,201.41
2025-10-07,GG-200195,UAC - Value | iOS | APAC | Playables,178,728.73,4372.38
2025-10-07,GG-200196,UAC - Value | iOS | EU | Static,53,267.05,1096.51
2025-10-07,GG-200197,Search - Non-Brand - Broad | iOS | EU | Carousel,33,119.72,388.49
2025-10-07,GG-200198,Search - Brand - Exact | Android | US | UGC,255,1065.8,4910.14
2025-10-07,GG-200199,Search - Brand - Exact | Android | EU | Video,62,237.36,937.81
2025-10-07,GG-200200,Search - Brand - Exact | Android | APAC | Playables,72,189.13,866.4
2025-10-07,GG-200201,UAC - Value | Android | US | UGC,124,457.06,1950.28
2025-10-07,GG-200202,Search - Brand - Exact | Android | MENA | Static,30,101.98,283.71
2025-10-07,GG-200203,Search - Non-Brand - Broad | Android | MENA | Carousel,57,203.4,582.13
2025-10-07,GG-200204,UAC - Installs | iOS | MENA | Playables,79,314.33,1570.71
2025-10-07,GG-200205,Search - Non-Brand - Broad | Android | LATAM | Static,44,121.85,499.22
2025-10-07,GG-200206,Search - Brand - Exact | iOS | LATAM | Carousel,28,70.44,345.3
2025-10-07,GG-200207,UAC - Value | Android | APAC | Playables,73,311.22,1476.43
2025-10-07,GG-200208,UAC - Installs | Android | LATAM | UGC,172,615.52,2268.19
2025-10-07,GG-200209,UAC - Installs | iOS | APAC | Static,56,243.77,934.13
2025-10-07,GG-200210,UAC - Value | iOS | EU | Playables,24,110.2,641.69
2025-10-07,GG-200211,Search - Non-Brand - Broad | Android | EU | Carousel,112,423.66,1253.61
2025-10-07,GG-200212,UAC - Value | iOS | US | Playables,30,119.15,550.95
2025-10-07,GG-200213,Search - Non-Brand - Broad | iOS | MENA | Playables,76,280.29,988.3
2025-10-07,GG-200214,Search - Non-Brand - Broad | iOS | EU | Carousel,52,190.07,608.98
2025-10-07,GG-200215,UAC - Installs | iOS | US | UGC,51,238.14,1054.01
2025-10-07,GG-200216,Search - Brand - Exact | Android | MENA | Static,46,134.54,424.34
2025-10-07,GG-200217,Search - Brand - Exact | iOS | APAC | Playables,71,198.69,972.59
2025-10-07,GG-200218,Search - Non-Brand - Broad | Android | EU | Playables,59,245.12,915.52
2025-10-07,GG-200219,UAC - Installs | iOS | EU | Carousel,167,589.91,2870.5
2025-10-07,GG-200220,Search - Brand - Exact | Android | EU | Static,47,135.3,399.27
2025-10-07,GG-200221,Search - Non-Brand - Broad | iOS | EU | Playables,118,460.44,1437.03
2025-10-07,GG-200222,UAC - Installs | iOS | EU | Playables,58,220.12,777.24
2025-10-07,GG-200223,UAC - Installs | iOS | APAC | UGC,74,267.44,837.09
2025-10-07,GG-200224,UAC - Value | iOS | LATAM | Carousel,152,709.7,4258.2
2025-10-07,GG-200225,UAC - Installs | iOS | US | UGC,47,204.1,679.86
2025-10-07,GG-200226,UAC - Value | Android | LATAM | Carousel,96,353.88,1494.79
2025-10-07,GG-200227,Search - Non-Brand - Broad | Android | MENA | Static,48,189.94,711.9
2025-10-07,GG-200228,UAC - Value | Android | LATAM | Playables,189,833.34,5000.04
2025-10-07,GG-200229,UAC - Installs | iOS | EU | Static,71,282.76,1519.84
2025-10-07,GG-200230,Search - Non-Brand - Broad | Android | APAC | Playables,20,47.33,173.99
2025-10-07,GG-200231,UAC - Installs | iOS | MENA | Carousel,38,132.61,544.23
2025-10-07,GG-200232,Search - Non-Brand - Broad | iOS | APAC | UGC,87,278.33,837.49
2025-10-07,GG-200233,UAC - Value | iOS | EU | Static,102,497.4,2814.29
2025-10-07,GG-200234,Search - Brand - Exact | Android | MENA | Video,31,77.26,289.34
2025-10-07,GG-200235,UAC - Value | Android | US | Video,237,828.08,4085.75
2025-10-07,GG-200236,Search - Non-Brand - Broad | Android | EU | Video,58,200.66,816.89
2025-10-07,GG-200237,UAC - Value | Android | EU | Playables,77,346.09,1776.48
2025-10-07,GG-200238,UAC - Value | iOS | US | Playables,385,2060.94,9700.84
2025-10-07,GG-200239,UAC - Value | iOS | US | Video,84,330.55,1533.09
2025-10-07,GG-200240,UAC - Installs | Android | US | Playables,90,297.43,1373.53
2025-10-07,GG-200241,UAC - Value | iOS | US | Playables,221,1154.02,6924.12
2025-10-07,GG-200242,Search - Non-Brand - Broad | Android | US | Video,64,217.02,753.06
2025-10-07,GG-200243,UAC - Installs | Android | EU | Playables,51,165.06,572.1
2025-10-07,GG-200244,Search - Brand - Exact | iOS | LATAM | UGC,52,204.22,985.77
2025-10-07,GG-200245,Search - Non-Brand - Broad | iOS | APAC | UGC,19,50.51,227.5
2025-10-07,GG-200246,Search - Brand - Exact | Android | LATAM | Video,36,112.94,437.87
2025-10-07,GG-200247,UAC - Value | Android | APAC | UGC,446,1640.97,9519.27
2025-10-07,GG-200248,Search - Non-Brand - Broad | iOS | US | Video,22,86.37,385.64
2025-10-07,GG-200249,UAC - Installs | Android | APAC | UGC,114,299.58,1440.98
2025-10-07,GG-200250,Search - Non-Brand - Broad | Android | MENA | Video,116,280.96,757.47
2025-10-07,GG-200251,UAC - Installs | Android | MENA | UGC,137,278.9,1111.97
2025-10-07,GG-200252,Search - Brand - Exact | Android | US | Carousel,116,458.41,1493.04
2025-10-07,GG-200253,Search - Non-Brand - Broad | Android | LATAM | Video,101,338.37,1526.73
2025-10-07,GG-200254,UAC - Installs | Android | APAC | Video,121,248.49,1044.4
2025-10-07,GG-200255,UAC - Value | Android | MENA | Static,127,486.05,2048.7
2025-10-07,GG-200256,Search - Brand - Exact | iOS | APAC | Static,69,233.94,868.62
2025-10-07,GG-200257,UAC - Value | iOS | US | Video,37,200.13,996.45
2025-10-07,GG-200258,UAC - Value | Android | US | Carousel,140,617.02,3595.99
2025-10-07,GG-200259,UAC - Value | iOS | US | Carousel,154,800.68,4804.08
2025-10-07,GG-200260,UAC - Value | iOS | EU | Carousel,82,398.23,1859.73
2025-10-07,GG-200261,UAC - Value | iOS | EU | Playables,52,262.2,1342.73
2025-10-07,GG-200262,Search - Non-Brand - Broad | Android | MENA | Carousel,55,174.64,735.58
2025-10-07,GG-200263,Search - Non-Brand - Broad | Android | US | Carousel,109,465.03,2002.88
2025-10-07,GG-200264,UAC - Installs | iOS | EU | UGC,93,459.6,1564.94
2025-10-07,GG-200265,Search - Brand - Exact | iOS | US | Video,20,66.93,193.49
2025-10-07,GG-200266,UAC - Installs | iOS | APAC | Carousel,58,260.91,1016.77
2025-10-07,GG-200267,Search - Non-Brand - Broad | Android | EU | Video,33,115.73,522.75
2025-10-07,GG-200268,UAC - Value | iOS | APAC | Playables,74,356.67,2112.56
2025-10-07,GG-200269,UAC - Installs | Android | US | Video,244,1036.37,4675.07
2025-10-07,GG-200270,UAC - Installs | Android | MENA | Playables,266,1050.51,5204.23
2025-10-07,GG-200271,UAC - Value | iOS | US | Carousel,78,371.64,1641.91
2025-10-07,GG-200272,Search - Non-Brand - Broad | iOS | US | Playables,64,255.8,1196.12
2025-10-07,GG-200273,Search - Non-Brand - Broad | Android | APAC | Static,64,153.84,757.51
2025-10-07,GG-200274,UAC - Value | iOS | LATAM | Carousel,104,393.33,2276.59
2025-10-07,GG-200275,UAC - Value | Android | US | Static,91,392.15,2340.35
2025-10-07,GG-200276,UAC - Value | iOS | APAC | Carousel,248,1144.37,6866.22
2025-10-07,GG-200277,Search - Non-Brand - Broad | Android | LATAM | Carousel,94,201.08,672.81
2025-10-07,GG-200278,Search - Non-Brand - Broad | iOS | MENA | Playables,11,30.82,121.31
2025-10-07,GG-200279,UAC - Installs | iOS | US | Static,268,1325.34,5364.98
2025-10-07,GG-200280,UAC - Value | Android | APAC | Carousel,210,924.84,5549.04
2025-10-07,GG-200281,UAC - Value | iOS | APAC | Carousel,73,366.84,2040.0
2025-10-07,GG-200282,Search - Non-Brand - Broad | Android | LATAM | Carousel,47,176.81,479.33
2025-10-07,GG-200283,UAC - Value | iOS | LATAM | Static,100,429.09,2296.49
2025-10-07,GG-200284,Search - Non-Brand - Broad | iOS | LATAM | UGC,48,205.47,791.06
2025-10-07,GG-200285,UAC - Value | iOS | APAC | Carousel,101,430.31,2508.71
2025-10-07,GG-200286,Search - Non-Brand - Broad | iOS | US | Playables,76,296.21,1164.4
2025-10-07,GG-200287,UAC - Value | Android | MENA | Video,46,180.01,1041.72
2025-10-07,GG-200288,Search - Brand - Exact | Android | APAC | Carousel,99,359.39,1413.12
2025-10-07,GG-200289,UAC - Installs | iOS | APAC | Static,67,236.7,823.95
2025-10-07,GG-200290,UAC - Value | Android | LATAM | Static,83,298.78,1292.22
2025-10-07,GG-200291,UAC - Value | iOS | US | UGC,60,292.07,1736.94
2025-10-07,GG-200292,UAC - Value | iOS | MENA | Playables,193,909.69,4586.66
2025-10-07,GG-200293,Search - Brand - Exact | Android | LATAM | Playables,29,114.15,431.83
2025-10-07,GG-200294,Search - Non-Brand - Broad | Android | EU | Carousel,21,91.21,255.11
2025-10-07,GG-200295,UAC - Installs | Android | MENA | UGC,130,395.93,1304.19
2025-10-07,GG-200296,Search - Brand - Exact | iOS | US | Video,19,73.03,353.61
2025-10-07,GG-200297,Search - Non-Brand - Broad | iOS | EU | Playables,32,96.13,371.93
2025-10-07,GG-200298,UAC - Value | iOS | LATAM | UGC,105,420.48,2522.88
2025-10-07,GG-200299,UAC - Value | Android | LATAM | Video,122,521.35,2955.01
2025-10-07,GG-200300,Search - Brand - Exact | Android | LATAM | UGC,61,231.83,775.94
2025-10-07,GG-200301,UAC - Installs | Android | EU | Carousel,113,302.51,1032.77
2025-10-07,GG-200302,UAC - Value | iOS | APAC | Static,236,807.19,4843.14
2025-10-07,GG-200303,UAC - Value | iOS | APAC | Video,161,764.93,4021.24
2025-10-07,GG-200304,UAC - Installs | iOS | LATAM | Video,136,565.68,2883.27
2025-10-07,GG-200305,UAC - Installs | Android | US | Video,143,525.93,2224.16
2025-10-07,GG-200306,Search - Non-Brand - Broad | Android | EU | Static,59,158.24,783.13
2025-10-07,GG-200307,UAC - Value | Android | LATAM | Playables,88,269.15,1614.9
2025-10-07,GG-200308,Search - Non-Brand - Broad | iOS | EU | UGC,77,246.21,703.18
2025-10-07,GG-200309,Search - Brand - Exact | Android | APAC | UGC,111,233.52,723.68
2025-10-07,GG-200310,UAC - Value | Android | APAC | Playables,135,457.2,2461.11
2025-10-07,GG-200311,Search - Non-Brand - Broad | iOS | US | Static,31,94.15,365.77
2025-10-07,GG-200312,Search - Brand - Exact | iOS | US | Playables,26,101.19,467.09
2025-10-07,GG-200313,Search - Non-Brand - Broad | Android | LATAM | Carousel,33,77.1,240.01
2025-10-07,GG-200314,UAC - Value | iOS | US | Carousel,336,1677.14,9447.33
2025-10-07,GG-200315,UAC - Value | iOS | MENA | UGC,75,281.38,1603.87
2025-10-07,GG-200316,UAC - Value | Android | LATAM | Carousel,148,565.09,2359.25
2025-10-07,GG-200317,Search - Brand - Exact | Android | LATAM | Playables,54,215.87,1013.73
2025-10-07,GG-200318,Search - Non-Brand - Broad | Android | LATAM | Video,126,498.87,2129.68
2025-10-07,GG-200319,UAC - Installs | iOS | US | Static,100,491.8,1879.17
2025-10-07,GG-200320,UAC - Value | Android | MENA | UGC,116,359.26,1936.05
2025-10-07,GG-200321,UAC - Value | Android | MENA | UGC,116,522.39,2940.01
2025-10-07,GG-200322,Search - Non-Brand - Broad | Android | APAC | Playables,23,63.31,253.43
2025-10-07,GG-200323,Search - Non-Brand - Broad | Android | APAC | Carousel,63,141.72,485.53
2025-10-07,GG-200324,Search - Brand - Exact | Android | LATAM | UGC,90,214.47,973.91
2025-10-07,GG-200325,Search - Non-Brand - Broad | iOS | US | UGC,36,177.65,460.47
2025-10-07,GG-200326,UAC - Value | Android | APAC | Playables,111,329.88,1548.13
2025-10-07,GG-200327,UAC - Value | iOS | APAC | UGC,78,358.36,1973.49
2025-10-07,GG-200328,Search - Brand - Exact | iOS | EU | Video,112,533.34,2305.1
2025-10-07,GG-200329,UAC - Installs | Android | LATAM | Video,100,335.55,1522.05
2025-10-07,GG-200330,Search - Non-Brand - Broad | Android | MENA | Carousel,30,111.23,367.84
2025-10-07,GG-200331,Search - Brand - Exact | iOS | MENA | UGC,16,55.86,211.88
2025-10-07,GG-200332,UAC - Installs | Android | LATAM | Playables,132,367.45,1409.91
2025-10-07,GG-200333,Search - Non-Brand - Broad | Android | APAC | Playables,139,469.69,2298.66
2025-10-07,GG-200334,UAC - Installs | iOS | US | Static,113,436.62,1336.06
2025-10-07,GG-200335,UAC - Installs | Android | APAC | Carousel,174,512.81,2767.64
2025-10-07,GG-200336,Search - Non-Brand - Broad | Android | APAC | Video,45,129.47,354.62
2025-10-07,GG-200337,UAC - Value | Android | MENA | Carousel,97,339.97,2039.82
2025-10-07,GG-200338,Search - Non-Brand - Broad | Android | MENA | Static,15,42.96,118.35
2025-10-07,GG-200339,UAC - Installs | Android | US | Playables,55,205.4,827.35
2025-10-07,GG-200340,Search - Non-Brand - Broad | iOS | MENA | Playables,74,276.79,762.0
2025-10-07,GG-200341,UAC - Installs | iOS | LATAM | Carousel,43,158.05,516.82
2025-10-07,GG-200342,Search - Brand - Exact | Android | EU | UGC,157,552.29,1871.16
2025-10-07,GG-200343,Search - Non-Brand - Broad | iOS | EU | Static,27,83.38,235.05
2025-10-07,GG-200344,UAC - Value | Android | LATAM | Static,105,319.33,1652.21
2025-10-07,GG-200345,UAC - Installs | iOS | EU | Playables,127,548.06,1842.58
2025-10-07,GG-200346,Search - Brand - Exact | iOS | APAC | UGC,44,166.37,499.61
2025-10-07,GG-200347,UAC - Installs | Android | APAC | Playables,150,440.22,2082.68
2025-10-07,GG-200348,UAC - Installs | iOS | APAC | UGC,94,399.71,2108.87
2025-10-07,GG-200349,UAC - Installs | Android | US | UGC,98,336.44,1188.64
2025-10-08,FB-100000,UA - Retargeting - Value | Android | US | Carousel,30,147.07,590.78
2025-10-08,FB-100001,UA - Prospecting - Broad | Android | EU | Video,37,125.09,572.66
2025-10-08,FB-100002,UA - Prospecting - Broad | iOS | US | Video,62,218.49,750.73
2025-10-08,FB-100003,UA - Prospecting - Broad | Android | EU | Playables,42,126.99,413.1
2025-10-08,FB-100004,UA - Retargeting - Value | Android | MENA | UGC,48,175.8,865.64
2025-10-08,FB-100005,UA - Prospecting - Broad | iOS | MENA | Carousel,40,149.86,612.03
2025-10-08,FB-100006,UA - Lookalike - 1% | Android | APAC | Carousel,72,243.99,925.94
2025-10-08,FB-100007,UA - Prospecting - Broad | Android | EU | Carousel,85,312.35,1604.23
2025-10-08,FB-100008,UA - Lookalike - 1% | Android | APAC | Video,48,144.79,645.76
2025-10-08,FB-100009,UA - Prospecting - Broad | iOS | MENA | Carousel,91,339.41,1160.44
2025-10-08,FB-100010,UA - Lookalike - 5% | iOS | MENA | Video,49,192.32,829.67
2025-10-08,FB-100011,UA - Lookalike - 1% | Android | MENA | Carousel,143,468.5,2331.72
2025-10-08,FB-100012,UA - Retargeting - Value | Android | US | Video,43,176.3,871.45
2025-10-08,FB-100013,UA - Prospecting - Broad | iOS | US | Static,15,67.55,252.5
2025-10-08,FB-100014,UA - Lookalike - 1% | iOS | LATAM | UGC,24,80.76,316.5
2025-10-08,FB-100015,UA - Retargeting - Value | Android | LATAM | Carousel,21,68.91,288.73
2025-10-08,FB-100016,UA - Retargeting - Value | iOS | US | Playables,22,92.52,397.47
2025-10-08,FB-100017,UA - Lookalike - 5% | Android | EU | UGC,54,162.0,787.81
2025-10-08,FB-100018,UA - Lookalike - 1% | iOS | MENA | Static,26,102.24,445.56
2025-10-08,FB-100019,UA - Lookalike - 1% | Android | EU | Video,26,116.84,626.85
2025-10-08,FB-100020,UA - Retargeting - Value | iOS | LATAM | Video,18,89.66,409.66
2025-10-08,FB-100021,UA - Lookalike - 5% | iOS | EU | UGC,30,123.16,513.82
2025-10-08,FB-100022,UA - Retargeting - Value | iOS | EU | Carousel,13,59.61,303.83
2025-10-08,FB-100023,UA - Lookalike - 1% | Android | MENA | Playables,50,130.56,632.56
2025-10-08,FB-100024,UA - Lookalike - 1% | iOS | MENA | UGC,33,132.85,627.85
2025-10-08,FB-100025,UA - Lookalike - 5% | Android | EU | Playables,80,222.26,1209.76
2025-10-08,FB-100026,UA - Retargeting - Value | Android | US | Video,105,421.32,2527.92
2025-10-08,FB-100027,UA - Prospecting - Broad | Android | APAC | Playables,35,137.34,631.49
2025-10-08,FB-100028,UA - Lookalike - 5% | iOS | APAC | Playables,114,291.12,1018.05
2025-10-08,FB-100029,UA - Prospecting - Broad | iOS | MENA | Video,45,159.7,660.68
2025-10-08,FB-100030,UA - Lookalike - 1% | iOS | LATAM | Video,51,140.67,569.15
2025-10-08,FB-100031,UA - Prospecting - Broad | iOS | EU | UGC,104,493.05,1860.77
2025-10-08,FB-100032,UA - Prospecting - Broad | iOS | MENA | Static,27,106.2,440.41
2025-10-08,FB-100033,UA - Retargeting - Value | iOS | MENA | Playables,11,49.06,226.51
2025-10-08,FB-100034,UA - Prospecting - Broad | Android | LATAM | Static,19,62.56,331.38
2025-10-08,FB-100035,UA - Prospecting - Broad | iOS | APAC | Video,92,381.51,1955.24
2025-10-08,FB-100036,UA - Prospecting - Broad | iOS | LATAM | Static,38,148.09,479.66
2025-10-08,FB-100037,UA - Prospecting - Broad | Android | MENA | Video,132,496.99,2158.92
2025-10-08,FB-100038,UA - Retargeting - Value | iOS | US | Playables,62,326.97,1406.95
2025-10-08,FB-100039,UA - Retargeting - Value | Android | APAC | Playables,31,110.68,488.32
2025-10-08,FB-100040,UA - Lookalike - 5% | iOS | MENA | Playables,54,172.11,688.1
2025-10-08,FB-100041,UA - Lookalike - 1% | Android | MENA | Static,53,120.47,563.32
2025-10-08,FB-100042,UA - Lookalike - 5% | iOS | LATAM | UGC,40,137.66,509.07
2025-10-08,FB-100043,UA - Prospecting - Broad | Android | EU | Static,53,145.66,707.03
2025-10-08,FB-100044,UA - Retargeting - Value | iOS | US | Playables,10,51.79,310.74
2025-10-08,FB-100045,UA - Prospecting - Broad | Android | US | Video,42,148.92,693.37
2025-10-08,FB-100046,UA - Lookalike - 1% | Android | US | Video,105,341.75,1197.49
2025-10-08,FB-100047,UA - Lookalike - 1% | Android | MENA | Static,37,76.07,230.95
2025-10-08,FB-100048,UA - Retargeting - Value | iOS | EU | Playables,8,40.63,236.06
2025-10-08,FB-100049,UA - Lookalike - 5% | iOS | EU | UGC,38,161.64,737.4
2025-10-08,FB-100050,UA - Lookalike - 5% | Android | US | Video,58,146.74,680.14
2025-10-08,FB-100051,UA - Lookalike - 5% | iOS | APAC | UGC,21,64.19,292.71
2025-10-08,FB-100052,UA - Lookalike - 5% | Android | US | Video,182,714.37,3556.13
2025-10-08,FB-100053,UA - Retargeting - Value | iOS | US | Static,47,206.74,1152.99
2025-10-08,FB-100054,UA - Retargeting - Value | Android | MENA | UGC,23,94.88,569.28
2025-10-08,FB-100055,UA - Lookalike - 5% | iOS | EU | Carousel,40,155.91,666.98
2025-10-08,FB-100056,UA - Prospecting - Broad | Android | US | UGC,27,74.2,266.45
2025-10-08,FB-100057,UA - Prospecting - Broad | Android | MENA | Video,16,47.96,168.1
2025-10-08,FB-100058,UA - Lookalike - 5% | Android | EU | UGC,80,340.38,1135.51
2025-10-08,FB-100059,UA - Prospecting - Broad | iOS | EU | UGC,15,57.45,289.09
2025-10-08,FB-100060,UA - Lookalike - 5% | Android | APAC | Video,66,253.14,1384.93
2025-10-08,FB-100061,UA - Lookalike - 5% | iOS | APAC | Carousel,42,148.8,514.7
2025-10-08,FB-100062,UA - Lookalike - 1% | iOS | EU | Static,23,112.16,371.7
2025-10-08,FB-100063,UA - Prospecting - Broad | Android | US | Playables,55,193.31,786.0
2025-10-08,FB-100064,UA - Lookalike - 5% | iOS | US | Video,49,203.49,1102.71
2025-10-08,FB-100065,UA - Prospecting - Broad | Android | US | Playables,50,160.96,634.83
2025-10-08,FB-100066,UA - Prospecting - Broad | Android | US | Playables,28,96.99,475.74
2025-10-08,FB-100067,UA - Retargeting - Value | Android | APAC | Video,56,214.17,1152.66
2025-10-08,FB-100068,UA - Lookalike - 5% | Android | MENA | Video,96,255.98,1225.38
2025-10-08,FB-100069,UA - Lookalike - 1% | iOS | LATAM | Static,19,75.25,296.18
2025-10-08,FB-100070,UA - Retargeting - Value | Android | LATAM | UGC,23,108.67,454.02
2025-10-08,FB-100071,UA - Prospecting - Broad | iOS | APAC | Carousel,34,96.04,471.27
2025-10-08,FB-100072,UA - Prospecting - Broad | Android | APAC | Playables,195,533.6,1677.64
2025-10-08,FB-100073,UA - Lookalike - 1% | Android | MENA | Static,47,180.62,705.14
2025-10-08,FB-100074,UA - Retargeting - Value | Android | LATAM | Video,61,185.73,857.89
2025-10-08,FB-100075,UA - Lookalike - 5% | iOS | LATAM | Static,33,88.59,423.37
2025-10-08,FB-100076,UA - Prospecting - Broad | iOS | MENA | Playables,85,240.69,978.89
2025-10-08,FB-100077,UA - Lookalike - 1% | iOS | US | Static,130,542.39,2622.46
2025-10-08,FB-100078,UA - Retargeting - Value | Android | US | Playables,76,370.77,1732.61
2025-10-08,FB-100079,UA - Retargeting - Value | iOS | LATAM | Playables,9,32.28,168.79
2025-10-08,FB-100080,UA - Lookalike - 5% | iOS | EU | Carousel,74,248.11,859.95
2025-10-08,FB-100081,UA - Lookalike - 5% | iOS | US | Video,66,272.86,963.47
2025-10-08,FB-100082,UA - Lookalike - 1% | iOS | US | Video,191,741.37,3915.92
2025-10-08,FB-100083,UA - Lookalike - 5% | Android | LATAM | Static,48,107.97,341.29
2025-10-08,FB-100084,UA - Prospecting - Broad | iOS | MENA | Video,12,52.92,246.77
2025-10-08,FB-100085,UA - Prospecting - Broad | Android | EU | Playables,56,182.07,782.9
2025-10-08,FB-100086,UA - Retargeting - Value | iOS | MENA | Playables,49,226.07,1098.25
2025-10-08,FB-100087,UA - Lookalike - 1% | iOS | EU | Video,43,181.53,987.16
2025-10-08,FB-100088,UA - Retargeting - Value | iOS | US | Carousel,12,67.2,273.1
2025-10-08,FB-100089,UA - Lookalike - 5% | Android | US | Carousel,63,188.82,779.83
2025-10-08,FB-100090,UA - Retargeting - Value | Android | EU | Static,17,87.28,419.38
2025-10-08,FB-100091,UA - Lookalike - 1% | iOS | US | Static,71,309.27,1108.42
2025-10-08,FB-100092,UA - Retargeting - Value | iOS | EU | Carousel,43,202.19,1141.56
2025-10-08,FB-100093,UA - Lookalike - 5% | Android | APAC | Video,99,338.97,1754.17
2025-10-08,FB-100094,UA - Lookalike - 1% | Android | EU | UGC,163,678.85,3727.57
2025-10-08,FB-100095,UA - Prospecting - Broad | iOS | EU | Static,83,329.04,1431.98
2025-10-08,FB-100096,UA - Lookalike - 1% | Android | APAC | Carousel,68,139.97,745.06
2025-10-08,FB-100097,UA - Lookalike - 5% | Android | LATAM | Carousel,72,239.9,1290.42
2025-10-08,FB-100098,UA - Lookalike - 1% | iOS | US | Video,77,282.25,1004.81
2025-10-08,FB-100099,UA - Prospecting - Broad | Android | MENA | Carousel,17,64.95,315.46
2025-10-08,FB-100100,UA - Lookalike - 1% | Android | MENA | UGC,95,239.23,891.61
2025-10-08,FB-100101,UA - Prospecting - Broad | iOS | APAC | Playables,20,87.68,388.6
2025-10-08,FB-100102,UA - Lookalike - 1% | iOS | MENA | Static,57,164.14,651.64
2025-10-08,FB-100103,UA - Retargeting - Value | Android | APAC | Video,64,192.17,1087.49
2025-10-08,FB-100104,UA - Lookalike - 1% | iOS | APAC | Video,26,80.43,285.29
2025-10-08,FB-100105,UA - Lookalike - 1% | iOS | US | Carousel,52,244.31,1238.41
2025-10-08,FB-100106,UA - Lookalike - 1% | iOS | LATAM | UGC,66,240.76,1102.2
2025-10-08,FB-100107,UA - Lookalike - 5% | Android | EU | UGC,113,465.61,1574.69
2025-10-08,FB-100108,UA - Lookalike - 1% | Android | MENA | Playables,150,532.81,2739.71
2025-10-08,FB-100109,UA - Lookalike - 1% | iOS | MENA | Video,66,186.01,568.07
2025-10-08,FB-100110,UA - Lookalike - 1% | iOS | EU | UGC,42,187.05,693.21
2025-10-08,FB-100111,UA - Retargeting - Value | iOS | APAC | UGC,72,280.57,1677.25
2025-10-08,FB-100112,UA - Lookalike - 1% | iOS | EU | Video,131,508.78,2139.93
2025-10-08,FB-100113,UA - Lookalike - 1% | iOS | US | Static,123,529.21,2067.09
2025-10-08,FB-100114,UA - Prospecting - Broad | Android | EU | Static,82,316.43,1082.51
2025-10-08,FB-100115,UA - Prospecting - Broad | Android | EU | UGC,32,87.51,375.33
2025-10-08,FB-100116,UA - Retargeting - Value | iOS | APAC | Playables,8,32.35,153.89
2025-10-08,FB-100117,UA - Retargeting - Value | iOS | APAC | UGC,71,371.49,2108.95
2025-10-08,FB-100118,UA - Lookalike - 5% | Android | US | Video,191,481.93,1586.51
2025-10-08,FB-100119,UA - Lookalike - 5% | Android | EU | Playables,113,415.13,2269.93
2025-10-08,FB-100120,UA - Prospecting - Broad | Android | MENA | Static,19,64.7,242.37
2025-10-08,FB-100121,UA - Lookalike - 1% | iOS | EU | UGC,70,285.25,1144.71
2025-10-08,FB-100122,UA - Lookalike - 5% | iOS | MENA | Playables,81,338.12,1469.81
2025-10-08,FB-100123,UA - Lookalike - 5% | iOS | EU | UGC,86,371.28,1222.63
2025-10-08,FB-100124,UA - Lookalike - 5% | iOS | EU | Carousel,40,166.01,768.96
2025-10-08,FB-100125,UA - Prospecting - Broad | Android | LATAM | UGC,33,74.23,278.07
2025-10-08,FB-100126,UA - Lookalike - 1% | iOS | EU | Carousel,74,361.98,1904.74
2025-10-08,FB-100127,UA - Retargeting - Value | iOS | MENA | Video,12,46.51,279.06
2025-10-08,FB-100128,UA - Retargeting - Value | Android | EU | UGC,79,262.56,1143.19
2025-10-08,FB-100129,UA - Lookalike - 5% | Android | US | UGC,65,239.43,884.21
2025-10-08,FB-100130,UA - Lookalike - 5% | iOS | MENA | UGC,83,283.2,1518.52
2025-10-08,FB-100131,UA - Lookalike - 5% | Android | EU | UGC,39,146.6,538.46
2025-10-08,FB-100132,UA - Lookalike - 5% | Android | MENA | UGC,93,216.51,1094.24
2025-10-08,FB-100133,UA - Lookalike - 5% | Android | LATAM | Carousel,47,117.27,430.97
2025-10-08,FB-100134,UA - Retargeting - Value | iOS | MENA | Playables,9,43.25,188.83
2025-10-08,FB-100135,UA - Lookalike - 5% | iOS | EU | Carousel,33,113.67,611.43
2025-10-08,FB-100136,UA - Lookalike - 1% | iOS | US | UGC,87,277.63,1074.98
2025-10-08,FB-100137,UA - Retargeting - Value | iOS | EU | UGC,23,88.46,424.17
2025-10-08,FB-100138,UA - Prospecting - Broad | Android | APAC | Playables,123,462.97,1855.12
2025-10-08,FB-100139,UA - Lookalike - 5% | Android | APAC | Static,101,334.83,1124.02
2025-10-08,FB-100140,UA - Lookalike - 5% | Android | US | Carousel,84,323.94,1310.66
2025-10-08,FB-100141,UA - Lookalike - 1% | iOS | EU | UGC,47,167.96,903.96
2025-10-08,FB-100142,UA - Lookalike - 5% | iOS | APAC | Carousel,64,199.12,980.87
2025-10-08,FB-100143,UA - Prospecting - Broad | iOS | US | UGC,19,60.56,268.77
2025-10-08,FB-100144,UA - Prospecting - Broad | Android | LATAM | Static,42,140.87,750.98
2025-10-08,FB-100145,UA - Retargeting - Value | Android | US | Static,27,116.5,502.35
2025-10-08,FB-100146,UA - Retargeting - Value | Android | MENA | Static,76,261.45,1568.7
2025-10-08,FB-100147,UA - Retargeting - Value | Android | APAC | Video,85,350.05,1437.31
2025-10-08,FB-100148,UA - Retargeting - Value | iOS | LATAM | Carousel,65,258.97,1122.12
2025-10-08,FB-100149,UA - Prospecting - Broad | Android | EU | Carousel,58,257.49,990.05
2025-10-08,FB-100150,UA - Lookalike - 5% | Android | LATAM | Playables,66,166.95,501.85
2025-10-08,FB-100151,UA - Retargeting - Value | iOS | EU | Video,34,192.72,1019.3
2025-10-08,FB-100152,UA - Prospecting - Broad | Android | LATAM | Playables,67,195.69,733.05
2025-10-08,FB-100153,UA - Lookalike - 5% | Android | LATAM | Playables,46,92.81,378.39
2025-10-08,FB-100154,UA - Lookalike - 1% | iOS | US | Playables,169,767.07,2780.63
2025-10-08,FB-100155,UA - Prospecting - Broad | Android | APAC | UGC,83,255.05,937.05
2025-10-08,FB-100156,UA - Retargeting - Value | iOS | LATAM | UGC,63,316.08,1824.73
2025-10-08,FB-100157,UA - Lookalike - 1% | iOS | EU | Playables,20,73.25,225.54
2025-10-08,FB-100158,UA - Lookalike - 1% | iOS | APAC | UGC,27,94.26,443.4
2025-10-08,FB-100159,UA - Lookalike - 1% | iOS | EU | Video,32,142.46,691.64
2025-10-08,FB-100160,UA - Lookalike - 5% | iOS | EU | UGC,47,142.28,670.28
2025-10-08,FB-100161,UA - Lookalike - 1% | iOS | US | UGC,33,99.53,418.03
2025-10-08,FB-100162,UA - Lookalike - 1% | Android | APAC | Static,105,269.04,884.6
2025-10-08,FB-100163,UA - Lookalike - 1% | iOS | LATAM | Carousel,81,279.27,1384.34
2025-10-08,FB-100164,UA - Prospecting - Broad | Android | MENA | Static,176,404.36,1334.79
2025-10-08,FB-100165,UA - Retargeting - Value | Android | APAC | UGC,35,97.49,438.61
2025-10-08,FB-100166,UA - Prospecting - Broad | iOS | APAC | UGC,112,375.45,1183.79
2025-10-08,FB-100167,UA - Lookalike - 5% | Android | LATAM | Static,33,128.24,612.86
2025-10-08,FB-100168,UA - Lookalike - 1% | Android | LATAM | Playables,80,205.65,760.91
2025-10-08,FB-100169,UA - Lookalike - 1% | iOS | MENA | Playables,103,326.37,1070.17
2025-10-08,FB-100170,UA - Lookalike - 1% | iOS | MENA | Carousel,55,219.22,980.35
2025-10-08,FB-100171,UA - Lookalike - 1% | iOS | LATAM | Carousel,32,85.58,279.5
2025-10-08,FB-100172,UA - Lookalike - 1% | Android | US | Static,61,176.04,724.23
2025-10-08,FB-100173,UA - Retargeting - Value | Android | MENA | Static,12,44.38,261.93
2025-10-08,FB-100174,UA - Lookalike - 1% | Android | APAC | Carousel,68,239.27,1223.87
2025-10-08,FB-100175,UA - Retargeting - Value | Android | EU | Carousel,40,139.4,709.55
2025-10-08,FB-100176,UA - Prospecting - Broad | iOS | EU | Carousel,21,103.63,385.92
2025-10-08,FB-100177,UA - Prospecting - Broad | Android | LATAM | Video,162,587.91,2491.56
2025-10-08,FB-100178,UA - Prospecting - Broad | iOS | EU | UGC,19,71.83,324.53
2025-10-08,FB-100179,UA - Lookalike - 5% | Android | MENA | Carousel,70,141.24,751.68
2025-10-08,FB-100180,UA - Retargeting - Value | iOS | APAC | Carousel,41,155.27,667.35
2025-10-08,FB-100181,UA - Prospecting - Broad | Android | LATAM | UGC,33,128.18,473.5
2025-10-08,FB-100182,UA - Prospecting - Broad | Android | APAC | UGC,96,214.31,990.54
2025-10-08,FB-100183,UA - Lookalike - 1% | Android | EU | Static,143,610.32,2233.77
2025-10-08,FB-100184,UA - Lookalike - 5% | Android | EU | Video,139,446.33,2153.99
2025-10-08,FB-100185,UA - Lookalike - 5% | Android | MENA | UGC,51,190.54,1019.01
2025-10-08,FB-100186,UA - Lookalike - 5% | iOS | LATAM | Playables,32,118.68,417.16
2025-10-08,FB-100187,UA - Prospecting - Broad | iOS | MENA | Playables,18,75.9,302.77
2025-10-08,FB-100188,UA - Lookalike - 1% | Android | EU | Static,49,167.52,844.13
2025-10-08,FB-100189,UA - Retargeting - Value | Android | EU | Static,37,141.12,673.85
2025-10-08,FB-100190,UA - Lookalike - 5% | Android | EU | Video,96,327.36,1510.11
2025-10-08,FB-100191,UA - Lookalike - 1% | iOS | MENA | UGC,19,47.95,155.79
2025-10-08,FB-100192,UA - Lookalike - 1% | Android | EU | Carousel,71,286.85,1052.45
2025-10-08,FB-100193,UA - Lookalike - 1% | iOS | US | Static,150,687.5,2994.75
2025-10-08,FB-100194,UA - Retargeting - Value | Android | APAC | Video,28,122.67,584.89
2025-10-08,FB-100195,UA - Prospecting - Broad | Android | LATAM | Static,36,111.14,339.31
2025-10-08,FB-100196,UA - Lookalike - 1% | Android | EU | Carousel,78,229.99,820.37
2025-10-08,FB-100197,UA - Lookalike - 1% | iOS | US | UGC,51,222.81,1050.99
2025-10-08,FB-100198,UA - Lookalike - 5% | iOS | LATAM | Playables,36,110.29,351.94
2025-10-08,FB-100199,UA - Prospecting - Broad | iOS | US | Playables,32,98.77,333.65
2025-10-08,FB-100200,UA - Lookalike - 1% | iOS | LATAM | Playables,63,236.22,878.27
2025-10-08,FB-100201,UA - Prospecting - Broad | Android | US | Static,104,315.2,1660.16
2025-10-08,FB-100202,UA - Retargeting - Value | iOS | MENA | Video,81,287.19,1469.55
2025-10-08,FB-100203,UA - Lookalike - 1% | iOS | MENA | UGC,70,234.84,1131.22
2025-10-08,FB-100204,UA - Lookalike - 5% | Android | MENA | UGC,61,180.72,981.67
2025-10-08,FB-100205,UA - Lookalike - 5% | Android | APAC | Carousel,73,280.55,1110.42
2025-10-08,FB-100206,UA - Retargeting - Value | iOS | LATAM | Video,15,70.2,373.25
2025-10-08,FB-100207,UA - Lookalike - 1% | iOS | APAC | UGC,43,138.61,486.24
2025-10-08,FB-100208,UA - Lookalike - 5% | iOS | MENA | Video,37,119.2,610.66
2025-10-08,FB-100209,UA - Lookalike - 1% | Android | LATAM | Carousel,86,266.86,1421.83
2025-10-08,FB-100210,UA - Prospecting - Broad | Android | APAC | Playables,18,41.15,198.88
2025-10-08,FB-100211,UA - Retargeting - Value | iOS | APAC | Video,24,105.92,549.94
2025-10-08,FB-100212,UA - Lookalike - 5% | iOS | MENA | UGC,24,99.89,403.66
2025-10-08,FB-100213,UA - Retargeting - Value | Android | EU | Carousel,35,180.16,932.33
2025-10-08,FB-100214,UA - Prospecting - Broad | iOS | APAC | UGC,19,71.91,324.31
2025-10-08,FB-100215,UA - Retargeting - Value | Android | MENA | Static,12,55.76,286.38
2025-10-08,FB-100216,UA - Lookalike - 5% | iOS | MENA | Video,43,130.88,422.74
2025-10-08,FB-100217,UA - Lookalike - 5% | Android | EU | Video,83,216.8,863.08
2025-10-08,FB-100218,UA - Lookalike - 1% | Android | EU | UGC,191,726.83,2916.77
2025-10-08,FB-100219,UA - Lookalike - 5% | iOS | APAC | UGC,21,63.84,208.18
2025-10-08,FB-100220,UA - Retargeting - Value | Android | APAC | Playables,13,41.26,166.15
2025-10-08,FB-100221,UA - Retargeting - Value | iOS | EU | Playables,62,262.3,1105.07
2025-10-08,FB-100222,UA - Lookalike - 1% | Android | LATAM | UGC,48,125.63,684.81
2025-10-08,FB-100223,UA - Lookalike - 1% | iOS | US | Carousel,81,306.29,1191.47
2025-10-08,FB-100224,UA - Lookalike - 5% | iOS | EU | UGC,88,400.41,1224.85
2025-10-08,FB-100225,UA - Lookalike - 5% | iOS | LATAM | Playables,193,544.72,2563.45
2025-10-08,FB-100226,UA - Retargeting - Value | iOS | LATAM | Static,63,222.5,1289.61
2025-10-08,FB-100227,UA - Prospecting - Broad | iOS | EU | UGC,173,700.06,3445.7
2025-10-08,FB-100228,UA - Lookalike - 5% | iOS | APAC | UGC,77,302.26,1422.74
2025-10-08,FB-100229,UA - Retargeting - Value | Android | APAC | Video,32,124.28,745.68
2025-10-08,FB-100230,UA - Prospecting - Broad | iOS | US | UGC,111,531.72,2258.21
2025-10-08,FB-100231,UA - Lookalike - 5% | iOS | US | Static,46,191.04,741.81
2025-10-08,FB-100232,UA - Lookalike - 1% | Android | US | UGC,243,822.34,4366.63
2025-10-08,FB-100233,UA - Prospecting - Broad | iOS | MENA | UGC,89,273.52,1100.37
2025-10-08,FB-100234,UA - Lookalike - 1% | iOS | MENA | UGC,52,138.68,559.3
2025-10-08,FB-100235,UA - Prospecting - Broad | iOS | MENA | Video,57,253.93,798.1
2025-10-08,FB-100236,UA - Prospecting - Broad | Android | LATAM | Static,36,113.05,580.51
2025-10-08,FB-100237,UA - Lookalike - 5% | iOS | US | Video,39,153.54,666.06
2025-10-08,FB-100238,UA - Prospecting - Broad | Android | LATAM | Video,79,226.43,906.63
2025-10-08,FB-100239,UA - Lookalike - 1% | iOS | US | Carousel,42,188.27,618.66
2025-10-08,FB-100240,UA - Retargeting - Value | iOS | APAC | Static,26,135.87,806.52
2025-10-08,FB-100241,UA - Retargeting - Value | iOS | MENA | Static,17,62.51,283.11
2025-10-08,FB-100242,UA - Lookalike - 5% | Android | US | Playables,88,268.21,859.34
2025-10-08,FB-100243,UA - Retargeting - Value | Android | APAC | Playables,67,303.92,1355.48
2025-10-08,FB-100244,UA - Lookalike - 5% | Android | APAC | Carousel,127,493.26,2073.67
2025-10-08,FB-100245,UA - Lookalike - 1% | iOS | US | UGC,157,757.56,3352.96
2025-10-08,FB-100246,UA - Lookalike - 1% | Android | US | UGC,196,546.68,2547.53
2025-10-08,FB-100247,UA - Lookalike - 5% | iOS | APAC | Carousel,92,232.61,1219.11
2025-10-08,FB-100248,UA - Lookalike - 5% | iOS | EU | UGC,107,475.57,2601.84
2025-10-08,FB-100249,UA - Lookalike - 1% | Android | EU | UGC,128,468.07,1446.8
2025-10-08,FB-100250,UA - Lookalike - 5% | iOS | LATAM | Video,92,268.59,934.16
2025-10-08,FB-100251,UA - Prospecting - Broad | iOS | US | Playables,36,129.74,488.73
2025-10-08,FB-100252,UA - Lookalike - 1% | iOS | LATAM | Static,66,274.32,1115.11
2025-10-08,FB-100253,UA - Lookalike - 1% | Android | EU | Playables,170,551.85,2418.21
2025-10-08,FB-100254,UA - Lookalike - 1% | Android | US | Video,114,445.08,2378.95
2025-10-08,FB-100255,UA - Lookalike - 1% | iOS | US | Playables,52,165.32,502.74
2025-10-08,FB-100256,UA - Lookalike - 1% | Android | US | Carousel,140,490.94,2462.06
2025-10-08,FB-100257,UA - Retargeting - Value | iOS | EU | Static,28,135.89,582.42
2025-10-08,FB-100258,UA - Lookalike - 1% | iOS | MENA | Playables,104,394.13,1955.67
2025-10-08,FB-100259,UA - Lookalike - 1% | Android | LATAM | UGC,58,147.04,683.29
2025-10-08,FB-100260,UA - Prospecting - Broad | iOS | US | UGC,10,30.65,93.97
2025-10-08,FB-100261,UA - Lookalike - 1% | Android | EU | UGC,247,774.32,2652.82
2025-10-08,FB-100262,UA - Lookalike - 1% | Android | APAC | Video,79,166.15,885.58
2025-10-08,FB-100263,UA - Lookalike - 1% | Android | APAC | Carousel,65,182.4,692.21
2025-10-08,FB-100264,UA - Retargeting - Value | iOS | LATAM | Video,30,121.02,714.62
2025-10-08,FB-100265,UA - Lookalike - 1% | iOS | US | Playables,57,181.63,556.51
2025-10-08,FB-100266,UA - Lookalike - 1% | Android | US | UGC,131,477.31,1462.0
2025-10-08,FB-100267,UA - Prospecting - Broad | iOS | US | Static,82,276.59,1280.89
2025-10-08,FB-100268,UA - Prospecting - Broad | Android | LATAM | UGC,131,330.25,1033.35
2025-10-08,FB-100269,UA - Retargeting - Value | Android | EU | Playables,11,54.82,234.47
2025-10-08,FB-100270,UA - Lookalike - 5% | iOS | APAC | Carousel,28,117.3,619.58
2025-10-08,FB-100271,UA - Lookalike - 5% | Android | APAC | Video,87,258.65,1180.48
2025-10-08,FB-100272,UA - Lookalike - 1% | iOS | LATAM | Video,93,288.07,1514.96
2025-10-08,FB-100273,UA - Retargeting - Value | Android | APAC | UGC,100,343.56,1672.11
2025-10-08,FB-100274,UA - Lookalike - 1% | iOS | US | Carousel,40,168.49,731.25
2025-10-08,FB-100275,UA - Retargeting - Value | Android | APAC | Carousel,31,140.96,574.27
2025-10-08,FB-100276,UA - Retargeting - Value | Android | APAC | Video,46,134.96,778.72
2025-10-08,FB-100277,UA - Retargeting - Value | Android | US | Carousel,77,395.99,2375.94
2025-10-08,FB-100278,UA - Prospecting - Broad | Android | MENA | Static,141,505.67,2259.84
2025-10-08,FB-100279,UA - Retargeting - Value | Android | MENA | Static,32,116.55,639.98
2025-10-08,FB-100280,UA - Prospecting - Broad | iOS | EU | Playables,14,67.14,338.92
2025-10-08,FB-100281,UA - Lookalike - 1% | iOS | EU | Static,151,576.76,2601.19
2025-10-08,FB-100282,UA - Retargeting - Value | Android | US | Video,54,221.88,990.69
2025-10-08,FB-100283,UA - Lookalike - 1% | Android | LATAM | Static,31,81.5,246.46
2025-10-08,FB-100284,UA - Prospecting - Broad | Android | EU | Carousel,28,73.71,273.39
2025-10-08,FB-100285,UA - Prospecting - Broad | Android | APAC | Playables,30,116.78,586.12
2025-10-08,FB-100286,UA - Lookalike - 1% | Android | APAC | UGC,79,189.31,591.4
2025-10-08,FB-100287,UA - Retargeting - Value | Android | APAC | Playables,21,76.77,422.54
2025-10-08,FB-100288,UA - Lookalike - 5% | Android | MENA | Carousel,60,120.56,500.81
2025-10-08,FB-100289,UA - Lookalike - 5% | Android | US | UGC,23,81.77,314.24
2025-10-08,FB-100290,UA - Lookalike - 5% | iOS | US | UGC,94,347.01,1110.08
2025-10-08,FB-100291,UA - Retargeting - Value | Android | US | Carousel,35,182.63,955.7
2025-10-08,FB-100292,UA - Lookalike - 1% | Android | EU | Carousel,35,145.28,486.25
2025-10-08,FB-100293,UA - Lookalike - 1% | iOS | MENA | Playables,71,190.0,913.9
2025-10-08,FB-100294,UA - Lookalike - 5% | iOS | MENA | Playables,114,486.39,1511.7
2025-10-08,FB-100295,UA - Retargeting - Value | Android | US | Playables,5,24.17,119.62
2025-10-08,FB-100296,UA - Lookalike - 5% | iOS | APAC | Static,41,150.4,770.8
2025-10-08,FB-100297,UA - Lookalike - 5% | iOS | APAC | UGC,56,166.94,700.31
2025-10-08,FB-100298,UA - Lookalike - 1% | Android | LATAM | UGC,43,147.18,571.5
2025-10-08,FB-100299,UA - Lookalike - 5% | iOS | LATAM | Static,118,459.01,1463.32
2025-10-08,FB-100300,UA - Prospecting - Broad | Android | US | Video,51,162.23,816.83
2025-10-08,FB-100301,UA - Retargeting - Value | iOS | US | Carousel,40,206.68,1165.26
2025-10-08,FB-100302,UA - Lookalike - 1% | Android | MENA | Playables,59,191.22,670.8
2025-10-08,FB-100303,UA - Lookalike - 5% | Android | APAC | Carousel,68,265.4,1179.17
2025-10-08,FB-100304,UA - Lookalike - 1% | Android | LATAM | Playables,32,81.07,339.76
2025-10-08,FB-100305,UA - Retargeting - Value | iOS | US | Playables,26,115.93,525.16
2025-10-08,FB-100306,UA - Prospecting - Broad | Android | APAC | Static,32,88.48,470.71
2025-10-08,FB-100307,UA - Prospecting - Broad | iOS | MENA | Carousel,20,74.3,319.27
2025-10-08,FB-100308,UA - Lookalike - 5% | iOS | MENA | Static,27,98.56,354.52
2025-10-08,FB-100309,UA - Prospecting - Broad | Android | MENA | Carousel,115,323.05,1286.39
2025-10-08,FB-100310,UA - Lookalike - 1% | Android | LATAM | Carousel,69,225.89,1076.37
2025-10-08,FB-100311,UA - Retargeting - Value | iOS | US | Static,30,149.83,876.21
2025-10-08,FB-100312,UA - Prospecting - Broad | iOS | US | Static,20,78.21,422.8
2025-10-08,FB-100313,UA - Lookalike - 5% | Android | MENA | Static,28,105.35,361.03
2025-10-08,FB-100314,UA - Retargeting - Value | iOS | APAC | Carousel,12,50.34,207.05
2025-10-08,FB-100315,UA - Prospecting - Broad | iOS | LATAM | Carousel,15,52.59,257.01
2025-10-08,FB-100316,UA - Prospecting - Broad | Android | EU | Static,87,312.45,1455.7
2025-10-08,FB-100317,UA - Lookalike - 5% | Android | LATAM | UGC,86,229.41,985.32
2025-10-08,FB-100318,UA - Lookalike - 5% | iOS | MENA | UGC,42,158.74,534.95
2025-10-08,FB-100319,UA - Prospecting - Broad | iOS | EU | Playables,44,134.72,598.7
2025-10-08,FB-100320,UA - Lookalike - 1% | iOS | APAC | Video,75,203.69,750.6
2025-10-08,FB-100321,UA - Prospecting - Broad | iOS | MENA | Carousel,70,297.65,1023.02
2025-10-08,FB-100322,UA - Prospecting - Broad | Android | APAC | Playables,115,273.83,1218.27
2025-10-08,FB-100323,UA - Retargeting - Value | Android | EU | Carousel,30,131.5,786.5
2025-10-08,FB-100324,UA - Lookalike - 1% | Android | LATAM | Carousel,27,82.25,306.3
2025-10-08,FB-100325,UA - Lookalike - 5% | Android | US | UGC,105,324.4,1341.39
2025-10-08,FB-100326,UA - Retargeting - Value | Android | EU | UGC,10,49.18,202.87
2025-10-08,FB-100327,UA - Prospecting - Broad | iOS | US | UGC,90,442.53,1948.02
2025-10-08,FB-100328,UA - Prospecting - Broad | iOS | US | UGC,51,182.66,562.59
2025-10-08,FB-100329,UA - Lookalike - 5% | iOS | MENA | UGC,103,339.71,1786.87
2025-10-08,FB-100330,UA - Lookalike - 5% | iOS | LATAM | Video,134,550.58,1843.34
2025-10-08,FB-100331,UA - Lookalike - 5% | Android | LATAM | Static,60,156.6,586.15
2025-10-08,FB-100332,UA - Prospecting - Broad | iOS | US | UGC,72,291.82,1381.77
2025-10-08,FB-100333,UA - Lookalike - 5% | Android | APAC | Playables,63,184.79,998.61
2025-10-08,FB-100334,UA - Lookalike - 1% | Android | APAC | Carousel,11,41.95,208.37
2025-10-08,FB-100335,UA - Prospecting - Broad | Android | LATAM | Static,106,398.09,1247.61
2025-10-08,FB-100336,UA - Retargeting - Value | Android | MENA | Playables,76,336.56,1417.59
2025-10-08,FB-100337,UA - Retargeting - Value | iOS | LATAM | Static,11,53.83,291.44
2025-10-08,FB-100338,UA - Retargeting - Value | Android | EU | Carousel,14,65.14,344.66
2025-10-08,FB-100339,UA - Prospecting - Broad | Android | MENA | Static,18,59.03,199.93
2025-10-08,FB-100340,UA - Lookalike - 5% | Android | APAC | UGC,97,207.03,700.38
2025-10-08,FB-100341,UA - Lookalike - 5% | iOS | LATAM | Static,37,94.32,402.27
2025-10-08,FB-100342,UA - Lookalike - 1% | Android | APAC | UGC,24,88.69,323.81
2025-10-08,FB-100343,UA - Lookalike - 1% | iOS | MENA | Video,153,427.25,1304.82
2025-10-08,FB-100344,UA - Lookalike - 5% | Android | LATAM | UGC,126,373.07,1389.31
2025-10-08,FB-100345,UA - Lookalike - 1% | Android | US | Carousel,78,255.18,1275.9
2025-10-08,FB-100346,UA - Lookalike - 5% | Android | US | Playables,17,62.24,192.01
2025-10-08,FB-100347,UA - Prospecting - Broad | iOS | MENA | Playables,63,202.2,676.97
2025-10-08,FB-100348,UA - Lookalike - 1% | iOS | MENA | Static,56,163.61,859.93
2025-10-08,FB-100349,UA - Prospecting - Broad | iOS | MENA | Static,18,68.61,302.43
2025-10-08,GG-200000,Search - Brand - Exact | iOS | US | Carousel,20,62.73,288.43
2025-10-08,GG-200001,UAC - Value | Android | US | Static,154,718.72,3785.5
2025-10-08,GG-200002,Search - Non-Brand - Broad | iOS | MENA | Playables,52,216.31,577.33
2025-10-08,GG-200003,UAC - Value | iOS | LATAM | Carousel,37,157.21,895.78
2025-10-08,GG-200004,Search - Brand - Exact | iOS | LATAM | Playables,68,289.78,1251.85
2025-10-08,GG-200005,Search - Brand - Exact | iOS | US | Carousel,78,273.08,708.37
2025-10-08,GG-200006,Search - Non-Brand - Broad | iOS | LATAM | Carousel,16,43.44,157.43
2025-10-08,GG-200007,Search - Non-Brand - Broad | iOS | US | Playables,22,87.61,367.7
2025-10-08,GG-200008,Search - Non-Brand - Broad | iOS | LATAM | UGC,63,160.56,786.74
2025-10-08,GG-200009,UAC - Value | Android | LATAM | Playables,98,421.28,2283.76
2025-10-08,GG-200010,Search - Brand - Exact | iOS | EU | Playables,87,294.09,887.86
2025-10-08,GG-200011,Search - Brand - Exact | iOS | MENA | Carousel,40,168.27,757.89
2025-10-08,GG-200012,Search - Non-Brand - Broad | iOS | LATAM | Static,21,56.74,212.6
2025-10-08,GG-200013,Search - Non-Brand - Broad | iOS | APAC | Static,13,40.04,182.98
2025-10-08,GG-200014,UAC - Installs | Android | EU | Video,107,319.16,1370.47
2025-10-08,GG-200015,Search - Brand - Exact | Android | MENA | Playables,92,348.09,1377.39
2025-10-08,GG-200016,UAC - Value | iOS | MENA | Static,267,1341.97,5566.49
2025-10-08,GG-200017,Search - Non-Brand - Broad | Android | EU | Static,24,103.79,275.67
2025-10-08,GG-200018,UAC - Installs | iOS | US | UGC,76,280.57,891.37
2025-10-08,GG-200019,UAC - Installs | Android | APAC | Playables,166,490.94,1631.88
2025-10-08,GG-200020,Search - Non-Brand - Broad | iOS | EU | Playables,36,164.27,770.59
2025-10-08,GG-200021,UAC - Installs | iOS | APAC | Static,40,115.69,522.92
2025-10-08,GG-200022,UAC - Value | iOS | APAC | Carousel,36,126.02,724.99
2025-10-08,GG-200023,Search - Non-Brand - Broad | iOS | EU | Static,37,177.86,600.99
2025-10-08,GG-200024,UAC - Installs | iOS | US | UGC,28,126.14,633.1
2025-10-08,GG-200025,UAC - Installs | Android | MENA | Video,320,799.94,2513.41
2025-10-08,GG-200026,UAC - Value | Android | EU | Carousel,164,860.38,3720.28
2025-10-08,GG-200027,Search - Non-Brand - Broad | Android | APAC | Video,69,267.49,806.48
2025-10-08,GG-200028,UAC - Value | iOS | LATAM | Video,106,422.29,2271.5
2025-10-08,GG-200029,UAC - Installs | Android | APAC | Playables,114,351.44,1146.05
2025-10-08,GG-200030,UAC - Installs | Android | APAC | Video,98,360.92,1552.68
2025-10-08,GG-200031,Search - Brand - Exact | Android | US | Carousel,39,158.96,411.71
2025-10-08,GG-200032,Search - Brand - Exact | iOS | EU | Static,24,84.97,337.42
2025-10-08,GG-200033,UAC - Value | iOS | APAC | Static,78,313.4,1268.33
2025-10-08,GG-200034,Search - Brand - Exact | iOS | MENA | Video,32,122.27,315.21
2025-10-08,GG-200035,Search - Non-Brand - Broad | Android | LATAM | Static,142,379.48,1734.22
2025-10-08,GG-200036,Search - Non-Brand - Broad | iOS | US | Carousel,44,208.19,927.9
2025-10-08,GG-200037,Search - Non-Brand - Broad | iOS | US | Video,161,789.69,3814.99
2025-10-08,GG-200038,Search - Brand - Exact | iOS | MENA | UGC,49,147.99,725.3
2025-10-08,GG-200039,Search - Brand - Exact | Android | APAC | Playables,123,315.05,1325.1
2025-10-08,GG-200040,UAC - Value | Android | EU | Carousel,128,486.21,2271.57
2025-10-08,GG-200041,Search - Non-Brand - Broad | Android | MENA | Carousel,209,546.28,2268.15
2025-10-08,GG-200042,UAC - Installs | iOS | EU | Video,75,278.81,1280.85
2025-10-08,GG-200043,Search - Brand - Exact | Android | MENA | Playables,36,136.59,529.83
2025-10-08,GG-200044,UAC - Value | iOS | APAC | Video,91,337.14,1495.55
2025-10-08,GG-200045,UAC - Installs | iOS | LATAM | Video,94,269.64,1150.55
2025-10-08,GG-200046,Search - Brand - Exact | Android | LATAM | Static,74,292.34,742.54
2025-10-08,GG-200047,UAC - Installs | iOS | EU | Video,146,506.53,1657.87
2025-10-08,GG-200048,UAC - Value | iOS | EU | UGC,59,301.61,1260.13
2025-10-08,GG-200049,UAC - Value | Android | EU | Video,73,289.85,1739.1
2025-10-08,GG-200050,Search - Brand - Exact | Android | LATAM | Static,52,134.25,385.97
2025-10-08,GG-200051,UAC - Installs | Android | US | Carousel,83,326.31,1584.24
2025-10-08,GG-200052,UAC - Installs | iOS | MENA | UGC,172,481.62,2363.31
2025-10-08,GG-200053,UAC - Installs | Android | EU | Carousel,118,428.43,2354.22
2025-10-08,GG-200054,Search - Brand - Exact | Android | LATAM | Carousel,61,196.07,813.3
2025-10-08,GG-200055,UAC - Value | iOS | APAC | UGC,50,253.6,1222.86
2025-10-08,GG-200056,UAC - Value | iOS | LATAM | Static,152,629.28,3775.68
2025-10-08,GG-200057,UAC - Installs | iOS | LATAM | Playables,37,119.31,502.3
2025-10-08,GG-200058,UAC - Value | Android | APAC | Video,151,489.22,2935.32
2025-10-08,GG-200059,UAC - Installs | Android | MENA | Carousel,297,796.88,2625.72
2025-10-08,GG-200060,UAC - Installs | Android | US | Carousel,77,220.2,910.53
2025-10-08,GG-200061,UAC - Value | iOS | APAC | Playables,115,481.82,2048.7
2025-10-08,GG-200062,UAC - Value | Android | APAC | Carousel,77,293.26,1457.5
2025-10-08,GG-200063,UAC - Value | Android | LATAM | Playables,80,266.94,1292.52
2025-10-08,GG-200064,UAC - Value | iOS | US | Video,148,827.53,4965.18
2025-10-08,GG-200065,Search - Brand - Exact | iOS | MENA | Static,62,248.95,1058.04
2025-10-08,GG-200066,Search - Brand - Exact | Android | MENA | UGC,59,118.92,473.66
2025-10-08,GG-200067,UAC - Installs | Android | US | Static,68,268.27,992.06
2025-10-08,GG-200068,Search - Brand - Exact | iOS | APAC | Playables,50,175.83,847.5
2025-10-08,GG-200069,UAC - Installs | Android | APAC | Carousel,100,208.39,1117.6
2025-10-08,GG-200070,Search - Non-Brand - Broad | iOS | US | Playables,98,362.08,1055.1
2025-10-08,GG-200071,UAC - Installs | iOS | APAC | Carousel,41,179.51,655.03
2025-10-08,GG-200072,Search - Non-Brand - Broad | Android | US | Video,22,77.38,226.1
2025-10-08,GG-200073,Search - Brand - Exact | iOS | MENA | UGC,69,199.43,742.08
2025-10-08,GG-200074,Search - Non-Brand - Broad | iOS | LATAM | UGC,39,107.34,390.18
2025-10-08,GG-200075,Search - Brand - Exact | iOS | APAC | Static,70,299.45,1117.85
2025-10-08,GG-200076,Search - Non-Brand - Broad | Android | US | UGC,89,354.99,1084.85
2025-10-08,GG-200077,UAC - Installs | iOS | US | Carousel,60,268.26,1255.46
2025-10-08,GG-200078,UAC - Installs | Android | MENA | Playables,189,575.05,1998.87
2025-10-08,GG-200079,UAC - Installs | iOS | EU | Static,158,672.23,2430.11
2025-10-08,GG-200080,Search - Non-Brand - Broad | Android | US | Static,23,66.11,247.38
2025-10-08,GG-200081,UAC - Installs | Android | APAC | Video,40,137.86,487.34
2025-10-08,GG-200082,Search - Non-Brand - Broad | iOS | APAC | Playables,15,55.9,227.96
2025-10-08,GG-200083,UAC - Value | Android | US | Carousel,122,610.71,3664.26
2025-10-08,GG-200084,UAC - Value | iOS | MENA | UGC,160,614.53,2794.27
2025-10-08,GG-200085,Search - Brand - Exact | Android | EU | Carousel,74,251.18,783.18
2025-10-08,GG-200086,UAC - Installs | iOS | APAC | Playables,100,275.61,1434.55
2025-10-08,GG-200087,Search - Non-Brand - Broad | Android | MENA | Playables,97,199.62,632.8
2025-10-08,GG-200088,Search - Brand - Exact | Android | APAC | Playables,52,146.77,663.84
2025-10-08,GG-200089,UAC - Installs | Android | MENA | Static,148,360.81,1656.48
2025-10-08,GG-200090,Search - Non-Brand - Broad | Android | EU | Carousel,70,190.44,937.16
2025-10-08,GG-200091,Search - Brand - Exact | iOS | MENA | Carousel,62,157.62,543.47
2025-10-08,GG-200092,UAC - Installs | iOS | EU | Playables,56,191.57,831.22
2025-10-08,GG-200093,Search - Brand - Exact | Android | LATAM | Playables,56,144.5,419.63
2025-10-08,GG-200094,Search - Non-Brand - Broad | Android | MENA | Playables,22,77.22,294.67
2025-10-08,GG-200095,UAC - Installs | Android | MENA | Playables,101,206.9,947.4
2025-10-08,GG-200096,Search - Brand - Exact | Android | US | Video,60,248.2,1164.55
2025-10-08,GG-200097,UAC - Value | iOS | EU | Playables,126,657.13,2661.38
2025-10-08,GG-200098,UAC - Installs | Android | APAC | Playables,178,652.0,3356.5
2025-10-08,GG-200099,UAC - Value | iOS | APAC | Static,98,408.44,1735.46
2025-10-08,GG-200100,Search - Brand - Exact | iOS | APAC | Video,42,128.4,412.29
2025-10-08,GG-200101,UAC - Value | Android | APAC | UGC,129,542.46,3254.76
2025-10-08,GG-200102,Search - Non-Brand - Broad | iOS | EU | Carousel,19,73.99,273.17
2025-10-08,GG-200103,UAC - Value | iOS | LATAM | Carousel,27,92.27,498.44
2025-10-08,GG-200104,Search - Brand - Exact | Android | LATAM | Playables,75,228.51,1050.92
2025-10-08,GG-200105,Search - Brand - Exact | iOS | EU | UGC,127,569.09,2609.85
2025-10-08,GG-200106,Search - Non-Brand - Broad | iOS | APAC | Static,59,213.86,795.99
2025-10-08,GG-200107,UAC - Value | Android | US | Carousel,111,467.98,2521.01
2025-10-08,GG-200108,UAC - Installs | iOS | EU | Static,81,245.2,1054.36
2025-10-08,GG-200109,UAC - Value | iOS | EU | Static,49,270.53,1417.04
2025-10-08,GG-200110,UAC - Value | iOS | APAC | Carousel,46,160.32,961.92
2025-10-08,GG-200111,UAC - Value | Android | US | UGC,88,442.56,2394.25
2025-10-08,GG-200112,UAC - Installs | Android | EU | Playables,226,838.23,3503.8
2025-10-08,GG-200113,UAC - Value | Android | US | Carousel,152,776.07,3423.24
2025-10-08,GG-200114,Search - Brand - Exact | iOS | LATAM | Playables,36,90.4,384.56
2025-10-08,GG-200115,UAC - Installs | Android | APAC | Static,58,188.49,845.57
2025-10-08,GG-200116,Search - Brand - Exact | iOS | APAC | Carousel,36,110.46,527.89
2025-10-08,GG-200117,Search - Non-Brand - Broad | iOS | US | Playables,46,223.96,874.12
2025-10-08,GG-200118,Search - Brand - Exact | iOS | MENA | Carousel,27,97.94,275.9
2025-10-08,GG-200119,UAC - Installs | iOS | MENA | UGC,78,328.13,1480.52
2025-10-08,GG-200120,UAC - Value | Android | EU | Video,177,657.32,2984.89
2025-10-08,GG-200121,UAC - Installs | iOS | LATAM | Playables,85,212.54,678.85
2025-10-08,GG-200122,UAC - Value | Android | EU | Playables,184,877.68,4039.08
2025-10-08,GG-200123,Search - Non-Brand - Broad | Android | US | Video,64,267.35,880.12
2025-10-08,GG-200124,UAC - Value | iOS | APAC | Playables,129,456.12,2323.02
2025-10-08,GG-200125,Search - Non-Brand - Broad | Android | MENA | Playables,50,189.97,784.58
2025-10-08,GG-200126,Search - Non-Brand - Broad | iOS | MENA | Carousel,67,250.17,1173.55
2025-10-08,GG-200127,UAC - Installs | iOS | MENA | Carousel,244,1095.78,3824.27
2025-10-08,GG-200128,UAC - Value | iOS | MENA | Carousel,134,570.25,2299.25
2025-10-08,GG-200129,Search - Brand - Exact | Android | LATAM | Carousel,66,263.44,1122.52
2025-10-08,GG-200130,Search - Brand - Exact | iOS | MENA | Carousel,62,230.34,837.52
2025-10-08,GG-200131,Search - Non-Brand - Broad | iOS | LATAM | Playables,45,121.85,417.21
2025-10-08,GG-200132,Search - Non-Brand - Broad | Android | MENA | UGC,62,227.42,636.55
2025-10-08,GG-200133,Search - Brand - Exact | iOS | EU | Static,24,85.32,395.12
2025-10-08,GG-200134,UAC - Value | Android | EU | Video,107,383.96,2303.76
2025-10-08,GG-200135,UAC - Value | iOS | APAC | Static,44,179.64,1018.38
2025-10-08,GG-200136,UAC - Value | Android | APAC | Playables,149,423.01,2335.44
2025-10-08,GG-200137,Search - Non-Brand - Broad | Android | EU | Playables,91,398.78,1307.2
2025-10-08,GG-200138,UAC - Value | iOS | APAC | Playables,56,191.87,1151.22
2025-10-08,GG-200139,UAC - Installs | iOS | EU | UGC,59,179.37,613.98
2025-10-08,GG-200140,UAC - Value | iOS | LATAM | Playables,222,1023.82,6142.92
2025-10-08,GG-200141,UAC - Installs | Android | EU | Carousel,199,648.46,2410.97
2025-10-08,GG-200142,Search - Non-Brand - Broad | Android | LATAM | Carousel,36,142.51,448.62
2025-10-08,GG-200143,UAC - Installs | iOS | LATAM | UGC,131,529.86,2282.64
2025-10-08,GG-200144,UAC - Value | iOS | LATAM | Video,98,429.97,2579.82
2025-10-08,GG-200145,UAC - Installs | iOS | LATAM | Static,68,216.54,1173.86
2025-10-08,GG-200146,UAC - Installs | Android | LATAM | Video,43,108.43,575.22
2025-10-08,GG-200147,Search - Non-Brand - Broad | iOS | LATAM | UGC,37,116.4,455.01
2025-10-08,GG-200148,UAC - Installs | Android | MENA | Carousel,65,150.64,631.03
2025-10-08,GG-200149,Search - Non-Brand - Broad | Android | US | Playables,17,48.03,185.73
2025-10-08,GG-200150,Search - Non-Brand - Broad | Android | US | Playables,82,282.66,878.79
2025-10-08,GG-200151,UAC - Value | Android | US | Video,100,333.03,1998.18
2025-10-08,GG-200152,Search - Non-Brand - Broad | iOS | APAC | Video,61,222.95,888.01
2025-10-08,GG-200153,UAC - Value | Android | MENA | Static,171,708.85,3763.99
2025-10-08,GG-200154,UAC - Installs | iOS | APAC | Static,130,348.5,1736.23
2025-10-08,GG-200155,Search - Brand - Exact | iOS | LATAM | Video,23,87.8,263.49
2025-10-08,GG-200156,Search - Non-Brand - Broad | Android | MENA | Video,48,110.8,430.79
2025-10-08,GG-200157,UAC - Value | iOS | EU | Video,111,538.32,2683.53
2025-10-08,GG-200158,Search - Brand - Exact | iOS | EU | Carousel,32,120.8,398.16
2025-10-08,GG-200159,Search - Brand - Exact | Android | LATAM | Playables,96,321.55,1505.5
2025-10-08,GG-200160,UAC - Value | iOS | LATAM | UGC,83,416.76,1852.5
2025-10-08,GG-200161,UAC - Installs | Android | MENA | UGC,72,230.28,919.97
2025-10-08,GG-200162,Search - Non-Brand - Broad | Android | US | Carousel,56,183.01,539.88
2025-10-08,GG-200163,Search - Brand - Exact | iOS | LATAM | Static,44,132.97,649.96
2025-10-08,GG-200164,Search - Non-Brand - Broad | iOS | LATAM | Playables,75,297.4,1231.24
2025-10-08,GG-200165,UAC - Value | Android | MENA | UGC,111,417.79,2388.09
2025-10-08,GG-200166,Search - Brand - Exact | iOS | US | UGC,38,170.4,475.42
2025-10-08,GG-200167,UAC - Installs | Android | EU | UGC,169,663.16,3388.75
2025-10-08,GG-200168,UAC - Value | Android | US | Carousel,134,456.94,1835.53
2025-10-08,GG-200169,UAC - Installs | Android | APAC | Carousel,137,442.37,2291.92
2025-10-08,GG-200170,Search - Brand - Exact | iOS | MENA | Playables,18,66.58,227.9
2025-10-08,GG-200171,Search - Brand - Exact | iOS | LATAM | Static,65,197.24,637.68
2025-10-08,GG-200172,Search - Non-Brand - Broad | Android | APAC | Carousel,20,61.25,213.82
2025-10-08,GG-200173,Search - Brand - Exact | iOS | MENA | Carousel,20,69.74,330.01
2025-10-08,GG-200174,Search - Non-Brand - Broad | iOS | LATAM | Playables,65,269.17,1055.95
2025-10-08,GG-200175,Search - Non-Brand - Broad | Android | EU | UGC,25,98.69,447.16
2025-10-08,GG-200176,UAC - Value | iOS | MENA | Carousel,189,765.73,3415.16
2025-10-08,GG-200177,Search - Non-Brand - Broad | iOS | MENA | Static,91,393.55,1933.51
2025-10-08,GG-200178,UAC - Installs | Android | MENA | UGC,215,728.53,2274.47
2025-10-08,GG-200179,Search - Brand - Exact | Android | MENA | Video,59,199.28,590.67
2025-10-08,GG-200180,Search - Non-Brand - Broad | Android | MENA | Playables,36,86.91,387.18
2025-10-08,GG-200181,UAC - Value | Android | LATAM | Playables,142,570.8,2421.9
2025-10-08,GG-200182,UAC - Value | Android | EU | Playables,124,517.24,2613.1
2025-10-08,GG-200183,Search - Brand - Exact | Android | MENA | UGC,109,292.76,965.82
2025-10-08,GG-200184,UAC - Value | iOS | EU | Playables,145,656.86,3288.9
2025-10-08,GG-200185,UAC - Value | iOS | MENA | Video,60,313.19,1317.9
2025-10-08,GG-200186,UAC - Installs | iOS | US | UGC,80,264.94,1182.16
2025-10-08,GG-200187,Search - Brand - Exact | Android | EU | Playables,40,160.11,513.95
2025-10-08,GG-200188,Search - Brand - Exact | Android | APAC | Carousel,47,105.61,368.47
2025-10-08,GG-200189,Search - Brand - Exact | Android | US | UGC,12,48.4,240.11
2025-10-08,GG-200190,Search - Non-Brand - Broad | iOS | APAC | Static,93,375.81,1531.8
2025-10-08,GG-200191,UAC - Value | iOS | LATAM | UGC,124,527.57,2812.48
2025-10-08,GG-200192,Search - Non-Brand - Broad | iOS | APAC | Video,90,382.2,1337.7
2025-10-08,GG-200193,UAC - Value | iOS | US | Static,104,532.14,2259.47
2025-10-08,GG-200194,Search - Brand - Exact | Android | EU | Video,18,66.95,251.6
2025-10-08,GG-200195,UAC - Value | iOS | APAC | Playables,47,210.07,927.67
2025-10-08,GG-200196,UAC - Value | iOS | EU | Static,109,493.63,2605.38
2025-10-08,GG-200197,Search - Non-Brand - Broad | iOS | EU | Carousel,22,76.53,281.63
2025-10-08,GG-200198,Search - Brand - Exact | Android | US | UGC,19,64.95,273.37
2025-10-08,GG-200199,Search - Brand - Exact | Android | EU | Video,28,105.92,477.59
2025-10-08,GG-200200,Search - Brand - Exact | Android | APAC | Playables,141,493.11,2073.53
2025-10-08,GG-200201,UAC - Value | Android | US | UGC,60,288.97,1733.82
2025-10-08,GG-200202,Search - Brand - Exact | Android | MENA | Static,155,445.93,2037.45
2025-10-08,GG-200203,Search - Non-Brand - Broad | Android | MENA | Carousel,38,79.03,276.53
2025-10-08,GG-200204,UAC - Installs | iOS | MENA | Playables,102,409.62,1822.81
2025-10-08,GG-200205,Search - Non-Brand - Broad | Android | LATAM | Static,52,118.76,369.11
2025-10-08,GG-200206,Search - Brand - Exact | iOS | LATAM | Carousel,29,116.14,510.09
2025-10-08,GG-200207,UAC - Value | Android | APAC | Playables,96,313.52,1469.78
2025-10-08,GG-200208,UAC - Installs | Android | LATAM | UGC,202,692.38,2608.2
2025-10-08,GG-200209,UAC - Installs | iOS | APAC | Static,107,411.59,1393.64
2025-10-08,GG-200210,UAC - Value | iOS | EU | Playables,91,496.11,2707.77
2025-10-08,GG-200211,Search - Non-Brand - Broad | Android | EU | Carousel,30,127.22,482.42
2025-10-08,GG-200212,UAC - Value | iOS | US | Playables,74,354.96,1755.28
2025-10-08,GG-200213,Search - Non-Brand - Broad | iOS | MENA | Playables,105,364.14,1256.28
2025-10-08,GG-200214,Search - Non-Brand - Broad | iOS | EU | Carousel,19,84.69,237.05
2025-10-08,GG-200215,UAC - Installs | iOS | US | UGC,72,217.76,1059.62
2025-10-08,GG-200216,Search - Brand - Exact | Android | MENA | Static,84,273.24,1333.41
2025-10-08,GG-200217,Search - Brand - Exact | iOS | APAC | Playables,44,157.32,424.61
2025-10-08,GG-200218,Search - Non-Brand - Broad | Android | EU | Playables,88,384.8,1787.01
2025-10-08,GG-200219,UAC - Installs | iOS | EU | Carousel,40,141.26,521.81
2025-10-08,GG-200220,Search - Brand - Exact | Android | EU | Static,47,137.03,426.16
2025-10-08,GG-200221,Search - Non-Brand - Broad | iOS | EU | Playables,16,49.64,222.14
2025-10-08,GG-200222,UAC - Installs | iOS | EU | Playables,91,381.89,1432.09
2025-10-08,GG-200223,UAC - Installs | iOS | APAC | UGC,98,331.76,1528.42
2025-10-08,GG-200224,UAC - Value | iOS | LATAM | Carousel,63,238.86,1332.36
2025-10-08,GG-200225,UAC - Installs | iOS | US | UGC,54,190.53,824.99
2025-10-08,GG-200226,UAC - Value | Android | LATAM | Carousel,66,205.55,825.49
2025-10-08,GG-200227,Search - Non-Brand - Broad | Android | MENA | Static,120,422.51,1766.94
2025-10-08,GG-200228,UAC - Value | Android | LATAM | Playables,236,700.31,3207.42
2025-10-08,GG-200229,UAC - Installs | iOS | EU | Static,155,677.27,3602.4
2025-10-08,GG-200230,Search - Non-Brand - Broad | Android | APAC | Playables,49,113.48,471.62
2025-10-08,GG-200231,UAC - Installs | iOS | MENA | Carousel,143,476.73,2295.93
2025-10-08,GG-200232,Search - Non-Brand - Broad | iOS | APAC | UGC,54,213.48,976.24
2025-10-08,GG-200233,UAC - Value | iOS | EU | Static,123,462.64,2775.84
2025-10-08,GG-200234,Search - Brand - Exact | Android | MENA | Video,88,320.06,962.1
2025-10-08,GG-200235,UAC - Value | Android | US | Video,195,800.48,3967.18
2025-10-08,GG-200236,Search - Non-Brand - Broad | Android | EU | Video,40,105.96,307.39
2025-10-08,GG-200237,UAC - Value | Android | EU | Playables,136,699.5,4164.12
2025-10-08,GG-200238,UAC - Value | iOS | US | Playables,87,336.57,1393.4
2025-10-08,GG-200239,UAC - Value | iOS | US | Video,144,675.89,4055.34
2025-10-08,GG-200240,UAC - Installs | Android | US | Playables,468,1707.36,7520.92
2025-10-08,GG-200241,UAC - Value | iOS | US | Playables,158,768.4,4610.4
2025-10-08,GG-200242,Search - Non-Brand - Broad | Android | US | Video,86,379.64,1291.91
2025-10-08,GG-200243,UAC - Installs | Android | EU | Playables,98,289.63,1131.29
2025-10-08,GG-200244,Search - Brand - Exact | iOS | LATAM | UGC,75,283.84,1012.74
2025-10-08,GG-200245,Search - Non-Brand - Broad | iOS | APAC | UGC,196,877.94,3014.85
2025-10-08,GG-200246,Search - Brand - Exact | Android | LATAM | Video,23,59.0,196.71
2025-10-08,GG-200247,UAC - Value | Android | APAC | UGC,33,98.17,431.56
2025-10-08,GG-200248,Search - Non-Brand - Broad | iOS | US | Video,29,91.24,384.12
2025-10-08,GG-200249,UAC - Installs | Android | APAC | UGC,207,477.01,1825.04
2025-10-08,GG-200250,Search - Non-Brand - Broad | Android | MENA | Video,92,347.65,1218.17
2025-10-08,GG-200251,UAC - Installs | Android | MENA | UGC,136,359.69,1214.31
2025-10-08,GG-200252,Search - Brand - Exact | Android | US | Carousel,112,464.02,2233.33
2025-10-08,GG-200253,Search - Non-Brand - Broad | Android | LATAM | Video,59,135.5,443.22
2025-10-08,GG-200254,UAC - Installs | Android | APAC | Video,171,365.68,1892.76
2025-10-08,GG-200255,UAC - Value | Android | MENA | Static,164,776.05,3555.86
2025-10-08,GG-200256,Search - Brand - Exact | iOS | APAC | Static,71,312.12,800.28
2025-10-08,GG-200257,UAC - Value | iOS | US | Video,71,328.52,1477.35
2025-10-08,GG-200258,UAC - Value | Android | US | Carousel,91,389.75,1717.63
2025-10-08,GG-200259,UAC - Value | iOS | US | Carousel,57,327.22,1648.53
2025-10-08,GG-200260,UAC - Value | iOS | EU | Carousel,112,423.62,2096.92
2025-10-08,GG-200261,UAC - Value | iOS | EU | Playables,70,305.9,1273.46
2025-10-08,GG-200262,Search - Non-Brand - Broad | Android | MENA | Carousel,89,333.92,848.16
2025-10-08,GG-200263,Search - Non-Brand - Broad | Android | US | Carousel,97,406.9,1197.51
2025-10-08,GG-200264,UAC - Installs | iOS | EU | UGC,65,222.28,1078.06
2025-10-08,GG-200265,Search - Brand - Exact | iOS | US | Video,55,184.21,699.26
2025-10-08,GG-200266,UAC - Installs | iOS | APAC | Carousel,240,614.4,2156.54
2025-10-08,GG-200267,Search - Non-Brand - Broad | Android | EU | Video,129,329.85,846.07
2025-10-08,GG-200268,UAC - Value | iOS | APAC | Playables,168,802.2,4657.57
2025-10-08,GG-200269,UAC - Installs | Android | US | Video,82,273.86,867.04
2025-10-08,GG-200270,UAC - Installs | Android | MENA | Playables,168,607.98,1825.16
2025-10-08,GG-200271,UAC - Value | iOS | US | Carousel,71,342.93,2057.58
2025-10-08,GG-200272,Search - Non-Brand - Broad | iOS | US | Playables,45,181.33,818.52
2025-10-08,GG-200273,Search - Non-Brand - Broad | Android | APAC | Static,46,117.97,476.36
2025-10-08,GG-200274,UAC - Value | iOS | LATAM | Carousel,145,642.58,3400.53
2025-10-08,GG-200275,UAC - Value | Android | US | Static,301,1203.85,5252.4
2025-10-08,GG-200276,UAC - Value | iOS | APAC | Carousel,134,698.02,2817.21
2025-10-08,GG-200277,Search - Non-Brand - Broad | Android | LATAM | Carousel,23,46.54,172.29
2025-10-08,GG-200278,Search - Non-Brand - Broad | iOS | MENA | Playables,66,224.82,709.76
2025-10-08,GG-200279,UAC - Installs | iOS | US | Static,92,338.07,1856.68
2025-10-08,GG-200280,UAC - Value | Android | APAC | Carousel,174,776.46,4587.33
2025-10-08,GG-200281,UAC - Value | iOS | APAC | Carousel,98,424.99,1800.26
2025-10-08,GG-200282,Search - Non-Brand - Broad | Android | LATAM | Carousel,45,130.73,507.62
2025-10-08,GG-200283,UAC - Value | iOS | LATAM | Static,174,850.88,5105.28
2025-10-08,GG-200284,Search - Non-Brand - Broad | iOS | LATAM | UGC,28,99.43,442.46
2025-10-08,GG-200285,UAC - Value | iOS | APAC | Carousel,64,277.05,1588.6
2025-10-08,GG-200286,Search - Non-Brand - Broad | iOS | US | Playables,49,169.17,816.58
2025-10-08,GG-200287,UAC - Value | Android | MENA | Video,200,630.88,2600.49
2025-10-08,GG-200288,Search - Brand - Exact | Android | APAC | Carousel,70,185.07,796.54
2025-10-08,GG-200289,UAC - Installs | iOS | APAC | Static,95,277.16,1339.79
2025-10-08,GG-200290,UAC - Value | Android | LATAM | Static,131,614.94,3689.64
2025-10-08,GG-200291,UAC - Value | iOS | US | UGC,94,463.68,2142.67
2025-10-08,GG-200292,UAC - Value | iOS | MENA | Playables,114,504.1,2863.79
2025-10-08,GG-200293,Search - Brand - Exact | Android | LATAM | Playables,40,130.94,497.83
2025-10-08,GG-200294,Search - Non-Brand - Broad | Android | EU | Carousel,34,121.81,490.29
2025-10-08,GG-200295,UAC - Installs | Android | MENA | UGC,99,371.3,1995.37
2025-10-08,GG-200296,Search - Brand - Exact | iOS | US | Video,61,269.59,1257.37
2025-10-08,GG-200297,Search - Non-Brand - Broad | iOS | EU | Playables,54,241.03,1180.81
2025-10-08,GG-200298,UAC - Value | iOS | LATAM | UGC,185,622.21,2652.48
2025-10-08,GG-200299,UAC - Value | Android | LATAM | Video,157,632.79,3051.31
2025-10-08,GG-200300,Search - Brand - Exact | Android | LATAM | UGC,56,177.61,542.24
2025-10-08,GG-200301,UAC - Installs | Android | EU | Carousel,135,469.22,2119.47
2025-10-08,GG-200302,UAC - Value | iOS | APAC | Static,49,241.39,1353.47
2025-10-08,GG-200303,UAC - Value | iOS | APAC | Video,75,330.76,1909.48
2025-10-08,GG-200304,UAC - Installs | iOS | LATAM | Video,81,277.14,1429.77
2025-10-08,GG-200305,UAC - Installs | Android | US | Video,65,218.63,1152.18
2025-10-08,GG-200306,Search - Non-Brand - Broad | Android | EU | Static,53,135.51,493.53
2025-10-08,GG-200307,UAC - Value | Android | LATAM | Playables,235,1100.08,5161.58
2025-10-08,GG-200308,Search - Non-Brand - Broad | iOS | EU | UGC,76,312.89,1457.75
2025-10-08,GG-200309,Search - Brand - Exact | Android | APAC | UGC,65,152.37,571.39
2025-10-08,GG-200310,UAC - Value | Android | APAC | Playables,230,773.19,4639.14
2025-10-08,GG-200311,Search - Non-Brand - Broad | iOS | US | Static,42,189.55,569.6
2025-10-08,GG-200312,Search - Brand - Exact | iOS | US | Playables,41,136.82,347.52
2025-10-08,GG-200313,Search - Non-Brand - Broad | Android | LATAM | Carousel,32,82.96,323.54
2025-10-08,GG-200314,UAC - Value | iOS | US | Carousel,99,502.56,3015.36
2025-10-08,GG-200315,UAC - Value | iOS | MENA | UGC,92,369.89,2219.34
2025-10-08,GG-200316,UAC - Value | Android | LATAM | Carousel,200,639.92,3839.52
2025-10-08,GG-200317,Search - Brand - Exact | Android | LATAM | Playables,33,80.81,342.47
2025-10-08,GG-200318,Search - Non-Brand - Broad | Android | LATAM | Video,39,153.24,711.65
2025-10-08,GG-200319,UAC - Installs | iOS | US | Static,224,758.13,2626.92
2025-10-08,GG-200320,UAC - Value | Android | MENA | UGC,83,360.52,1770.15
2025-10-08,GG-200321,UAC - Value | Android | MENA | UGC,141,453.94,2429.03
2025-10-08,GG-200322,Search - Non-Brand - Broad | Android | APAC | Playables,103,325.26,891.86
2025-10-08,GG-200323,Search - Non-Brand - Broad | Android | APAC | Carousel,130,287.25,1311.58
2025-10-08,GG-200324,Search - Brand - Exact | Android | LATAM | UGC,97,246.22,1130.64
2025-10-08,GG-200325,Search - Non-Brand - Broad | iOS | US | UGC,66,329.45,841.74
2025-10-08,GG-200326,UAC - Value | Android | APAC | Playables,115,397.76,2386.56
2025-10-08,GG-200327,UAC - Value | iOS | APAC | UGC,124,551.24,2798.65
2025-10-08,GG-200328,Search - Brand - Exact | iOS | EU | Video,33,119.11,366.98
2025-10-08,GG-200329,UAC - Installs | Android | LATAM | Video,124,491.09,2193.7
2025-10-08,GG-200330,Search - Non-Brand - Broad | Android | MENA | Carousel,77,164.93,438.55
2025-10-08,GG-200331,Search - Brand - Exact | iOS | MENA | UGC,13,52.62,261.73
2025-10-08,GG-200332,UAC - Installs | Android | LATAM | Playables,149,418.26,1987.57
2025-10-08,GG-200333,Search - Non-Brand - Broad | Android | APAC | Playables,55,203.2,600.86
2025-10-08,GG-200334,UAC - Installs | iOS | US | Static,55,187.07,725.46
2025-10-08,GG-200335,UAC - Installs | Android | APAC | Carousel,160,402.48,2092.09
2025-10-08,GG-200336,Search - Non-Brand - Broad | Android | APAC | Video,50,101.26,335.88
2025-10-08,GG-200337,UAC - Value | Android | MENA | Carousel,129,372.66,1651.26
2025-10-08,GG-200338,Search - Non-Brand - Broad | Android | MENA | Static,26,60.04,206.24
2025-10-08,GG-200339,UAC - Installs | Android | US | Playables,87,305.78,1539.91
2025-10-08,GG-200340,Search - Non-Brand - Broad | iOS | MENA | Playables,53,231.53,1120.14
2025-10-08,GG-200341,UAC - Installs | iOS | LATAM | Carousel,84,226.75,789.77
2025-10-08,GG-200342,Search - Brand - Exact | Android | EU | UGC,82,333.58,1621.2
2025-10-08,GG-200343,Search - Non-Brand - Broad | iOS | EU | Static,53,260.8,972.0
2025-10-08,GG-200344,UAC - Value | Android | LATAM | Static,81,329.61,1940.41
2025-10-08,GG-200345,UAC - Installs | iOS | EU | Playables,64,308.72,1360.53
2025-10-08,GG-200346,Search - Brand - Exact | iOS | APAC | UGC,35,140.94,455.52
2025-10-08,GG-200347,UAC - Installs | Android | APAC | Playables,83,247.55,941.68
2025-10-08,GG-200348,UAC - Installs | iOS | APAC | UGC,60,156.61,795.27
2025-10-08,GG-200349,UAC - Installs | Android | US | UGC,128,466.24,1600.6
2025-10-09,FB-100000,UA - Retargeting - Value | Android | US | Carousel,9,38.93,233.58
2025-10-09,FB-100001,UA - Prospecting - Broad | Android | EU | Video,92,323.61,1521.94
2025-10-09,FB-100002,UA - Prospecting - Broad | iOS | US | Video,32,141.7,600.52
2025-10-09,FB-100003,UA - Prospecting - Broad | Android | EU | Playables,28,120.42,396.3
2025-10-09,FB-100004,UA - Retargeting - Value | Android | MENA | UGC,35,123.54,564.7
2025-10-09,FB-100005,UA - Prospecting - Broad | iOS | MENA | Carousel,66,247.07,900.57
2025-10-09,FB-100006,UA - Lookalike - 1% | Android | APAC | Carousel,138,456.32,2411.19
2025-10-09,FB-100007,UA - Prospecting - Broad | Android | EU | Carousel,67,280.42,974.18
2025-10-09,FB-100008,UA - Lookalike - 1% | Android | APAC | Video,24,54.19,255.99
2025-10-09,FB-100009,UA - Prospecting - Broad | iOS | MENA | Carousel,10,26.33,114.32
2025-10-09,FB-100010,UA - Lookalike - 5% | iOS | MENA | Video,166,510.1,2621.4
2025-10-09,FB-100011,UA - Lookalike - 1% | Android | MENA | Carousel,110,264.47,850.54
2025-10-09,FB-100012,UA - Retargeting - Value | Android | US | Video,48,159.65,793.46
2025-10-09,FB-100013,UA - Prospecting - Broad | iOS | US | Static,6,22.45,108.79
2025-10-09,FB-100014,UA - Lookalike - 1% | iOS | LATAM | UGC,81,319.93,994.66
2025-10-09,FB-100015,UA - Retargeting - Value | Android | LATAM | Carousel,18,55.82,287.75
2025-10-09,FB-100016,UA - Retargeting - Value | iOS | US | Playables,30,150.13,726.63
2025-10-09,FB-100017,UA - Lookalike - 5% | Android | EU | UGC,99,366.63,1363.86
2025-10-09,FB-100018,UA - Lookalike - 1% | iOS | MENA | Static,27,68.44,328.58
2025-10-09,FB-100019,UA - Lookalike - 1% | Android | EU | Video,69,266.93,804.79
2025-10-09,FB-100020,UA - Retargeting - Value | iOS | LATAM | Video,46,152.74,819.3
2025-10-09,FB-100021,UA - Lookalike - 5% | iOS | EU | UGC,40,150.88,711.25
2025-10-09,FB-100022,UA - Retargeting - Value | iOS | EU | Carousel,8,40.19,208.91
2025-10-09,FB-100023,UA - Lookalike - 1% | Android | MENA | Playables,297,764.39,3689.71
2025-10-09,FB-100024,UA - Lookalike - 1% | iOS | MENA | UGC,106,328.57,1020.54
2025-10-09,FB-100025,UA - Lookalike - 5% | Android | EU | Playables,119,327.25,1494.22
2025-10-09,FB-100026,UA - Retargeting - Value | Android | US | Video,75,313.27,1517.79
2025-10-09,FB-100027,UA - Prospecting - Broad | Android | APAC | Playables,112,383.62,1695.98
2025-10-09,FB-100028,UA - Lookalike - 5% | iOS | APAC | Playables,149,608.55,2395.86
2025-10-09,FB-100029,UA - Prospecting - Broad | iOS | MENA | Video,32,108.95,573.29
2025-10-09,FB-100030,UA - Lookalike - 1% | iOS | LATAM | Video,102,389.57,2081.47
2025-10-09,FB-100031,UA - Prospecting - Broad | iOS | EU | UGC,7,28.94,99.29
2025-10-09,FB-100032,UA - Prospecting - Broad | iOS | MENA | Static,125,350.18,1327.53
2025-10-09,FB-100033,UA - Retargeting - Value | iOS | MENA | Playables,25,111.77,660.34
2025-10-09,FB-100034,UA - Prospecting - Broad | Android | LATAM | Static,8,30.72,158.95
2025-10-09,FB-100035,UA - Prospecting - Broad | iOS | APAC | Video,64,255.18,1376.7
2025-10-09,FB-100036,UA - Prospecting - Broad | iOS | LATAM | Static,89,282.77,972.16
2025-10-09,FB-100037,UA - Prospecting - Broad | Android | MENA | Video,33,76.77,253.03
2025-10-09,FB-100038,UA - Retargeting - Value | iOS | US | Playables,61,332.21,1535.81
2025-10-09,FB-100039,UA - Retargeting - Value | Android | APAC | Playables,20,56.58,339.48
2025-10-09,FB-100040,UA - Lookalike - 5% | iOS | MENA | Playables,100,338.19,1498.18
2025-10-09,FB-100041,UA - Lookalike - 1% | Android | MENA | Static,95,255.33,982.77
2025-10-09,FB-100042,UA - Lookalike - 5% | iOS | LATAM | UGC,90,244.97,1307.65
2025-10-09,FB-100043,UA - Prospecting - Broad | Android | EU | Static,135,551.56,2739.05
2025-10-09,FB-100044,UA - Retargeting - Value | iOS | US | Playables,20,89.61,415.07
2025-10-09,FB-100045,UA - Prospecting - Broad | Android | US | Video,222,696.44,2379.74
2025-10-09,FB-100046,UA - Lookalike - 1% | Android | US | Video,41,184.1,854.59
2025-10-09,FB-100047,UA - Lookalike - 1% | Android | MENA | Static,29,111.74,338.24
2025-10-09,FB-100048,UA - Retargeting - Value | iOS | EU | Playables,12,51.49,254.26
2025-10-09,FB-100049,UA - Lookalike - 5% | iOS | EU | UGC,95,419.39,1396.99
2025-10-09,FB-100050,UA - Lookalike - 5% | Android | US | Video,27,103.78,520.35
2025-10-09,FB-100051,UA - Lookalike - 5% | iOS | APAC | UGC,182,501.79,2461.28
2025-10-09,FB-100052,UA - Lookalike - 5% | Android | US | Video,37,98.08,471.57
2025-10-09,FB-100053,UA - Retargeting - Value | iOS | US | Static,81,398.16,2388.96
2025-10-09,FB-100054,UA - Retargeting - Value | Android | MENA | UGC,56,169.53,1017.18
2025-10-09,FB-100055,UA - Lookalike - 5% | iOS | EU | Carousel,112,432.98,2041.07
2025-10-09,FB-100056,UA - Prospecting - Broad | Android | US | UGC,40,156.66,663.93
2025-10-09,FB-100057,UA - Prospecting - Broad | Android | MENA | Video,184,684.81,2811.83
2025-10-09,FB-100058,UA - Lookalike - 5% | Android | EU | UGC,169,486.5,1610.32
2025-10-09,FB-100059,UA - Prospecting - Broad | iOS | EU | UGC,102,352.45,1405.22
2025-10-09,FB-100060,UA - Lookalike - 5% | Android | APAC | Video,62,166.75,600.63
2025-10-09,FB-100061,UA - Lookalike - 5% | iOS | APAC | Carousel,39,110.08,347.19
2025-10-09,FB-100062,UA - Lookalike - 1% | iOS | EU | Static,18,86.35,355.33
2025-10-09,FB-100063,UA - Prospecting - Broad | Android | US | Playables,79,341.99,1622.74
2025-10-09,FB-100064,UA - Lookalike - 5% | iOS | US | Video,26,120.17,471.79
2025-10-09,FB-100065,UA - Prospecting - Broad | Android | US | Playables,33,97.55,334.21
2025-10-09,FB-100066,UA - Prospecting - Broad | Android | US | Playables,119,393.47,2035.03
2025-10-09,FB-100067,UA - Retargeting - Value | Android | APAC | Video,35,162.73,976.38
2025-10-09,FB-100068,UA - Lookalike - 5% | Android | MENA | Video,110,399.83,2104.31
2025-10-09,FB-100069,UA - Lookalike - 1% | iOS | LATAM | Static,19,65.45,240.66
2025-10-09,FB-100070,UA - Retargeting - Value | Android | LATAM | UGC,31,97.03,535.31
2025-10-09,FB-100071,UA - Prospecting - Broad | iOS | APAC | Carousel,116,444.47,1725.88
2025-10-09,FB-100072,UA - Prospecting - Broad | Android | APAC | Playables,82,245.06,867.76
2025-10-09,FB-100073,UA - Lookalike - 1% | Android | MENA | Static,181,474.44,2156.8
2025-10-09,FB-100074,UA - Retargeting - Value | Android | LATAM | Video,28,84.18,455.67
2025-10-09,FB-100075,UA - Lookalike - 5% | iOS | LATAM | Static,39,171.18,808.14
2025-10-09,FB-100076,UA - Prospecting - Broad | iOS | MENA | Playables,102,324.51,1617.68
2025-10-09,FB-100077,UA - Lookalike - 1% | iOS | US | Static,96,397.87,2099.96
2025-10-09,FB-100078,UA - Retargeting - Value | Android | US | Playables,62,240.37,1442.22
2025-10-09,FB-100079,UA - Retargeting - Value | iOS | LATAM | Playables,14,58.46,350.76
2025-10-09,FB-100080,UA - Lookalike - 5% | iOS | EU | Carousel,42,185.8,726.29
2025-10-09,FB-100081,UA - Lookalike - 5% | iOS | US | Video,40,148.49,675.93
2025-10-09,FB-100082,UA - Lookalike - 1% | iOS | US | Video,42,142.8,717.86
2025-10-09,FB-100083,UA - Lookalike - 5% | Android | LATAM | Static,59,125.14,652.23
2025-10-09,FB-100084,UA - Prospecting - Broad | iOS | MENA | Video,34,105.28,369.64
2025-10-09,FB-100085,UA - Prospecting - Broad | Android | EU | Playables,59,191.0,943.35
2025-10-09,FB-100086,UA - Retargeting - Value | iOS | MENA | Playables,38,194.7,1000.76
2025-10-09,FB-100087,UA - Lookalike - 1% | iOS | EU | Video,35,127.6,388.16
2025-10-09,FB-100088,UA - Retargeting - Value | iOS | US | Carousel,61,231.85,1179.19
2025-10-09,FB-100089,UA - Lookalike - 5% | Android | US | Carousel,102,386.29,1471.76
2025-10-09,FB-100090,UA - Retargeting - Value | Android | EU | Static,53,270.51,1176.72
2025-10-09,FB-100091,UA - Lookalike - 1% | iOS | US | Static,53,197.19,767.66
2025-10-09,FB-100092,UA - Retargeting - Value | iOS | EU | Carousel,7,37.31,214.01
2025-10-09,FB-100093,UA - Lookalike - 5% | Android | APAC | Video,68,239.73,1239.88
2025-10-09,FB-100094,UA - Lookalike - 1% | Android | EU | UGC,131,452.92,1406.32
2025-10-09,FB-100095,UA - Prospecting - Broad | iOS | EU | Static,120,436.67,1733.14
2025-10-09,FB-100096,UA - Lookalike - 1% | Android | APAC | Carousel,29,82.07,260.16
2025-10-09,FB-100097,UA - Lookalike - 5% | Android | LATAM | Carousel,34,91.76,293.82
2025-10-09,FB-100098,UA - Lookalike - 1% | iOS | US | Video,57,242.56,1105.35
2025-10-09,FB-100099,UA - Prospecting - Broad | Android | MENA | Carousel,33,115.77,421.52
2025-10-09,FB-100100,UA - Lookalike - 1% | Android | MENA | UGC,101,397.49,1860.25
2025-10-09,FB-100101,UA - Prospecting - Broad | iOS | APAC | Playables,47,127.53,680.12
2025-10-09,FB-100102,UA - Lookalike - 1% | iOS | MENA | Static,125,460.81,1731.72
2025-10-09,FB-100103,UA - Retargeting - Value | Android | APAC | Video,56,248.48,1128.6
2025-10-09,FB-100104,UA - Lookalike - 1% | iOS | APAC | Video,56,183.52,700.68
2025-10-09,FB-100105,UA - Lookalike - 1% | iOS | US | Carousel,50,206.08,765.18
2025-10-09,FB-100106,UA - Lookalike - 1% | iOS | LATAM | UGC,181,676.69,3480.22
2025-10-09,FB-100107,UA - Lookalike - 5% | Android | EU | UGC,89,323.62,1099.98
2025-10-09,FB-100108,UA - Lookalike - 1% | Android | MENA | Playables,121,343.03,1048.3
2025-10-09,FB-100109,UA - Lookalike - 1% | iOS | MENA | Video,65,283.42,1478.89
2025-10-09,FB-100110,UA - Lookalike - 1% | iOS | EU | UGC,126,612.62,2567.49
2025-10-09,FB-100111,UA - Retargeting - Value | iOS | APAC | UGC,5,22.05,118.94
2025-10-09,FB-100112,UA - Lookalike - 1% | iOS | EU | Video,30,130.68,401.84
2025-10-09,FB-100113,UA - Lookalike - 1% | iOS | US | Static,111,461.04,1433.83
2025-10-09,FB-100114,UA - Prospecting - Broad | Android | EU | Static,91,231.94,853.54
2025-10-09,FB-100115,UA - Prospecting - Broad | Android | EU | UGC,102,387.64,2009.53
2025-10-09,FB-100116,UA - Retargeting - Value | iOS | APAC | Playables,51,170.57,837.5
2025-10-09,FB-100117,UA - Retargeting - Value | iOS | APAC | UGC,27,123.31,607.67
2025-10-09,FB-100118,UA - Lookalike - 5% | Android | US | Video,53,182.06,704.39
2025-10-09,FB-100119,UA - Lookalike - 5% | Android | EU | Playables,94,336.94,1314.4
2025-10-09,FB-100120,UA - Prospecting - Broad | Android | MENA | Static,47,164.85,849.64
2025-10-09,FB-100121,UA - Lookalike - 1% | iOS | EU | UGC,64,272.01,1223.23
2025-10-09,FB-100122,UA - Lookalike - 5% | iOS | MENA | Playables,12,34.94,165.37
2025-10-09,FB-100123,UA - Lookalike - 5% | iOS | EU | UGC,16,49.34,160.85
2025-10-09,FB-100124,UA - Lookalike - 5% | iOS | EU | Carousel,112,411.02,1353.08
2025-10-09,FB-100125,UA - Prospecting - Broad | Android | LATAM | UGC,89,294.93,1174.41
2025-10-09,FB-100126,UA - Lookalike - 1% | iOS | EU | Carousel,29,96.03,454.7
2025-10-09,FB-100127,UA - Retargeting - Value | iOS | MENA | Video,54,261.89,1371.78
2025-10-09,FB-100128,UA - Retargeting - Value | Android | EU | UGC,38,172.01,1032.06
2025-10-09,FB-100129,UA - Lookalike - 5% | Android | US | UGC,36,149.59,703.22
2025-10-09,FB-100130,UA - Lookalike - 5% | iOS | MENA | UGC,79,291.91,1126.19
2025-10-09,FB-100131,UA - Lookalike - 5% | Android | EU | UGC,116,437.37,1960.73
2025-10-09,FB-100132,UA - Lookalike - 5% | Android | MENA | UGC,41,147.42,719.7
2025-10-09,FB-100133,UA - Lookalike - 5% | Android | LATAM | Carousel,55,214.4,1010.25
2025-10-09,FB-100134,UA - Retargeting - Value | iOS | MENA | Playables,43,147.67,681.2
2025-10-09,FB-100135,UA - Lookalike - 5% | iOS | EU | Carousel,35,128.62,579.95
2025-10-09,FB-100136,UA - Lookalike - 1% | iOS | US | UGC,51,162.68,766.22
2025-10-09,FB-100137,UA - Retargeting - Value | iOS | EU | UGC,20,77.76,346.27
2025-10-09,FB-100138,UA - Prospecting - Broad | Android | APAC | Playables,103,230.24,988.19
2025-10-09,FB-100139,UA - Lookalike - 5% | Android | APAC | Static,145,464.32,1888.39
2025-10-09,FB-100140,UA - Lookalike - 5% | Android | US | Carousel,27,107.71,499.24
2025-10-09,FB-100141,UA - Lookalike - 1% | iOS | EU | UGC,14,66.24,295.36
2025-10-09,FB-100142,UA - Lookalike - 5% | iOS | APAC | Carousel,21,58.04,316.14
2025-10-09,FB-100143,UA - Prospecting - Broad | iOS | US | UGC,58,223.87,1068.08
2025-10-09,FB-100144,UA - Prospecting - Broad | Android | LATAM | Static,32,108.93,344.98
2025-10-09,FB-100145,UA - Retargeting - Value | Android | US | Static,14,59.7,275.1
2025-10-09,FB-100146,UA - Retargeting - Value | Android | MENA | Static,9,36.63,196.52
2025-10-09,FB-100147,UA - Retargeting - Value | Android | APAC | Video,65,254.42,1091.46
2025-10-09,FB-100148,UA - Retargeting - Value | iOS | LATAM | Carousel,26,111.03,447.45
2025-10-09,FB-100149,UA - Prospecting - Broad | Android | EU | Carousel,74,305.09,1159.04
2025-10-09,FB-100150,UA - Lookalike - 5% | Android | LATAM | Playables,67,157.1,688.57
2025-10-09,FB-100151,UA - Retargeting - Value | iOS | EU | Video,32,174.9,763.26
2025-10-09,FB-100152,UA - Prospecting - Broad | Android | LATAM | Playables,56,158.31,722.53
2025-10-09,FB-100153,UA - Lookalike - 5% | Android | LATAM | Playables,77,160.61,610.48
2025-10-09,FB-100154,UA - Lookalike - 1% | iOS | US | Playables,68,234.56,1235.9
2025-10-09,FB-100155,UA - Prospecting - Broad | Android | APAC | UGC,75,280.78,1288.22
2025-10-09,FB-100156,UA - Retargeting - Value | iOS | LATAM | UGC,38,166.19,957.42
2025-10-09,FB-100157,UA - Lookalike - 1% | iOS | EU | Playables,42,149.59,691.85
2025-10-09,FB-100158,UA - Lookalike - 1% | iOS | APAC | UGC,212,729.24,3076.66
2025-10-09,FB-100159,UA - Lookalike - 1% | iOS | EU | Video,96,418.98,1884.57
2025-10-09,FB-100160,UA - Lookalike - 5% | iOS | EU | UGC,109,461.36,1456.51
2025-10-09,FB-100161,UA - Lookalike - 1% | iOS | US | UGC,102,352.48,1874.14
2025-10-09,FB-100162,UA - Lookalike - 1% | Android | APAC | Static,36,120.68,446.03
2025-10-09,FB-100163,UA - Lookalike - 1% | iOS | LATAM | Carousel,52,211.84,1060.47
2025-10-09,FB-100164,UA - Prospecting - Broad | Android | MENA | Static,75,219.4,943.42
2025-10-09,FB-100165,UA - Retargeting - Value | Android | APAC | UGC,11,43.41,242.4
2025-10-09,FB-100166,UA - Prospecting - Broad | iOS | APAC | UGC,37,161.5,669.9
2025-10-09,FB-100167,UA - Lookalike - 5% | Android | LATAM | Static,66,181.7,795.3
2025-10-09,FB-100168,UA - Lookalike - 1% | Android | LATAM | Playables,110,341.14,1723.78
2025-10-09,FB-100169,UA - Lookalike - 1% | iOS | MENA | Playables,53,199.08,840.91
2025-10-09,FB-100170,UA - Lookalike - 1% | iOS | MENA | Carousel,35,157.09,487.45
2025-10-09,FB-100171,UA - Lookalike - 1% | iOS | LATAM | Carousel,57,153.43,745.36
2025-10-09,FB-100172,UA - Lookalike - 1% | Android | US | Static,51,200.89,745.3
2025-10-09,FB-100173,UA - Retargeting - Value | Android | MENA | Static,31,142.78,697.34
2025-10-09,FB-100174,UA - Lookalike - 1% | Android | APAC | Carousel,61,168.76,734.78
2025-10-09,FB-100175,UA - Retargeting - Value | Android | EU | Carousel,14,72.77,436.62
2025-10-09,FB-100176,UA - Prospecting - Broad | iOS | EU | Carousel,67,323.97,1198.37
2025-10-09,FB-100177,UA - Prospecting - Broad | Android | LATAM | Video,38,140.57,578.45
2025-10-09,FB-100178,UA - Prospecting - Broad | iOS | EU | UGC,21,98.73,481.51
2025-10-09,FB-100179,UA - Lookalike - 5% | Android | MENA | Carousel,69,198.26,1028.57
2025-10-09,FB-100180,UA - Retargeting - Value | iOS | APAC | Carousel,30,106.17,445.17
2025-10-09,FB-100181,UA - Prospecting - Broad | Android | LATAM | UGC,51,124.23,482.39
2025-10-09,FB-100182,UA - Prospecting - Broad | Android | APAC | UGC,137,462.1,2036.94
2025-10-09,FB-100183,UA - Lookalike - 1% | Android | EU | Static,219,797.88,3110.93
2025-10-09,FB-100184,UA - Lookalike - 5% | Android | EU | Video,117,355.47,1876.53
2025-10-09,FB-100185,UA - Lookalike - 5% | Android | MENA | UGC,50,151.72,656.49
2025-10-09,FB-100186,UA - Lookalike - 5% | iOS | LATAM | Playables,39,109.88,498.75
2025-10-09,FB-100187,UA - Prospecting - Broad | iOS | MENA | Playables,59,165.09,553.71
2025-10-09,FB-100188,UA - Lookalike - 1% | Android | EU | Static,19,80.63,367.03
2025-10-09,FB-100189,UA - Retargeting - Value | Android | EU | Static,90,425.9,2010.67
2025-10-09,FB-100190,UA - Lookalike - 5% | Android | EU | Video,73,193.75,955.58
2025-10-09,FB-100191,UA - Lookalike - 1% | iOS | MENA | UGC,65,234.45,919.51
2025-10-09,FB-100192,UA - Lookalike - 1% | Android | EU | Carousel,61,185.73,934.78
2025-10-09,FB-100193,UA - Lookalike - 1% | iOS | US | Static,86,338.68,1732.69
2025-10-09,FB-100194,UA - Retargeting - Value | Android | APAC | Video,33,137.62,795.99
2025-10-09,FB-100195,UA - Prospecting - Broad | Android | LATAM | Static,28,63.61,236.5
2025-10-09,FB-100196,UA - Lookalike - 1% | Android | EU | Carousel,101,346.75,1601.29
2025-10-09,FB-100197,UA - Lookalike - 1% | iOS | US | UGC,77,293.4,1064.75
2025-10-09,FB-100198,UA - Lookalike - 5% | iOS | LATAM | Playables,33,148.15,756.31
2025-10-09,FB-100199,UA - Prospecting - Broad | iOS | US | Playables,22,67.05,282.82
2025-10-09,FB-100200,UA - Lookalike - 1% | iOS | LATAM | Playables,82,329.44,1103.62
2025-10-09,FB-100201,UA - Prospecting - Broad | Android | US | Static,36,155.06,563.18
2025-10-09,FB-100202,UA - Retargeting - Value | iOS | MENA | Video,10,37.41,163.26
2025-10-09,FB-100203,UA - Lookalike - 1% | iOS | MENA | UGC,88,380.05,1983.1
2025-10-09,FB-100204,UA - Lookalike - 5% | Android | MENA | UGC,85,336.83,1723.9
2025-10-09,FB-100205,UA - Lookalike - 5% | Android | APAC | Carousel,40,80.88,263.1
2025-10-09,FB-100206,UA - Retargeting - Value | iOS | LATAM | Video,12,49.76,240.59
2025-10-09,FB-100207,UA - Lookalike - 1% | iOS | APAC | UGC,36,147.69,659.29
2025-10-09,FB-100208,UA - Lookalike - 5% | iOS | MENA | Video,130,519.73,2216.65
2025-10-09,FB-100209,UA - Lookalike - 1% | Android | LATAM | Carousel,123,421.71,2036.44
2025-10-09,FB-100210,UA - Prospecting - Broad | Android | APAC | Playables,84,205.0,637.55
2025-10-09,FB-100211,UA - Retargeting - Value | iOS | APAC | Video,6,29.09,174.54
2025-10-09,FB-100212,UA - Lookalike - 5% | iOS | MENA | UGC,112,288.39,1389.46
2025-10-09,FB-100213,UA - Retargeting - Value | Android | EU | Carousel,104,477.9,2048.28
2025-10-09,FB-100214,UA - Prospecting - Broad | iOS | APAC | UGC,23,101.5,450.96
2025-10-09,FB-100215,UA - Retargeting - Value | Android | MENA | Static,33,112.3,492.88
2025-10-09,FB-100216,UA - Lookalike - 5% | iOS | MENA | Video,67,197.81,604.51
2025-10-09,FB-100217,UA - Lookalike - 5% | Android | EU | Video,55,217.17,871.29
2025-10-09,FB-100218,UA - Lookalike - 1% | Android | EU | UGC,87,353.83,1840.62
2025-10-09,FB-100219,UA - Lookalike - 5% | iOS | APAC | UGC,84,294.98,1189.36
2025-10-09,FB-100220,UA - Retargeting - Value | Android | APAC | Playables,24,97.82,580.76
2025-10-09,FB-100221,UA - Retargeting - Value | iOS | EU | Playables,66,302.17,1813.02
2025-10-09,FB-100222,UA - Lookalike - 1% | Android | LATAM | UGC,111,309.99,1095.81
2025-10-09,FB-100223,UA - Lookalike - 1% | iOS | US | Carousel,56,205.64,924.35
2025-10-09,FB-100224,UA - Lookalike - 5% | iOS | EU | UGC,33,127.28,667.07
2025-10-09,FB-100225,UA - Lookalike - 5% | iOS | LATAM | Playables,83,216.02,902.53
2025-10-09,FB-100226,UA - Retargeting - Value | iOS | LATAM | Static,105,481.12,2029.85
2025-10-09,FB-100227,UA - Prospecting - Broad | iOS | EU | UGC,12,37.98,117.7
2025-10-09,FB-100228,UA - Lookalike - 5% | iOS | APAC | UGC,291,883.1,3293.08
2025-10-09,FB-100229,UA - Retargeting - Value | Android | APAC | Video,70,257.23,1543.38
2025-10-09,FB-100230,UA - Prospecting - Broad | iOS | US | UGC,38,143.9,553.58
2025-10-09,FB-100231,UA - Lookalike - 5% | iOS | US | Static,81,292.64,1356.09
2025-10-09,FB-100232,UA - Lookalike - 1% | Android | US | UGC,215,628.04,2608.25
2025-10-09,FB-100233,UA - Prospecting - Broad | iOS | MENA | UGC,12,33.54,184.34
2025-10-09,FB-100234,UA - Lookalike - 1% | iOS | MENA | UGC,61,211.26,850.32
2025-10-09,FB-100235,UA - Prospecting - Broad | iOS | MENA | Video,141,437.82,2089.71
2025-10-09,FB-100236,UA - Prospecting - Broad | Android | LATAM | Static,64,235.66,1180.42
2025-10-09,FB-100237,UA - Lookalike - 5% | iOS | US | Video,46,210.1,1083.28
2025-10-09,FB-100238,UA - Prospecting - Broad | Android | LATAM | Video,57,199.67,1032.29
2025-10-09,FB-100239,UA - Lookalike - 1% | iOS | US | Carousel,31,98.78,512.57
2025-10-09,FB-100240,UA - Retargeting - Value | iOS | APAC | Static,14,51.16,227.71
2025-10-09,FB-100241,UA - Retargeting - Value | iOS | MENA | Static,8,35.84,173.57
2025-10-09,FB-100242,UA - Lookalike - 5% | Android | US | Playables,119,501.64,2437.97
2025-10-09,FB-100243,UA - Retargeting - Value | Android | APAC | Playables,43,197.94,889.15
2025-10-09,FB-100244,UA - Lookalike - 5% | Android | APAC | Carousel,65,259.58,1074.92
2025-10-09,FB-100245,UA - Lookalike - 1% | iOS | US | UGC,38,118.77,602.64
2025-10-09,FB-100246,UA - Lookalike - 1% | Android | US | UGC,139,409.47,1499.48
2025-10-09,FB-100247,UA - Lookalike - 5% | iOS | APAC | Carousel,172,629.37,2509.3
2025-10-09,FB-100248,UA - Lookalike - 5% | iOS | EU | UGC,40,123.82,394.99
2025-10-09,FB-100249,UA - Lookalike - 1% | Android | EU | UGC,185,468.55,2422.87
2025-10-09,FB-100250,UA - Lookalike - 5% | iOS | LATAM | Video,103,377.02,1634.38
2025-10-09,FB-100251,UA - Prospecting - Broad | iOS | US | Playables,47,177.57,854.82
2025-10-09,FB-100252,UA - Lookalike - 1% | iOS | LATAM | Static,38,131.47,427.15
2025-10-09,FB-100253,UA - Lookalike - 1% | Android | EU | Playables,115,346.63,1180.28
2025-10-09,FB-100254,UA - Lookalike - 1% | Android | US | Video,37,143.67,660.59
2025-10-09,FB-100255,UA - Lookalike - 1% | iOS | US | Playables,26,127.59,403.82
2025-10-09,FB-100256,UA - Lookalike - 1% | Android | US | Carousel,105,367.59,1870.3
2025-10-09,FB-100257,UA - Retargeting - Value | iOS | EU | Static,20,106.42,520.5
2025-10-09,FB-100258,UA - Lookalike - 1% | iOS | MENA | Playables,64,276.98,1387.95
2025-10-09,FB-100259,UA - Lookalike - 1% | Android | LATAM | UGC,56,129.96,654.74
2025-10-09,FB-100260,UA - Prospecting - Broad | iOS | US | UGC,11,50.44,205.85
2025-10-09,FB-100261,UA - Lookalike - 1% | Android | EU | UGC,90,336.8,1417.59
2025-10-09,FB-100262,UA - Lookalike - 1% | Android | APAC | Video,122,434.5,1909.19
2025-10-09,FB-100263,UA - Lookalike - 1% | Android | APAC | Carousel,58,120.22,417.16
2025-10-09,FB-100264,UA - Retargeting - Value | iOS | LATAM | Video,33,107.74,515.86
2025-10-09,FB-100265,UA - Lookalike - 1% | iOS | US | Playables,27,122.37,548.46
2025-10-09,FB-100266,UA - Lookalike - 1% | Android | US | UGC,32,130.31,598.77
2025-10-09,FB-100267,UA - Prospecting - Broad | iOS | US | Static,34,109.25,584.27
2025-10-09,FB-100268,UA - Prospecting - Broad | Android | LATAM | UGC,69,255.27,1391.99
2025-10-09,FB-100269,UA - Retargeting - Value | Android | EU | Playables,25,101.59,412.96
2025-10-09,FB-100270,UA - Lookalike - 5% | iOS | APAC | Carousel,46,124.21,407.78
2025-10-09,FB-100271,UA - Lookalike - 5% | Android | APAC | Video,121,381.49,1699.92
2025-10-09,FB-100272,UA - Lookalike - 1% | iOS | LATAM | Video,94,249.97,1195.36
2025-10-09,FB-100273,UA - Retargeting - Value | Android | APAC | UGC,83,337.46,1434.54
2025-10-09,FB-100274,UA - Lookalike - 1% | iOS | US | Carousel,11,49.3,164.76
2025-10-09,FB-100275,UA - Retargeting - Value | Android | APAC | Carousel,14,39.69,238.14
2025-10-09,FB-100276,UA - Retargeting - Value | Android | APAC | Video,24,82.03,366.1
2025-10-09,FB-100277,UA - Retargeting - Value | Android | US | Carousel,49,205.34,1195.49
2025-10-09,FB-100278,UA - Prospecting - Broad | Android | MENA | Static,84,282.48,1465.51
2025-10-09,FB-100279,UA - Retargeting - Value | Android | MENA | Static,97,312.9,1587.65
2025-10-09,FB-100280,UA - Prospecting - Broad | iOS | EU | Playables,21,80.29,356.97
2025-10-09,FB-100281,UA - Lookalike - 1% | iOS | EU | Static,73,256.23,1156.37
2025-10-09,FB-100282,UA - Retargeting - Value | Android | US | Video,70,341.52,1861.63
2025-10-09,FB-100283,UA - Lookalike - 1% | Android | LATAM | Static,161,402.5,1254.19
2025-10-09,FB-100284,UA - Prospecting - Broad | Android | EU | Carousel,60,175.22,574.2
2025-10-09,FB-100285,UA - Prospecting - Broad | Android | APAC | Playables,72,165.17,763.09
2025-10-09,FB-100286,UA - Lookalike - 1% | Android | APAC | UGC,167,555.48,2857.39
2025-10-09,FB-100287,UA - Retargeting - Value | Android | APAC | Playables,18,83.58,385.05
2025-10-09,FB-100288,UA - Lookalike - 5% | Android | MENA | Carousel,39,147.34,463.97
2025-10-09,FB-100289,UA - Lookalike - 5% | Android | US | UGC,84,233.64,864.0
2025-10-09,FB-100290,UA - Lookalike - 5% | iOS | US | UGC,93,398.83,1644.38
2025-10-09,FB-100291,UA - Retargeting - Value | Android | US | Carousel,55,196.4,893.82
2025-10-09,FB-100292,UA - Lookalike - 1% | Android | EU | Carousel,51,179.49,957.58
2025-10-09,FB-100293,UA - Lookalike - 1% | iOS | MENA | Playables,47,143.05,664.61
2025-10-09,FB-100294,UA - Lookalike - 5% | iOS | MENA | Playables,76,232.99,1170.54
2025-10-09,FB-100295,UA - Retargeting - Value | Android | US | Playables,37,179.38,955.2
2025-10-09,FB-100296,UA - Lookalike - 5% | iOS | APAC | Static,25,100.98,408.87
2025-10-09,FB-100297,UA - Lookalike - 5% | iOS | APAC | UGC,49,193.15,784.58
2025-10-09,FB-100298,UA - Lookalike - 1% | Android | LATAM | UGC,90,281.52,912.12
2025-10-09,FB-100299,UA - Lookalike - 5% | iOS | LATAM | Static,31,98.34,410.86
2025-10-09,FB-100300,UA - Prospecting - Broad | Android | US | Video,16,58.08,194.1
2025-10-09,FB-100301,UA - Retargeting - Value | iOS | US | Carousel,40,209.09,890.1
2025-10-09,FB-100302,UA - Lookalike - 1% | Android | MENA | Playables,108,223.91,678.22
2025-10-09,FB-100303,UA - Lookalike - 5% | Android | APAC | Carousel,70,202.98,715.1
2025-10-09,FB-100304,UA - Lookalike - 1% | Android | LATAM | Playables,74,241.11,1181.92
2025-10-09,FB-100305,UA - Retargeting - Value | iOS | US | Playables,14,71.98,289.07
2025-10-09,FB-100306,UA - Prospecting - Broad | Android | APAC | Static,49,155.12,824.0
2025-10-09,FB-100307,UA - Prospecting - Broad | iOS | MENA | Carousel,16,54.48,258.24
2025-10-09,FB-100308,UA - Lookalike - 5% | iOS | MENA | Static,59,166.02,804.2
2025-10-09,FB-100309,UA - Prospecting - Broad | Android | MENA | Carousel,49,143.16,666.27
2025-10-09,FB-100310,UA - Lookalike - 1% | Android | LATAM | Carousel,40,150.41,563.89
2025-10-09,FB-100311,UA - Retargeting - Value | iOS | US | Static,29,136.23,547.51
2025-10-09,FB-100312,UA - Prospecting - Broad | iOS | US | Static,16,54.78,185.38
2025-10-09,FB-100313,UA - Lookalike - 5% | Android | MENA | Static,114,346.62,1520.62
2025-10-09,FB-100314,UA - Retargeting - Value | iOS | APAC | Carousel,59,296.35,1301.87
2025-10-09,FB-100315,UA - Prospecting - Broad | iOS | LATAM | Carousel,40,133.99,606.57
2025-10-09,FB-100316,UA - Prospecting - Broad | Android | EU | Static,74,187.97,754.7
2025-10-09,FB-100317,UA - Lookalike - 5% | Android | LATAM | UGC,100,223.07,1056.46
2025-10-09,FB-100318,UA - Lookalike - 5% | iOS | MENA | UGC,43,185.7,826.74
2025-10-09,FB-100319,UA - Prospecting - Broad | iOS | EU | Playables,55,190.5,631.7
2025-10-09,FB-100320,UA - Lookalike - 1% | iOS | APAC | Video,68,216.12,938.83
2025-10-09,FB-100321,UA - Prospecting - Broad | iOS | MENA | Carousel,11,36.91,189.2
2025-10-09,FB-100322,UA - Prospecting - Broad | Android | APAC | Playables,59,126.43,607.12
2025-10-09,FB-100323,UA - Retargeting - Value | Android | EU | Carousel,68,258.58,1551.48
2025-10-09,FB-100324,UA - Lookalike - 1% | Android | LATAM | Carousel,267,920.14,2952.73
2025-10-09,FB-100325,UA - Lookalike - 5% | Android | US | UGC,83,321.7,1351.78
2025-10-09,FB-100326,UA - Retargeting - Value | Android | EU | UGC,45,233.43,948.89
2025-10-09,FB-100327,UA - Prospecting - Broad | iOS | US | UGC,17,82.08,378.72
2025-10-09,FB-100328,UA - Prospecting - Broad | iOS | US | UGC,34,134.42,568.33
2025-10-09,FB-100329,UA - Lookalike - 5% | iOS | MENA | UGC,39,136.61,679.09
2025-10-09,FB-100330,UA - Lookalike - 5% | iOS | LATAM | Video,19,72.66,378.85
2025-10-09,FB-100331,UA - Lookalike - 5% | Android | LATAM | Static,58,147.91,499.2
2025-10-09,FB-100332,UA - Prospecting - Broad | iOS | US | UGC,43,160.78,501.96
2025-10-09,FB-100333,UA - Lookalike - 5% | Android | APAC | Playables,99,307.4,952.33
2025-10-09,FB-100334,UA - Lookalike - 1% | Android | APAC | Carousel,57,154.48,849.18
2025-10-09,FB-100335,UA - Prospecting - Broad | Android | LATAM | Static,153,466.89,1547.27
2025-10-09,FB-100336,UA - Retargeting - Value | Android | MENA | Playables,98,443.98,2663.88
2025-10-09,FB-100337,UA - Retargeting - Value | iOS | LATAM | Static,78,353.93,1900.25
2025-10-09,FB-100338,UA - Retargeting - Value | Android | EU | Carousel,15,68.18,340.83
2025-10-09,FB-100339,UA - Prospecting - Broad | Android | MENA | Static,27,90.61,436.29
2025-10-09,FB-100340,UA - Lookalike - 5% | Android | APAC | UGC,45,169.15,827.31
2025-10-09,FB-100341,UA - Lookalike - 5% | iOS | LATAM | Static,67,181.45,980.19
2025-10-09,FB-100342,UA - Lookalike - 1% | Android | APAC | UGC,89,205.88,1104.55
2025-10-09,FB-100343,UA - Lookalike - 1% | iOS | MENA | Video,141,574.9,2761.24
2025-10-09,FB-100344,UA - Lookalike - 5% | Android | LATAM | UGC,75,250.3,1045.0
2025-10-09,FB-100345,UA - Lookalike - 1% | Android | US | Carousel,156,689.5,2982.78
2025-10-09,FB-100346,UA - Lookalike - 5% | Android | US | Playables,52,183.95,933.73
2025-10-09,FB-100347,UA - Prospecting - Broad | iOS | MENA | Playables,15,58.42,273.64
2025-10-09,FB-100348,UA - Lookalike - 1% | iOS | MENA | Static,45,131.95,715.7
2025-10-09,FB-100349,UA - Prospecting - Broad | iOS | MENA | Static,89,379.76,1255.11
2025-10-09,GG-200000,Search - Brand - Exact | iOS | US | Carousel,68,267.44,1255.9
2025-10-09,GG-200001,UAC - Value | Android | US | Static,60,205.97,1173.41
2025-10-09,GG-200002,Search - Non-Brand - Broad | iOS | MENA | Playables,17,43.68,117.59
2025-10-09,GG-200003,UAC - Value | iOS | LATAM | Carousel,81,419.05,2514.3
2025-10-09,GG-200004,Search - Brand - Exact | iOS | LATAM | Playables,165,415.27,1984.58
2025-10-09,GG-200005,Search - Brand - Exact | iOS | US | Carousel,82,300.87,1064.48
2025-10-09,GG-200006,Search - Non-Brand - Broad | iOS | LATAM | Carousel,30,113.21,423.75
2025-10-09,GG-200007,Search - Non-Brand - Broad | iOS | US | Playables,53,255.24,1223.11
2025-10-09,GG-200008,Search - Non-Brand - Broad | iOS | LATAM | UGC,52,137.93,552.96
2025-10-09,GG-200009,UAC - Value | Android | LATAM | Playables,124,367.99,1740.96
2025-10-09,GG-200010,Search - Brand - Exact | iOS | EU | Playables,24,81.35,369.08
2025-10-09,GG-200011,Search - Brand - Exact | iOS | MENA | Carousel,55,163.92,522.58
2025-10-09,GG-200012,Search - Non-Brand - Broad | iOS | LATAM | Static,46,126.96,487.53
2025-10-09,GG-200013,Search - Non-Brand - Broad | iOS | APAC | Static,58,236.88,732.91
2025-10-09,GG-200014,UAC - Installs | Android | EU | Video,241,962.24,3912.47
2025-10-09,GG-200015,Search - Brand - Exact | Android | MENA | Playables,104,219.52,1034.38
2025-10-09,GG-200016,UAC - Value | iOS | MENA | Static,108,498.94,2086.57
2025-10-09,GG-200017,Search - Non-Brand - Broad | Android | EU | Static,168,505.36,1693.46
2025-10-09,GG-200018,UAC - Installs | iOS | US | UGC,101,401.02,1968.21
2025-10-09,GG-200019,UAC - Installs | Android | APAC | Playables,123,310.89,1515.28
2025-10-09,GG-200020,Search - Non-Brand - Broad | iOS | EU | Playables,83,281.21,912.81
2025-10-09,GG-200021,UAC - Installs | iOS | APAC | Static,116,321.67,1002.0
2025-10-09,GG-200022,UAC - Value | iOS | APAC | Carousel,144,667.86,3682.58
2025-10-09,GG-200023,Search - Non-Brand - Broad | iOS | EU | Static,44,202.69,651.45
2025-10-09,GG-200024,UAC - Installs | iOS | US | UGC,155,699.42,3332.74
2025-10-09,GG-200025,UAC - Installs | Android | MENA | Video,180,495.31,2452.28
2025-10-09,GG-200026,UAC - Value | Android | EU | Carousel,145,755.81,3885.62
2025-10-09,GG-200027,Search - Non-Brand - Broad | Android | APAC | Video,126,348.79,1702.1
2025-10-09,GG-200028,UAC - Value | iOS | LATAM | Video,66,296.18,1777.08
2025-10-09,GG-200029,UAC - Installs | Android | APAC | Playables,92,327.58,1653.62
2025-10-09,GG-200030,UAC - Installs | Android | APAC | Video,182,512.44,2433.58
2025-10-09,GG-200031,Search - Brand - Exact | Android | US | Carousel,88,354.43,1747.69
2025-10-09,GG-200032,Search - Brand - Exact | iOS | EU | Static,132,533.28,1627.04
2025-10-09,GG-200033,UAC - Value | iOS | APAC | Static,108,556.21,2417.29
2025-10-09,GG-200034,Search - Brand - Exact | iOS | MENA | Video,143,632.06,2982.06
2025-10-09,GG-200035,Search - Non-Brand - Broad | Android | LATAM | Static,34,91.21,353.26
2025-10-09,GG-200036,Search - Non-Brand - Broad | iOS | US | Carousel,69,243.71,1086.7
2025-10-09,GG-200037,Search - Non-Brand - Broad | iOS | US | Video,30,139.75,354.55
2025-10-09,GG-200038,Search - Brand - Exact | iOS | MENA | UGC,19,67.58,265.52
2025-10-09,GG-200039,Search - Brand - Exact | Android | APAC | Playables,62,157.11,605.5
2025-10-09,GG-200040,UAC - Value | Android | EU | Carousel,114,377.21,2263.26
2025-10-09,GG-200041,Search - Non-Brand - Broad | Android | MENA | Carousel,51,146.29,508.65
2025-10-09,GG-200042,UAC - Installs | iOS | EU | Video,86,270.91,1265.42
2025-10-09,GG-200043,Search - Brand - Exact | Android | MENA | Playables,110,230.54,614.62
2025-10-09,GG-200044,UAC - Value | iOS | APAC | Video,58,225.78,1158.93
2025-10-09,GG-200045,UAC - Installs | iOS | LATAM | Video,123,541.05,2491.54
2025-10-09,GG-200046,Search - Brand - Exact | Android | LATAM | Static,38,109.49,437.63
2025-10-09,GG-200047,UAC - Installs | iOS | EU | Video,123,547.6,2687.07
2025-10-09,GG-200048,UAC - Value | iOS | EU | UGC,77,364.53,2027.88
2025-10-09,GG-200049,UAC - Value | Android | EU | Video,84,390.48,2149.2
2025-10-09,GG-200050,Search - Brand - Exact | Android | LATAM | Static,56,133.87,402.55
2025-10-09,GG-200051,UAC - Installs | Android | US | Carousel,98,385.12,1320.19
2025-10-09,GG-200052,UAC - Installs | iOS | MENA | UGC,24,100.78,528.89
2025-10-09,GG-200053,UAC - Installs | Android | EU | Carousel,192,523.24,2551.32
2025-10-09,GG-200054,Search - Brand - Exact | Android | LATAM | Carousel,71,190.98,535.32
2025-10-09,GG-200055,UAC - Value | iOS | APAC | UGC,133,502.63,2072.34
2025-10-09,GG-200056,UAC - Value | iOS | LATAM | Static,156,810.61,3433.74
2025-10-09,GG-200057,UAC - Installs | iOS | LATAM | Playables,52,156.02,507.69
2025-10-09,GG-200058,UAC - Value | Android | APAC | Video,92,284.34,1270.15
2025-10-09,GG-200059,UAC - Installs | Android | MENA | Carousel,50,182.06,790.32
2025-10-09,GG-200060,UAC - Installs | Android | US | Carousel,115,365.73,1855.71
2025-10-09,GG-200061,UAC - Value | iOS | APAC | Playables,193,961.76,4403.9
2025-10-09,GG-200062,UAC - Value | Android | APAC | Carousel,102,363.82,1763.07
2025-10-09,GG-200063,UAC - Value | Android | LATAM | Playables,125,519.45,2784.77
2025-10-09,GG-200064,UAC - Value | iOS | US | Video,104,569.07,2982.5
2025-10-09,GG-200065,Search - Brand - Exact | iOS | MENA | Static,69,174.63,770.29
2025-10-09,GG-200066,Search - Brand - Exact | Android | MENA | UGC,40,133.91,363.57
2025-10-09,GG-200067,UAC - Installs | Android | US | Static,120,429.37,1768.15
2025-10-09,GG-200068,Search - Brand - Exact | iOS | APAC | Playables,65,185.15,917.23
2025-10-09,GG-200069,UAC - Installs | Android | APAC | Carousel,144,563.01,2473.87
2025-10-09,GG-200070,Search - Non-Brand - Broad | iOS | US | Playables,23,108.93,531.91
2025-10-09,GG-200071,UAC - Installs | iOS | APAC | Carousel,83,365.43,1728.12
2025-10-09,GG-200072,Search - Non-Brand - Broad | Android | US | Video,75,332.86,1371.72
2025-10-09,GG-200073,Search - Brand - Exact | iOS | MENA | UGC,111,400.39,1067.04
2025-10-09,GG-200074,Search - Non-Brand - Broad | iOS | LATAM | UGC,112,288.02,1191.54
2025-10-09,GG-200075,Search - Brand - Exact | iOS | APAC | Static,24,81.48,300.99
2025-10-09,GG-200076,Search - Non-Brand - Broad | Android | US | UGC,15,39.84,160.75
2025-10-09,GG-200077,UAC - Installs | iOS | US | Carousel,95,378.57,1648.67
2025-10-09,GG-200078,UAC - Installs | Android | MENA | Playables,208,469.87,2015.74
2025-10-09,GG-200079,UAC - Installs | iOS | EU | Static,31,112.73,485.98
2025-10-09,GG-200080,Search - Non-Brand - Broad | Android | US | Static,27,69.11,327.37
2025-10-09,GG-200081,UAC - Installs | Android | APAC | Video,116,391.06,1729.66
2025-10-09,GG-200082,Search - Non-Brand - Broad | iOS | APAC | Playables,61,198.2,619.97
2025-10-09,GG-200083,UAC - Value | Android | US | Carousel,186,735.82,4414.92
2025-10-09,GG-200084,UAC - Value | iOS | MENA | UGC,103,390.22,1942.52
2025-10-09,GG-200085,Search - Brand - Exact | Android | EU | Carousel,88,382.58,1850.16
2025-10-09,GG-200086,UAC - Installs | iOS | APAC | Playables,50,158.79,869.06
2025-10-09,GG-200087,Search - Non-Brand - Broad | Android | MENA | Playables,57,179.6,630.22
2025-10-09,GG-200088,Search - Brand - Exact | Android | APAC | Playables,32,78.31,389.91
2025-10-09,GG-200089,UAC - Installs | Android | MENA | Static,77,300.55,1269.52
2025-10-09,GG-200090,Search - Non-Brand - Broad | Android | EU | Carousel,87,352.0,1132.74
2025-10-09,GG-200091,Search - Brand - Exact | iOS | MENA | Carousel,40,170.22,805.99
2025-10-09,GG-200092,UAC - Installs | iOS | EU | Playables,147,499.55,2539.21
2025-10-09,GG-200093,Search - Brand - Exact | Android | LATAM | Playables,57,155.52,542.14
2025-10-09,GG-200094,Search - Non-Brand - Broad | Android | MENA | Playables,33,77.45,313.52
2025-10-09,GG-200095,UAC - Installs | Android | MENA | Playables,136,298.49,1491.55
2025-10-09,GG-200096,Search - Brand - Exact | Android | US | Video,37,156.45,704.96
2025-10-09,GG-200097,UAC - Value | iOS | EU | Playables,60,246.28,1220.81
2025-10-09,GG-200098,UAC - Installs | Android | APAC | Playables,46,168.81,826.16
2025-10-09,GG-200099,UAC - Value | iOS | APAC | Static,36,157.16,929.92
2025-10-09,GG-200100,Search - Brand - Exact | iOS | APAC | Video,55,183.27,896.01
2025-10-09,GG-200101,UAC - Value | Android | APAC | UGC,242,926.33,4352.82
2025-10-09,GG-200102,Search - Non-Brand - Broad | iOS | EU | Carousel,104,370.16,1510.25
2025-10-09,GG-200103,UAC - Value | iOS | LATAM | Carousel,97,468.04,2808.24
2025-10-09,GG-200104,Search - Brand - Exact | Android | LATAM | Playables,24,81.27,403.34
2025-10-09,GG-200105,Search - Brand - Exact | iOS | EU | UGC,14,46.37,151.49
2025-10-09,GG-200106,Search - Non-Brand - Broad | iOS | APAC | Static,31,128.7,640.67
2025-10-09,GG-200107,UAC - Value | Android | US | Carousel,48,187.1,973.11
2025-10-09,GG-200108,UAC - Installs | iOS | EU | Static,66,235.53,1012.78
2025-10-09,GG-200109,UAC - Value | iOS | EU | Static,119,480.53,2883.18
2025-10-09,GG-200110,UAC - Value | iOS | APAC | Carousel,90,345.18,1737.29
2025-10-09,GG-200111,UAC - Value | Android | US | UGC,94,437.8,2626.8
2025-10-09,GG-200112,UAC - Installs | Android | EU | Playables,82,337.47,1101.84
2025-10-09,GG-200113,UAC - Value | Android | US | Carousel,141,706.03,3962.95
2025-10-09,GG-200114,Search - Brand - Exact | iOS | LATAM | Playables,31,103.25,384.5
2025-10-09,GG-200115,UAC - Installs | Android | APAC | Static,58,204.97,821.93
2025-10-09,GG-200116,Search - Brand - Exact | iOS | APAC | Carousel,23,69.48,342.74
2025-10-09,GG-200117,Search - Non-Brand - Broad | iOS | US | Playables,15,62.14,160.45
2025-10-09,GG-200118,Search - Brand - Exact | iOS | MENA | Carousel,84,320.49,994.48
2025-10-09,GG-200119,UAC - Installs | iOS | MENA | UGC,103,455.33,2100.89
2025-10-09,GG-200120,UAC - Value | Android | EU | Video,129,564.89,3082.04
2025-10-09,GG-200121,UAC - Installs | iOS | LATAM | Playables,60,168.62,908.52
2025-10-09,GG-200122,UAC - Value | Android | EU | Playables,97,378.68,2272.08
2025-10-09,GG-200123,Search - Non-Brand - Broad | Android | US | Video,33,141.68,469.39
2025-10-09,GG-200124,UAC - Value | iOS | APAC | Playables,71,364.19,1699.67
2025-10-09,GG-200125,Search - Non-Brand - Broad | Android | MENA | Playables,78,232.92,676.4
2025-10-09,GG-200126,Search - Non-Brand - Broad | iOS | MENA | Carousel,33,145.4,544.52
2025-10-09,GG-200127,UAC - Installs | iOS | MENA | Carousel,194,814.0,3627.18
2025-10-09,GG-200128,UAC - Value | iOS | MENA | Carousel,133,590.76,3484.89
2025-10-09,GG-200129,Search - Brand - Exact | Android | LATAM | Carousel,57,207.19,589.66
2025-10-09,GG-200130,Search - Brand - Exact | iOS | MENA | Carousel,43,191.1,542.15
2025-10-09,GG-200131,Search - Non-Brand - Broad | iOS | LATAM | Playables,39,112.2,291.05
2025-10-09,GG-200132,Search - Non-Brand - Broad | Android | MENA | UGC,127,381.88,1779.18
2025-10-09,GG-200133,Search - Brand - Exact | iOS | EU | Static,66,313.96,1308.59
2025-10-09,GG-200134,UAC - Value | Android | EU | Video,141,681.13,4086.78
2025-10-09,GG-200135,UAC - Value | iOS | APAC | Static,105,422.7,1777.45
2025-10-09,GG-200136,UAC - Value | Android | APAC | Playables,54,251.54,1509.24
2025-10-09,GG-200137,Search - Non-Brand - Broad | Android | EU | Playables,27,102.22,298.38
2025-10-09,GG-200138,UAC - Value | iOS | APAC | Playables,164,623.92,3743.52
2025-10-09,GG-200139,UAC - Installs | iOS | EU | UGC,94,390.39,2139.34
2025-10-09,GG-200140,UAC - Value | iOS | LATAM | Playables,106,478.76,2790.69
2025-10-09,GG-200141,UAC - Installs | Android | EU | Carousel,148,654.19,2633.11
2025-10-09,GG-200142,Search - Non-Brand - Broad | Android | LATAM | Carousel,46,127.2,351.2
2025-10-09,GG-200143,UAC - Installs | iOS | LATAM | UGC,121,335.41,1293.68
2025-10-09,GG-200144,UAC - Value | iOS | LATAM | Video,134,492.88,2333.29
2025-10-09,GG-200145,UAC - Installs | iOS | LATAM | Static,34,97.16,449.56
2025-10-09,GG-200146,UAC - Installs | Android | LATAM | Video,130,283.43,866.45
2025-10-09,GG-200147,Search - Non-Brand - Broad | iOS | LATAM | UGC,40,168.79,665.2
2025-10-09,GG-200148,UAC - Installs | Android | MENA | Carousel,79,188.6,965.07
2025-10-09,GG-200149,Search - Non-Brand - Broad | Android | US | Playables,90,370.88,1609.62
2025-10-09,GG-200150,Search - Non-Brand - Broad | Android | US | Playables,137,502.37,2290.3
2025-10-09,GG-200151,UAC - Value | Android | US | Video,145,526.57,3159.42
2025-10-09,GG-200152,Search - Non-Brand - Broad | iOS | APAC | Video,15,45.28,121.67
2025-10-09,GG-200153,UAC - Value | Android | MENA | Static,94,268.61,1157.17
2025-10-09,GG-200154,UAC - Installs | iOS | APAC | Static,56,189.63,910.98
2025-10-09,GG-200155,Search - Brand - Exact | iOS | LATAM | Video,25,69.0,320.85
2025-10-09,GG-200156,Search - Non-Brand - Broad | Android | MENA | Video,25,93.93,383.14
2025-10-09,GG-200157,UAC - Value | iOS | EU | Video,62,239.77,969.15
2025-10-09,GG-200158,Search - Brand - Exact | iOS | EU | Carousel,53,203.86,910.64
2025-10-09,GG-200159,Search - Brand - Exact | Android | LATAM | Playables,134,361.28,1160.79
2025-10-09,GG-200160,UAC - Value | iOS | LATAM | UGC,90,375.61,1505.07
2025-10-09,GG-200161,UAC - Installs | Android | MENA | UGC,26,58.38,205.38
2025-10-09,GG-200162,Search - Non-Brand - Broad | Android | US | Carousel,62,271.96,1012.24
2025-10-09,GG-200163,Search - Brand - Exact | iOS | LATAM | Static,9,35.58,121.54
2025-10-09,GG-200164,Search - Non-Brand - Broad | iOS | LATAM | Playables,68,181.49,684.4
2025-10-09,GG-200165,UAC - Value | Android | MENA | UGC,103,351.67,2110.02
2025-10-09,GG-200166,Search - Brand - Exact | iOS | US | UGC,70,266.08,741.3
2025-10-09,GG-200167,UAC - Installs | Android | EU | UGC,65,274.22,1286.37
2025-10-09,GG-200168,UAC - Value | Android | US | Carousel,62,242.88,1457.28
2025-10-09,GG-200169,UAC - Installs | Android | APAC | Carousel,198,716.7,3832.19
2025-10-09,GG-200170,Search - Brand - Exact | iOS | MENA | Playables,62,162.94,505.28
2025-10-09,GG-200171,Search - Brand - Exact | iOS | LATAM | Static,8,24.26,85.81
2025-10-09,GG-200172,Search - Non-Brand - Broad | Android | APAC | Carousel,70,202.57,752.34
2025-10-09,GG-200173,Search - Brand - Exact | iOS | MENA | Carousel,32,96.81,299.14
2025-10-09,GG-200174,Search - Non-Brand - Broad | iOS | LATAM | Playables,80,311.43,1225.48
2025-10-09,GG-200175,Search - Non-Brand - Broad | Android | EU | UGC,39,110.92,348.18
2025-10-09,GG-200176,UAC - Value | iOS | MENA | Carousel,110,558.27,3326.17
2025-10-09,GG-200177,Search - Non-Brand - Broad | iOS | MENA | Static,27,92.52,332.89
2025-10-09,GG-200178,UAC - Installs | Android | MENA | UGC,126,492.77,1661.13
2025-10-09,GG-200179,Search - Brand - Exact | Android | MENA | Video,75,187.24,857.0
2025-10-09,GG-200180,Search - Non-Brand - Broad | Android | MENA | Playables,47,121.18,475.15
2025-10-09,GG-200181,UAC - Value | Android | LATAM | Playables,68,298.87,1392.73
2025-10-09,GG-200182,UAC - Value | Android | EU | Playables,214,892.7,5356.2
2025-10-09,GG-200183,Search - Brand - Exact | Android | MENA | UGC,46,152.79,633.77
2025-10-09,GG-200184,UAC - Value | iOS | EU | Playables,77,438.63,1846.19
2025-10-09,GG-200185,UAC - Value | iOS | MENA | Video,69,293.86,1763.16
2025-10-09,GG-200186,UAC - Installs | iOS | US | UGC,64,299.05,1273.65
2025-10-09,GG-200187,Search - Brand - Exact | Android | EU | Playables,49,202.89,543.14
2025-10-09,GG-200188,Search - Brand - Exact | Android | APAC | Carousel,20,77.87,366.69
2025-10-09,GG-200189,Search - Brand - Exact | Android | US | UGC,40,177.8,610.57
2025-10-09,GG-200190,Search - Non-Brand - Broad | iOS | APAC | Static,45,141.32,588.74
2025-10-09,GG-200191,UAC - Value | iOS | LATAM | UGC,80,307.93,1542.11
2025-10-09,GG-200192,Search - Non-Brand - Broad | iOS | APAC | Video,70,212.86,620.06
2025-10-09,GG-200193,UAC - Value | iOS | US | Static,69,362.55,1974.45
2025-10-09,GG-200194,Search - Brand - Exact | Android | EU | Video,99,292.91,818.68
2025-10-09,GG-200195,UAC - Value | iOS | APAC | Playables,142,582.81,3051.59
2025-10-09,GG-200196,UAC - Value | iOS | EU | Static,100,419.83,2437.95
2025-10-09,GG-200197,Search - Non-Brand - Broad | iOS | EU | Carousel,37,170.56,712.09
2025-10-09,GG-200198,Search - Brand - Exact | Android | US | UGC,26,108.43,373.11
2025-10-09,GG-200199,Search - Brand - Exact | Android | EU | Video,110,333.44,1260.07
2025-10-09,GG-200200,Search - Brand - Exact | Android | APAC | Playables,44,170.14,672.05
2025-10-09,GG-200201,UAC - Value | Android | US | UGC,110,357.58,2145.48
2025-10-09,GG-200202,Search - Brand - Exact | Android | MENA | Static,103,214.47,769.95
2025-10-09,GG-200203,Search - Non-Brand - Broad | Android | MENA | Carousel,47,143.56,574.96
2025-10-09,GG-200204,UAC - Installs | iOS | MENA | Playables,93,253.51,1328.39
2025-10-09,GG-200205,Search - Non-Brand - Broad | Android | LATAM | Static,109,357.54,1039.73
2025-10-09,GG-200206,Search - Brand - Exact | iOS | LATAM | Carousel,45,112.54,333.79
2025-10-09,GG-200207,UAC - Value | Android | APAC | Playables,68,241.48,1436.56
2025-10-09,GG-200208,UAC - Installs | Android | LATAM | UGC,104,262.54,1192.19
2025-10-09,GG-200209,UAC - Installs | iOS | APAC | Static,62,188.93,938.79
2025-10-09,GG-200210,UAC - Value | iOS | EU | Playables,78,302.69,1600.93
2025-10-09,GG-200211,Search - Non-Brand - Broad | Android | EU | Carousel,107,276.46,1065.2
2025-10-09,GG-200212,UAC - Value | iOS | US | Playables,64,296.68,1493.49
2025-10-09,GG-200213,Search - Non-Brand - Broad | iOS | MENA | Playables,38,109.04,380.11
2025-10-09,GG-200214,Search - Non-Brand - Broad | iOS | EU | Carousel,42,184.71,730.34
2025-10-09,GG-200215,UAC - Installs | iOS | US | UGC,122,504.4,2381.78
2025-10-09,GG-200216,Search - Brand - Exact | Android | MENA | Static,102,229.32,650.58
2025-10-09,GG-200217,Search - Brand - Exact | iOS | APAC | Playables,59,264.87,825.33
2025-10-09,GG-200218,Search - Non-Brand - Broad | Android | EU | Playables,68,269.04,825.41
2025-10-09,GG-200219,UAC - Installs | iOS | EU | Carousel,84,322.77,1168.75
2025-10-09,GG-200220,Search - Brand - Exact | Android | EU | Static,53,172.67,434.96
2025-10-09,GG-200221,Search - Non-Brand - Broad | iOS | EU | Playables,28,100.73,496.4
2025-10-09,GG-200222,UAC - Installs | iOS | EU | Playables,158,759.36,3913.74
2025-10-09,GG-200223,UAC - Installs | iOS | APAC | UGC,113,380.99,1297.27
2025-10-09,GG-200224,UAC - Value | iOS | LATAM | Carousel,120,519.0,2113.89
2025-10-09,GG-200225,UAC - Installs | iOS | US | UGC,60,203.08,866.34
2025-10-09,GG-200226,UAC - Value | Android | LATAM | Carousel,58,203.73,881.54
2025-10-09,GG-200227,Search - Non-Brand - Broad | Android | MENA | Static,43,95.32,389.1
2025-10-09,GG-200228,UAC - Value | Android | LATAM | Playables,176,785.17,3373.09
2025-10-09,GG-200229,UAC - Installs | iOS | EU | Static,72,354.87,1489.03
2025-10-09,GG-200230,Search - Non-Brand - Broad | Android | APAC | Playables,17,36.69,117.48
2025-10-09,GG-200231,UAC - Installs | iOS | MENA | Carousel,159,656.77,2382.76
2025-10-09,GG-200232,Search - Non-Brand - Broad | iOS | APAC | UGC,118,320.57,1273.3
2025-10-09,GG-200233,UAC - Value | iOS | EU | Static,89,368.62,1547.47
2025-10-09,GG-200234,Search - Brand - Exact | Android | MENA | Video,41,104.4,296.18
2025-10-09,GG-200235,UAC - Value | Android | US | Video,137,561.7,2453.51
2025-10-09,GG-200236,Search - Non-Brand - Broad | Android | EU | Video,68,216.53,774.09
2025-10-09,GG-200237,UAC - Value | Android | EU | Playables,217,905.41,4414.78
2025-10-09,GG-200238,UAC - Value | iOS | US | Playables,109,555.19,3185.13
2025-10-09,GG-200239,UAC - Value | iOS | US | Video,52,296.91,1386.87
2025-10-09,GG-200240,UAC - Installs | Android | US | Playables,188,748.15,3871.68
2025-10-09,GG-200241,UAC - Value | iOS | US | Playables,104,584.41,3506.46
2025-10-09,GG-200242,Search - Non-Brand - Broad | Android | US | Video,69,273.72,1357.1
2025-10-09,GG-200243,UAC - Installs | Android | EU | Playables,165,631.79,2914.45
2025-10-09,GG-200244,Search - Brand - Exact | iOS | LATAM | UGC,44,170.29,774.65
2025-10-09,GG-200245,Search - Non-Brand - Broad | iOS | APAC | UGC,20,82.05,218.91
2025-10-09,GG-200246,Search - Brand - Exact | Android | LATAM | Video,112,310.6,1548.65
2025-10-09,GG-200247,UAC - Value | Android | APAC | UGC,78,256.11,1536.66
2025-10-09,GG-200248,Search - Non-Brand - Broad | iOS | US | Video,54,230.51,636.21
2025-10-09,GG-200249,UAC - Installs | Android | APAC | UGC,94,284.67,901.55
2025-10-09,GG-200250,Search - Non-Brand - Broad | Android | MENA | Video,21,53.0,139.6
2025-10-09,GG-200251,UAC - Installs | Android | MENA | UGC,276,814.26,3704.07
2025-10-09,GG-200252,Search - Brand - Exact | Android | US | Carousel,27,106.71,352.25
2025-10-09,GG-200253,Search - Non-Brand - Broad | Android | LATAM | Video,88,266.2,835.6
2025-10-09,GG-200254,UAC - Installs | Android | APAC | Video,138,490.29,2555.39
2025-10-09,GG-200255,UAC - Value | Android | MENA | Static,125,464.06,2672.06
2025-10-09,GG-200256,Search - Brand - Exact | iOS | APAC | Static,44,181.3,843.95
2025-10-09,GG-200257,UAC - Value | iOS | US | Video,181,742.12,3214.12
2025-10-09,GG-200258,UAC - Value | Android | US | Carousel,108,522.15,2285.45
2025-10-09,GG-200259,UAC - Value | iOS | US | Carousel,104,581.35,2553.87
2025-10-09,GG-200260,UAC - Value | iOS | EU | Carousel,123,598.28,2710.21
2025-10-09,GG-200261,UAC - Value | iOS | EU | Playables,38,155.86,624.22
2025-10-09,GG-200262,Search - Non-Brand - Broad | Android | MENA | Carousel,40,147.3,588.02
2025-10-09,GG-200263,Search - Non-Brand - Broad | Android | US | Carousel,114,312.75,1210.03
2025-10-09,GG-200264,UAC - Installs | iOS | EU | UGC,64,306.91,1142.63
2025-10-09,GG-200265,Search - Brand - Exact | iOS | US | Video,50,225.51,1006.9
2025-10-09,GG-200266,UAC - Installs | iOS | APAC | Carousel,76,252.11,1375.51
2025-10-09,GG-200267,Search - Non-Brand - Broad | Android | EU | Video,49,194.37,969.13
2025-10-09,GG-200268,UAC - Value | iOS | APAC | Playables,98,383.06,2242.82
2025-10-09,GG-200269,UAC - Installs | Android | US | Video,118,305.88,1248.6
2025-10-09,GG-200270,UAC - Installs | Android | MENA | Playables,174,477.09,2466.08
2025-10-09,GG-200271,UAC - Value | iOS | US | Carousel,137,784.13,3139.66
2025-10-09,GG-200272,Search - Non-Brand - Broad | iOS | US | Playables,47,199.15,518.79
2025-10-09,GG-200273,Search - Non-Brand - Broad | Android | APAC | Static,75,212.95,640.13
2025-10-09,GG-200274,UAC - Value | iOS | LATAM | Carousel,80,333.46,1346.84
2025-10-09,GG-200275,UAC - Value | Android | US | Static,93,407.48,2111.15
2025-10-09,GG-200276,UAC - Value | iOS | APAC | Carousel,148,656.04,2920.69
2025-10-09,GG-200277,Search - Non-Brand - Broad | Android | LATAM | Carousel,53,179.48,554.95
2025-10-09,GG-200278,Search - Non-Brand - Broad | iOS | MENA | Playables,82,363.0,1381.22
2025-10-09,GG-200279,UAC - Installs | iOS | US | Static,97,306.26,1573.26
2025-10-09,GG-200280,UAC - Value | Android | APAC | Carousel,198,687.54,3627.46
2025-10-09,GG-200281,UAC - Value | iOS | APAC | Carousel,51,174.95,1026.96
2025-10-09,GG-200282,Search - Non-Brand - Broad | Android | LATAM | Carousel,32,105.28,301.31
2025-10-09,GG-200283,UAC - Value | iOS | LATAM | Static,59,223.17,983.51
2025-10-09,GG-200284,Search - Non-Brand - Broad | iOS | LATAM | UGC,15,67.37,317.31
2025-10-09,GG-200285,UAC - Value | iOS | APAC | Carousel,125,544.64,3106.08
2025-10-09,GG-200286,Search - Non-Brand - Broad | iOS | US | Playables,17,70.65,198.95
2025-10-09,GG-200287,UAC - Value | Android | MENA | Video,162,749.44,3090.69
2025-10-09,GG-200288,Search - Brand - Exact | Android | APAC | Carousel,42,98.42,449.58
2025-10-09,GG-200289,UAC - Installs | iOS | APAC | Static,99,429.57,1945.09
2025-10-09,GG-200290,UAC - Value | Android | LATAM | Static,178,814.31,4309.33
2025-10-09,GG-200291,UAC - Value | iOS | US | UGC,41,235.23,983.5
2025-10-09,GG-200292,UAC - Value | iOS | MENA | Playables,115,554.6,3327.6
2025-10-09,GG-200293,Search - Brand - Exact | Android | LATAM | Playables,28,76.82,192.28
2025-10-09,GG-200294,Search - Non-Brand - Broad | Android | EU | Carousel,104,348.9,1524.34
2025-10-09,GG-200295,UAC - Installs | Android | MENA | UGC,152,437.94,2212.47
2025-10-09,GG-200296,Search - Brand - Exact | iOS | US | Video,55,165.51,614.04
2025-10-09,GG-200297,Search - Non-Brand - Broad | iOS | EU | Playables,85,352.58,1156.81
2025-10-09,GG-200298,UAC - Value | iOS | LATAM | UGC,87,354.65,1910.85
2025-10-09,GG-200299,UAC - Value | Android | LATAM | Video,49,162.1,839.84
2025-10-09,GG-200300,Search - Brand - Exact | Android | LATAM | UGC,83,328.25,986.39
2025-10-09,GG-200301,UAC - Installs | Android | EU | Carousel,130,526.1,1625.12
2025-10-09,GG-200302,UAC - Value | iOS | APAC | Static,106,359.06,2154.36
2025-10-09,GG-200303,UAC - Value | iOS | APAC | Video,114,428.88,2534.68
2025-10-09,GG-200304,UAC - Installs | iOS | LATAM | Video,102,454.72,1859.35
2025-10-09,GG-200305,UAC - Installs | Android | US | Video,119,468.32,1699.06
2025-10-09,GG-200306,Search - Non-Brand - Broad | Android | EU | Static,25,81.63,404.31
2025-10-09,GG-200307,UAC - Value | Android | LATAM | Playables,226,865.67,4178.59
2025-10-09,GG-200308,Search - Non-Brand - Broad | iOS | EU | UGC,102,374.45,1011.01
2025-10-09,GG-200309,Search - Brand - Exact | Android | APAC | UGC,114,230.22,595.12
2025-10-09,GG-200310,UAC - Value | Android | APAC | Playables,232,650.78,3904.68
2025-10-09,GG-200311,Search - Non-Brand - Broad | iOS | US | Static,37,145.24,547.41
2025-10-09,GG-200312,Search - Brand - Exact | iOS | US | Playables,54,210.08,729.61
2025-10-09,GG-200313,Search - Non-Brand - Broad | Android | LATAM | Carousel,107,346.89,1664.38
2025-10-09,GG-200314,UAC - Value | iOS | US | Carousel,73,404.12,2290.15
2025-10-09,GG-200315,UAC - Value | iOS | MENA | UGC,199,788.98,4733.88
2025-10-09,GG-200316,UAC - Value | Android | LATAM | Carousel,195,667.78,4006.68
2025-10-09,GG-200317,Search - Brand - Exact | Android | LATAM | Playables,74,249.59,991.12
2025-10-09,GG-200318,Search - Non-Brand - Broad | Android | LATAM | Video,13,28.6,103.16
2025-10-09,GG-200319,UAC - Installs | iOS | US | Static,102,378.19,1837.25
2025-10-09,GG-200320,UAC - Value | Android | MENA | UGC,163,768.56,3627.6
2025-10-09,GG-200321,UAC - Value | Android | MENA | UGC,79,249.36,1496.16
2025-10-09,GG-200322,Search - Non-Brand - Broad | Android | APAC | Playables,32,103.14,508.58
2025-10-09,GG-200323,Search - Non-Brand - Broad | Android | APAC | Carousel,46,100.63,307.22
2025-10-09,GG-200324,Search - Brand - Exact | Android | LATAM | UGC,45,157.5,751.75
2025-10-09,GG-200325,Search - Non-Brand - Broad | iOS | US | UGC,11,33.73,118.7
2025-10-09,GG-200326,UAC - Value | Android | APAC | Playables,34,155.3,833.81
2025-10-09,GG-200327,UAC - Value | iOS | APAC | UGC,64,307.62,1845.72
2025-10-09,GG-200328,Search - Brand - Exact | iOS | EU | Video,120,406.52,1878.53
2025-10-09,GG-200329,UAC - Installs | Android | LATAM | Video,149,304.11,1210.97
2025-10-09,GG-200330,Search - Non-Brand - Broad | Android | MENA | Carousel,19,51.22,129.48
2025-10-09,GG-200331,Search - Brand - Exact | iOS | MENA | UGC,40,131.29,422.1
2025-10-09,GG-200332,UAC - Installs | Android | LATAM | Playables,117,416.31,1476.65
2025-10-09,GG-200333,Search - Non-Brand - Broad | Android | APAC | Playables,25,89.37,351.05
2025-10-09,GG-200334,UAC - Installs | iOS | US | Static,65,319.68,1403.08
2025-10-09,GG-200335,UAC - Installs | Android | APAC | Carousel,41,91.57,362.62
2025-10-09,GG-200336,Search - Non-Brand - Broad | Android | APAC | Video,52,205.43,981.96
2025-10-09,GG-200337,UAC - Value | Android | MENA | Carousel,144,552.4,2655.94
2025-10-09,GG-200338,Search - Non-Brand - Broad | Android | MENA | Static,45,125.57,386.38
2025-10-09,GG-200339,UAC - Installs | Android | US | Playables,179,450.53,2133.71
2025-10-09,GG-200340,Search - Non-Brand - Broad | iOS | MENA | Playables,41,159.48,448.94
2025-10-09,GG-200341,UAC - Installs | iOS | LATAM | Carousel,197,581.41,2837.28
2025-10-09,GG-200342,Search - Brand - Exact | Android | EU | UGC,104,397.33,1060.47
2025-10-09,GG-200343,Search - Non-Brand - Broad | iOS | EU | Static,34,135.24,339.59
2025-10-09,GG-200344,UAC - Value | Android | LATAM | Static,71,242.44,1303.6
2025-10-09,GG-200345,UAC - Installs | iOS | EU | Playables,145,717.11,2451.8
2025-10-09,GG-200346,Search - Brand - Exact | iOS | APAC | UGC,56,242.72,897.34
2025-10-09,GG-200347,UAC - Installs | Android | APAC | Playables,137,542.27,2452.14
2025-10-09,GG-200348,UAC - Installs | iOS | APAC | UGC,154,656.67,3392.36
2025-10-09,GG-200349,UAC - Installs | Android | US | UGC,196,676.89,2032.7
2025-10-10,FB-100000,UA - Retargeting - Value | Android | US | Carousel,49,172.5,1035.0
2025-10-10,FB-100001,UA - Prospecting - Broad | Android | EU | Video,33,125.72,606.98
2025-10-10,FB-100002,UA - Prospecting - Broad | iOS | US | Video,217,901.53,4305.71
2025-10-10,FB-100003,UA - Prospecting - Broad | Android | EU | Playables,78,214.91,985.36
2025-10-10,FB-100004,UA - Retargeting - Value | Android | MENA | UGC,99,359.15,1759.12
2025-10-10,FB-100005,UA - Prospecting - Broad | iOS | MENA | Carousel,24,69.31,363.6
2025-10-10,FB-100006,UA - Lookalike - 1% | Android | APAC | Carousel,77,154.45,843.45
2025-10-10,FB-100007,UA - Prospecting - Broad | Android | EU | Carousel,29,98.02,406.68
2025-10-10,FB-100008,UA - Lookalike - 1% | Android | APAC | Video,95,313.83,1718.85
2025-10-10,FB-100009,UA - Prospecting - Broad | iOS | MENA | Carousel,61,161.53,605.09
2025-10-10,FB-100010,UA - Lookalike - 5% | iOS | MENA | Video,172,754.77,2319.41
2025-10-10,FB-100011,UA - Lookalike - 1% | Android | MENA | Carousel,69,223.57,889.81
2025-10-10,FB-100012,UA - Retargeting - Value | Android | US | Video,64,215.16,1079.03
2025-10-10,FB-100013,UA - Prospecting - Broad | iOS | US | Static,71,268.84,1447.7
2025-10-10,FB-100014,UA - Lookalike - 1% | iOS | LATAM | UGC,28,115.04,449.23
2025-10-10,FB-100015,UA - Retargeting - Value | Android | LATAM | Carousel,17,56.97,233.01
2025-10-10,FB-100016,UA - Retargeting - Value | iOS | US | Playables,34,166.09,807.03
2025-10-10,FB-100017,UA - Lookalike - 5% | Android | EU | UGC,39,163.53,648.07
2025-10-10,FB-100018,UA - Lookalike - 1% | iOS | MENA | Static,16,61.29,324.78
2025-10-10,FB-100019,UA - Lookalike - 1% | Android | EU | Video,154,592.44,1927.8
2025-10-10,FB-100020,UA - Retargeting - Value | iOS | LATAM | Video,47,208.6,1192.77
2025-10-10,FB-100021,UA - Lookalike - 5% | iOS | EU | UGC,39,173.5,914.17
2025-10-10,FB-100022,UA - Retargeting - Value | iOS | EU | Carousel,23,123.28,739.68
2025-10-10,FB-100023,UA - Lookalike - 1% | Android | MENA | Playables,47,184.05,961.11
2025-10-10,FB-100024,UA - Lookalike - 1% | iOS | MENA | UGC,81,208.13,983.21
2025-10-10,FB-100025,UA - Lookalike - 5% | Android | EU | Playables,37,129.46,397.44
2025-10-10,FB-100026,UA - Retargeting - Value | Android | US | Video,81,372.62,1955.51
2025-10-10,FB-100027,UA - Prospecting - Broad | Android | APAC | Playables,110,437.88,2103.58
2025-10-10,FB-100028,UA - Lookalike - 5% | iOS | APAC | Playables,213,772.89,4233.89
2025-10-10,FB-100029,UA - Prospecting - Broad | iOS | MENA | Video,41,133.85,671.53
2025-10-10,FB-100030,UA - Lookalike - 1% | iOS | LATAM | Video,15,58.43,176.46
2025-10-10,FB-100031,UA - Prospecting - Broad | iOS | EU | UGC,72,289.16,1456.5
2025-10-10,FB-100032,UA - Prospecting - Broad | iOS | MENA | Static,28,86.92,357.85
2025-10-10,FB-100033,UA - Retargeting - Value | iOS | MENA | Playables,9,34.22,157.38
2025-10-10,FB-100034,UA - Prospecting - Broad | Android | LATAM | Static,21,44.21,206.42
2025-10-10,FB-100035,UA - Prospecting - Broad | iOS | APAC | Video,12,33.78,136.44
2025-10-10,FB-100036,UA - Prospecting - Broad | iOS | LATAM | Static,165,548.67,2548.02
2025-10-10,FB-100037,UA - Prospecting - Broad | Android | MENA | Video,156,321.36,1482.76
2025-10-10,FB-100038,UA - Retargeting - Value | iOS | US | Playables,22,85.99,500.89
2025-10-10,FB-100039,UA - Retargeting - Value | Android | APAC | Playables,27,85.54,513.24
2025-10-10,FB-100040,UA - Lookalike - 5% | iOS | MENA | Playables,37,112.26,527.73
2025-10-10,FB-100041,UA - Lookalike - 1% | Android | MENA | Static,37,145.4,752.3
2025-10-10,FB-100042,UA - Lookalike - 5% | iOS | LATAM | UGC,105,293.5,1544.4
2025-10-10,FB-100043,UA - Prospecting - Broad | Android | EU | Static,47,155.73,543.03
2025-10-10,FB-100044,UA - Retargeting - Value | iOS | US | Playables,23,102.68,449.84
2025-10-10,FB-100045,UA - Prospecting - Broad | Android | US | Video,22,69.32,297.94
2025-10-10,FB-100046,UA - Lookalike - 1% | Android | US | Video,174,457.86,1586.94
2025-10-10,FB-100047,UA - Lookalike - 1% | Android | MENA | Static,54,173.25,617.98
2025-10-10,FB-100048,UA - Retargeting - Value | iOS | EU | Playables,25,128.46,672.62
2025-10-10,FB-100049,UA - Lookalike - 5% | iOS | EU | UGC,16,59.07,281.94
2025-10-10,FB-100050,UA - Lookalike - 5% | Android | US | Video,105,395.04,1663.91
2025-10-10,FB-100051,UA - Lookalike - 5% | iOS | APAC | UGC,43,178.64,920.0
2025-10-10,FB-100052,UA - Lookalike - 5% | Android | US | Video,60,177.22,804.58
2025-10-10,FB-100053,UA - Retargeting - Value | iOS | US | Static,16,87.29,500.0
2025-10-10,FB-100054,UA - Retargeting - Value | Android | MENA | UGC,20,58.48,285.09
2025-10-10,FB-100055,UA - Lookalike - 5% | iOS | EU | Carousel,40,156.73,670.65
2025-10-10,FB-100056,UA - Prospecting - Broad | Android | US | UGC,104,301.58,933.69
2025-10-10,FB-100057,UA - Prospecting - Broad | Android | MENA | Video,37,136.55,690.81
2025-10-10,FB-100058,UA - Lookalike - 5% | Android | EU | UGC,78,345.33,1461.44
2025-10-10,FB-100059,UA - Prospecting - Broad | iOS | EU | UGC,89,362.08,1320.14
2025-10-10,FB-100060,UA - Lookalike - 5% | Android | APAC | Video,41,161.06,878.58
2025-10-10,FB-100061,UA - Lookalike - 5% | iOS | APAC | Carousel,58,146.96,479.82
2025-10-10,FB-100062,UA - Lookalike - 1% | iOS | EU | Static,52,172.05,866.96
2025-10-10,FB-100063,UA - Prospecting - Broad | Android | US | Playables,49,157.17,493.99
2025-10-10,FB-100064,UA - Lookalike - 5% | iOS | US | Video,105,396.82,2017.04
2025-10-10,FB-100065,UA - Prospecting - Broad | Android | US | Playables,217,913.61,3003.04
2025-10-10,FB-100066,UA - Prospecting - Broad | Android | US | Playables,166,637.11,2276.39
2025-10-10,FB-100067,UA - Retargeting - Value | Android | APAC | Video,34,103.6,621.6
2025-10-10,FB-100068,UA - Lookalike - 5% | Android | MENA | Video,114,319.04,1412.39
2025-10-10,FB-100069,UA - Lookalike - 1% | iOS | LATAM | Static,90,274.83,1151.54
2025-10-10,FB-100070,UA - Retargeting - Value | Android | LATAM | UGC,13,38.0,228.0
2025-10-10,FB-100071,UA - Prospecting - Broad | iOS | APAC | Carousel,69,218.03,802.13
2025-10-10,FB-100072,UA - Prospecting - Broad | Android | APAC | Playables,75,217.63,923.19
2025-10-10,FB-100073,UA - Lookalike - 1% | Android | MENA | Static,134,272.86,933.73
2025-10-10,FB-100074,UA - Retargeting - Value | Android | LATAM | Video,25,101.83,445.4
2025-10-10,FB-100075,UA - Lookalike - 5% | iOS | LATAM | Static,26,112.11,510.21
2025-10-10,FB-100076,UA - Prospecting - Broad | iOS | MENA | Playables,53,140.37,570.74
2025-10-10,FB-100077,UA - Lookalike - 1% | iOS | US | Static,160,539.31,2208.47
2025-10-10,FB-100078,UA - Retargeting - Value | Android | US | Playables,28,125.81,707.3
2025-10-10,FB-100079,UA - Retargeting - Value | iOS | LATAM | Playables,50,225.59,1224.73
2025-10-10,FB-100080,UA - Lookalike - 5% | iOS | EU | Carousel,99,358.13,1101.97
2025-10-10,FB-100081,UA - Lookalike - 5% | iOS | US | Video,59,204.51,687.56
2025-10-10,FB-100082,UA - Lookalike - 1% | iOS | US | Video,63,223.31,827.81
2025-10-10,FB-100083,UA - Lookalike - 5% | Android | LATAM | Static,106,222.59,745.9
2025-10-10,FB-100084,UA - Prospecting - Broad | iOS | MENA | Video,84,260.02,1071.28
2025-10-10,FB-100085,UA - Prospecting - Broad | Android | EU | Playables,93,269.94,1410.71
2025-10-10,FB-100086,UA - Retargeting - Value | iOS | MENA | Playables,3,11.64,52.97
2025-10-10,FB-100087,UA - Lookalike - 1% | iOS | EU | Video,69,265.87,921.51
2025-10-10,FB-100088,UA - Retargeting - Value | iOS | US | Carousel,40,180.41,866.51
2025-10-10,FB-100089,UA - Lookalike - 5% | Android | US | Carousel,53,171.51,561.7
2025-10-10,FB-100090,UA - Retargeting - Value | Android | EU | Static,26,100.83,476.42
2025-10-10,FB-100091,UA - Lookalike - 1% | iOS | US | Static,104,439.23,1700.7
2025-10-10,FB-100092,UA - Retargeting - Value | iOS | EU | Carousel,25,140.85,666.22
2025-10-10,FB-100093,UA - Lookalike - 5% | Android | APAC | Video,163,425.54,1405.56
2025-10-10,FB-100094,UA - Lookalike - 1% | Android | EU | UGC,69,208.17,925.52
2025-10-10,FB-100095,UA - Prospecting - Broad | iOS | EU | Static,19,57.65,282.37
2025-10-10,FB-100096,UA - Lookalike - 1% | Android | APAC | Carousel,99,223.4,1073.88
2025-10-10,FB-100097,UA - Lookalike - 5% | Android | LATAM | Carousel,78,256.24,1333.99
2025-10-10,FB-100098,UA - Lookalike - 1% | iOS | US | Video,40,180.82,743.89
2025-10-10,FB-100099,UA - Prospecting - Broad | Android | MENA | Carousel,37,109.44,410.73
2025-10-10,FB-100100,UA - Lookalike - 1% | Android | MENA | UGC,80,288.06,959.24
2025-10-10,FB-100101,UA - Prospecting - Broad | iOS | APAC | Playables,9,32.7,167.46
2025-10-10,FB-100102,UA - Lookalike - 1% | iOS | MENA | Static,24,103.07,534.62
2025-10-10,FB-100103,UA - Retargeting - Value | Android | APAC | Video,13,44.42,221.39
2025-10-10,FB-100104,UA - Lookalike - 1% | iOS | APAC | Video,35,120.49,362.19
2025-10-10,FB-100105,UA - Lookalike - 1% | iOS | US | Carousel,57,195.9,621.39
2025-10-10,FB-100106,UA - Lookalike - 1% | iOS | LATAM | UGC,37,97.86,522.18
2025-10-10,FB-100107,UA - Lookalike - 5% | Android | EU | UGC,40,115.24,463.03
2025-10-10,FB-100108,UA - Lookalike - 1% | Android | MENA | Playables,70,177.11,623.43
2025-10-10,FB-100109,UA - Lookalike - 1% | iOS | MENA | Video,46,153.24,743.83
2025-10-10,FB-100110,UA - Lookalike - 1% | iOS | EU | UGC,21,100.87,542.08
2025-10-10,FB-100111,UA - Retargeting - Value | iOS | APAC | UGC,9,36.12,197.07
2025-10-10,FB-100112,UA - Lookalike - 1% | iOS | EU | Video,273,975.18,4061.62
2025-10-10,FB-100113,UA - Lookalike - 1% | iOS | US | Static,36,119.17,517.32
2025-10-10,FB-100114,UA - Prospecting - Broad | Android | EU | Static,44,147.14,565.9
2025-10-10,FB-100115,UA - Prospecting - Broad | Android | EU | UGC,71,200.15,701.13
2025-10-10,FB-100116,UA - Retargeting - Value | iOS | APAC | Playables,18,79.15,337.97
2025-10-10,FB-100117,UA - Retargeting - Value | iOS | APAC | UGC,8,32.53,165.97
2025-10-10,FB-100118,UA - Lookalike - 5% | Android | US | Video,105,354.39,1441.3
2025-10-10,FB-100119,UA - Lookalike - 5% | Android | EU | Playables,80,239.86,1168.36
2025-10-10,FB-100120,UA - Prospecting - Broad | Android | MENA | Static,96,333.06,1462.13
2025-10-10,FB-100121,UA - Lookalike - 1% | iOS | EU | UGC,51,226.11,1215.79
2025-10-10,FB-100122,UA - Lookalike - 5% | iOS | MENA | Playables,113,450.06,2474.88
2025-10-10,FB-100123,UA - Lookalike - 5% | iOS | EU | UGC,139,601.01,2001.96
2025-10-10,FB-100124,UA - Lookalike - 5% | iOS | EU | Carousel,83,358.65,1565.87
2025-10-10,FB-100125,UA - Prospecting - Broad | Android | LATAM | UGC,133,435.19,1844.34
2025-10-10,FB-100126,UA - Lookalike - 1% | iOS | EU | Carousel,148,522.06,2070.49
2025-10-10,FB-100127,UA - Retargeting - Value | iOS | MENA | Video,42,202.74,1048.77
2025-10-10,FB-100128,UA - Retargeting - Value | Android | EU | UGC,72,371.64,2213.12
2025-10-10,FB-100129,UA - Lookalike - 5% | Android | US | UGC,119,515.23,2479.29
2025-10-10,FB-100130,UA - Lookalike - 5% | iOS | MENA | UGC,76,310.76,1009.66
2025-10-10,FB-100131,UA - Lookalike - 5% | Android | EU | UGC,37,130.5,468.36
2025-10-10,FB-100132,UA - Lookalike - 5% | Android | MENA | UGC,74,279.85,1468.37
2025-10-10,FB-100133,UA - Lookalike - 5% | Android | LATAM | Carousel,191,395.77,1809.86
2025-10-10,FB-100134,UA - Retargeting - Value | iOS | MENA | Playables,16,57.7,276.73
2025-10-10,FB-100135,UA - Lookalike - 5% | iOS | EU | Carousel,111,364.55,1542.41
2025-10-10,FB-100136,UA - Lookalike - 1% | iOS | US | UGC,21,75.15,252.58
2025-10-10,FB-100137,UA - Retargeting - Value | iOS | EU | UGC,27,133.17,747.75
2025-10-10,FB-100138,UA - Prospecting - Broad | Android | APAC | Playables,69,165.92,618.05
2025-10-10,FB-100139,UA - Lookalike - 5% | Android | APAC | Static,89,327.63,1391.77
2025-10-10,FB-100140,UA - Lookalike - 5% | Android | US | Carousel,37,120.19,565.85
2025-10-10,FB-100141,UA - Lookalike - 1% | iOS | EU | UGC,20,72.53,360.47
2025-10-10,FB-100142,UA - Lookalike - 5% | iOS | APAC | Carousel,58,163.55,849.48
2025-10-10,FB-100143,UA - Prospecting - Broad | iOS | US | UGC,42,167.83,637.25
2025-10-10,FB-100144,UA - Prospecting - Broad | Android | LATAM | Static,43,132.68,445.01
2025-10-10,FB-100145,UA - Retargeting - Value | Android | US | Static,88,313.75,1719.66
2025-10-10,FB-100146,UA - Retargeting - Value | Android | MENA | Static,74,291.03,1394.03
2025-10-10,FB-100147,UA - Retargeting - Value | Android | APAC | Video,48,196.17,1177.02
2025-10-10,FB-100148,UA - Retargeting - Value | iOS | LATAM | Carousel,44,180.97,758.26
2025-10-10,FB-100149,UA - Prospecting - Broad | Android | EU | Carousel,23,73.12,254.9
2025-10-10,FB-100150,UA - Lookalike - 5% | Android | LATAM | Playables,39,144.43,514.32
2025-10-10,FB-100151,UA - Retargeting - Value | iOS | EU | Video,46,186.47,1118.82
2025-10-10,FB-100152,UA - Prospecting - Broad | Android | LATAM | Playables,134,367.83,1244.74
2025-10-10,FB-100153,UA - Lookalike - 5% | Android | LATAM | Playables,98,371.16,1209.98
2025-10-10,FB-100154,UA - Lookalike - 1% | iOS | US | Playables,33,148.51,756.36
2025-10-10,FB-100155,UA - Prospecting - Broad | Android | APAC | UGC,54,162.27,865.06
2025-10-10,FB-100156,UA - Retargeting - Value | iOS | LATAM | UGC,11,44.28,221.58
2025-10-10,FB-100157,UA - Lookalike - 1% | iOS | EU | Playables,85,356.29,1714.11
2025-10-10,FB-100158,UA - Lookalike - 1% | iOS | APAC | UGC,88,251.51,876.01
2025-10-10,FB-100159,UA - Lookalike - 1% | iOS | EU | Video,21,73.62,260.76
2025-10-10,FB-100160,UA - Lookalike - 5% | iOS | EU | UGC,149,655.6,2150.37
2025-10-10,FB-100161,UA - Lookalike - 1% | iOS | US | UGC,32,133.64,599.38
2025-10-10,FB-100162,UA - Lookalike - 1% | Android | APAC | Static,65,225.6,688.08
2025-10-10,FB-100163,UA - Lookalike - 1% | iOS | LATAM | Carousel,34,135.67,646.6
2025-10-10,FB-100164,UA - Prospecting - Broad | Android | MENA | Static,49,116.48,377.51
2025-10-10,FB-100165,UA - Retargeting - Value | Android | APAC | UGC,45,203.52,1221.12
2025-10-10,FB-100166,UA - Prospecting - Broad | iOS | APAC | UGC,74,276.16,1284.14
2025-10-10,FB-100167,UA - Lookalike - 5% | Android | LATAM | Static,42,142.59,486.23
2025-10-10,FB-100168,UA - Lookalike - 1% | Android | LATAM | Playables,75,181.02,937.68
2025-10-10,FB-100169,UA - Lookalike - 1% | iOS | MENA | Playables,128,374.91,1578.0
2025-10-10,FB-100170,UA - Lookalike - 1% | iOS | MENA | Carousel,82,338.06,1713.29
2025-10-10,FB-100171,UA - Lookalike - 1% | iOS | LATAM | Carousel,24,74.63,368.82
2025-10-10,FB-100172,UA - Lookalike - 1% | Android | US | Static,43,169.15,571.9
2025-10-10,FB-100173,UA - Retargeting - Value | Android | MENA | Static,65,295.45,1522.45
2025-10-10,FB-100174,UA - Lookalike - 1% | Android | APAC | Carousel,87,295.85,1187.84
2025-10-10,FB-100175,UA - Retargeting - Value | Android | EU | Carousel,26,123.79,718.97
2025-10-10,FB-100176,UA - Prospecting - Broad | iOS | EU | Carousel,68,314.6,1138.22
2025-10-10,FB-100177,UA - Prospecting - Broad | Android | LATAM | Video,37,82.64,437.66
2025-10-10,FB-100178,UA - Prospecting - Broad | iOS | EU | UGC,50,219.28,849.71
2025-10-10,FB-100179,UA - Lookalike - 5% | Android | MENA | Carousel,26,90.06,428.15
2025-10-10,FB-100180,UA - Retargeting - Value | iOS | APAC | Carousel,45,178.1,1068.6
2025-10-10,FB-100181,UA - Prospecting - Broad | Android | LATAM | UGC,46,144.03,775.03
2025-10-10,FB-100182,UA - Prospecting - Broad | Android | APAC | UGC,54,187.72,979.15
2025-10-10,FB-100183,UA - Lookalike - 1% | Android | EU | Static,115,320.32,1455.21
2025-10-10,FB-100184,UA - Lookalike - 5% | Android | EU | Video,32,81.38,244.95
2025-10-10,FB-100185,UA - Lookalike - 5% | Android | MENA | UGC,232,723.45,3410.34
2025-10-10,FB-100186,UA - Lookalike - 5% | iOS | LATAM | Playables,37,129.8,487.53
2025-10-10,FB-100187,UA - Prospecting - Broad | iOS | MENA | Playables,57,214.31,753.51
2025-10-10,FB-100188,UA - Lookalike - 1% | Android | EU | Static,67,171.25,637.91
2025-10-10,FB-100189,UA - Retargeting - Value | Android | EU | Static,8,32.31,130.05
2025-10-10,FB-100190,UA - Lookalike - 5% | Android | EU | Video,133,342.9,1371.94
2025-10-10,FB-100191,UA - Lookalike - 1% | iOS | MENA | UGC,20,60.82,309.21
2025-10-10,FB-100192,UA - Lookalike - 1% | Android | EU | Carousel,67,284.74,1426.83
2025-10-10,FB-100193,UA - Lookalike - 1% | iOS | US | Static,101,428.01,2072.42
2025-10-10,FB-100194,UA - Retargeting - Value | Android | APAC | Video,69,191.76,1150.56
2025-10-10,FB-100195,UA - Prospecting - Broad | Android | LATAM | Static,39,81.58,315.06
2025-10-10,FB-100196,UA - Lookalike - 1% | Android | EU | Carousel,54,156.96,828.43
2025-10-10,FB-100197,UA - Lookalike - 1% | iOS | US | UGC,54,223.06,1129.58
2025-10-10,FB-100198,UA - Lookalike - 5% | iOS | LATAM | Playables,141,567.14,2997.33
2025-10-10,FB-100199,UA - Prospecting - Broad | iOS | US | Playables,67,318.68,1596.27
2025-10-10,FB-100200,UA - Lookalike - 1% | iOS | LATAM | Playables,105,319.49,1194.57
2025-10-10,FB-100201,UA - Prospecting - Broad | Android | US | Static,127,417.42,1538.61
2025-10-10,FB-100202,UA - Retargeting - Value | iOS | MENA | Video,64,328.32,1623.54
2025-10-10,FB-100203,UA - Lookalike - 1% | iOS | MENA | UGC,87,321.44,1665.38
2025-10-10,FB-100204,UA - Lookalike - 5% | Android | MENA | UGC,271,546.28,1961.15
2025-10-10,FB-100205,UA - Lookalike - 5% | Android | APAC | Carousel,181,455.61,1716.74
2025-10-10,FB-100206,UA - Retargeting - Value | iOS | LATAM | Video,25,103.1,456.42
2025-10-10,FB-100207,UA - Lookalike - 1% | iOS | APAC | UGC,80,278.26,891.82
2025-10-10,FB-100208,UA - Lookalike - 5% | iOS | MENA | Video,102,376.57,1132.72
2025-10-10,FB-100209,UA - Lookalike - 1% | Android | LATAM | Carousel,53,198.1,1054.49
2025-10-10,FB-100210,UA - Prospecting - Broad | Android | APAC | Playables,147,419.13,1541.14
2025-10-10,FB-100211,UA - Retargeting - Value | iOS | APAC | Video,37,172.96,830.73
2025-10-10,FB-100212,UA - Lookalike - 5% | iOS | MENA | UGC,107,451.37,1468.76
2025-10-10,FB-100213,UA - Retargeting - Value | Android | EU | Carousel,22,91.24,377.46
2025-10-10,FB-100214,UA - Prospecting - Broad | iOS | APAC | UGC,94,320.37,1176.72
2025-10-10,FB-100215,UA - Retargeting - Value | Android | MENA | Static,15,50.18,301.08
2025-10-10,FB-100216,UA - Lookalike - 5% | iOS | MENA | Video,78,285.57,1358.17
2025-10-10,FB-100217,UA - Lookalike - 5% | Android | EU | Video,47,174.19,538.6
2025-10-10,FB-100218,UA - Lookalike - 1% | Android | EU | UGC,59,250.61,794.93
2025-10-10,FB-100219,UA - Lookalike - 5% | iOS | APAC | UGC,83,237.75,1269.82
2025-10-10,FB-100220,UA - Retargeting - Value | Android | APAC | Playables,47,145.62,780.23
2025-10-10,FB-100221,UA - Retargeting - Value | iOS | EU | Playables,18,92.13,440.75
2025-10-10,FB-100222,UA - Lookalike - 1% | Android | LATAM | UGC,78,191.33,962.39
2025-10-10,FB-100223,UA - Lookalike - 1% | iOS | US | Carousel,135,501.19,2362.61
2025-10-10,FB-100224,UA - Lookalike - 5% | iOS | EU | UGC,70,340.69,1526.63
2025-10-10,FB-100225,UA - Lookalike - 5% | iOS | LATAM | Playables,141,581.95,1944.29
2025-10-10,FB-100226,UA - Retargeting - Value | iOS | LATAM | Static,17,57.04,311.95
2025-10-10,FB-100227,UA - Prospecting - Broad | iOS | EU | UGC,10,41.91,161.4
2025-10-10,FB-100228,UA - Lookalike - 5% | iOS | APAC | UGC,122,328.23,1054.27
2025-10-10,FB-100229,UA - Retargeting - Value | Android | APAC | Video,41,166.1,826.35
2025-10-10,FB-100230,UA - Prospecting - Broad | iOS | US | UGC,87,368.02,1525.44
2025-10-10,FB-100231,UA - Lookalike - 5% | iOS | US | Static,66,300.32,1269.15
2025-10-10,FB-100232,UA - Lookalike - 1% | Android | US | UGC,82,302.15,1041.81
2025-10-10,FB-100233,UA - Prospecting - Broad | iOS | MENA | UGC,19,72.59,337.98
2025-10-10,FB-100234,UA - Lookalike - 1% | iOS | MENA | UGC,24,101.28,531.42
2025-10-10,FB-100235,UA - Prospecting - Broad | iOS | MENA | Video,62,268.57,982.16
2025-10-10,FB-100236,UA - Prospecting - Broad | Android | LATAM | Static,44,102.07,560.06
2025-10-10,FB-100237,UA - Lookalike - 5% | iOS | US | Video,59,180.5,779.76
2025-10-10,FB-100238,UA - Prospecting - Broad | Android | LATAM | Video,63,250.22,1272.62
2025-10-10,FB-100239,UA - Lookalike - 1% | iOS | US | Carousel,44,204.25,989.59
2025-10-10,FB-100240,UA - Retargeting - Value | iOS | APAC | Static,36,124.59,644.13
2025-10-10,FB-100241,UA - Retargeting - Value | iOS | MENA | Static,6,24.58,111.08
2025-10-10,FB-100242,UA - Lookalike - 5% | Android | US | Playables,157,398.98,1917.1
2025-10-10,FB-100243,UA - Retargeting - Value | Android | APAC | Playables,70,210.22,1048.16
2025-10-10,FB-100244,UA - Lookalike - 5% | Android | APAC | Carousel,44,163.47,541.74
2025-10-10,FB-100245,UA - Lookalike - 1% | iOS | US | UGC,30,110.97,400.38
2025-10-10,FB-100246,UA - Lookalike - 1% | Android | US | UGC,72,252.33,834.71
2025-10-10,FB-100247,UA - Lookalike - 5% | iOS | APAC | Carousel,32,109.51,438.15
2025-10-10,FB-100248,UA - Lookalike - 5% | iOS | EU | UGC,101,331.25,1358.12
2025-10-10,FB-100249,UA - Lookalike - 1% | Android | EU | UGC,56,167.48,650.32
2025-10-10,FB-100250,UA - Lookalike - 5% | iOS | LATAM | Video,32,128.08,695.09
2025-10-10,FB-100251,UA - Prospecting - Broad | iOS | US | Playables,17,53.92,206.84
2025-10-10,FB-100252,UA - Lookalike - 1% | iOS | LATAM | Static,47,128.38,507.1
2025-10-10,FB-100253,UA - Lookalike - 1% | Android | EU | Playables,105,438.54,2314.61
2025-10-10,FB-100254,UA - Lookalike - 1% | Android | US | Video,52,197.62,795.42
2025-10-10,FB-100255,UA - Lookalike - 1% | iOS | US | Playables,31,143.05,520.85
2025-10-10,FB-100256,UA - Lookalike - 1% | Android | US | Carousel,86,379.93,1446.77
2025-10-10,FB-100257,UA - Retargeting - Value | iOS | EU | Static,48,208.76,1252.56
2025-10-10,FB-100258,UA - Lookalike - 1% | iOS | MENA | Playables,69,240.18,849.04
2025-10-10,FB-100259,UA - Lookalike - 1% | Android | LATAM | UGC,49,182.01,942.99
2025-10-10,FB-100260,UA - Prospecting - Broad | iOS | US | UGC,52,188.97,666.88
2025-10-10,FB-100261,UA - Lookalike - 1% | Android | EU | UGC,98,323.82,1534.26
2025-10-10,FB-100262,UA - Lookalike - 1% | Android | APAC | Video,217,509.15,2210.22
2025-10-10,FB-100263,UA - Lookalike - 1% | Android | APAC | Carousel,85,318.1,1554.24
2025-10-10,FB-100264,UA - Retargeting - Value | iOS | LATAM | Video,11,45.73,274.38
2025-10-10,FB-100265,UA - Lookalike - 1% | iOS | US | Playables,46,177.08,775.96
2025-10-10,FB-100266,UA - Lookalike - 1% | Android | US | UGC,72,283.8,1439.43
2025-10-10,FB-100267,UA - Prospecting - Broad | iOS | US | Static,38,182.49,778.87
2025-10-10,FB-100268,UA - Prospecting - Broad | Android | LATAM | UGC,90,218.6,811.01
2025-10-10,FB-100269,UA - Retargeting - Value | Android | EU | Playables,44,143.74,579.42
2025-10-10,FB-100270,UA - Lookalike - 5% | iOS | APAC | Carousel,151,384.51,1677.23
2025-10-10,FB-100271,UA - Lookalike - 5% | Android | APAC | Video,78,300.12,951.38
2025-10-10,FB-100272,UA - Lookalike - 1% | iOS | LATAM | Video,25,85.01,283.51
2025-10-10,FB-100273,UA - Retargeting - Value | Android | APAC | UGC,8,29.92,163.93
2025-10-10,FB-100274,UA - Lookalike - 1% | iOS | US | Carousel,86,352.75,1124.57
2025-10-10,FB-100275,UA - Retargeting - Value | Android | APAC | Carousel,37,170.1,741.64
2025-10-10,FB-100276,UA - Retargeting - Value | Android | APAC | Video,10,35.3,163.76
2025-10-10,FB-100277,UA - Retargeting - Value | Android | US | Carousel,115,601.88,3611.28
2025-10-10,FB-100278,UA - Prospecting - Broad | Android | MENA | Static,46,107.86,350.44
2025-10-10,FB-100279,UA - Retargeting - Value | Android | MENA | Static,19,72.23,306.83
2025-10-10,FB-100280,UA - Prospecting - Broad | iOS | EU | Playables,22,68.47,364.6
2025-10-10,FB-100281,UA - Lookalike - 1% | iOS | EU | Static,74,279.85,1400.93
2025-10-10,FB-100282,UA - Retargeting - Value | Android | US | Video,33,129.62,672.6
2025-10-10,FB-100283,UA - Lookalike - 1% | Android | LATAM | Static,65,254.19,1120.47
2025-10-10,FB-100284,UA - Prospecting - Broad | Android | EU | Carousel,53,201.86,692.18
2025-10-10,FB-100285,UA - Prospecting - Broad | Android | APAC | Playables,59,205.7,860.24
2025-10-10,FB-100286,UA - Lookalike - 1% | Android | APAC | UGC,118,441.36,2107.49
2025-10-10,FB-100287,UA - Retargeting - Value | Android | APAC | Playables,20,77.78,417.52
2025-10-10,FB-100288,UA - Lookalike - 5% | Android | MENA | Carousel,102,404.58,1360.2
2025-10-10,FB-100289,UA - Lookalike - 5% | Android | US | UGC,106,292.93,1142.72
2025-10-10,FB-100290,UA - Lookalike - 5% | iOS | US | UGC,104,329.12,1772.64
2025-10-10,FB-100291,UA - Retargeting - Value | Android | US | Carousel,43,203.55,1041.16
2025-10-10,FB-100292,UA - Lookalike - 1% | Android | EU | Carousel,149,558.9,2118.23
2025-10-10,FB-100293,UA - Lookalike - 1% | iOS | MENA | Playables,25,92.64,347.4
2025-10-10,FB-100294,UA - Lookalike - 5% | iOS | MENA | Playables,26,95.39,369.83
2025-10-10,FB-100295,UA - Retargeting - Value | Android | US | Playables,16,62.23,373.38
2025-10-10,FB-100296,UA - Lookalike - 5% | iOS | APAC | Static,46,179.69,868.08
2025-10-10,FB-100297,UA - Lookalike - 5% | iOS | APAC | UGC,41,167.37,882.21
2025-10-10,FB-100298,UA - Lookalike - 1% | Android | LATAM | UGC,19,57.97,219.13
2025-10-10,FB-100299,UA - Lookalike - 5% | iOS | LATAM | Static,34,122.91,395.89
2025-10-10,FB-100300,UA - Prospecting - Broad | Android | US | Video,45,139.57,436.3
2025-10-10,FB-100301,UA - Retargeting - Value | iOS | US | Carousel,34,188.27,1129.62
2025-10-10,FB-100302,UA - Lookalike - 1% | Android | MENA | Playables,72,184.12,676.27
2025-10-10,FB-100303,UA - Lookalike - 5% | Android | APAC | Carousel,242,540.75,2398.23
2025-10-10,FB-100304,UA - Lookalike - 1% | Android | LATAM | Playables,90,359.61,1257.92
2025-10-10,FB-100305,UA - Retargeting - Value | iOS | US | Playables,58,259.18,1249.77
2025-10-10,FB-100306,UA - Prospecting - Broad | Android | APAC | Static,54,193.68,941.09
2025-10-10,FB-100307,UA - Prospecting - Broad | iOS | MENA | Carousel,58,145.39,625.61
2025-10-10,FB-100308,UA - Lookalike - 5% | iOS | MENA | Static,39,142.71,733.53
2025-10-10,FB-100309,UA - Prospecting - Broad | Android | MENA | Carousel,31,76.58,361.0
2025-10-10,FB-100310,UA - Lookalike - 1% | Android | LATAM | Carousel,211,616.06,2951.54
2025-10-10,FB-100311,UA - Retargeting - Value | iOS | US | Static,20,96.73,580.38
2025-10-10,FB-100312,UA - Prospecting - Broad | iOS | US | Static,233,717.94,2195.46
2025-10-10,FB-100313,UA - Lookalike - 5% | Android | MENA | Static,154,375.48,1534.21
2025-10-10,FB-100314,UA - Retargeting - Value | iOS | APAC | Carousel,49,167.59,709.07
2025-10-10,FB-100315,UA - Prospecting - Broad | iOS | LATAM | Carousel,50,139.15,616.85
2025-10-10,FB-100316,UA - Prospecting - Broad | Android | EU | Static,52,137.11,481.12
2025-10-10,FB-100317,UA - Lookalike - 5% | Android | LATAM | UGC,83,228.26,1012.79
2025-10-10,FB-100318,UA - Lookalike - 5% | iOS | MENA | UGC,63,247.73,802.4
2025-10-10,FB-100319,UA - Prospecting - Broad | iOS | EU | Playables,53,173.77,855.82
2025-10-10,FB-100320,UA - Lookalike - 1% | iOS | APAC | Video,45,195.52,727.73
2025-10-10,FB-100321,UA - Prospecting - Broad | iOS | MENA | Carousel,14,44.71,233.3
2025-10-10,FB-100322,UA - Prospecting - Broad | Android | APAC | Playables,75,295.64,1191.13
2025-10-10,FB-100323,UA - Retargeting - Value | Android | EU | Carousel,17,55.54,234.27
2025-10-10,FB-100324,UA - Lookalike - 1% | Android | LATAM | Carousel,52,116.08,469.78
2025-10-10,FB-100325,UA - Lookalike - 5% | Android | US | UGC,31,112.5,418.16
2025-10-10,FB-100326,UA - Retargeting - Value | Android | EU | UGC,93,351.45,1764.63
2025-10-10,FB-100327,UA - Prospecting - Broad | iOS | US | UGC,11,34.91,112.55
2025-10-10,FB-100328,UA - Prospecting - Broad | iOS | US | UGC,71,302.06,958.13
2025-10-10,FB-100329,UA - Lookalike - 5% | iOS | MENA | UGC,44,172.95,523.87
2025-10-10,FB-100330,UA - Lookalike - 5% | iOS | LATAM | Video,83,369.11,1345.78
2025-10-10,FB-100331,UA - Lookalike - 5% | Android | LATAM | Static,86,325.74,1773.98
2025-10-10,FB-100332,UA - Prospecting - Broad | iOS | US | UGC,77,244.57,878.25
2025-10-10,FB-100333,UA - Lookalike - 5% | Android | APAC | Playables,134,526.37,1985.99
2025-10-10,FB-100334,UA - Lookalike - 1% | Android | APAC | Carousel,47,144.27,491.67
2025-10-10,FB-100335,UA - Prospecting - Broad | Android | LATAM | Static,55,183.5,634.54
2025-10-10,FB-100336,UA - Retargeting - Value | Android | MENA | Playables,48,221.46,1319.46
2025-10-10,FB-100337,UA - Retargeting - Value | iOS | LATAM | Static,42,214.33,1285.98
2025-10-10,FB-100338,UA - Retargeting - Value | Android | EU | Carousel,83,318.46,1645.8
2025-10-10,FB-100339,UA - Prospecting - Broad | Android | MENA | Static,11,22.33,90.03
2025-10-10,FB-100340,UA - Lookalike - 5% | Android | APAC | UGC,234,526.76,1992.73
2025-10-10,FB-100341,UA - Lookalike - 5% | iOS | LATAM | Static,15,63.86,311.96
2025-10-10,FB-100342,UA - Lookalike - 1% | Android | APAC | UGC,35,112.32,547.9
2025-10-10,FB-100343,UA - Lookalike - 1% | iOS | MENA | Video,53,174.86,826.56
2025-10-10,FB-100344,UA - Lookalike - 5% | Android | LATAM | UGC,86,305.15,1332.59
2025-10-10,FB-100345,UA - Lookalike - 1% | Android | US | Carousel,25,83.95,316.24
2025-10-10,FB-100346,UA - Lookalike - 5% | Android | US | Playables,58,152.51,654.57
2025-10-10,FB-100347,UA - Prospecting - Broad | iOS | MENA | Playables,17,51.33,253.31
2025-10-10,FB-100348,UA - Lookalike - 1% | iOS | MENA | Static,17,55.12,192.37
2025-10-10,FB-100349,UA - Prospecting - Broad | iOS | MENA | Static,96,245.63,1171.9
2025-10-10,GG-200000,Search - Brand - Exact | iOS | US | Carousel,142,466.41,1998.1
2025-10-10,GG-200001,UAC - Value | Android | US | Static,101,361.21,2167.26
2025-10-10,GG-200002,Search - Non-Brand - Broad | iOS | MENA | Playables,66,175.59,793.49
2025-10-10,GG-200003,UAC - Value | iOS | LATAM | Carousel,82,399.88,1840.25
2025-10-10,GG-200004,Search - Brand - Exact | iOS | LATAM | Playables,41,106.24,464.59
2025-10-10,GG-200005,Search - Brand - Exact | iOS | US | Carousel,59,293.55,994.25
2025-10-10,GG-200006,Search - Non-Brand - Broad | iOS | LATAM | Carousel,38,116.65,576.83
2025-10-10,GG-200007,Search - Non-Brand - Broad | iOS | US | Playables,27,114.95,309.56
2025-10-10,GG-200008,Search - Non-Brand - Broad | iOS | LATAM | UGC,28,79.32,303.08
2025-10-10,GG-200009,UAC - Value | Android | LATAM | Playables,181,779.89,4287.06
2025-10-10,GG-200010,Search - Brand - Exact | iOS | EU | Playables,36,144.86,644.34
2025-10-10,GG-200011,Search - Brand - Exact | iOS | MENA | Carousel,25,92.28,405.57
2025-10-10,GG-200012,Search - Non-Brand - Broad | iOS | LATAM | Static,37,154.47,401.78
2025-10-10,GG-200013,Search - Non-Brand - Broad | iOS | APAC | Static,24,68.74,221.14
2025-10-10,GG-200014,UAC - Installs | Android | EU | Video,233,597.18,2044.74
2025-10-10,GG-200015,Search - Brand - Exact | Android | MENA | Playables,33,80.08,279.32
2025-10-10,GG-200016,UAC - Value | iOS | MENA | Static,123,564.3,2796.67
2025-10-10,GG-200017,Search - Non-Brand - Broad | Android | EU | Static,109,357.29,1288.39
2025-10-10,GG-200018,UAC - Installs | iOS | US | UGC,120,583.56,2767.24
2025-10-10,GG-200019,UAC - Installs | Android | APAC | Playables,99,220.86,886.97
2025-10-10,GG-200020,Search - Non-Brand - Broad | iOS | EU | Playables,9,27.84,135.11
2025-10-10,GG-200021,UAC - Installs | iOS | APAC | Static,127,389.14,1373.66
2025-10-10,GG-200022,UAC - Value | iOS | APAC | Carousel,72,276.17,1150.25
2025-10-10,GG-200023,Search - Non-Brand - Broad | iOS | EU | Static,10,46.19,124.07
2025-10-10,GG-200024,UAC - Installs | iOS | US | UGC,167,741.38,3639.43
2025-10-10,GG-200025,UAC - Installs | Android | MENA | Video,183,656.68,2349.6
2025-10-10,GG-200026,UAC - Value | Android | EU | Carousel,95,312.0,1340.35
2025-10-10,GG-200027,Search - Non-Brand - Broad | Android | APAC | Video,48,110.92,417.5
2025-10-10,GG-200028,UAC - Value | iOS | LATAM | Video,163,634.38,3750.45
2025-10-10,GG-200029,UAC - Installs | Android | APAC | Playables,117,446.38,1706.96
2025-10-10,GG-200030,UAC - Installs | Android | APAC | Video,136,342.61,1350.23
2025-10-10,GG-200031,Search - Brand - Exact | Android | US | Carousel,116,327.31,1419.22
2025-10-10,GG-200032,Search - Brand - Exact | iOS | EU | Static,73,259.91,1152.18
2025-10-10,GG-200033,UAC - Value | iOS | APAC | Static,61,254.46,1056.77
2025-10-10,GG-200034,Search - Brand - Exact | iOS | MENA | Video,42,158.86,488.49
2025-10-10,GG-200035,Search - Non-Brand - Broad | Android | LATAM | Static,37,146.42,560.06
2025-10-10,GG-200036,Search - Non-Brand - Broad | iOS | US | Carousel,34,149.99,626.81
2025-10-10,GG-200037,Search - Non-Brand - Broad | iOS | US | Video,11,49.54,208.71
2025-10-10,GG-200038,Search - Brand - Exact | iOS | MENA | UGC,57,193.65,691.72
2025-10-10,GG-200039,Search - Brand - Exact | Android | APAC | Playables,67,153.27,745.51
2025-10-10,GG-200040,UAC - Value | Android | EU | Carousel,266,1117.68,6403.19
2025-10-10,GG-200041,Search - Non-Brand - Broad | Android | MENA | Carousel,48,144.38,532.47
2025-10-10,GG-200042,UAC - Installs | iOS | EU | Video,257,1281.74,5739.63
2025-10-10,GG-200043,Search - Brand - Exact | Android | MENA | Playables,47,116.12,292.04
2025-10-10,GG-200044,UAC - Value | iOS | APAC | Video,107,437.22,1840.7
2025-10-10,GG-200045,UAC - Installs | iOS | LATAM | Video,82,332.35,1258.28
2025-10-10,GG-200046,Search - Brand - Exact | Android | LATAM | Static,42,122.92,525.73
2025-10-10,GG-200047,UAC - Installs | iOS | EU | Video,69,326.05,1174.76
2025-10-10,GG-200048,UAC - Value | iOS | EU | UGC,189,757.98,4412.96
2025-10-10,GG-200049,UAC - Value | Android | EU | Video,52,219.14,934.85
2025-10-10,GG-200050,Search - Brand - Exact | Android | LATAM | Static,67,199.9,711.04
2025-10-10,GG-200051,UAC - Installs | Android | US | Carousel,102,278.26,1021.49
2025-10-10,GG-200052,UAC - Installs | iOS | MENA | UGC,73,321.98,972.38
2025-10-10,GG-200053,UAC - Installs | Android | EU | Carousel,90,359.44,1972.25
2025-10-10,GG-200054,Search - Brand - Exact | Android | LATAM | Carousel,90,251.55,940.55
2025-10-10,GG-200055,UAC - Value | iOS | APAC | UGC,34,142.09,852.54
2025-10-10,GG-200056,UAC - Value | iOS | LATAM | Static,142,472.68,2295.33
2025-10-10,GG-200057,UAC - Installs | iOS | LATAM | Playables,64,212.9,882.9
2025-10-10,GG-200058,UAC - Value | Android | APAC | Video,170,658.99,3924.94
2025-10-10,GG-200059,UAC - Installs | Android | MENA | Carousel,164,642.19,1978.59
2025-10-10,GG-200060,UAC - Installs | Android | US | Carousel,47,194.35,850.28
2025-10-10,GG-200061,UAC - Value | iOS | APAC | Playables,130,542.62,2384.81
2025-10-10,GG-200062,UAC - Value | Android | APAC | Carousel,181,578.19,3255.79
2025-10-10,GG-200063,UAC - Value | Android | LATAM | Playables,99,436.68,2531.0
2025-10-10,GG-200064,UAC - Value | iOS | US | Video,57,254.32,1148.0
2025-10-10,GG-200065,Search - Brand - Exact | iOS | MENA | Static,62,211.13,528.04
2025-10-10,GG-200066,Search - Brand - Exact | Android | MENA | UGC,95,268.43,1255.72
2025-10-10,GG-200067,UAC - Installs | Android | US | Static,79,286.78,1464.3
2025-10-10,GG-200068,Search - Brand - Exact | iOS | APAC | Playables,30,92.96,421.57
2025-10-10,GG-200069,UAC - Installs | Android | APAC | Carousel,164,519.81,1784.51
2025-10-10,GG-200070,Search - Non-Brand - Broad | iOS | US | Playables,92,288.37,831.95
2025-10-10,GG-200071,UAC - Installs | iOS | APAC | Carousel,168,439.96,1999.62
2025-10-10,GG-200072,Search - Non-Brand - Broad | Android | US | Video,48,202.11,798.74
2025-10-10,GG-200073,Search - Brand - Exact | iOS | MENA | UGC,15,56.21,246.65
2025-10-10,GG-200074,Search - Non-Brand - Broad | iOS | LATAM | UGC,61,168.63,763.89
2025-10-10,GG-200075,Search - Brand - Exact | iOS | APAC | Static,78,230.96,650.38
2025-10-10,GG-200076,Search - Non-Brand - Broad | Android | US | UGC,68,215.34,860.5
2025-10-10,GG-200077,UAC - Installs | iOS | US | Carousel,84,261.48,877.79
2025-10-10,GG-200078,UAC - Installs | Android | MENA | Playables,118,251.47,763.71
2025-10-10,GG-200079,UAC - Installs | iOS | EU | Static,52,177.13,729.78
2025-10-10,GG-200080,Search - Non-Brand - Broad | Android | US | Static,39,105.29,361.25
2025-10-10,GG-200081,UAC - Installs | Android | APAC | Video,95,279.96,945.7
2025-10-10,GG-200082,Search - Non-Brand - Broad | iOS | APAC | Playables,83,211.72,857.89
2025-10-10,GG-200083,UAC - Value | Android | US | Carousel,42,186.32,1052.71
2025-10-10,GG-200084,UAC - Value | iOS | MENA | UGC,88,304.64,1488.17
2025-10-10,GG-200085,Search - Brand - Exact | Android | EU | Carousel,11,32.12,142.29
2025-10-10,GG-200086,UAC - Installs | iOS | APAC | Playables,79,274.15,1227.64
2025-10-10,GG-200087,Search - Non-Brand - Broad | Android | MENA | Playables,97,328.33,1027.02
2025-10-10,GG-200088,Search - Brand - Exact | Android | APAC | Playables,155,519.37,2207.84
2025-10-10,GG-200089,UAC - Installs | Android | MENA | Static,201,404.97,1996.1
2025-10-10,GG-200090,Search - Non-Brand - Broad | Android | EU | Carousel,61,259.94,1142.18
2025-10-10,GG-200091,Search - Brand - Exact | iOS | MENA | Carousel,45,191.03,927.83
2025-10-10,GG-200092,UAC - Installs | iOS | EU | Playables,116,468.58,2151.25
2025-10-10,GG-200093,Search - Brand - Exact | Android | LATAM | Playables,105,365.15,1069.52
2025-10-10,GG-200094,Search - Non-Brand - Broad | Android | MENA | Playables,66,229.63,726.78
2025-10-10,GG-200095,UAC - Installs | Android | MENA | Playables,86,330.93,1706.28
2025-10-10,GG-200096,Search - Brand - Exact | Android | US | Video,39,110.96,518.63
2025-10-10,GG-200097,UAC - Value | iOS | EU | Playables,34,172.63,964.83
2025-10-10,GG-200098,UAC - Installs | Android | APAC | Playables,140,350.55,1209.75
2025-10-10,GG-200099,UAC - Value | iOS | APAC | Static,77,392.25,1654.51
2025-10-10,GG-200100,Search - Brand - Exact | iOS | APAC | Video,27,76.69,324.71
2025-10-10,GG-200101,UAC - Value | Android | APAC | UGC,43,194.95,1169.7
2025-10-10,GG-200102,Search - Non-Brand - Broad | iOS | EU | Carousel,65,200.12,859.12
2025-10-10,GG-200103,UAC - Value | iOS | LATAM | Carousel,162,606.07,3580.66
2025-10-10,GG-200104,Search - Brand - Exact | Android | LATAM | Playables,19,46.44,215.02
2025-10-10,GG-200105,Search - Brand - Exact | iOS | EU | UGC,20,78.46,325.45
2025-10-10,GG-200106,Search - Non-Brand - Broad | iOS | APAC | Static,25,86.2,309.46
2025-10-10,GG-200107,UAC - Value | Android | US | Carousel,131,518.5,2093.18
2025-10-10,GG-200108,UAC - Installs | iOS | EU | Static,59,194.3,691.13
2025-10-10,GG-200109,UAC - Value | iOS | EU | Static,133,529.25,2967.5
2025-10-10,GG-200110,UAC - Value | iOS | APAC | Carousel,112,524.25,2607.1
2025-10-10,GG-200111,UAC - Value | Android | US | UGC,55,229.32,1183.29
2025-10-10,GG-200112,UAC - Installs | Android | EU | Playables,123,411.31,1945.91
2025-10-10,GG-200113,UAC - Value | Android | US | Carousel,92,449.66,2697.96
2025-10-10,GG-200114,Search - Brand - Exact | iOS | LATAM | Playables,72,192.46,888.4
2025-10-10,GG-200115,UAC - Installs | Android | APAC | Static,72,149.93,513.06
2025-10-10,GG-200116,Search - Brand - Exact | iOS | APAC | Carousel,33,100.23,357.92
2025-10-10,GG-200117,Search - Non-Brand - Broad | iOS | US | Playables,49,190.97,840.65
2025-10-10,GG-200118,Search - Brand - Exact | iOS | MENA | Carousel,70,281.55,998.09
2025-10-10,GG-200119,UAC - Installs | iOS | MENA | UGC,104,350.24,1668.89
2025-10-10,GG-200120,UAC - Value | Android | EU | Video,150,675.24,3229.0
2025-10-10,GG-200121,UAC - Installs | iOS | LATAM | Playables,82,243.45,1205.32
2025-10-10,GG-200122,UAC - Value | Android | EU | Playables,41,188.35,776.94
2025-10-10,GG-200123,Search - Non-Brand - Broad | Android | US | Video,34,100.11,376.71
2025-10-10,GG-200124,UAC - Value | iOS | APAC | Playables,111,527.79,3166.74
2025-10-10,GG-200125,Search - Non-Brand - Broad | Android | MENA | Playables,68,251.48,711.19
2025-10-10,GG-200126,Search - Non-Brand - Broad | iOS | MENA | Carousel,101,326.79,1059.45
2025-10-10,GG-200127,UAC - Installs | iOS | MENA | Carousel,103,375.18,2005.71
2025-10-10,GG-200128,UAC - Value | iOS | MENA | Carousel,102,394.34,1617.98
2025-10-10,GG-200129,Search - Brand - Exact | Android | LATAM | Carousel,80,316.21,1077.64
2025-10-10,GG-200130,Search - Brand - Exact | iOS | MENA | Carousel,50,216.48,861.59
2025-10-10,GG-200131,Search - Non-Brand - Broad | iOS | LATAM | Playables,24,70.13,318.67
2025-10-10,GG-200132,Search - Non-Brand - Broad | Android | MENA | UGC,26,73.87,348.67
2025-10-10,GG-200133,Search - Brand - Exact | iOS | EU | Static,35,106.13,401.17
2025-10-10,GG-200134,UAC - Value | Android | EU | Video,61,299.08,1485.83
2025-10-10,GG-200135,UAC - Value | iOS | APAC | Static,92,330.12,1745.67
2025-10-10,GG-200136,UAC - Value | Android | APAC | Playables,59,256.51,1434.92
2025-10-10,GG-200137,Search - Non-Brand - Broad | Android | EU | Playables,57,158.35,442.59
2025-10-10,GG-200138,UAC - Value | iOS | APAC | Playables,115,572.54,3267.49
2025-10-10,GG-200139,UAC - Installs | iOS | EU | UGC,80,362.01,1450.21
2025-10-10,GG-200140,UAC - Value | iOS | LATAM | Playables,183,807.1,3585.95
2025-10-10,GG-200141,UAC - Installs | Android | EU | Carousel,227,938.15,4996.59
2025-10-10,GG-200142,Search - Non-Brand - Broad | Android | LATAM | Carousel,49,176.82,646.98
2025-10-10,GG-200143,UAC - Installs | iOS | LATAM | UGC,57,237.17,1073.67
2025-10-10,GG-200144,UAC - Value | iOS | LATAM | Video,106,546.68,2507.07
2025-10-10,GG-200145,UAC - Installs | iOS | LATAM | Static,156,604.38,2779.54
2025-10-10,GG-200146,UAC - Installs | Android | LATAM | Video,143,570.26,2564.46
2025-10-10,GG-200147,Search - Non-Brand - Broad | iOS | LATAM | UGC,25,80.89,403.72
2025-10-10,GG-200148,UAC - Installs | Android | MENA | Carousel,43,142.65,515.39
2025-10-10,GG-200149,Search - Non-Brand - Broad | Android | US | Playables,44,175.16,641.96
2025-10-10,GG-200150,Search - Non-Brand - Broad | Android | US | Playables,36,136.14,566.07
2025-10-10,GG-200151,UAC - Value | Android | US | Video,149,709.42,4256.52
2025-10-10,GG-200152,Search - Non-Brand - Broad | iOS | APAC | Video,96,267.24,1235.99
2025-10-10,GG-200153,UAC - Value | Android | MENA | Static,107,304.18,1578.69
2025-10-10,GG-200154,UAC - Installs | iOS | APAC | Static,211,540.62,2472.26
2025-10-10,GG-200155,Search - Brand - Exact | iOS | LATAM | Video,29,98.85,346.47
2025-10-10,GG-200156,Search - Non-Brand - Broad | Android | MENA | Video,48,124.72,475.93
2025-10-10,GG-200157,UAC - Value | iOS | EU | Video,149,712.62,4025.59
2025-10-10,GG-200158,Search - Brand - Exact | iOS | EU | Carousel,89,341.57,855.63
2025-10-10,GG-200159,Search - Brand - Exact | Android | LATAM | Playables,89,246.51,684.07
2025-10-10,GG-200160,UAC - Value | iOS | LATAM | UGC,82,305.88,1315.28
2025-10-10,GG-200161,UAC - Installs | Android | MENA | UGC,42,100.35,527.14
2025-10-10,GG-200162,Search - Non-Brand - Broad | Android | US | Carousel,55,165.34,826.04
2025-10-10,GG-200163,Search - Brand - Exact | iOS | LATAM | Static,103,259.76,1134.11
2025-10-10,GG-200164,Search - Non-Brand - Broad | iOS | LATAM | Playables,63,232.68,922.34
2025-10-10,GG-200165,UAC - Value | Android | MENA | UGC,63,174.38,937.82
2025-10-10,GG-200166,Search - Brand - Exact | iOS | US | UGC,25,107.45,389.18
2025-10-10,GG-200167,UAC - Installs | Android | EU | UGC,98,410.51,2146.15
2025-10-10,GG-200168,UAC - Value | Android | US | Carousel,70,325.49,1952.94
2025-10-10,GG-200169,UAC - Installs | Android | APAC | Carousel,167,415.18,1660.72
2025-10-10,GG-200170,Search - Brand - Exact | iOS | MENA | Playables,28,101.92,509.09
2025-10-10,GG-200171,Search - Brand - Exact | iOS | LATAM | Static,29,81.33,243.5
2025-10-10,GG-200172,Search - Non-Brand - Broad | Android | APAC | Carousel,78,238.52,765.41
2025-10-10,GG-200173,Search - Brand - Exact | iOS | MENA | Carousel,29,128.63,596.59
2025-10-10,GG-200174,Search - Non-Brand - Broad | iOS | LATAM | Playables,31,88.94,436.07
2025-10-10,GG-200175,Search - Non-Brand - Broad | Android | EU | UGC,45,199.48,971.87
2025-10-10,GG-200176,UAC - Value | iOS | MENA | Carousel,59,296.73,1632.61
2025-10-10,GG-200177,Search - Non-Brand - Broad | iOS | MENA | Static,68,269.82,841.84
2025-10-10,GG-200178,UAC - Installs | Android | MENA | UGC,105,314.04,1421.66
2025-10-10,GG-200179,Search - Brand - Exact | Android | MENA | Video,35,87.84,257.55
2025-10-10,GG-200180,Search - Non-Brand - Broad | Android | MENA | Playables,16,51.3,223.92
2025-10-10,GG-200181,UAC - Value | Android | LATAM | Playables,111,307.44,1233.14
2025-10-10,GG-200182,UAC - Value | Android | EU | Playables,179,882.51,5128.27
2025-10-10,GG-200183,Search - Brand - Exact | Android | MENA | UGC,75,184.03,475.53
2025-10-10,GG-200184,UAC - Value | iOS | EU | Playables,31,151.89,729.53
2025-10-10,GG-200185,UAC - Value | iOS | MENA | Video,285,1275.6,6488.98
2025-10-10,GG-200186,UAC - Installs | iOS | US | UGC,77,276.71,837.88
2025-10-10,GG-200187,Search - Brand - Exact | Android | EU | Playables,65,192.86,883.11
2025-10-10,GG-200188,Search - Brand - Exact | Android | APAC | Carousel,272,1057.16,4119.75
2025-10-10,GG-200189,Search - Brand - Exact | Android | US | UGC,121,502.71,1941.97
2025-10-10,GG-200190,Search - Non-Brand - Broad | iOS | APAC | Static,84,210.72,776.5
2025-10-10,GG-200191,UAC - Value | iOS | LATAM | UGC,46,187.13,1122.78
2025-10-10,GG-200192,Search - Non-Brand - Broad | iOS | APAC | Video,41,181.52,585.58
2025-10-10,GG-200193,UAC - Value | iOS | US | Static,188,801.88,4632.46
2025-10-10,GG-200194,Search - Brand - Exact | Android | EU | Video,54,145.47,382.59
2025-10-10,GG-200195,UAC - Value | iOS | APAC | Playables,164,851.39,3537.53
2025-10-10,GG-200196,UAC - Value | iOS | EU | Static,45,243.75,1428.62
2025-10-10,GG-200197,Search - Non-Brand - Broad | iOS | EU | Carousel,75,254.01,926.88
2025-10-10,GG-200198,Search - Brand - Exact | Android | US | UGC,77,236.64,951.77
2025-10-10,GG-200199,Search - Brand - Exact | Android | EU | Video,62,221.28,1032.27
2025-10-10,GG-200200,Search - Brand - Exact | Android | APAC | Playables,18,50.89,136.94
2025-10-10,GG-200201,UAC - Value | Android | US | UGC,105,534.22,2881.05
2025-10-10,GG-200202,Search - Brand - Exact | Android | MENA | Static,76,242.15,652.84
2025-10-10,GG-200203,Search - Non-Brand - Broad | Android | MENA | Carousel,28,60.11,269.71
2025-10-10,GG-200204,UAC - Installs | iOS | MENA | Playables,89,381.85,1577.04
2025-10-10,GG-200205,Search - Non-Brand - Broad | Android | LATAM | Static,41,131.39,366.84
2025-10-10,GG-200206,Search - Brand - Exact | iOS | LATAM | Carousel,29,124.25,559.5
2025-10-10,GG-200207,UAC - Value | Android | APAC | Playables,172,811.74,4870.44
2025-10-10,GG-200208,UAC - Installs | Android | LATAM | UGC,100,336.19,1503.11
2025-10-10,GG-200209,UAC - Installs | iOS | APAC | Static,292,869.31,3415.52
2025-10-10,GG-200210,UAC - Value | iOS | EU | Playables,208,1054.58,5626.18
2025-10-10,GG-200211,Search - Non-Brand - Broad | Android | EU | Carousel,14,37.54,178.43
2025-10-10,GG-200212,UAC - Value | iOS | US | Playables,121,554.78,2496.51
2025-10-10,GG-200213,Search - Non-Brand - Broad | iOS | MENA | Playables,87,221.09,1054.6
2025-10-10,GG-200214,Search - Non-Brand - Broad | iOS | EU | Carousel,104,428.15,2132.62
2025-10-10,GG-200215,UAC - Installs | iOS | US | UGC,63,264.54,1200.48
2025-10-10,GG-200216,Search - Brand - Exact | Android | MENA | Static,30,65.51,275.27
2025-10-10,GG-200217,Search - Brand - Exact | iOS | APAC | Playables,45,160.84,624.7
2025-10-10,GG-200218,Search - Non-Brand - Broad | Android | EU | Playables,63,240.18,619.9
2025-10-10,GG-200219,UAC - Installs | iOS | EU | Carousel,143,434.18,1547.85
2025-10-10,GG-200220,Search - Brand - Exact | Android | EU | Static,76,263.0,1116.7
2025-10-10,GG-200221,Search - Non-Brand - Broad | iOS | EU | Playables,54,176.86,725.3
2025-10-10,GG-200222,UAC - Installs | iOS | EU | Playables,45,165.51,597.49
2025-10-10,GG-200223,UAC - Installs | iOS | APAC | UGC,115,381.37,1976.26
2025-10-10,GG-200224,UAC - Value | iOS | LATAM | Carousel,78,255.62,1501.26
2025-10-10,GG-200225,UAC - Installs | iOS | US | UGC,49,226.67,1194.1
2025-10-10,GG-200226,UAC - Value | Android | LATAM | Carousel,350,1128.05,5630.1
2025-10-10,GG-200227,Search - Non-Brand - Broad | Android | MENA | Static,39,119.41,489.94
2025-10-10,GG-200228,UAC - Value | Android | LATAM | Playables,132,420.12,1726.69
2025-10-10,GG-200229,UAC - Installs | iOS | EU | Static,63,192.63,753.57
2025-10-10,GG-200230,Search - Non-Brand - Broad | Android | APAC | Playables,85,266.63,1130.51
2025-10-10,GG-200231,UAC - Installs | iOS | MENA | Carousel,104,461.59,1432.78
2025-10-10,GG-200232,Search - Non-Brand - Broad | iOS | APAC | UGC,20,87.9,425.08
2025-10-10,GG-200233,UAC - Value | iOS | EU | Static,69,390.1,1603.31
2025-10-10,GG-200234,Search - Brand - Exact | Android | MENA | Video,84,183.21,713.42
2025-10-10,GG-200235,UAC - Value | Android | US | Video,222,1000.89,5327.74
2025-10-10,GG-200236,Search - Non-Brand - Broad | Android | EU | Video,62,175.81,788.68
2025-10-10,GG-200237,UAC - Value | Android | EU | Playables,225,1045.98,5177.6
2025-10-10,GG-200238,UAC - Value | iOS | US | Playables,49,186.74,751.82
2025-10-10,GG-200239,UAC - Value | iOS | US | Video,237,1081.24,4679.61
2025-10-10,GG-200240,UAC - Installs | Android | US | Playables,38,146.75,465.2
2025-10-10,GG-200241,UAC - Value | iOS | US | Playables,267,1433.23,6865.17
2025-10-10,GG-200242,Search - Non-Brand - Broad | Android | US | Video,60,175.1,696.37
2025-10-10,GG-200243,UAC - Installs | Android | EU | Playables,78,236.22,1148.74
2025-10-10,GG-200244,Search - Brand - Exact | iOS | LATAM | UGC,69,216.56,790.66
2025-10-10,GG-200245,Search - Non-Brand - Broad | iOS | APAC | UGC,116,437.84,1676.49
2025-10-10,GG-200246,Search - Brand - Exact | Android | LATAM | Video,31,86.08,241.71
2025-10-10,GG-200247,UAC - Value | Android | APAC | UGC,142,568.62,3069.98
2025-10-10,GG-200248,Search - Non-Brand - Broad | iOS | US | Video,29,144.64,612.55
2025-10-10,GG-200249,UAC - Installs | Android | APAC | UGC,183,679.13,3405.16
2025-10-10,GG-200250,Search - Non-Brand - Broad | Android | MENA | Video,40,148.02,423.19
2025-10-10,GG-200251,UAC - Installs | Android | MENA | UGC,133,321.95,1769.44
2025-10-10,GG-200252,Search - Brand - Exact | Android | US | Carousel,20,56.55,197.19
2025-10-10,GG-200253,Search - Non-Brand - Broad | Android | LATAM | Video,79,261.13,821.51
2025-10-10,GG-200254,UAC - Installs | Android | APAC | Video,52,139.17,466.5
2025-10-10,GG-200255,UAC - Value | Android | MENA | Static,69,284.8,1139.2
2025-10-10,GG-200256,Search - Brand - Exact | iOS | APAC | Static,32,141.54,528.93
2025-10-10,GG-200257,UAC - Value | iOS | US | Video,50,267.47,1392.98
2025-10-10,GG-200258,UAC - Value | Android | US | Carousel,130,437.48,2624.88
2025-10-10,GG-200259,UAC - Value | iOS | US | Carousel,48,232.91,1060.44
2025-10-10,GG-200260,UAC - Value | iOS | EU | Carousel,127,523.06,3083.96
2025-10-10,GG-200261,UAC - Value | iOS | EU | Playables,107,497.42,2570.17
2025-10-10,GG-200262,Search - Non-Brand - Broad | Android | MENA | Carousel,131,367.27,1192.53
2025-10-10,GG-200263,Search - Non-Brand - Broad | Android | US | Carousel,61,196.6,608.48
2025-10-10,GG-200264,UAC - Installs | iOS | EU | UGC,114,407.58,1964.54
2025-10-10,GG-200265,Search - Brand - Exact | iOS | US | Video,26,84.88,317.45
2025-10-10,GG-200266,UAC - Installs | iOS | APAC | Carousel,137,466.75,1560.81
2025-10-10,GG-200267,Search - Non-Brand - Broad | Android | EU | Video,103,260.34,676.88
2025-10-10,GG-200268,UAC - Value | iOS | APAC | Playables,112,575.42,3452.52
2025-10-10,GG-200269,UAC - Installs | Android | US | Video,146,495.76,1877.94
2025-10-10,GG-200270,UAC - Installs | Android | MENA | Playables,73,229.33,965.71
2025-10-10,GG-200271,UAC - Value | iOS | US | Carousel,96,511.6,2375.87
2025-10-10,GG-200272,Search - Non-Brand - Broad | iOS | US | Playables,61,184.73,592.06
2025-10-10,GG-200273,Search - Non-Brand - Broad | Android | APAC | Static,33,123.58,400.52
2025-10-10,GG-200274,UAC - Value | iOS | LATAM | Carousel,186,662.89,3559.72
2025-10-10,GG-200275,UAC - Value | Android | US | Static,267,1330.73,5670.24
2025-10-10,GG-200276,UAC - Value | iOS | APAC | Carousel,34,157.08,799.85
2025-10-10,GG-200277,Search - Non-Brand - Broad | Android | LATAM | Carousel,34,123.53,609.0
2025-10-10,GG-200278,Search - Non-Brand - Broad | iOS | MENA | Playables,64,203.65,873.25
2025-10-10,GG-200279,UAC - Installs | iOS | US | Static,58,232.14,778.37
2025-10-10,GG-200280,UAC - Value | Android | APAC | Carousel,157,603.4,3620.4
2025-10-10,GG-200281,UAC - Value | iOS | APAC | Carousel,52,245.06,1407.87
2025-10-10,GG-200282,Search - Non-Brand - Broad | Android | LATAM | Carousel,83,327.43,1611.28
2025-10-10,GG-200283,UAC - Value | iOS | LATAM | Static,129,533.75,2494.21
2025-10-10,GG-200284,Search - Non-Brand - Broad | iOS | LATAM | UGC,109,459.57,1659.97
2025-10-10,GG-200285,UAC - Value | iOS | APAC | Carousel,33,145.13,631.61
2025-10-10,GG-200286,Search - Non-Brand - Broad | iOS | US | Playables,29,113.08,425.86
2025-10-10,GG-200287,UAC - Value | Android | MENA | Video,236,837.14,4034.18
2025-10-10,GG-200288,Search - Brand - Exact | Android | APAC | Carousel,34,86.67,218.15
2025-10-10,GG-200289,UAC - Installs | iOS | APAC | Static,46,189.37,973.36
2025-10-10,GG-200290,UAC - Value | Android | LATAM | Static,59,182.92,849.11
2025-10-10,GG-200291,UAC - Value | iOS | US | UGC,98,550.36,2208.04
2025-10-10,GG-200292,UAC - Value | iOS | MENA | Playables,96,410.41,1880.91
2025-10-10,GG-200293,Search - Brand - Exact | Android | LATAM | Playables,12,24.48,76.21
2025-10-10,GG-200294,Search - Non-Brand - Broad | Android | EU | Carousel,38,143.87,381.54
2025-10-10,GG-200295,UAC - Installs | Android | MENA | UGC,179,621.45,2211.12
2025-10-10,GG-200296,Search - Brand - Exact | iOS | US | Video,49,204.22,731.72
2025-10-10,GG-200297,Search - Non-Brand - Broad | iOS | EU | Playables,32,154.84,733.63
2025-10-10,GG-200298,UAC - Value | iOS | LATAM | UGC,95,377.64,2085.71
2025-10-10,GG-200299,UAC - Value | Android | LATAM | Video,149,515.23,3052.74
2025-10-10,GG-200300,Search - Brand - Exact | Android | LATAM | UGC,39,127.94,624.73
2025-10-10,GG-200301,UAC - Installs | Android | EU | Carousel,116,435.68,1904.36
2025-10-10,GG-200302,UAC - Value | iOS | APAC | Static,83,414.49,2486.94
2025-10-10,GG-200303,UAC - Value | iOS | APAC | Video,244,1268.78,5519.19
2025-10-10,GG-200304,UAC - Installs | iOS | LATAM | Video,105,310.24,1367.85
2025-10-10,GG-200305,UAC - Installs | Android | US | Video,92,296.71,1161.03
2025-10-10,GG-200306,Search - Non-Brand - Broad | Android | EU | Static,81,313.75,1350.38
2025-10-10,GG-200307,UAC - Value | Android | LATAM | Playables,92,364.57,2175.39
2025-10-10,GG-200308,Search - Non-Brand - Broad | iOS | EU | UGC,16,55.83,246.55
2025-10-10,GG-200309,Search - Brand - Exact | Android | APAC | UGC,20,68.9,237.15
2025-10-10,GG-200310,UAC - Value | Android | APAC | Playables,83,244.63,1467.78
2025-10-10,GG-200311,Search - Non-Brand - Broad | iOS | US | Static,25,85.68,421.29
2025-10-10,GG-200312,Search - Brand - Exact | iOS | US | Playables,54,171.76,661.62
2025-10-10,GG-200313,Search - Non-Brand - Broad | Android | LATAM | Carousel,57,207.67,811.57
2025-10-10,GG-200314,UAC - Value | iOS | US | Carousel,120,560.44,2444.08
2025-10-10,GG-200315,UAC - Value | iOS | MENA | UGC,169,558.36,2445.06
2025-10-10,GG-200316,UAC - Value | Android | LATAM | Carousel,233,1096.73,5254.43
2025-10-10,GG-200317,Search - Brand - Exact | Android | LATAM | Playables,72,152.01,717.64
2025-10-10,GG-200318,Search - Non-Brand - Broad | Android | LATAM | Video,39,112.72,421.69
2025-10-10,GG-200319,UAC - Installs | iOS | US | Static,82,387.84,1687.88
2025-10-10,GG-200320,UAC - Value | Android | MENA | UGC,77,261.09,1437.56
2025-10-10,GG-200321,UAC - Value | Android | MENA | UGC,71,296.38,1475.08
2025-10-10,GG-200322,Search - Non-Brand - Broad | Android | APAC | Playables,37,75.69,218.67
2025-10-10,GG-200323,Search - Non-Brand - Broad | Android | APAC | Carousel,23,64.36,178.41
2025-10-10,GG-200324,Search - Brand - Exact | Android | LATAM | UGC,142,439.4,1985.21
2025-10-10,GG-200325,Search - Non-Brand - Broad | iOS | US | UGC,51,218.65,1009.73
2025-10-10,GG-200326,UAC - Value | Android | APAC | Playables,103,284.7,1424.64
2025-10-10,GG-200327,UAC - Value | iOS | APAC | UGC,117,391.27,2138.29
2025-10-10,GG-200328,Search - Brand - Exact | iOS | EU | Video,63,217.21,1034.57
2025-10-10,GG-200329,UAC - Installs | Android | LATAM | Video,215,817.9,4337.32
2025-10-10,GG-200330,Search - Non-Brand - Broad | Android | MENA | Carousel,57,173.11,748.53
2025-10-10,GG-200331,Search - Brand - Exact | iOS | MENA | UGC,39,98.53,366.24
2025-10-10,GG-200332,UAC - Installs | Android | LATAM | Playables,117,309.56,1192.12
2025-10-10,GG-200333,Search - Non-Brand - Broad | Android | APAC | Playables,34,70.23,197.84
2025-10-10,GG-200334,UAC - Installs | iOS | US | Static,115,534.09,1954.24
2025-10-10,GG-200335,UAC - Installs | Android | APAC | Carousel,130,279.85,884.33
2025-10-10,GG-200336,Search - Non-Brand - Broad | Android | APAC | Video,175,692.23,3103.27
2025-10-10,GG-200337,UAC - Value | Android | MENA | Carousel,95,322.87,1896.86
2025-10-10,GG-200338,Search - Non-Brand - Broad | Android | MENA | Static,91,340.83,1378.66
2025-10-10,GG-200339,UAC - Installs | Android | US | Playables,53,164.57,813.8
2025-10-10,GG-200340,Search - Non-Brand - Broad | iOS | MENA | Playables,37,94.33,415.33
2025-10-10,GG-200341,UAC - Installs | iOS | LATAM | Carousel,136,421.1,1286.04
2025-10-10,GG-200342,Search - Brand - Exact | Android | EU | UGC,40,116.66,326.41
2025-10-10,GG-200343,Search - Non-Brand - Broad | iOS | EU | Static,69,289.99,1234.78
2025-10-10,GG-200344,UAC - Value | Android | LATAM | Static,111,463.01,2010.39
2025-10-10,GG-200345,UAC - Installs | iOS | EU | Playables,161,580.98,1980.56
2025-10-10,GG-200346,Search - Brand - Exact | iOS | APAC | UGC,70,252.0,1024.88
2025-10-10,GG-200347,UAC - Installs | Android | APAC | Playables,74,288.12,1520.12
2025-10-10,GG-200348,UAC - Installs | iOS | APAC | UGC,101,322.27,1476.0
2025-10-10,GG-200349,UAC - Installs | Android | US | UGC,135,409.79,2184.18
2025-10-11,FB-100000,UA - Retargeting - Value | Android | US | Carousel,8,28.65,151.39
2025-10-11,FB-100001,UA - Prospecting - Broad | Android | EU | Video,15,46.1,253.37
2025-10-11,FB-100002,UA - Prospecting - Broad | iOS | US | Video,62,273.45,994.81
2025-10-11,FB-100003,UA - Prospecting - Broad | Android | EU | Playables,179,710.97,2361.13
2025-10-11,FB-100004,UA - Retargeting - Value | Android | MENA | UGC,66,208.07,1248.42
2025-10-11,FB-100005,UA - Prospecting - Broad | iOS | MENA | Carousel,54,235.74,724.66
2025-10-11,FB-100006,UA - Lookalike - 1% | Android | APAC | Carousel,106,291.95,1211.3
2025-10-11,FB-100007,UA - Prospecting - Broad | Android | EU | Carousel,40,106.24,355.8
2025-10-11,FB-100008,UA - Lookalike - 1% | Android | APAC | Video,94,337.17,1718.22
2025-10-11,FB-100009,UA - Prospecting - Broad | iOS | MENA | Carousel,24,86.12,273.95
2025-10-11,FB-100010,UA - Lookalike - 5% | iOS | MENA | Video,277,1034.43,3144.67
2025-10-11,FB-100011,UA - Lookalike - 1% | Android | MENA | Carousel,38,99.14,499.27
2025-10-11,FB-100012,UA - Retargeting - Value | Android | US | Video,79,329.1,1974.6
2025-10-11,FB-100013,UA - Prospecting - Broad | iOS | US | Static,62,232.74,728.71
2025-10-11,FB-100014,UA - Lookalike - 1% | iOS | LATAM | UGC,24,96.02,464.54
2025-10-11,FB-100015,UA - Retargeting - Value | Android | LATAM | Carousel,54,230.36,1289.56
2025-10-11,FB-100016,UA - Retargeting - Value | iOS | US | Playables,20,76.05,456.3
2025-10-11,FB-100017,UA - Lookalike - 5% | Android | EU | UGC,135,385.8,1930.54
2025-10-11,FB-100018,UA - Lookalike - 1% | iOS | MENA | Static,101,310.79,1463.2
2025-10-11,FB-100019,UA - Lookalike - 1% | Android | EU | Video,108,385.77,1709.73
2025-10-11,FB-100020,UA - Retargeting - Value | iOS | LATAM | Video,70,329.87,1893.12
2025-10-11,FB-100021,UA - Lookalike - 5% | iOS | EU | UGC,120,445.82,1464.96
2025-10-11,FB-100022,UA - Retargeting - Value | iOS | EU | Carousel,40,160.72,919.48
2025-10-11,FB-100023,UA - Lookalike - 1% | Android | MENA | Playables,34,112.24,455.92
2025-10-11,FB-100024,UA - Lookalike - 1% | iOS | MENA | UGC,21,81.76,343.47
2025-10-11,FB-100025,UA - Lookalike - 5% | Android | EU | Playables,77,337.0,1221.62
2025-10-11,FB-100026,UA - Retargeting - Value | Android | US | Video,18,78.25,420.36
2025-10-11,FB-100027,UA - Prospecting - Broad | Android | APAC | Playables,41,116.71,387.71
2025-10-11,FB-100028,UA - Lookalike - 5% | iOS | APAC | Playables,99,332.2,1476.63
2025-10-11,FB-100029,UA - Prospecting - Broad | iOS | MENA | Video,23,69.61,331.83
2025-10-11,FB-100030,UA - Lookalike - 1% | iOS | LATAM | Video,26,110.46,601.12
2025-10-11,FB-100031,UA - Prospecting - Broad | iOS | EU | UGC,112,541.07,1809.88
2025-10-11,FB-100032,UA - Prospecting - Broad | iOS | MENA | Static,31,83.89,267.44
2025-10-11,FB-100033,UA - Retargeting - Value | iOS | MENA | Playables,17,84.49,427.6
2025-10-11,FB-100034,UA - Prospecting - Broad | Android | LATAM | Static,98,202.17,768.04
2025-10-11,FB-100035,UA - Prospecting - Broad | iOS | APAC | Video,64,207.67,695.69
2025-10-11,FB-100036,UA - Prospecting - Broad | iOS | LATAM | Static,228,664.73,2881.6
2025-10-11,FB-100037,UA - Prospecting - Broad | Android | MENA | Video,32,87.27,374.65
2025-10-11,FB-100038,UA - Retargeting - Value | iOS | US | Playables,25,136.75,779.2
2025-10-11,FB-100039,UA - Retargeting - Value | Android | APAC | Playables,20,85.9,407.6
2025-10-11,FB-100040,UA - Lookalike - 5% | iOS | MENA | Playables,24,68.34,214.31
2025-10-11,FB-100041,UA - Lookalike - 1% | Android | MENA | Static,102,333.88,1396.95
2025-10-11,FB-100042,UA - Lookalike - 5% | iOS | LATAM | UGC,117,438.01,2223.34
2025-10-11,FB-100043,UA - Prospecting - Broad | Android | EU | Static,17,76.41,416.82
2025-10-11,FB-100044,UA - Retargeting - Value | iOS | US | Playables,22,124.76,614.32
2025-10-11,FB-100045,UA - Prospecting - Broad | Android | US | Video,30,99.99,326.27
2025-10-11,FB-100046,UA - Lookalike - 1% | Android | US | Video,25,76.93,315.72
2025-10-11,FB-100047,UA - Lookalike - 1% | Android | MENA | Static,211,556.11,1992.54
2025-10-11,FB-100048,UA - Retargeting - Value | iOS | EU | Playables,30,158.45,852.3
2025-10-11,FB-100049,UA - Lookalike - 5% | iOS | EU | UGC,68,300.16,1643.38
2025-10-11,FB-100050,UA - Lookalike - 5% | Android | US | Video,22,92.99,441.24
2025-10-11,FB-100051,UA - Lookalike - 5% | iOS | APAC | UGC,83,261.28,922.58
2025-10-11,FB-100052,UA - Lookalike - 5% | Android | US | Video,44,146.34,476.04
2025-10-11,FB-100053,UA - Retargeting - Value | iOS | US | Static,37,156.24,862.6
2025-10-11,FB-100054,UA - Retargeting - Value | Android | MENA | UGC,63,292.49,1230.8
2025-10-11,FB-100055,UA - Lookalike - 5% | iOS | EU | Carousel,61,193.78,699.93
2025-10-11,FB-100056,UA - Prospecting - Broad | Android | US | UGC,43,174.0,932.12
2025-10-11,FB-100057,UA - Prospecting - Broad | Android | MENA | Video,77,293.19,893.64
2025-10-11,FB-100058,UA - Lookalike - 5% | Android | EU | UGC,50,153.54,761.4
2025-10-11,FB-100059,UA - Prospecting - Broad | iOS | EU | UGC,64,233.38,862.34
2025-10-11,FB-100060,UA - Lookalike - 5% | Android | APAC | Video,223,780.79,2742.92
2025-10-11,FB-100061,UA - Lookalike - 5% | iOS | APAC | Carousel,126,462.45,2319.65
2025-10-11,FB-100062,UA - Lookalike - 1% | iOS | EU | Static,28,88.47,413.07
2025-10-11,FB-100063,UA - Prospecting - Broad | Android | US | Playables,58,210.79,678.95
2025-10-11,FB-100064,UA - Lookalike - 5% | iOS | US | Video,17,58.5,191.7
2025-10-11,FB-100065,UA - Prospecting - Broad | Android | US | Playables,40,145.7,478.48
2025-10-11,FB-100066,UA - Prospecting - Broad | Android | US | Playables,28,80.9,289.54
2025-10-11,FB-100067,UA - Retargeting - Value | Android | APAC | Video,80,297.13,1782.78
2025-10-11,FB-100068,UA - Lookalike - 5% | Android | MENA | Video,216,730.66,2354.19
2025-10-11,FB-100069,UA - Lookalike - 1% | iOS | LATAM | Static,37,95.29,522.67
2025-10-11,FB-100070,UA - Retargeting - Value | Android | LATAM | UGC,45,183.41,771.79
2025-10-11,FB-100071,UA - Prospecting - Broad | iOS | APAC | Carousel,31,132.91,411.62
2025-10-11,FB-100072,UA - Prospecting - Broad | Android | APAC | Playables,15,59.98,292.1
2025-10-11,FB-100073,UA - Lookalike - 1% | Android | MENA | Static,21,47.12,240.97
2025-10-11,FB-100074,UA - Retargeting - Value | Android | LATAM | Video,73,346.22,1566.3
2025-10-11,FB-100075,UA - Lookalike - 5% | iOS | LATAM | Static,101,388.1,1635.45
2025-10-11,FB-100076,UA - Prospecting - Broad | iOS | MENA | Playables,14,48.46,248.99
2025-10-11,FB-100077,UA - Lookalike - 1% | iOS | US | Static,35,159.79,518.36
2025-10-11,FB-100078,UA - Retargeting - Value | Android | US | Playables,36,179.46,790.34
2025-10-11,FB-100079,UA - Retargeting - Value | iOS | LATAM | Playables,31,108.14,648.84
2025-10-11,FB-100080,UA - Lookalike - 5% | iOS | EU | Carousel,58,281.82,995.67
2025-10-11,FB-100081,UA - Lookalike - 5% | iOS | US | Video,60,283.22,982.49
2025-10-11,FB-100082,UA - Lookalike - 1% | iOS | US | Video,175,864.73,4015.81
2025-10-11,FB-100083,UA - Lookalike - 5% | Android | LATAM | Static,159,521.97,1720.94
2025-10-11,FB-100084,UA - Prospecting - Broad | iOS | MENA | Video,43,142.84,665.49
2025-10-11,FB-100085,UA - Prospecting - Broad | Android | EU | Playables,45,185.77,713.91
2025-10-11,FB-100086,UA - Retargeting - Value | iOS | MENA | Playables,72,325.15,1530.48
2025-10-11,FB-100087,UA - Lookalike - 1% | iOS | EU | Video,111,465.58,2110.94
2025-10-11,FB-100088,UA - Retargeting - Value | iOS | US | Carousel,9,50.84,231.42
2025-10-11,FB-100089,UA - Lookalike - 5% | Android | US | Carousel,58,229.73,937.76
2025-10-11,FB-100090,UA - Retargeting - Value | Android | EU | Static,34,120.4,722.4
2025-10-11,FB-100091,UA - Lookalike - 1% | iOS | US | Static,95,310.32,1438.02
2025-10-11,FB-100092,UA - Retargeting - Value | iOS | EU | Carousel,11,47.72,286.32
2025-10-11,FB-100093,UA - Lookalike - 5% | Android | APAC | Video,90,248.05,1146.24
2025-10-11,FB-100094,UA - Lookalike - 1% | Android | EU | UGC,152,411.19,1238.92
2025-10-11,FB-100095,UA - Prospecting - Broad | iOS | EU | Static,54,168.37,619.6
2025-10-11,FB-100096,UA - Lookalike - 1% | Android | APAC | Carousel,61,145.44,698.11
2025-10-11,FB-100097,UA - Lookalike - 5% | Android | LATAM | Carousel,65,148.57,500.68
2025-10-11,FB-100098,UA - Lookalike - 1% | iOS | US | Video,32,108.33,595.81
2025-10-11,FB-100099,UA - Prospecting - Broad | Android | MENA | Carousel,26,89.77,393.73
2025-10-11,FB-100100,UA - Lookalike - 1% | Android | MENA | UGC,18,44.87,209.45
2025-10-11,FB-100101,UA - Prospecting - Broad | iOS | APAC | Playables,54,219.21,900.3
2025-10-11,FB-100102,UA - Lookalike - 1% | iOS | MENA | Static,160,539.74,1777.9
2025-10-11,FB-100103,UA - Retargeting - Value | Android | APAC | Video,132,373.81,2204.73
2025-10-11,FB-100104,UA - Lookalike - 1% | iOS | APAC | Video,34,91.96,342.0
2025-10-11,FB-100105,UA - Lookalike - 1% | iOS | US | Carousel,54,197.95,969.56
2025-10-11,FB-100106,UA - Lookalike - 1% | iOS | LATAM | UGC,68,225.76,933.52
2025-10-11,FB-100107,UA - Lookalike - 5% | Android | EU | UGC,76,287.52,1347.03
2025-10-11,FB-100108,UA - Lookalike - 1% | Android | MENA | Playables,108,354.78,1922.91
2025-10-11,FB-100109,UA - Lookalike - 1% | iOS | MENA | Video,82,314.49,1019.89
2025-10-11,FB-100110,UA - Lookalike - 1% | iOS | EU | UGC,203,942.73,3776.58
2025-10-11,FB-100111,UA - Retargeting - Value | iOS | APAC | UGC,19,74.84,391.56
2025-10-11,FB-100112,UA - Lookalike - 1% | iOS | EU | Video,81,387.96,1164.66
2025-10-11,FB-100113,UA - Lookalike - 1% | iOS | US | Static,96,345.23,1807.28
2025-10-11,FB-100114,UA - Prospecting - Broad | Android | EU | Static,42,140.31,505.26
2025-10-11,FB-100115,UA - Prospecting - Broad | Android | EU | UGC,51,168.2,565.15
2025-10-11,FB-100116,UA - Retargeting - Value | iOS | APAC | Playables,12,40.41,197.77
2025-10-11,FB-100117,UA - Retargeting - Value | iOS | APAC | UGC,42,188.24,828.63
2025-10-11,FB-100118,UA - Lookalike - 5% | Android | US | Video,83,237.44,1188.86
2025-10-11,FB-100119,UA - Lookalike - 5% | Android | EU | Playables,111,308.77,1119.6
2025-10-11,FB-100120,UA - Prospecting - Broad | Android | MENA | Static,84,186.58,714.04
2025-10-11,FB-100121,UA - Lookalike - 1% | iOS | EU | UGC,94,345.55,1432.65
2025-10-11,FB-100122,UA - Lookalike - 5% | iOS | MENA | Playables,56,141.67,523.33
2025-10-11,FB-100123,UA - Lookalike - 5% | iOS | EU | UGC,72,310.63,1413.68
2025-10-11,FB-100124,UA - Lookalike - 5% | iOS | EU | Carousel,72,293.44,1474.83
2025-10-11,FB-100125,UA - Prospecting - Broad | Android | LATAM | UGC,74,168.69,689.6
2025-10-11,FB-100126,UA - Lookalike - 1% | iOS | EU | Carousel,51,250.03,1125.39
2025-10-11,FB-100127,UA - Retargeting - Value | iOS | MENA | Video,54,275.68,1224.57
2025-10-11,FB-100128,UA - Retargeting - Value | Android | EU | UGC,63,312.91,1877.46
2025-10-11,FB-100129,UA - Lookalike - 5% | Android | US | UGC,175,777.42,2567.82
2025-10-11,FB-100130,UA - Lookalike - 5% | iOS | MENA | UGC,71,203.76,634.3
2025-10-11,FB-100131,UA - Lookalike - 5% | Android | EU | UGC,36,107.53,423.02
2025-10-11,FB-100132,UA - Lookalike - 5% | Android | MENA | UGC,26,88.86,410.53
2025-10-11,FB-100133,UA - Lookalike - 5% | Android | LATAM | Carousel,82,281.35,1320.38
2025-10-11,FB-100134,UA - Retargeting - Value | iOS | MENA | Playables,47,195.0,1170.0
2025-10-11,FB-100135,UA - Lookalike - 5% | iOS | EU | Carousel,21,77.45,388.02
2025-10-11,FB-100136,UA - Lookalike - 1% | iOS | US | UGC,60,273.82,1347.47
2025-10-11,FB-100137,UA - Retargeting - Value | iOS | EU | UGC,38,161.12,649.64
2025-10-11,FB-100138,UA - Prospecting - Broad | Android | APAC | Playables,119,262.85,841.38
2025-10-11,FB-100139,UA - Lookalike - 5% | Android | APAC | Static,88,235.84,910.81
2025-10-11,FB-100140,UA - Lookalike - 5% | Android | US | Carousel,35,126.26,637.99
2025-10-11,FB-100141,UA - Lookalike - 1% | iOS | EU | UGC,18,82.7,377.28
2025-10-11,FB-100142,UA - Lookalike - 5% | iOS | APAC | Carousel,115,389.11,1543.21
2025-10-11,FB-100143,UA - Prospecting - Broad | iOS | US | UGC,41,135.39,637.69
2025-10-11,FB-100144,UA - Prospecting - Broad | Android | LATAM | Static,46,158.28,730.94
2025-10-11,FB-100145,UA - Retargeting - Value | Android | US | Static,42,207.55,1144.85
2025-10-11,FB-100146,UA - Retargeting - Value | Android | MENA | Static,101,327.37,1925.26
2025-10-11,FB-100147,UA - Retargeting - Value | Android | APAC | Video,73,211.43,921.41
2025-10-11,FB-100148,UA - Retargeting - Value | iOS | LATAM | Carousel,22,114.22,672.41
2025-10-11,FB-100149,UA - Prospecting - Broad | Android | EU | Carousel,82,336.44,1427.18
2025-10-11,FB-100150,UA - Lookalike - 5% | Android | LATAM | Playables,180,393.93,1948.77
2025-10-11,FB-100151,UA - Retargeting - Value | iOS | EU | Video,42,216.33,1077.76
2025-10-11,FB-100152,UA - Prospecting - Broad | Android | LATAM | Playables,148,338.77,1171.47
2025-10-11,FB-100153,UA - Lookalike - 5% | Android | LATAM | Playables,71,177.34,953.2
2025-10-11,FB-100154,UA - Lookalike - 1% | iOS | US | Playables,73,296.23,1267.27
2025-10-11,FB-100155,UA - Prospecting - Broad | Android | APAC | UGC,67,172.59,676.38
2025-10-11,FB-100156,UA - Retargeting - Value | iOS | LATAM | UGC,78,404.93,2043.68
2025-10-11,FB-100157,UA - Lookalike - 1% | iOS | EU | Playables,116,503.94,2603.35
2025-10-11,FB-100158,UA - Lookalike - 1% | iOS | APAC | UGC,54,214.89,1021.8
2025-10-11,FB-100159,UA - Lookalike - 1% | iOS | EU | Video,25,88.47,296.02
2025-10-11,FB-100160,UA - Lookalike - 5% | iOS | EU | UGC,57,187.8,655.42
2025-10-11,FB-100161,UA - Lookalike - 1% | iOS | US | UGC,189,890.04,4156.49
2025-10-11,FB-100162,UA - Lookalike - 1% | Android | APAC | Static,82,186.46,613.64
2025-10-11,FB-100163,UA - Lookalike - 1% | iOS | LATAM | Carousel,17,50.33,227.84
2025-10-11,FB-100164,UA - Prospecting - Broad | Android | MENA | Static,144,510.96,1779.67
2025-10-11,FB-100165,UA - Retargeting - Value | Android | APAC | UGC,82,340.09,1589.58
2025-10-11,FB-100166,UA - Prospecting - Broad | iOS | APAC | UGC,94,311.52,1105.58
2025-10-11,FB-100167,UA - Lookalike - 5% | Android | LATAM | Static,141,338.53,1111.06
2025-10-11,FB-100168,UA - Lookalike - 1% | Android | LATAM | Playables,368,1389.64,6517.41
2025-10-11,FB-100169,UA - Lookalike - 1% | iOS | MENA | Playables,25,101.16,523.4
2025-10-11,FB-100170,UA - Lookalike - 1% | iOS | MENA | Carousel,91,399.85,1708.96
2025-10-11,FB-100171,UA - Lookalike - 1% | iOS | LATAM | Carousel,326,1297.51,4170.2
2025-10-11,FB-100172,UA - Lookalike - 1% | Android | US | Static,90,303.27,1604.3
2025-10-11,FB-100173,UA - Retargeting - Value | Android | MENA | Static,17,66.07,396.42
2025-10-11,FB-100174,UA - Lookalike - 1% | Android | APAC | Carousel,133,513.53,2021.25
2025-10-11,FB-100175,UA - Retargeting - Value | Android | EU | Carousel,98,494.68,2339.34
2025-10-11,FB-100176,UA - Prospecting - Broad | iOS | EU | Carousel,152,620.43,1936.98
2025-10-11,FB-100177,UA - Prospecting - Broad | Android | LATAM | Video,135,468.53,1740.59
2025-10-11,FB-100178,UA - Prospecting - Broad | iOS | EU | UGC,18,72.32,230.7
2025-10-11,FB-100179,UA - Lookalike - 5% | Android | MENA | Carousel,66,168.23,776.21
2025-10-11,FB-100180,UA - Retargeting - Value | iOS | APAC | Carousel,9,31.11,155.8
2025-10-11,FB-100181,UA - Prospecting - Broad | Android | LATAM | UGC,93,337.71,1476.47
2025-10-11,FB-100182,UA - Prospecting - Broad | Android | APAC | UGC,175,385.94,2023.87
2025-10-11,FB-100183,UA - Lookalike - 1% | Android | EU | Static,146,395.03,1277.53
2025-10-11,FB-100184,UA - Lookalike - 5% | Android | EU | Video,77,280.09,1169.38
2025-10-11,FB-100185,UA - Lookalike - 5% | Android | MENA | UGC,245,588.96,2060.18
2025-10-11,FB-100186,UA - Lookalike - 5% | iOS | LATAM | Playables,9,32.15,126.57
2025-10-11,FB-100187,UA - Prospecting - Broad | iOS | MENA | Playables,13,41.01,195.37
2025-10-11,FB-100188,UA - Lookalike - 1% | Android | EU | Static,111,446.46,1521.54
2025-10-11,FB-100189,UA - Retargeting - Value | Android | EU | Static,12,57.64,300.02
2025-10-11,FB-100190,UA - Lookalike - 5% | Android | EU | Video,107,371.27,1920.58
2025-10-11,FB-100191,UA - Lookalike - 1% | iOS | MENA | UGC,21,74.15,260.34
2025-10-11,FB-100192,UA - Lookalike - 1% | Android | EU | Carousel,144,423.94,1607.58
2025-10-11,FB-100193,UA - Lookalike - 1% | iOS | US | Static,80,260.13,1117.26
2025-10-11,FB-100194,UA - Retargeting - Value | Android | APAC | Video,113,523.51,2103.99
2025-10-11,FB-100195,UA - Prospecting - Broad | Android | LATAM | Static,41,82.65,342.34
2025-10-11,FB-100196,UA - Lookalike - 1% | Android | EU | Carousel,132,450.36,2191.9
2025-10-11,FB-100197,UA - Lookalike - 1% | iOS | US | UGC,79,287.41,1360.31
2025-10-11,FB-100198,UA - Lookalike - 5% | iOS | LATAM | Playables,46,198.48,668.08
2025-10-11,FB-100199,UA - Prospecting - Broad | iOS | US | Playables,44,157.98,588.63
2025-10-11,FB-100200,UA - Lookalike - 1% | iOS | LATAM | Playables,49,187.4,1023.95
2025-10-11,FB-100201,UA - Prospecting - Broad | Android | US | Static,107,358.92,1184.79
2025-10-11,FB-100202,UA - Retargeting - Value | iOS | MENA | Video,9,36.43,215.81
2025-10-11,FB-100203,UA - Lookalike - 1% | iOS | MENA | UGC,61,216.43,776.12
2025-10-11,FB-100204,UA - Lookalike - 5% | Android | MENA | UGC,29,106.7,572.13
2025-10-11,FB-100205,UA - Lookalike - 5% | Android | APAC | Carousel,212,618.57,2165.61
2025-10-11,FB-100206,UA - Retargeting - Value | iOS | LATAM | Video,9,41.91,215.71
2025-10-11,FB-100207,UA - Lookalike - 1% | iOS | APAC | UGC,65,261.59,1003.46
2025-10-11,FB-100208,UA - Lookalike - 5% | iOS | MENA | Video,16,41.4,165.27
2025-10-11,FB-100209,UA - Lookalike - 1% | Android | LATAM | Carousel,29,65.8,254.78
2025-10-11,FB-100210,UA - Prospecting - Broad | Android | APAC | Playables,31,96.49,495.48
2025-10-11,FB-100211,UA - Retargeting - Value | iOS | APAC | Video,17,71.98,303.97
2025-10-11,FB-100212,UA - Lookalike - 5% | iOS | MENA | UGC,105,466.26,2227.32
2025-10-11,FB-100213,UA - Retargeting - Value | Android | EU | Carousel,81,397.99,2387.94
2025-10-11,FB-100214,UA - Prospecting - Broad | iOS | APAC | UGC,125,414.41,1621.17
2025-10-11,FB-100215,UA - Retargeting - Value | Android | MENA | Static,56,250.13,1370.96
2025-10-11,FB-100216,UA - Lookalike - 5% | iOS | MENA | Video,32,136.36,639.26
2025-10-11,FB-100217,UA - Lookalike - 5% | Android | EU | Video,120,459.97,1813.2
2025-10-11,FB-100218,UA - Lookalike - 1% | Android | EU | UGC,47,164.08,539.17
2025-10-11,FB-100219,UA - Lookalike - 5% | iOS | APAC | UGC,34,134.33,734.92
2025-10-11,FB-100220,UA - Retargeting - Value | Android | APAC | Playables,51,231.72,1390.32
2025-10-11,FB-100221,UA - Retargeting - Value | iOS | EU | Playables,23,110.46,606.2
2025-10-11,FB-100222,UA - Lookalike - 1% | Android | LATAM | UGC,135,492.47,2668.2
2025-10-11,FB-100223,UA - Lookalike - 1% | iOS | US | Carousel,130,637.48,2015.07
2025-10-11,FB-100224,UA - Lookalike - 5% | iOS | EU | UGC,13,40.28,147.26
2025-10-11,FB-100225,UA - Lookalike - 5% | iOS | LATAM | Playables,37,123.39,422.73
2025-10-11,FB-100226,UA - Retargeting - Value | iOS | LATAM | Static,83,340.98,1420.86
2025-10-11,FB-100227,UA - Prospecting - Broad | iOS | EU | UGC,76,363.91,1984.4
2025-10-11,FB-100228,UA - Lookalike - 5% | iOS | APAC | UGC,62,262.03,844.0
2025-10-11,FB-100229,UA - Retargeting - Value | Android | APAC | Video,55,232.84,936.25
2025-10-11,FB-100230,UA - Prospecting - Broad | iOS | US | UGC,27,86.11,384.14
2025-10-11,FB-100231,UA - Lookalike - 5% | iOS | US | Static,46,181.64,730.19
2025-10-11,FB-100232,UA - Lookalike - 1% | Android | US | UGC,219,849.76,2758.32
2025-10-11,FB-100233,UA - Prospecting - Broad | iOS | MENA | UGC,56,200.78,1083.21
2025-10-11,FB-100234,UA - Lookalike - 1% | iOS | MENA | UGC,70,277.02,1105.59
2025-10-11,FB-100235,UA - Prospecting - Broad | iOS | MENA | Video,68,250.53,866.83
2025-10-11,FB-100236,UA - Prospecting - Broad | Android | LATAM | Static,70,202.66,809.22
2025-10-11,FB-100237,UA - Lookalike - 5% | iOS | US | Video,83,401.19,1807.76
2025-10-11,FB-100238,UA - Prospecting - Broad | Android | LATAM | Video,113,297.87,1292.46
2025-10-11,FB-100239,UA - Lookalike - 1% | iOS | US | Carousel,35,135.37,735.87
2025-10-11,FB-100240,UA - Retargeting - Value | iOS | APAC | Static,16,75.75,307.7
2025-10-11,FB-100241,UA - Retargeting - Value | iOS | MENA | Static,9,31.5,160.71
2025-10-11,FB-100242,UA - Lookalike - 5% | Android | US | Playables,74,306.8,1373.24
2025-10-11,FB-100243,UA - Retargeting - Value | Android | APAC | Playables,46,175.66,896.57
2025-10-11,FB-100244,UA - Lookalike - 5% | Android | APAC | Carousel,23,81.6,245.7
2025-10-11,FB-100245,UA - Lookalike - 1% | iOS | US | UGC,51,206.33,849.67
2025-10-11,FB-100246,UA - Lookalike - 1% | Android | US | UGC,151,611.23,2734.64
2025-10-11,FB-100247,UA - Lookalike - 5% | iOS | APAC | Carousel,45,113.69,524.0
2025-10-11,FB-100248,UA - Lookalike - 5% | iOS | EU | UGC,62,268.03,1206.67
2025-10-11,FB-100249,UA - Lookalike - 1% | Android | EU | UGC,56,207.73,1049.45
2025-10-11,FB-100250,UA - Lookalike - 5% | iOS | LATAM | Video,68,196.59,1051.95
2025-10-11,FB-100251,UA - Prospecting - Broad | iOS | US | Playables,106,407.77,1487.95
2025-10-11,FB-100252,UA - Lookalike - 1% | iOS | LATAM | Static,83,211.63,1062.81
2025-10-11,FB-100253,UA - Lookalike - 1% | Android | EU | Playables,31,94.68,376.64
2025-10-11,FB-100254,UA - Lookalike - 1% | Android | US | Video,145,571.4,2489.59
2025-10-11,FB-100255,UA - Lookalike - 1% | iOS | US | Playables,55,206.0,749.02
2025-10-11,FB-100256,UA - Lookalike - 1% | Android | US | Carousel,163,544.05,2893.8
2025-10-11,FB-100257,UA - Retargeting - Value | iOS | EU | Static,37,196.95,1064.32
2025-10-11,FB-100258,UA - Lookalike - 1% | iOS | MENA | Playables,225,947.11,4811.32
2025-10-11,FB-100259,UA - Lookalike - 1% | Android | LATAM | UGC,66,163.73,503.14
2025-10-11,FB-100260,UA - Prospecting - Broad | iOS | US | UGC,62,222.05,754.53
2025-10-11,FB-100261,UA - Lookalike - 1% | Android | EU | UGC,123,469.1,2168.18
2025-10-11,FB-100262,UA - Lookalike - 1% | Android | APAC | Video,114,235.22,719.54
2025-10-11,FB-100263,UA - Lookalike - 1% | Android | APAC | Carousel,296,1018.68,4573.87
2025-10-11,FB-100264,UA - Retargeting - Value | iOS | LATAM | Video,5,17.97,107.82
2025-10-11,FB-100265,UA - Lookalike - 1% | iOS | US | Playables,22,76.0,368.3
2025-10-11,FB-100266,UA - Lookalike - 1% | Android | US | UGC,237,890.6,4198.29
2025-10-11,FB-100267,UA - Prospecting - Broad | iOS | US | Static,6,24.71,95.83
2025-10-11,FB-100268,UA - Prospecting - Broad | Android | LATAM | UGC,41,135.95,733.99
2025-10-11,FB-100269,UA - Retargeting - Value | Android | EU | Playables,18,91.22,500.98
2025-10-11,FB-100270,UA - Lookalike - 5% | iOS | APAC | Carousel,123,512.28,1960.5
2025-10-11,FB-100271,UA - Lookalike - 5% | Android | APAC | Video,50,123.9,480.86
2025-10-11,FB-100272,UA - Lookalike - 1% | iOS | LATAM | Video,247,691.11,2823.18
2025-10-11,FB-100273,UA - Retargeting - Value | Android | APAC | UGC,86,355.51,1887.4
2025-10-11,FB-100274,UA - Lookalike - 1% | iOS | US | Carousel,36,113.78,521.11
2025-10-11,FB-100275,UA - Retargeting - Value | Android | APAC | Carousel,44,128.11,586.74
2025-10-11,FB-100276,UA - Retargeting - Value | Android | APAC | Video,126,518.93,2969.32
2025-10-11,FB-100277,UA - Retargeting - Value | Android | US | Carousel,64,277.61,1185.12
2025-10-11,FB-100278,UA - Prospecting - Broad | Android | MENA | Static,58,193.46,982.0
2025-10-11,FB-100279,UA - Retargeting - Value | Android | MENA | Static,47,144.93,733.93
2025-10-11,FB-100280,UA - Prospecting - Broad | iOS | EU | Playables,57,260.32,1068.61
2025-10-11,FB-100281,UA - Lookalike - 1% | iOS | EU | Static,71,246.24,1110.3
2025-10-11,FB-100282,UA - Retargeting - Value | Android | US | Video,71,292.64,1531.97
2025-10-11,FB-100283,UA - Lookalike - 1% | Android | LATAM | Static,76,276.87,1204.38
2025-10-11,FB-100284,UA - Prospecting - Broad | Android | EU | Carousel,86,232.19,797.11
2025-10-11,FB-100285,UA - Prospecting - Broad | Android | APAC | Playables,50,191.97,830.46
2025-10-11,FB-100286,UA - Lookalike - 1% | Android | APAC | UGC,128,293.18,1325.17
2025-10-11,FB-100287,UA - Retargeting - Value | Android | APAC | Playables,16,61.7,367.98
2025-10-11,FB-100288,UA - Lookalike - 5% | Android | MENA | Carousel,53,125.59,568.17
2025-10-11,FB-100289,UA - Lookalike - 5% | Android | US | UGC,92,345.68,1204.69
2025-10-11,FB-100290,UA - Lookalike - 5% | iOS | US | UGC,88,303.6,1514.66
2025-10-11,FB-100291,UA - Retargeting - Value | Android | US | Carousel,134,592.35,3085.55
2025-10-11,FB-100292,UA - Lookalike - 1% | Android | EU | Carousel,58,253.59,1144.2
2025-10-11,FB-100293,UA - Lookalike - 1% | iOS | MENA | Playables,40,136.15,700.22
2025-10-11,FB-100294,UA - Lookalike - 5% | iOS | MENA | Playables,34,118.26,597.21
2025-10-11,FB-100295,UA - Retargeting - Value | Android | US | Playables,20,101.0,602.67
2025-10-11,FB-100296,UA - Lookalike - 5% | iOS | APAC | Static,56,203.27,956.59
2025-10-11,FB-100297,UA - Lookalike - 5% | iOS | APAC | UGC,61,242.84,1238.73
2025-10-11,FB-100298,UA - Lookalike - 1% | Android | LATAM | UGC,47,110.69,368.27
2025-10-11,FB-100299,UA - Lookalike - 5% | iOS | LATAM | Static,116,418.75,1292.26
2025-10-11,FB-100300,UA - Prospecting - Broad | Android | US | Video,50,164.97,808.85
2025-10-11,FB-100301,UA - Retargeting - Value | iOS | US | Carousel,11,58.43,348.94
2025-10-11,FB-100302,UA - Lookalike - 1% | Android | MENA | Playables,96,330.93,1191.35
2025-10-11,FB-100303,UA - Lookalike - 5% | Android | APAC | Carousel,65,237.91,1109.37
2025-10-11,FB-100304,UA - Lookalike - 1% | Android | LATAM | Playables,71,150.53,656.91
2025-10-11,FB-100305,UA - Retargeting - Value | iOS | US | Playables,12,49.06,293.87
2025-10-11,FB-100306,UA - Prospecting - Broad | Android | APAC | Static,47,130.35,430.68
2025-10-11,FB-100307,UA - Prospecting - Broad | iOS | MENA | Carousel,91,325.32,1526.4
2025-10-11,FB-100308,UA - Lookalike - 5% | iOS | MENA | Static,91,312.28,1335.31
2025-10-11,FB-100309,UA - Prospecting - Broad | Android | MENA | Carousel,44,91.76,356.4
2025-10-11,FB-100310,UA - Lookalike - 1% | Android | LATAM | Carousel,90,200.55,722.78
2025-10-11,FB-100311,UA - Retargeting - Value | iOS | US | Static,24,115.59,637.71
2025-10-11,FB-100312,UA - Prospecting - Broad | iOS | US | Static,45,187.57,600.41
2025-10-11,FB-100313,UA - Lookalike - 5% | Android | MENA | Static,74,210.2,879.06
2025-10-11,FB-100314,UA - Retargeting - Value | iOS | APAC | Carousel,14,47.69,243.12
2025-10-11,FB-100315,UA - Prospecting - Broad | iOS | LATAM | Carousel,67,234.57,1143.53
2025-10-11,FB-100316,UA - Prospecting - Broad | Android | EU | Static,90,293.71,1451.22
2025-10-11,FB-100317,UA - Lookalike - 5% | Android | LATAM | UGC,64,186.72,651.47
2025-10-11,FB-100318,UA - Lookalike - 5% | iOS | MENA | UGC,36,105.65,490.0
2025-10-11,FB-100319,UA - Prospecting - Broad | iOS | EU | Playables,57,205.42,1020.73
2025-10-11,FB-100320,UA - Lookalike - 1% | iOS | APAC | Video,20,54.42,272.86
2025-10-11,FB-100321,UA - Prospecting - Broad | iOS | MENA | Carousel,27,73.02,252.94
2025-10-11,FB-100322,UA - Prospecting - Broad | Android | APAC | Playables,46,130.24,546.75
2025-10-11,FB-100323,UA - Retargeting - Value | Android | EU | Carousel,59,237.48,1252.94
2025-10-11,FB-100324,UA - Lookalike - 1% | Android | LATAM | Carousel,115,294.01,1043.74
2025-10-11,FB-100325,UA - Lookalike - 5% | Android | US | UGC,72,279.37,893.15
2025-10-11,FB-100326,UA - Retargeting - Value | Android | EU | UGC,52,230.76,1304.49
2025-10-11,FB-100327,UA - Prospecting - Broad | iOS | US | UGC,60,213.62,664.14
2025-10-11,FB-100328,UA - Prospecting - Broad | iOS | US | UGC,24,80.18,343.49
2025-10-11,FB-100329,UA - Lookalike - 5% | iOS | MENA | UGC,42,114.59,543.27
2025-10-11,FB-100330,UA - Lookalike - 5% | iOS | LATAM | Video,89,316.09,1524.5
2025-10-11,FB-100331,UA - Lookalike - 5% | Android | LATAM | Static,35,132.61,590.64
2025-10-11,FB-100332,UA - Prospecting - Broad | iOS | US | UGC,9,28.99,126.57
2025-10-11,FB-100333,UA - Lookalike - 5% | Android | APAC | Playables,89,194.89,886.75
2025-10-11,FB-100334,UA - Lookalike - 1% | Android | APAC | Carousel,31,111.65,573.32
2025-10-11,FB-100335,UA - Prospecting - Broad | Android | LATAM | Static,49,137.98,699.97
2025-10-11,FB-100336,UA - Retargeting - Value | Android | MENA | Playables,82,367.65,1851.49
2025-10-11,FB-100337,UA - Retargeting - Value | iOS | LATAM | Static,38,166.1,693.97
2025-10-11,FB-100338,UA - Retargeting - Value | Android | EU | Carousel,25,110.51,550.34
2025-10-11,FB-100339,UA - Prospecting - Broad | Android | MENA | Static,27,88.72,269.0
2025-10-11,FB-100340,UA - Lookalike - 5% | Android | APAC | UGC,251,613.34,3348.22
2025-10-11,FB-100341,UA - Lookalike - 5% | iOS | LATAM | Static,122,419.73,2162.45
2025-10-11,FB-100342,UA - Lookalike - 1% | Android | APAC | UGC,116,288.29,1349.49
2025-10-11,FB-100343,UA - Lookalike - 1% | iOS | MENA | Video,96,336.67,1297.53
2025-10-11,FB-100344,UA - Lookalike - 5% | Android | LATAM | UGC,83,303.92,1028.16
2025-10-11,FB-100345,UA - Lookalike - 1% | Android | US | Carousel,122,340.5,1295.6
2025-10-11,FB-100346,UA - Lookalike - 5% | Android | US | Playables,174,499.12,2193.13
2025-10-11,FB-100347,UA - Prospecting - Broad | iOS | MENA | Playables,105,437.1,2220.47
2025-10-11,FB-100348,UA - Lookalike - 1% | iOS | MENA | Static,200,575.14,2891.8
2025-10-11,FB-100349,UA - Prospecting - Broad | iOS | MENA | Static,10,32.16,104.33
2025-10-11,GG-200000,Search - Brand - Exact | iOS | US | Carousel,32,99.37,308.64
2025-10-11,GG-200001,UAC - Value | Android | US | Static,325,1535.23,9116.2
2025-10-11,GG-200002,Search - Non-Brand - Broad | iOS | MENA | Playables,25,89.42,253.86
2025-10-11,GG-200003,UAC - Value | iOS | LATAM | Carousel,62,276.56,1227.93
2025-10-11,GG-200004,Search - Brand - Exact | iOS | LATAM | Playables,97,260.53,912.12
2025-10-11,GG-200005,Search - Brand - Exact | iOS | US | Carousel,24,81.22,290.12
2025-10-11,GG-200006,Search - Non-Brand - Broad | iOS | LATAM | Carousel,71,277.8,819.79
2025-10-11,GG-200007,Search - Non-Brand - Broad | iOS | US | Playables,21,74.35,313.83
2025-10-11,GG-200008,Search - Non-Brand - Broad | iOS | LATAM | UGC,13,38.89,168.55
2025-10-11,GG-200009,UAC - Value | Android | LATAM | Playables,68,200.59,1198.93
2025-10-11,GG-200010,Search - Brand - Exact | iOS | EU | Playables,76,377.76,973.49
2025-10-11,GG-200011,Search - Brand - Exact | iOS | MENA | Carousel,95,370.06,1209.73
2025-10-11,GG-200012,Search - Non-Brand - Broad | iOS | LATAM | Static,52,136.78,456.98
2025-10-11,GG-200013,Search - Non-Brand - Broad | iOS | APAC | Static,121,377.27,1274.8
2025-10-11,GG-200014,UAC - Installs | Android | EU | Video,34,128.27,481.01
2025-10-11,GG-200015,Search - Brand - Exact | Android | MENA | Playables,40,152.74,450.28
2025-10-11,GG-200016,UAC - Value | iOS | MENA | Static,202,785.58,3667.09
2025-10-11,GG-200017,Search - Non-Brand - Broad | Android | EU | Static,31,88.32,326.87
2025-10-11,GG-200018,UAC - Installs | iOS | US | UGC,119,492.62,1765.55
2025-10-11,GG-200019,UAC - Installs | Android | APAC | Playables,74,240.51,1047.18
2025-10-11,GG-200020,Search - Non-Brand - Broad | iOS | EU | Playables,18,58.56,242.09
2025-10-11,GG-200021,UAC - Installs | iOS | APAC | Static,75,264.36,917.33
2025-10-11,GG-200022,UAC - Value | iOS | APAC | Carousel,79,297.41,1541.18
2025-10-11,GG-200023,Search - Non-Brand - Broad | iOS | EU | Static,35,147.86,640.09
2025-10-11,GG-200024,UAC - Installs | iOS | US | UGC,40,134.13,718.8
2025-10-11,GG-200025,UAC - Installs | Android | MENA | Video,147,354.03,1788.91
2025-10-11,GG-200026,UAC - Value | Android | EU | Carousel,194,833.44,4628.93
2025-10-11,GG-200027,Search - Non-Brand - Broad | Android | APAC | Video,90,293.68,740.37
2025-10-11,GG-200028,UAC - Value | iOS | LATAM | Video,49,218.14,1308.84
2025-10-11,GG-200029,UAC - Installs | Android | APAC | Playables,73,226.22,792.67
2025-10-11,GG-200030,UAC - Installs | Android | APAC | Video,231,560.06,2064.94
2025-10-11,GG-200031,Search - Brand - Exact | Android | US | Carousel,64,226.09,810.31
2025-10-11,GG-200032,Search - Brand - Exact | iOS | EU | Static,27,118.82,551.09
2025-10-11,GG-200033,UAC - Value | iOS | APAC | Static,91,311.22,1447.8
2025-10-11,GG-200034,Search - Brand - Exact | iOS | MENA | Video,32,140.89,604.42
2025-10-11,GG-200035,Search - Non-Brand - Broad | Android | LATAM | Static,80,227.02,980.73
2025-10-11,GG-200036,Search - Non-Brand - Broad | iOS | US | Carousel,106,399.48,1659.84
2025-10-11,GG-200037,Search - Non-Brand - Broad | iOS | US | Video,44,193.1,950.82
2025-10-11,GG-200038,Search - Brand - Exact | iOS | MENA | UGC,33,147.99,472.98
2025-10-11,GG-200039,Search - Brand - Exact | Android | APAC | Playables,103,382.51,1507.85
2025-10-11,GG-200040,UAC - Value | Android | EU | Carousel,187,944.82,5658.53
2025-10-11,GG-200041,Search - Non-Brand - Broad | Android | MENA | Carousel,61,231.74,1043.76
2025-10-11,GG-200042,UAC - Installs | iOS | EU | Video,361,1256.79,4787.11
2025-10-11,GG-200043,Search - Brand - Exact | Android | MENA | Playables,172,644.85,2097.05
2025-10-11,GG-200044,UAC - Value | iOS | APAC | Video,107,400.07,2349.21
2025-10-11,GG-200045,UAC - Installs | iOS | LATAM | Video,149,525.12,1865.23
2025-10-11,GG-200046,Search - Brand - Exact | Android | LATAM | Static,44,121.21,404.11
2025-10-11,GG-200047,UAC - Installs | iOS | EU | Video,95,407.11,1733.88
2025-10-11,GG-200048,UAC - Value | iOS | EU | UGC,70,328.98,1973.88
2025-10-11,GG-200049,UAC - Value | Android | EU | Video,124,507.77,2353.01
2025-10-11,GG-200050,Search - Brand - Exact | Android | LATAM | Static,76,264.29,822.47
2025-10-11,GG-200051,UAC - Installs | Android | US | Carousel,88,285.26,1340.44
2025-10-11,GG-200052,UAC - Installs | iOS | MENA | UGC,273,1166.2,4377.91
2025-10-11,GG-200053,UAC - Installs | Android | EU | Carousel,280,931.56,3111.41
2025-10-11,GG-200054,Search - Brand - Exact | Android | LATAM | Carousel,66,205.16,967.53
2025-10-11,GG-200055,UAC - Value | iOS | APAC | UGC,188,933.87,5167.1
2025-10-11,GG-200056,UAC - Value | iOS | LATAM | Static,132,522.5,2338.71
2025-10-11,GG-200057,UAC - Installs | iOS | LATAM | Playables,107,473.43,2348.21
2025-10-11,GG-200058,UAC - Value | Android | APAC | Video,70,326.66,1698.63
2025-10-11,GG-200059,UAC - Installs | Android | MENA | Carousel,137,355.67,1134.59
2025-10-11,GG-200060,UAC - Installs | Android | US | Carousel,151,387.25,1856.48
2025-10-11,GG-200061,UAC - Value | iOS | APAC | Playables,34,137.59,800.09
2025-10-11,GG-200062,UAC - Value | Android | APAC | Carousel,224,765.43,4319.32
2025-10-11,GG-200063,UAC - Value | Android | LATAM | Playables,129,529.38,3176.28
2025-10-11,GG-200064,UAC - Value | iOS | US | Video,139,531.48,2745.63
2025-10-11,GG-200065,Search - Brand - Exact | iOS | MENA | Static,28,83.75,273.78
2025-10-11,GG-200066,Search - Brand - Exact | Android | MENA | UGC,147,441.54,1756.89
2025-10-11,GG-200067,UAC - Installs | Android | US | Static,74,286.06,1085.88
2025-10-11,GG-200068,Search - Brand - Exact | iOS | APAC | Playables,63,196.11,710.31
2025-10-11,GG-200069,UAC - Installs | Android | APAC | Carousel,493,1466.03,4398.09
2025-10-11,GG-200070,Search - Non-Brand - Broad | iOS | US | Playables,58,237.52,681.21
2025-10-11,GG-200071,UAC - Installs | iOS | APAC | Carousel,75,238.97,1075.6
2025-10-11,GG-200072,Search - Non-Brand - Broad | Android | US | Video,30,88.89,384.45
2025-10-11,GG-200073,Search - Brand - Exact | iOS | MENA | UGC,59,149.55,477.96
2025-10-11,GG-200074,Search - Non-Brand - Broad | iOS | LATAM | UGC,20,64.18,195.17
2025-10-11,GG-200075,Search - Brand - Exact | iOS | APAC | Static,12,40.83,126.94
2025-10-11,GG-200076,Search - Non-Brand - Broad | Android | US | UGC,24,81.85,381.58
2025-10-11,GG-200077,UAC - Installs | iOS | US | Carousel,87,278.94,1485.36
2025-10-11,GG-200078,UAC - Installs | Android | MENA | Playables,172,632.38,3465.44
2025-10-11,GG-200079,UAC - Installs | iOS | EU | Static,75,287.04,1525.33
2025-10-11,GG-200080,Search - Non-Brand - Broad | Android | US | Static,33,115.86,344.1
2025-10-11,GG-200081,UAC - Installs | Android | APAC | Video,50,197.05,971.65
2025-10-11,GG-200082,Search - Non-Brand - Broad | iOS | APAC | Playables,32,120.81,511.51
2025-10-11,GG-200083,UAC - Value | Android | US | Carousel,107,480.41,2882.46
2025-10-11,GG-200084,UAC - Value | iOS | MENA | UGC,98,427.08,2108.92
2025-10-11,GG-200085,Search - Brand - Exact | Android | EU | Carousel,72,234.26,787.82
2025-10-11,GG-200086,UAC - Installs | iOS | APAC | Playables,67,269.63,1194.46
2025-10-11,GG-200087,Search - Non-Brand - Broad | Android | MENA | Playables,24,57.41,220.0
2025-10-11,GG-200088,Search - Brand - Exact | Android | APAC | Playables,68,178.4,515.93
2025-10-11,GG-200089,UAC - Installs | Android | MENA | Static,84,208.68,1024.2
2025-10-11,GG-200090,Search - Non-Brand - Broad | Android | EU | Carousel,125,538.65,1744.15
2025-10-11,GG-200091,Search - Brand - Exact | iOS | MENA | Carousel,65,173.4,816.19
2025-10-11,GG-200092,UAC - Installs | iOS | EU | Playables,39,180.06,673.78
2025-10-11,GG-200093,Search - Brand - Exact | Android | LATAM | Playables,78,163.4,817.0
2025-10-11,GG-200094,Search - Non-Brand - Broad | Android | MENA | Playables,48,167.17,713.82
2025-10-11,GG-200095,UAC - Installs | Android | MENA | Playables,62,138.84,610.34
2025-10-11,GG-200096,Search - Brand - Exact | Android | US | Video,73,221.47,638.28
2025-10-11,GG-200097,UAC - Value | iOS | EU | Playables,127,680.39,2760.34
2025-10-11,GG-200098,UAC - Installs | Android | APAC | Playables,302,614.42,3218.33
2025-10-11,GG-200099,UAC - Value | iOS | APAC | Static,144,514.09,2377.67
2025-10-11,GG-200100,Search - Brand - Exact | iOS | APAC | Video,50,193.7,790.68
2025-10-11,GG-200101,UAC - Value | Android | APAC | UGC,99,347.7,1928.34
2025-10-11,GG-200102,Search - Non-Brand - Broad | iOS | EU | Carousel,23,111.89,303.89
2025-10-11,GG-200103,UAC - Value | iOS | LATAM | Carousel,19,85.85,515.1
2025-10-11,GG-200104,Search - Brand - Exact | Android | LATAM | Playables,61,146.55,419.72
2025-10-11,GG-200105,Search - Brand - Exact | iOS | EU | UGC,24,98.82,399.13
2025-10-11,GG-200106,Search - Non-Brand - Broad | iOS | APAC | Static,17,45.5,151.83
2025-10-11,GG-200107,UAC - Value | Android | US | Carousel,117,587.25,3523.5
2025-10-11,GG-200108,UAC - Installs | iOS | EU | Static,291,898.55,3936.55
2025-10-11,GG-200109,UAC - Value | iOS | EU | Static,57,303.03,1818.18
2025-10-11,GG-200110,UAC - Value | iOS | APAC | Carousel,261,869.99,4740.58
2025-10-11,GG-200111,UAC - Value | Android | US | UGC,84,357.85,1821.1
2025-10-11,GG-200112,UAC - Installs | Android | EU | Playables,87,292.56,975.98
2025-10-11,GG-200113,UAC - Value | Android | US | Carousel,121,569.43,2819.82
2025-10-11,GG-200114,Search - Brand - Exact | iOS | LATAM | Playables,17,64.91,170.78
2025-10-11,GG-200115,UAC - Installs | Android | APAC | Static,160,603.1,3305.59
2025-10-11,GG-200116,Search - Brand - Exact | iOS | APAC | Carousel,45,137.44,602.4
2025-10-11,GG-200117,Search - Non-Brand - Broad | iOS | US | Playables,33,132.59,400.16
2025-10-11,GG-200118,Search - Brand - Exact | iOS | MENA | Carousel,65,204.44,636.83
2025-10-11,GG-200119,UAC - Installs | iOS | MENA | UGC,84,329.5,1089.0
2025-10-11,GG-200120,UAC - Value | Android | EU | Video,40,149.15,730.24
2025-10-11,GG-200121,UAC - Installs | iOS | LATAM | Playables,74,306.37,1172.78
2025-10-11,GG-200122,UAC - Value | Android | EU | Playables,135,643.72,3225.04
2025-10-11,GG-200123,Search - Non-Brand - Broad | Android | US | Video,102,332.52,1380.62
2025-10-11,GG-200124,UAC - Value | iOS | APAC | Playables,105,527.29,2802.02
2025-10-11,GG-200125,Search - Non-Brand - Broad | Android | MENA | Playables,17,51.92,149.84
2025-10-11,GG-200126,Search - Non-Brand - Broad | iOS | MENA | Carousel,54,208.6,955.39
2025-10-11,GG-200127,UAC - Installs | iOS | MENA | Carousel,102,448.62,1658.1
2025-10-11,GG-200128,UAC - Value | iOS | MENA | Carousel,171,718.18,3135.57
2025-10-11,GG-200129,Search - Brand - Exact | Android | LATAM | Carousel,18,68.3,287.47
2025-10-11,GG-200130,Search - Brand - Exact | iOS | MENA | Carousel,33,129.26,635.05
2025-10-11,GG-200131,Search - Non-Brand - Broad | iOS | LATAM | Playables,23,81.72,344.04
2025-10-11,GG-200132,Search - Non-Brand - Broad | Android | MENA | UGC,98,350.82,1419.77
2025-10-11,GG-200133,Search - Brand - Exact | iOS | EU | Static,29,132.65,355.5
2025-10-11,GG-200134,UAC - Value | Android | EU | Video,71,291.35,1748.1
2025-10-11,GG-200135,UAC - Value | iOS | APAC | Static,89,420.33,2521.98
2025-10-11,GG-200136,UAC - Value | Android | APAC | Playables,125,487.65,2745.96
2025-10-11,GG-200137,Search - Non-Brand - Broad | Android | EU | Playables,27,108.5,486.08
2025-10-11,GG-200138,UAC - Value | iOS | APAC | Playables,111,500.27,2959.6
2025-10-11,GG-200139,UAC - Installs | iOS | EU | UGC,252,1196.62,6494.06
2025-10-11,GG-200140,UAC - Value | iOS | LATAM | Playables,40,156.69,712.63
2025-10-11,GG-200141,UAC - Installs | Android | EU | Carousel,364,1628.35,6863.5
2025-10-11,GG-200142,Search - Non-Brand - Broad | Android | LATAM | Carousel,53,200.61,521.99
2025-10-11,GG-200143,UAC - Installs | iOS | LATAM | UGC,97,434.67,1991.66
2025-10-11,GG-200144,UAC - Value | iOS | LATAM | Video,119,575.56,3200.11
2025-10-11,GG-200145,UAC - Installs | iOS | LATAM | Static,51,227.61,915.45
2025-10-11,GG-200146,UAC - Installs | Android | LATAM | Video,95,206.24,1073.07
2025-10-11,GG-200147,Search - Non-Brand - Broad | iOS | LATAM | UGC,27,112.78,343.3
2025-10-11,GG-200148,UAC - Installs | Android | MENA | Carousel,104,398.15,1579.06
2025-10-11,GG-200149,Search - Non-Brand - Broad | Android | US | Playables,66,249.66,790.67
2025-10-11,GG-200150,Search - Non-Brand - Broad | Android | US | Playables,29,92.42,385.02
2025-10-11,GG-200151,UAC - Value | Android | US | Video,224,756.96,3942.25
2025-10-11,GG-200152,Search - Non-Brand - Broad | iOS | APAC | Video,22,89.35,299.14
2025-10-11,GG-200153,UAC - Value | Android | MENA | Static,138,523.02,2971.8
2025-10-11,GG-200154,UAC - Installs | iOS | APAC | Static,71,227.27,1124.99
2025-10-11,GG-200155,Search - Brand - Exact | iOS | LATAM | Video,35,138.27,436.66
2025-10-11,GG-200156,Search - Non-Brand - Broad | Android | MENA | Video,107,354.65,977.06
2025-10-11,GG-200157,UAC - Value | iOS | EU | Video,73,274.14,1495.71
2025-10-11,GG-200158,Search - Brand - Exact | iOS | EU | Carousel,47,222.32,747.88
2025-10-11,GG-200159,Search - Brand - Exact | Android | LATAM | Playables,14,29.34,82.39
2025-10-11,GG-200160,UAC - Value | iOS | LATAM | UGC,73,272.35,1138.15
2025-10-11,GG-200161,UAC - Installs | Android | MENA | UGC,210,568.01,2222.62
2025-10-11,GG-200162,Search - Non-Brand - Broad | Android | US | Carousel,50,188.39,616.6
2025-10-11,GG-200163,Search - Brand - Exact | iOS | LATAM | Static,46,172.0,565.02
2025-10-11,GG-200164,Search - Non-Brand - Broad | iOS | LATAM | Playables,46,177.02,700.11
2025-10-11,GG-200165,UAC - Value | Android | MENA | UGC,251,935.13,5610.78
2025-10-11,GG-200166,Search - Brand - Exact | iOS | US | UGC,59,207.97,852.88
2025-10-11,GG-200167,UAC - Installs | Android | EU | UGC,155,590.61,3192.84
2025-10-11,GG-200168,UAC - Value | Android | US | Carousel,67,348.51,1946.08
2025-10-11,GG-200169,UAC - Installs | Android | APAC | Carousel,83,285.58,1432.75
2025-10-11,GG-200170,Search - Brand - Exact | iOS | MENA | Playables,16,41.34,177.02
2025-10-11,GG-200171,Search - Brand - Exact | iOS | LATAM | Static,23,63.14,161.83
2025-10-11,GG-200172,Search - Non-Brand - Broad | Android | APAC | Carousel,28,103.4,454.44
2025-10-11,GG-200173,Search - Brand - Exact | iOS | MENA | Carousel,30,113.77,447.91
2025-10-11,GG-200174,Search - Non-Brand - Broad | iOS | LATAM | Playables,27,88.98,378.97
2025-10-11,GG-200175,Search - Non-Brand - Broad | Android | EU | UGC,45,172.31,762.82
2025-10-11,GG-200176,UAC - Value | iOS | MENA | Carousel,192,810.93,3730.28
2025-10-11,GG-200177,Search - Non-Brand - Broad | iOS | MENA | Static,66,171.01,452.15
2025-10-11,GG-200178,UAC - Installs | Android | MENA | UGC,171,460.13,1502.78
2025-10-11,GG-200179,Search - Brand - Exact | Android | MENA | Video,42,123.32,572.57
2025-10-11,GG-200180,Search - Non-Brand - Broad | Android | MENA | Playables,99,242.55,897.19
2025-10-11,GG-200181,UAC - Value | Android | LATAM | Playables,235,675.65,3875.53
2025-10-11,GG-200182,UAC - Value | Android | EU | Playables,171,573.38,2947.75
2025-10-11,GG-200183,Search - Brand - Exact | Android | MENA | UGC,91,248.38,1126.15
2025-10-11,GG-200184,UAC - Value | iOS | EU | Playables,52,238.17,1429.02
2025-10-11,GG-200185,UAC - Value | iOS | MENA | Video,85,287.86,1727.16
2025-10-11,GG-200186,UAC - Installs | iOS | US | UGC,78,254.03,886.56
2025-10-11,GG-200187,Search - Brand - Exact | Android | EU | Playables,60,254.01,1146.35
2025-10-11,GG-200188,Search - Brand - Exact | Android | APAC | Carousel,77,283.81,1284.24
2025-10-11,GG-200189,Search - Brand - Exact | Android | US | UGC,108,478.17,1947.59
2025-10-11,GG-200190,Search - Non-Brand - Broad | iOS | APAC | Static,59,181.3,487.88
2025-10-11,GG-200191,UAC - Value | iOS | LATAM | UGC,267,1275.99,7325.46
2025-10-11,GG-200192,Search - Non-Brand - Broad | iOS | APAC | Video,23,60.17,233.58
2025-10-11,GG-200193,UAC - Value | iOS | US | Static,156,846.3,4913.62
2025-10-11,GG-200194,Search - Brand - Exact | Android | EU | Video,49,147.99,618.15
2025-10-11,GG-200195,UAC - Value | iOS | APAC | Playables,55,200.57,964.54
2025-10-11,GG-200196,UAC - Value | iOS | EU | Static,155,584.78,2341.46
2025-10-11,GG-200197,Search - Non-Brand - Broad | iOS | EU | Carousel,62,245.88,1064.91
2025-10-11,GG-200198,Search - Brand - Exact | Android | US | UGC,147,504.22,1442.57
2025-10-11,GG-200199,Search - Brand - Exact | Android | EU | Video,60,250.6,1025.2
2025-10-11,GG-200200,Search - Brand - Exact | Android | APAC | Playables,46,143.6,594.79
2025-10-11,GG-200201,UAC - Value | Android | US | UGC,96,482.12,2737.48
2025-10-11,GG-200202,Search - Brand - Exact | Android | MENA | Static,45,99.83,402.51
2025-10-11,GG-200203,Search - Non-Brand - Broad | Android | MENA | Carousel,99,318.63,812.83
2025-10-11,GG-200204,UAC - Installs | iOS | MENA | Playables,147,510.55,1551.56
2025-10-11,GG-200205,Search - Non-Brand - Broad | Android | LATAM | Static,43,168.68,611.8
2025-10-11,GG-200206,Search - Brand - Exact | iOS | LATAM | Carousel,92,412.79,1178.93
2025-10-11,GG-200207,UAC - Value | Android | APAC | Playables,123,574.59,3447.54
2025-10-11,GG-200208,UAC - Installs | Android | LATAM | UGC,259,607.02,3029.03
2025-10-11,GG-200209,UAC - Installs | iOS | APAC | Static,87,221.87,1058.32
2025-10-11,GG-200210,UAC - Value | iOS | EU | Playables,74,306.95,1841.7
2025-10-11,GG-200211,Search - Non-Brand - Broad | Android | EU | Carousel,97,405.3,1660.51
2025-10-11,GG-200212,UAC - Value | iOS | US | Playables,144,637.36,2953.53
2025-10-11,GG-200213,Search - Non-Brand - Broad | iOS | MENA | Playables,61,259.38,1124.67
2025-10-11,GG-200214,Search - Non-Brand - Broad | iOS | EU | Carousel,45,186.42,637.37
2025-10-11,GG-200215,UAC - Installs | iOS | US | UGC,291,1415.28,5444.58
2025-10-11,GG-200216,Search - Brand - Exact | Android | MENA | Static,21,43.13,111.36
2025-10-11,GG-200217,Search - Brand - Exact | iOS | APAC | Playables,12,31.77,99.57
2025-10-11,GG-200218,Search - Non-Brand - Broad | Android | EU | Playables,52,209.12,852.79
2025-10-11,GG-200219,UAC - Installs | iOS | EU | Carousel,92,297.22,1305.69
2025-10-11,GG-200220,Search - Brand - Exact | Android | EU | Static,79,241.71,791.6
2025-10-11,GG-200221,Search - Non-Brand - Broad | iOS | EU | Playables,58,257.06,1077.34
2025-10-11,GG-200222,UAC - Installs | iOS | EU | Playables,67,231.26,846.41
2025-10-11,GG-200223,UAC - Installs | iOS | APAC | UGC,122,527.63,2880.33
2025-10-11,GG-200224,UAC - Value | iOS | LATAM | Carousel,95,479.16,2874.96
2025-10-11,GG-200225,UAC - Installs | iOS | US | UGC,135,463.64,1526.77
2025-10-11,GG-200226,UAC - Value | Android | LATAM | Carousel,80,292.8,1741.87
2025-10-11,GG-200227,Search - Non-Brand - Broad | Android | MENA | Static,106,275.37,1016.94
2025-10-11,GG-200228,UAC - Value | Android | LATAM | Playables,88,397.07,1947.63
2025-10-11,GG-200229,UAC - Installs | iOS | EU | Static,84,346.96,1436.41
2025-10-11,GG-200230,Search - Non-Brand - Broad | Android | APAC | Playables,46,94.28,283.59
2025-10-11,GG-200231,UAC - Installs | iOS | MENA | Carousel,130,548.14,2660.67
2025-10-11,GG-200232,Search - Non-Brand - Broad | iOS | APAC | UGC,50,190.0,884.83
2025-10-11,GG-200233,UAC - Value | iOS | EU | Static,93,437.35,2432.54
2025-10-11,GG-200234,Search - Brand - Exact | Android | MENA | Video,105,347.39,1363.16
2025-10-11,GG-200235,UAC - Value | Android | US | Video,86,380.85,2285.1
2025-10-11,GG-200236,Search - Non-Brand - Broad | Android | EU | Video,25,74.42,252.58
2025-10-11,GG-200237,UAC - Value | Android | EU | Playables,30,99.45,531.96
2025-10-11,GG-200238,UAC - Value | iOS | US | Playables,121,512.28,3057.8
2025-10-11,GG-200239,UAC - Value | iOS | US | Video,36,136.62,683.51
2025-10-11,GG-200240,UAC - Installs | Android | US | Playables,175,685.2,3220.44
2025-10-11,GG-200241,UAC - Value | iOS | US | Playables,59,272.89,1637.34
2025-10-11,GG-200242,Search - Non-Brand - Broad | Android | US | Video,37,154.26,398.45
2025-10-11,GG-200243,UAC - Installs | Android | EU | Playables,112,404.48,1503.86
2025-10-11,GG-200244,Search - Brand - Exact | iOS | LATAM | UGC,17,69.68,310.63
2025-10-11,GG-200245,Search - Non-Brand - Broad | iOS | APAC | UGC,68,242.0,608.87
2025-10-11,GG-200246,Search - Brand - Exact | Android | LATAM | Video,43,88.57,344.8
2025-10-11,GG-200247,UAC - Value | Android | APAC | UGC,277,1063.32,4326.65
2025-10-11,GG-200248,Search - Non-Brand - Broad | iOS | US | Video,30,145.02,374.88
2025-10-11,GG-200249,UAC - Installs | Android | APAC | UGC,244,683.83,2760.62
2025-10-11,GG-200250,Search - Non-Brand - Broad | Android | MENA | Video,97,344.69,999.26
2025-10-11,GG-200251,UAC - Installs | Android | MENA | UGC,338,846.08,2871.6
2025-10-11,GG-200252,Search - Brand - Exact | Android | US | Carousel,29,105.99,347.01
2025-10-11,GG-200253,Search - Non-Brand - Broad | Android | LATAM | Video,34,105.86,266.45
2025-10-11,GG-200254,UAC - Installs | Android | APAC | Video,195,420.93,2250.71
2025-10-11,GG-200255,UAC - Value | Android | MENA | Static,105,306.02,1836.12
2025-10-11,GG-200256,Search - Brand - Exact | iOS | APAC | Static,31,118.33,501.72
2025-10-11,GG-200257,UAC - Value | iOS | US | Video,72,337.17,1896.92
2025-10-11,GG-200258,UAC - Value | Android | US | Carousel,109,391.48,1615.64
2025-10-11,GG-200259,UAC - Value | iOS | US | Carousel,140,620.66,3622.79
2025-10-11,GG-200260,UAC - Value | iOS | EU | Carousel,126,508.22,2335.27
2025-10-11,GG-200261,UAC - Value | iOS | EU | Playables,93,357.85,1510.13
2025-10-11,GG-200262,Search - Non-Brand - Broad | Android | MENA | Carousel,54,188.09,720.2
2025-10-11,GG-200263,Search - Non-Brand - Broad | Android | US | Carousel,96,310.08,1335.2
2025-10-11,GG-200264,UAC - Installs | iOS | EU | UGC,108,351.9,1120.45
2025-10-11,GG-200265,Search - Brand - Exact | iOS | US | Video,29,128.81,362.73
2025-10-11,GG-200266,UAC - Installs | iOS | APAC | Carousel,145,609.29,2976.38
2025-10-11,GG-200267,Search - Non-Brand - Broad | Android | EU | Video,83,296.4,1436.06
2025-10-11,GG-200268,UAC - Value | iOS | APAC | Playables,334,1516.96,6383.37
2025-10-11,GG-200269,UAC - Installs | Android | US | Video,117,486.84,2019.9
2025-10-11,GG-200270,UAC - Installs | Android | MENA | Playables,111,325.84,1171.72
2025-10-11,GG-200271,UAC - Value | iOS | US | Carousel,67,375.29,1724.08
2025-10-11,GG-200272,Search - Non-Brand - Broad | iOS | US | Playables,89,347.02,1526.54
2025-10-11,GG-200273,Search - Non-Brand - Broad | Android | APAC | Static,71,248.71,806.57
2025-10-11,GG-200274,UAC - Value | iOS | LATAM | Carousel,129,547.06,3013.75
2025-10-11,GG-200275,UAC - Value | Android | US | Static,99,470.78,2824.68
2025-10-11,GG-200276,UAC - Value | iOS | APAC | Carousel,92,307.63,1845.78
2025-10-11,GG-200277,Search - Non-Brand - Broad | Android | LATAM | Carousel,33,85.34,337.35
2025-10-11,GG-200278,Search - Non-Brand - Broad | iOS | MENA | Playables,18,60.08,203.43
2025-10-11,GG-200279,UAC - Installs | iOS | US | Static,65,244.65,1210.53
2025-10-11,GG-200280,UAC - Value | Android | APAC | Carousel,135,582.36,2665.46
2025-10-11,GG-200281,UAC - Value | iOS | APAC | Carousel,135,608.73,2524.4
2025-10-11,GG-200282,Search - Non-Brand - Broad | Android | LATAM | Carousel,95,225.03,665.19
2025-10-11,GG-200283,UAC - Value | iOS | LATAM | Static,106,433.77,2602.62
2025-10-11,GG-200284,Search - Non-Brand - Broad | iOS | LATAM | UGC,49,143.81,478.17
2025-10-11,GG-200285,UAC - Value | iOS | APAC | Carousel,99,353.01,1887.54
2025-10-11,GG-200286,Search - Non-Brand - Broad | iOS | US | Playables,69,332.8,1232.36
2025-10-11,GG-200287,UAC - Value | Android | MENA | Video,310,1221.49,7297.18
2025-10-11,GG-200288,Search - Brand - Exact | Android | APAC | Carousel,71,188.07,490.3
2025-10-11,GG-200289,UAC - Installs | iOS | APAC | Static,70,311.0,976.23
2025-10-11,GG-200290,UAC - Value | Android | LATAM | Static,57,214.12,990.09
2025-10-11,GG-200291,UAC - Value | iOS | US | UGC,147,761.28,3585.63
2025-10-11,GG-200292,UAC - Value | iOS | MENA | Playables,124,585.21,2988.67
2025-10-11,GG-200293,Search - Brand - Exact | Android | LATAM | Playables,67,160.32,783.96
2025-10-11,GG-200294,Search - Non-Brand - Broad | Android | EU | Carousel,21,77.28,228.59
2025-10-11,GG-200295,UAC - Installs | Android | MENA | UGC,131,320.28,1326.6
2025-10-11,GG-200296,Search - Brand - Exact | iOS | US | Video,33,114.34,383.15
2025-10-11,GG-200297,Search - Non-Brand - Broad | iOS | EU | Playables,60,207.6,680.1
2025-10-11,GG-200298,UAC - Value | iOS | LATAM | UGC,82,327.89,1897.17
2025-10-11,GG-200299,UAC - Value | Android | LATAM | Video,77,352.79,1763.6
2025-10-11,GG-200300,Search - Brand - Exact | Android | LATAM | UGC,76,295.97,979.96
2025-10-11,GG-200301,UAC - Installs | Android | EU | Carousel,293,1104.05,5239.82
2025-10-11,GG-200302,UAC - Value | iOS | APAC | Static,90,347.5,1458.46
2025-10-11,GG-200303,UAC - Value | iOS | APAC | Video,117,455.31,2402.67
2025-10-11,GG-200304,UAC - Installs | iOS | LATAM | Video,109,485.54,2638.42
2025-10-11,GG-200305,UAC - Installs | Android | US | Video,57,221.0,1000.69
2025-10-11,GG-200306,Search - Non-Brand - Broad | Android | EU | Static,35,122.3,537.02
2025-10-11,GG-200307,UAC - Value | Android | LATAM | Playables,260,1129.73,5009.22
2025-10-11,GG-200308,Search - Non-Brand - Broad | iOS | EU | UGC,15,48.61,171.4
2025-10-11,GG-200309,Search - Brand - Exact | Android | APAC | UGC,88,240.19,1169.97
2025-10-11,GG-200310,UAC - Value | Android | APAC | Playables,55,185.64,876.78
2025-10-11,GG-200311,Search - Non-Brand - Broad | iOS | US | Static,40,148.68,614.05
2025-10-11,GG-200312,Search - Brand - Exact | iOS | US | Playables,14,42.67,206.22
2025-10-11,GG-200313,Search - Non-Brand - Broad | Android | LATAM | Carousel,13,49.83,219.9
2025-10-11,GG-200314,UAC - Value | iOS | US | Carousel,39,187.16,1009.35
2025-10-11,GG-200315,UAC - Value | iOS | MENA | UGC,97,391.06,1676.08
2025-10-11,GG-200316,UAC - Value | Android | LATAM | Carousel,124,428.37,2278.5
2025-10-11,GG-200317,Search - Brand - Exact | Android | LATAM | Playables,83,224.18,580.18
2025-10-11,GG-200318,Search - Non-Brand - Broad | Android | LATAM | Video,53,124.67,322.4
2025-10-11,GG-200319,UAC - Installs | iOS | US | Static,86,382.53,2088.23
2025-10-11,GG-200320,UAC - Value | Android | MENA | UGC,270,932.42,4388.9
2025-10-11,GG-200321,UAC - Value | Android | MENA | UGC,207,966.46,4402.23
2025-10-11,GG-200322,Search - Non-Brand - Broad | Android | APAC | Playables,99,310.8,857.19
2025-10-11,GG-200323,Search - Non-Brand - Broad | Android | APAC | Carousel,32,93.53,252.44
2025-10-11,GG-200324,Search - Brand - Exact | Android | LATAM | UGC,30,86.97,232.3
2025-10-11,GG-200325,Search - Non-Brand - Broad | iOS | US | UGC,85,306.73,1097.48
2025-10-11,GG-200326,UAC - Value | Android | APAC | Playables,114,484.61,2548.56
2025-10-11,GG-200327,UAC - Value | iOS | APAC | UGC,159,521.92,2129.96
2025-10-11,GG-200328,Search - Brand - Exact | iOS | EU | Video,37,145.76,538.15
2025-10-11,GG-200329,UAC - Installs | Android | LATAM | Video,203,685.12,2879.56
2025-10-11,GG-200330,Search - Non-Brand - Broad | Android | MENA | Carousel,49,99.23,273.78
2025-10-11,GG-200331,Search - Brand - Exact | iOS | MENA | UGC,55,169.41,559.56
2025-10-11,GG-200332,UAC - Installs | Android | LATAM | Playables,55,114.02,502.71
2025-10-11,GG-200333,Search - Non-Brand - Broad | Android | APAC | Playables,31,101.13,312.69
2025-10-11,GG-200334,UAC - Installs | iOS | US | Static,44,199.93,724.15
2025-10-11,GG-200335,UAC - Installs | Android | APAC | Carousel,59,152.34,576.15
2025-10-11,GG-200336,Search - Non-Brand - Broad | Android | APAC | Video,39,86.3,429.69
2025-10-11,GG-200337,UAC - Value | Android | MENA | Carousel,80,340.74,1493.12
2025-10-11,GG-200338,Search - Non-Brand - Broad | Android | MENA | Static,45,120.31,436.85
2025-10-11,GG-200339,UAC - Installs | Android | US | Playables,43,110.71,394.24
2025-10-11,GG-200340,Search - Non-Brand - Broad | iOS | MENA | Playables,70,189.29,643.4
2025-10-11,GG-200341,UAC - Installs | iOS | LATAM | Carousel,141,381.35,1636.37
2025-10-11,GG-200342,Search - Brand - Exact | Android | EU | UGC,32,107.61,459.93
2025-10-11,GG-200343,Search - Non-Brand - Broad | iOS | EU | Static,23,93.25,301.66
2025-10-11,GG-200344,UAC - Value | Android | LATAM | Static,85,289.24,1499.42
2025-10-11,GG-200345,UAC - Installs | iOS | EU | Playables,242,862.42,3240.11
2025-10-11,GG-200346,Search - Brand - Exact | iOS | APAC | UGC,45,187.78,559.21
2025-10-11,GG-200347,UAC - Installs | Android | APAC | Playables,61,166.77,594.7
2025-10-11,GG-200348,UAC - Installs | iOS | APAC | UGC,143,466.37,2083.74
2025-10-11,GG-200349,UAC - Installs | Android | US | UGC,82,314.81,1266.17
2025-10-12,FB-100000,UA - Retargeting - Value | Android | US | Carousel,23,113.08,487.37
2025-10-12,FB-100001,UA - Prospecting - Broad | Android | EU | Video,57,178.45,958.28
2025-10-12,FB-100002,UA - Prospecting - Broad | iOS | US | Video,53,229.92,811.39
2025-10-12,FB-100003,UA - Prospecting - Broad | Android | EU | Playables,21,60.82,193.04
2025-10-12,FB-100004,UA - Retargeting - Value | Android | MENA | UGC,87,410.34,2462.04
2025-10-12,FB-100005,UA - Prospecting - Broad | iOS | MENA | Carousel,68,288.84,1349.17
2025-10-12,FB-100006,UA - Lookalike - 1% | Android | APAC | Carousel,86,180.21,990.79
2025-10-12,FB-100007,UA - Prospecting - Broad | Android | EU | Carousel,104,369.52,1172.49
2025-10-12,FB-100008,UA - Lookalike - 1% | Android | APAC | Video,108,243.03,1193.52
2025-10-12,FB-100009,UA - Prospecting - Broad | iOS | MENA | Carousel,58,151.34,728.55
2025-10-12,FB-100010,UA - Lookalike - 5% | iOS | MENA | Video,84,313.06,1698.04
2025-10-12,FB-100011,UA - Lookalike - 1% | Android | MENA | Carousel,61,208.38,829.98
2025-10-12,FB-100012,UA - Retargeting - Value | Android | US | Video,23,74.95,371.98
2025-10-12,FB-100013,UA - Prospecting - Broad | iOS | US | Static,49,239.15,1137.64
2025-10-12,FB-100014,UA - Lookalike - 1% | iOS | LATAM | UGC,28,74.55,409.35
2025-10-12,FB-100015,UA - Retargeting - Value | Android | LATAM | Carousel,37,114.02,520.5
2025-10-12,FB-100016,UA - Retargeting - Value | iOS | US | Playables,16,74.84,355.56
2025-10-12,FB-100017,UA - Lookalike - 5% | Android | EU | UGC,143,526.51,2249.25
2025-10-12,FB-100018,UA - Lookalike - 1% | iOS | MENA | Static,89,232.03,1213.52
2025-10-12,FB-100019,UA - Lookalike - 1% | Android | EU | Video,50,220.58,1136.87
2025-10-12,FB-100020,UA - Retargeting - Value | iOS | LATAM | Video,64,327.58,1673.93
2025-10-12,FB-100021,UA - Lookalike - 5% | iOS | EU | UGC,12,52.88,214.59
2025-10-12,FB-100022,UA - Retargeting - Value | iOS | EU | Carousel,23,90.21,541.26
2025-10-12,FB-100023,UA - Lookalike - 1% | Android | MENA | Playables,74,182.39,850.67
2025-10-12,FB-100024,UA - Lookalike - 1% | iOS | MENA | UGC,81,228.7,1010.63
2025-10-12,FB-100025,UA - Lookalike - 5% | Android | EU | Playables,22,65.3,235.73
2025-10-12,FB-100026,UA - Retargeting - Value | Android | US | Video,43,172.84,866.1
2025-10-12,FB-100027,UA - Prospecting - Broad | Android | APAC | Playables,77,248.46,1147.64
2025-10-12,FB-100028,UA - Lookalike - 5% | iOS | APAC | Playables,92,357.78,1211.8
2025-10-12,FB-100029,UA - Prospecting - Broad | iOS | MENA | Video,23,93.97,472.58
2025-10-12,FB-100030,UA - Lookalike - 1% | iOS | LATAM | Video,109,305.95,1284.38
2025-10-12,FB-100031,UA - Prospecting - Broad | iOS | EU | UGC,44,138.89,737.92
2025-10-12,FB-100032,UA - Prospecting - Broad | iOS | MENA | Static,65,219.74,677.46
2025-10-12,FB-100033,UA - Retargeting - Value | iOS | MENA | Playables,15,55.62,266.92
2025-10-12,FB-100034,UA - Prospecting - Broad | Android | LATAM | Static,54,195.64,859.45
2025-10-12,FB-100035,UA - Prospecting - Broad | iOS | APAC | Video,43,141.96,716.76
2025-10-12,FB-100036,UA - Prospecting - Broad | iOS | LATAM | Static,20,63.11,266.01
2025-10-12,FB-100037,UA - Prospecting - Broad | Android | MENA | Video,103,233.25,1105.37
2025-10-12,FB-100038,UA - Retargeting - Value | iOS | US | Playables,140,626.39,2702.87
2025-10-12,FB-100039,UA - Retargeting - Value | Android | APAC | Playables,51,157.96,947.76
2025-10-12,FB-100040,UA - Lookalike - 5% | iOS | MENA | Playables,64,167.09,842.97
2025-10-12,FB-100041,UA - Lookalike - 1% | Android | MENA | Static,127,396.71,1971.25
2025-10-12,FB-100042,UA - Lookalike - 5% | iOS | LATAM | UGC,241,603.08,2823.02
2025-10-12,FB-100043,UA - Prospecting - Broad | Android | EU | Static,86,267.11,1450.14
2025-10-12,FB-100044,UA - Retargeting - Value | iOS | US | Playables,90,438.43,2197.41
2025-10-12,FB-100045,UA - Prospecting - Broad | Android | US | Video,16,61.29,264.96
2025-10-12,FB-100046,UA - Lookalike - 1% | Android | US | Video,44,185.34,991.01
2025-10-12,FB-100047,UA - Lookalike - 1% | Android | MENA | Static,58,230.59,1136.81
2025-10-12,FB-100048,UA - Retargeting - Value | iOS | EU | Playables,16,91.49,548.94
2025-10-12,FB-100049,UA - Lookalike - 5% | iOS | EU | UGC,56,248.39,1259.59
2025-10-12,FB-100050,UA - Lookalike - 5% | Android | US | Video,125,439.19,1665.41
2025-10-12,FB-100051,UA - Lookalike - 5% | iOS | APAC | UGC,92,280.4,1427.8
2025-10-12,FB-100052,UA - Lookalike - 5% | Android | US | Video,202,899.91,3014.7
2025-10-12,FB-100053,UA - Retargeting - Value | iOS | US | Static,133,712.89,4277.34
2025-10-12,FB-100054,UA - Retargeting - Value | Android | MENA | UGC,41,139.06,834.36
2025-10-12,FB-100055,UA - Lookalike - 5% | iOS | EU | Carousel,299,1050.84,3943.8
2025-10-12,FB-100056,UA - Prospecting - Broad | Android | US | UGC,32,126.7,517.95
2025-10-12,FB-100057,UA - Prospecting - Broad | Android | MENA | Video,17,67.02,238.06
2025-10-12,FB-100058,UA - Lookalike - 5% | Android | EU | UGC,109,455.82,1728.93
2025-10-12,FB-100059,UA - Prospecting - Broad | iOS | EU | UGC,62,265.4,1054.17
2025-10-12,FB-100060,UA - Lookalike - 5% | Android | APAC | Video,68,214.49,1012.39
2025-10-12,FB-100061,UA - Lookalike - 5% | iOS | APAC | Carousel,49,168.36,554.07
2025-10-12,FB-100062,UA - Lookalike - 1% | iOS | EU | Static,46,184.8,587.85
2025-10-12,FB-100063,UA - Prospecting - Broad | Android | US | Playables,110,404.68,2176.37
2025-10-12,FB-100064,UA - Lookalike - 5% | iOS | US | Video,59,219.36,926.14
2025-10-12,FB-100065,UA - Prospecting - Broad | Android | US | Playables,32,132.23,480.92
2025-10-12,FB-100066,UA - Prospecting - Broad | Android | US | Playables,13,56.48,171.13
2025-10-12,FB-100067,UA - Retargeting - Value | Android | APAC | Video,96,389.37,2336.22
2025-10-12,FB-100068,UA - Lookalike - 5% | Android | MENA | Video,212,437.0,1326.73
2025-10-12,FB-100069,UA - Lookalike - 1% | iOS | LATAM | Static,31,109.01,366.82
2025-10-12,FB-100070,UA - Retargeting - Value | Android | LATAM | UGC,121,552.75,3316.5
2025-10-12,FB-100071,UA - Prospecting - Broad | iOS | APAC | Carousel,57,202.32,649.04
2025-10-12,FB-100072,UA - Prospecting - Broad | Android | APAC | Playables,83,190.79,573.71
2025-10-12,FB-100073,UA - Lookalike - 1% | Android | MENA | Static,46,119.14,519.69
2025-10-12,FB-100074,UA - Retargeting - Value | Android | LATAM | Video,38,162.42,734.63
2025-10-12,FB-100075,UA - Lookalike - 5% | iOS | LATAM | Static,132,423.32,1366.48
2025-10-12,FB-100076,UA - Prospecting - Broad | iOS | MENA | Playables,44,170.6,839.52
2025-10-12,FB-100077,UA - Lookalike - 1% | iOS | US | Static,119,368.34,1298.4
2025-10-12,FB-100078,UA - Retargeting - Value | Android | US | Playables,18,66.81,385.03
2025-10-12,FB-100079,UA - Retargeting - Value | iOS | LATAM | Playables,11,41.79,250.74
2025-10-12,FB-100080,UA - Lookalike - 5% | iOS | EU | Carousel,48,197.78,1020.74
2025-10-12,FB-100081,UA - Lookalike - 5% | iOS | US | Video,47,219.98,1091.32
2025-10-12,FB-100082,UA - Lookalike - 1% | iOS | US | Video,10,30.03,118.17
2025-10-12,FB-100083,UA - Lookalike - 5% | Android | LATAM | Static,30,83.46,371.48
2025-10-12,FB-100084,UA - Prospecting - Broad | iOS | MENA | Video,46,145.29,674.15
2025-10-12,FB-100085,UA - Prospecting - Broad | Android | EU | Playables,74,287.61,1233.56
2025-10-12,FB-100086,UA - Retargeting - Value | iOS | MENA | Playables,15,77.68,389.95
2025-10-12,FB-100087,UA - Lookalike - 1% | iOS | EU | Video,26,88.15,337.17
2025-10-12,FB-100088,UA - Retargeting - Value | iOS | US | Carousel,12,68.51,411.06
2025-10-12,FB-100089,UA - Lookalike - 5% | Android | US | Carousel,62,210.19,790.31
2025-10-12,FB-100090,UA - Retargeting - Value | Android | EU | Static,13,52.77,316.62
2025-10-12,FB-100091,UA - Lookalike - 1% | iOS | US | Static,118,379.13,1247.34
2025-10-12,FB-100092,UA - Retargeting - Value | iOS | EU | Carousel,20,92.81,497.28
2025-10-12,FB-100093,UA - Lookalike - 5% | Android | APAC | Video,78,199.11,889.82
2025-10-12,FB-100094,UA - Lookalike - 1% | Android | EU | UGC,210,738.15,3518.76
2025-10-12,FB-100095,UA - Prospecting - Broad | iOS | EU | Static,55,262.77,1342.23
2025-10-12,FB-100096,UA - Lookalike - 1% | Android | APAC | Carousel,93,364.49,1793.29
2025-10-12,FB-100097,UA - Lookalike - 5% | Android | LATAM | Carousel,126,437.59,1698.72
2025-10-12,FB-100098,UA - Lookalike - 1% | iOS | US | Video,79,266.76,1099.85
2025-10-12,FB-100099,UA - Prospecting - Broad | Android | MENA | Carousel,29,77.22,311.12
2025-10-12,FB-100100,UA - Lookalike - 1% | Android | MENA | UGC,65,130.07,575.56
2025-10-12,FB-100101,UA - Prospecting - Broad | iOS | APAC | Playables,129,567.24,2833.36
2025-10-12,FB-100102,UA - Lookalike - 1% | iOS | MENA | Static,52,169.41,729.14
2025-10-12,FB-100103,UA - Retargeting - Value | Android | APAC | Video,103,377.7,2153.65
2025-10-12,FB-100104,UA - Lookalike - 1% | iOS | APAC | Video,147,369.57,2021.92
2025-10-12,FB-100105,UA - Lookalike - 1% | iOS | US | Carousel,35,122.25,622.62
2025-10-12,FB-100106,UA - Lookalike - 1% | iOS | LATAM | UGC,57,214.71,1142.9
2025-10-12,FB-100107,UA - Lookalike - 5% | Android | EU | UGC,126,370.53,1594.02
2025-10-12,FB-100108,UA - Lookalike - 1% | Android | MENA | Playables,86,298.23,1612.83
2025-10-12,FB-100109,UA - Lookalike - 1% | iOS | MENA | Video,67,240.68,1183.42
2025-10-12,FB-100110,UA - Lookalike - 1% | iOS | EU | UGC,28,115.83,534.32
2025-10-12,FB-100111,UA - Retargeting - Value | iOS | APAC | UGC,10,44.73,266.46
2025-10-12,FB-100112,UA - Lookalike - 1% | iOS | EU | Video,104,364.55,1822.75
2025-10-12,FB-100113,UA - Lookalike - 1% | iOS | US | Static,8,38.49,131.87
2025-10-12,FB-100114,UA - Prospecting - Broad | Android | EU | Static,74,251.88,979.06
2025-10-12,FB-100115,UA - Prospecting - Broad | Android | EU | UGC,30,90.55,348.8
2025-10-12,FB-100116,UA - Retargeting - Value | iOS | APAC | Playables,67,333.28,1950.35
2025-10-12,FB-100117,UA - Retargeting - Value | iOS | APAC | UGC,31,123.31,739.86
2025-10-12,FB-100118,UA - Lookalike - 5% | Android | US | Video,68,245.09,967.13
2025-10-12,FB-100119,UA - Lookalike - 5% | Android | EU | Playables,71,183.03,934.0
2025-10-12,FB-100120,UA - Prospecting - Broad | Android | MENA | Static,88,257.96,1024.1
2025-10-12,FB-100121,UA - Lookalike - 1% | iOS | EU | UGC,127,387.49,1769.28
2025-10-12,FB-100122,UA - Lookalike - 5% | iOS | MENA | Playables,22,77.05,285.55
2025-10-12,FB-100123,UA - Lookalike - 5% | iOS | EU | UGC,63,205.37,900.75
2025-10-12,FB-100124,UA - Lookalike - 5% | iOS | EU | Carousel,83,385.34,1927.86
2025-10-12,FB-100125,UA - Prospecting - Broad | Android | LATAM | UGC,32,109.5,549.91
2025-10-12,FB-100126,UA - Lookalike - 1% | iOS | EU | Carousel,29,101.25,425.76
2025-10-12,FB-100127,UA - Retargeting - Value | iOS | MENA | Video,20,88.41,510.66
2025-10-12,FB-100128,UA - Retargeting - Value | Android | EU | UGC,48,159.93,685.14
2025-10-12,FB-100129,UA - Lookalike - 5% | Android | US | UGC,154,672.47,2623.31
2025-10-12,FB-100130,UA - Lookalike - 5% | iOS | MENA | UGC,25,108.86,489.11
2025-10-12,FB-100131,UA - Lookalike - 5% | Android | EU | UGC,241,609.37,2465.51
2025-10-12,FB-100132,UA - Lookalike - 5% | Android | MENA | UGC,164,505.45,1815.58
2025-10-12,FB-100133,UA - Lookalike - 5% | Android | LATAM | Carousel,102,317.72,1233.39
2025-10-12,FB-100134,UA - Retargeting - Value | iOS | MENA | Playables,28,93.86,563.16
2025-10-12,FB-100135,UA - Lookalike - 5% | iOS | EU | Carousel,6,27.22,122.87
2025-10-12,FB-100136,UA - Lookalike - 1% | iOS | US | UGC,37,125.19,601.91
2025-10-12,FB-100137,UA - Retargeting - Value | iOS | EU | UGC,4,16.42,96.14
2025-10-12,FB-100138,UA - Prospecting - Broad | Android | APAC | Playables,126,358.87,1910.27
2025-10-12,FB-100139,UA - Lookalike - 5% | Android | APAC | Static,48,138.63,744.72
2025-10-12,FB-100140,UA - Lookalike - 5% | Android | US | Carousel,73,249.99,1323.45
2025-10-12,FB-100141,UA - Lookalike - 1% | iOS | EU | UGC,12,40.97,209.81
2025-10-12,FB-100142,UA - Lookalike - 5% | iOS | APAC | Carousel,112,365.66,1762.48
2025-10-12,FB-100143,UA - Prospecting - Broad | iOS | US | UGC,49,169.66,820.65
2025-10-12,FB-100144,UA - Prospecting - Broad | Android | LATAM | Static,67,153.66,461.9
2025-10-12,FB-100145,UA - Retargeting - Value | Android | US | Static,16,65.37,392.22
2025-10-12,FB-100146,UA - Retargeting - Value | Android | MENA | Static,22,68.5,407.51
2025-10-12,FB-100147,UA - Retargeting - Value | Android | APAC | Video,23,87.88,449.24
2025-10-12,FB-100148,UA - Retargeting - Value | iOS | LATAM | Carousel,12,51.45,295.01
2025-10-12,FB-100149,UA - Prospecting - Broad | Android | EU | Carousel,196,872.61,3825.52
2025-10-12,FB-100150,UA - Lookalike - 5% | Android | LATAM | Playables,144,541.74,2290.48
2025-10-12,FB-100151,UA - Retargeting - Value | iOS | EU | Video,10,50.44,302.64
2025-10-12,FB-100152,UA - Prospecting - Broad | Android | LATAM | Playables,162,441.22,1563.68
2025-10-12,FB-100153,UA - Lookalike - 5% | Android | LATAM | Playables,83,255.03,774.02
2025-10-12,FB-100154,UA - Lookalike - 1% | iOS | US | Playables,129,610.83,3350.4
2025-10-12,FB-100155,UA - Prospecting - Broad | Android | APAC | UGC,40,156.28,528.7
2025-10-12,FB-100156,UA - Retargeting - Value | iOS | LATAM | UGC,10,50.37,288.02
2025-10-12,FB-100157,UA - Lookalike - 1% | iOS | EU | Playables,49,149.63,576.67
2025-10-12,FB-100158,UA - Lookalike - 1% | iOS | APAC | UGC,61,201.03,862.02
2025-10-12,FB-100159,UA - Lookalike - 1% | iOS | EU | Video,122,458.23,2519.81
2025-10-12,FB-100160,UA - Lookalike - 5% | iOS | EU | UGC,94,450.74,2343.85
2025-10-12,FB-100161,UA - Lookalike - 1% | iOS | US | UGC,36,125.15,492.21
2025-10-12,FB-100162,UA - Lookalike - 1% | Android | APAC | Static,84,271.62,1277.16
2025-10-12,FB-100163,UA - Lookalike - 1% | iOS | LATAM | Carousel,17,58.52,276.8
2025-10-12,FB-100164,UA - Prospecting - Broad | Android | MENA | Static,57,167.28,545.17
2025-10-12,FB-100165,UA - Retargeting - Value | Android | APAC | UGC,33,105.6,633.6
2025-10-12,FB-100166,UA - Prospecting - Broad | iOS | APAC | UGC,14,46.54,217.53
2025-10-12,FB-100167,UA - Lookalike - 5% | Android | LATAM | Static,25,96.26,301.1
2025-10-12,FB-100168,UA - Lookalike - 1% | Android | LATAM | Playables,19,52.14,175.76
2025-10-12,FB-100169,UA - Lookalike - 1% | iOS | MENA | Playables,47,176.41,839.36
2025-10-12,FB-100170,UA - Lookalike - 1% | iOS | MENA | Carousel,46,148.53,677.45
2025-10-12,FB-100171,UA - Lookalike - 1% | iOS | LATAM | Carousel,70,267.9,1431.39
2025-10-12,FB-100172,UA - Lookalike - 1% | Android | US | Static,72,224.53,1140.39
2025-10-12,FB-100173,UA - Retargeting - Value | Android | MENA | Static,14,59.88,278.14
2025-10-12,FB-100174,UA - Lookalike - 1% | Android | APAC | Carousel,45,129.67,401.72
2025-10-12,FB-100175,UA - Retargeting - Value | Android | EU | Carousel,52,272.52,1252.5
2025-10-12,FB-100176,UA - Prospecting - Broad | iOS | EU | Carousel,246,932.56,4134.97
2025-10-12,FB-100177,UA - Prospecting - Broad | Android | LATAM | Video,47,157.55,621.06
2025-10-12,FB-100178,UA - Prospecting - Broad | iOS | EU | UGC,24,86.46,401.43
2025-10-12,FB-100179,UA - Lookalike - 5% | Android | MENA | Carousel,94,283.72,1046.36
2025-10-12,FB-100180,UA - Retargeting - Value | iOS | APAC | Carousel,14,50.29,293.49
2025-10-12,FB-100181,UA - Prospecting - Broad | Android | LATAM | UGC,48,155.25,682.32
2025-10-12,FB-100182,UA - Prospecting - Broad | Android | APAC | UGC,153,339.45,1783.13
2025-10-12,FB-100183,UA - Lookalike - 1% | Android | EU | Static,119,488.07,2515.51
2025-10-12,FB-100184,UA - Lookalike - 5% | Android | EU | Video,160,632.61,2841.05
2025-10-12,FB-100185,UA - Lookalike - 5% | Android | MENA | UGC,91,203.44,949.05
2025-10-12,FB-100186,UA - Lookalike - 5% | iOS | LATAM | Playables,96,342.12,1776.97
2025-10-12,FB-100187,UA - Prospecting - Broad | iOS | MENA | Playables,39,109.58,497.49
2025-10-12,FB-100188,UA - Lookalike - 1% | Android | EU | Static,82,231.89,1028.66
2025-10-12,FB-100189,UA - Retargeting - Value | Android | EU | Static,81,279.77,1545.45
2025-10-12,FB-100190,UA - Lookalike - 5% | Android | EU | Video,287,1027.37,4229.68
2025-10-12,FB-100191,UA - Lookalike - 1% | iOS | MENA | UGC,65,287.09,1206.93
2025-10-12,FB-100192,UA - Lookalike - 1% | Android | EU | Carousel,41,108.94,376.71
2025-10-12,FB-100193,UA - Lookalike - 1% | iOS | US | Static,38,161.23,845.33
2025-10-12,FB-100194,UA - Retargeting - Value | Android | APAC | Video,35,128.1,768.6
2025-10-12,FB-100195,UA - Prospecting - Broad | Android | LATAM | Static,71,214.8,1118.89
2025-10-12,FB-100196,UA - Lookalike - 1% | Android | EU | Carousel,119,329.92,1761.44
2025-10-12,FB-100197,UA - Lookalike - 1% | iOS | US | UGC,36,108.23,413.55
2025-10-12,FB-100198,UA - Lookalike - 5% | iOS | LATAM | Playables,20,58.35,230.02
2025-10-12,FB-100199,UA - Prospecting - Broad | iOS | US | Playables,12,56.2,242.78
2025-10-12,FB-100200,UA - Lookalike - 1% | iOS | LATAM | Playables,75,325.67,1034.0
2025-10-12,FB-100201,UA - Prospecting - Broad | Android | US | Static,34,132.69,477.68
2025-10-12,FB-100202,UA - Retargeting - Value | iOS | MENA | Video,97,415.83,2494.98
2025-10-12,FB-100203,UA - Lookalike - 1% | iOS | MENA | UGC,18,61.18,324.87
2025-10-12,FB-100204,UA - Lookalike - 5% | Android | MENA | UGC,73,240.98,1175.02
2025-10-12,FB-100205,UA - Lookalike - 5% | Android | APAC | Carousel,117,303.79,1573.94
2025-10-12,FB-100206,UA - Retargeting - Value | iOS | LATAM | Video,5,21.69,87.54
2025-10-12,FB-100207,UA - Lookalike - 1% | iOS | APAC | UGC,142,581.62,3062.23
2025-10-12,FB-100208,UA - Lookalike - 5% | iOS | MENA | Video,110,363.3,1300.25
2025-10-12,FB-100209,UA - Lookalike - 1% | Android | LATAM | Carousel,76,156.36,714.72
2025-10-12,FB-100210,UA - Prospecting - Broad | Android | APAC | Playables,20,68.2,269.59
2025-10-12,FB-100211,UA - Retargeting - Value | iOS | APAC | Video,28,106.26,581.56
2025-10-12,FB-100212,UA - Lookalike - 5% | iOS | MENA | UGC,90,376.33,2060.41
2025-10-12,FB-100213,UA - Retargeting - Value | Android | EU | Carousel,16,73.44,440.64
2025-10-12,FB-100214,UA - Prospecting - Broad | iOS | APAC | UGC,23,97.28,342.81
2025-10-12,FB-100215,UA - Retargeting - Value | Android | MENA | Static,45,170.82,1024.92
2025-10-12,FB-100216,UA - Lookalike - 5% | iOS | MENA | Video,102,365.49,1702.82
2025-10-12,FB-100217,UA - Lookalike - 5% | Android | EU | Video,111,495.4,2380.89
2025-10-12,FB-100218,UA - Lookalike - 1% | Android | EU | UGC,103,457.31,2465.36
2025-10-12,FB-100219,UA - Lookalike - 5% | iOS | APAC | UGC,62,187.98,861.51
2025-10-12,FB-100220,UA - Retargeting - Value | Android | APAC | Playables,79,357.98,1587.28
2025-10-12,FB-100221,UA - Retargeting - Value | iOS | EU | Playables,46,218.47,1263.85
2025-10-12,FB-100222,UA - Lookalike - 1% | Android | LATAM | UGC,114,241.89,801.87
2025-10-12,FB-100223,UA - Lookalike - 1% | iOS | US | Carousel,88,360.93,1819.09
2025-10-12,FB-100224,UA - Lookalike - 5% | iOS | EU | UGC,76,338.47,1144.37
2025-10-12,FB-100225,UA - Lookalike - 5% | iOS | LATAM | Playables,25,101.99,480.37
2025-10-12,FB-100226,UA - Retargeting - Value | iOS | LATAM | Static,117,404.59,2100.63
2025-10-12,FB-100227,UA - Prospecting - Broad | iOS | EU | UGC,15,57.64,285.95
2025-10-12,FB-100228,UA - Lookalike - 5% | iOS | APAC | UGC,93,296.34,1340.05
2025-10-12,FB-100229,UA - Retargeting - Value | Android | APAC | Video,63,206.58,1172.96
2025-10-12,FB-100230,UA - Prospecting - Broad | iOS | US | UGC,43,143.02,623.71
2025-10-12,FB-100231,UA - Lookalike - 5% | iOS | US | Static,98,296.07,1516.77
2025-10-12,FB-100232,UA - Lookalike - 1% | Android | US | UGC,139,581.53,3138.52
2025-10-12,FB-100233,UA - Prospecting - Broad | iOS | MENA | UGC,34,125.44,441.05
2025-10-12,FB-100234,UA - Lookalike - 1% | iOS | MENA | UGC,56,217.71,784.41
2025-10-12,FB-100235,UA - Prospecting - Broad | iOS | MENA | Video,177,635.18,2298.72
2025-10-12,FB-100236,UA - Prospecting - Broad | Android | LATAM | Static,46,141.76,431.23
2025-10-12,FB-100237,UA - Lookalike - 5% | iOS | US | Video,33,152.33,581.14
2025-10-12,FB-100238,UA - Prospecting - Broad | Android | LATAM | Video,65,259.74,1380.52
2025-10-12,FB-100239,UA - Lookalike - 1% | iOS | US | Carousel,77,372.14,1737.52
2025-10-12,FB-100240,UA - Retargeting - Value | iOS | APAC | Static,23,75.92,368.74
2025-10-12,FB-100241,UA - Retargeting - Value | iOS | MENA | Static,144,672.49,2829.17
2025-10-12,FB-100242,UA - Lookalike - 5% | Android | US | Playables,117,344.97,1332.27
2025-10-12,FB-100243,UA - Retargeting - Value | Android | APAC | Playables,35,121.94,731.64
2025-10-12,FB-100244,UA - Lookalike - 5% | Android | APAC | Carousel,235,826.87,3295.9
2025-10-12,FB-100245,UA - Lookalike - 1% | iOS | US | UGC,81,257.99,1310.85
2025-10-12,FB-100246,UA - Lookalike - 1% | Android | US | UGC,82,337.32,1126.31
2025-10-12,FB-100247,UA - Lookalike - 5% | iOS | APAC | Carousel,152,387.81,1871.96
2025-10-12,FB-100248,UA - Lookalike - 5% | iOS | EU | UGC,26,86.96,464.63
2025-10-12,FB-100249,UA - Lookalike - 1% | Android | EU | UGC,80,201.54,958.52
2025-10-12,FB-100250,UA - Lookalike - 5% | iOS | LATAM | Video,33,120.51,388.77
2025-10-12,FB-100251,UA - Prospecting - Broad | iOS | US | Playables,36,159.73,742.74
2025-10-12,FB-100252,UA - Lookalike - 1% | iOS | LATAM | Static,17,58.77,310.48
2025-10-12,FB-100253,UA - Lookalike - 1% | Android | EU | Playables,107,337.03,1353.85
2025-10-12,FB-100254,UA - Lookalike - 1% | Android | US | Video,60,238.92,1152.79
2025-10-12,FB-100255,UA - Lookalike - 1% | iOS | US | Playables,105,357.45,1609.24
2025-10-12,FB-100256,UA - Lookalike - 1% | Android | US | Carousel,58,202.25,753.58
2025-10-12,FB-100257,UA - Retargeting - Value | iOS | EU | Static,6,29.93,179.58
2025-10-12,FB-100258,UA - Lookalike - 1% | iOS | MENA | Playables,65,235.37,801.91
2025-10-12,FB-100259,UA - Lookalike - 1% | Android | LATAM | UGC,68,232.75,1034.81
2025-10-12,FB-100260,UA - Prospecting - Broad | iOS | US | UGC,55,228.33,1021.78
2025-10-12,FB-100261,UA - Lookalike - 1% | Android | EU | UGC,45,199.28,960.13
2025-10-12,FB-100262,UA - Lookalike - 1% | Android | APAC | Video,117,327.3,1026.09
2025-10-12,FB-100263,UA - Lookalike - 1% | Android | APAC | Carousel,103,393.73,1265.05
2025-10-12,FB-100264,UA - Retargeting - Value | iOS | LATAM | Video,50,241.82,1256.98
2025-10-12,FB-100265,UA - Lookalike - 1% | iOS | US | Playables,9,30.71,104.32
2025-10-12,FB-100266,UA - Lookalike - 1% | Android | US | UGC,90,397.47,1268.72
2025-10-12,FB-100267,UA - Prospecting - Broad | iOS | US | Static,20,88.62,366.36
2025-10-12,FB-100268,UA - Prospecting - Broad | Android | LATAM | UGC,40,110.18,536.14
2025-10-12,FB-100269,UA - Retargeting - Value | Android | EU | Playables,9,40.81,237.51
2025-10-12,FB-100270,UA - Lookalike - 5% | iOS | APAC | Carousel,62,240.57,986.1
2025-10-12,FB-100271,UA - Lookalike - 5% | Android | APAC | Video,127,409.46,2108.31
2025-10-12,FB-100272,UA - Lookalike - 1% | iOS | LATAM | Video,80,264.42,1188.04
2025-10-12,FB-100273,UA - Retargeting - Value | Android | APAC | UGC,108,451.59,2709.54
2025-10-12,FB-100274,UA - Lookalike - 1% | iOS | US | Carousel,58,268.98,1332.26
2025-10-12,FB-100275,UA - Retargeting - Value | Android | APAC | Carousel,48,185.71,834.77
2025-10-12,FB-100276,UA - Retargeting - Value | Android | APAC | Video,70,301.46,1426.81
2025-10-12,FB-100277,UA - Retargeting - Value | Android | US | Carousel,89,445.04,1970.64
2025-10-12,FB-100278,UA - Prospecting - Broad | Android | MENA | Static,12,45.34,239.53
2025-10-12,FB-100279,UA - Retargeting - Value | Android | MENA | Static,66,279.54,1366.95
2025-10-12,FB-100280,UA - Prospecting - Broad | iOS | EU | Playables,75,228.59,808.52
2025-10-12,FB-100281,UA - Lookalike - 1% | iOS | EU | Static,81,323.29,1423.12
2025-10-12,FB-100282,UA - Retargeting - Value | Android | US | Video,34,175.29,934.3
2025-10-12,FB-100283,UA - Lookalike - 1% | Android | LATAM | Static,83,252.14,1016.88
2025-10-12,FB-100284,UA - Prospecting - Broad | Android | EU | Carousel,96,284.33,1398.05
2025-10-12,FB-100285,UA - Prospecting - Broad | Android | APAC | Playables,15,56.71,251.68
2025-10-12,FB-100286,UA - Lookalike - 1% | Android | APAC | UGC,24,83.97,308.42
2025-10-12,FB-100287,UA - Retargeting - Value | Android | APAC | Playables,42,141.67,642.47
2025-10-12,FB-100288,UA - Lookalike - 5% | Android | MENA | Carousel,38,78.36,273.95
2025-10-12,FB-100289,UA - Lookalike - 5% | Android | US | UGC,101,403.67,2000.99
2025-10-12,FB-100290,UA - Lookalike - 5% | iOS | US | UGC,65,246.77,1338.48
2025-10-12,FB-100291,UA - Retargeting - Value | Android | US | Carousel,83,430.93,2585.58
2025-10-12,FB-100292,UA - Lookalike - 1% | Android | EU | Carousel,48,146.18,689.24
2025-10-12,FB-100293,UA - Lookalike - 1% | iOS | MENA | Playables,64,260.86,801.36
2025-10-12,FB-100294,UA - Lookalike - 5% | iOS | MENA | Playables,41,114.98,567.89
2025-10-12,FB-100295,UA - Retargeting - Value | Android | US | Playables,68,344.37,1968.76
2025-10-12,FB-100296,UA - Lookalike - 5% | iOS | APAC | Static,98,321.56,1391.07
2025-10-12,FB-100297,UA - Lookalike - 5% | iOS | APAC | UGC,74,233.08,1095.01
2025-10-12,FB-100298,UA - Lookalike - 1% | Android | LATAM | UGC,53,115.02,541.4
2025-10-12,FB-100299,UA - Lookalike - 5% | iOS | LATAM | Static,53,217.68,1083.39
2025-10-12,FB-100300,UA - Prospecting - Broad | Android | US | Video,202,732.03,2541.61
2025-10-12,FB-100301,UA - Retargeting - Value | iOS | US | Carousel,27,123.93,743.58
2025-10-12,FB-100302,UA - Lookalike - 1% | Android | MENA | Playables,174,411.07,2214.43
2025-10-12,FB-100303,UA - Lookalike - 5% | Android | APAC | Carousel,55,142.31,724.07
2025-10-12,FB-100304,UA - Lookalike - 1% | Android | LATAM | Playables,268,605.92,2337.03
2025-10-12,FB-100305,UA - Retargeting - Value | iOS | US | Playables,18,94.23,565.38
2025-10-12,FB-100306,UA - Prospecting - Broad | Android | APAC | Static,99,329.13,1221.4
2025-10-12,FB-100307,UA - Prospecting - Broad | iOS | MENA | Carousel,27,111.57,533.19
2025-10-12,FB-100308,UA - Lookalike - 5% | iOS | MENA | Static,35,93.88,505.92
2025-10-12,FB-100309,UA - Prospecting - Broad | Android | MENA | Carousel,67,263.44,858.55
2025-10-12,FB-100310,UA - Lookalike - 1% | Android | LATAM | Carousel,71,246.86,765.76
2025-10-12,FB-100311,UA - Retargeting - Value | iOS | US | Static,21,102.25,432.01
2025-10-12,FB-100312,UA - Prospecting - Broad | iOS | US | Static,118,427.96,1659.2
2025-10-12,FB-100313,UA - Lookalike - 5% | Android | MENA | Static,79,259.1,1090.29
2025-10-12,FB-100314,UA - Retargeting - Value | iOS | APAC | Carousel,40,174.38,985.07
2025-10-12,FB-100315,UA - Prospecting - Broad | iOS | LATAM | Carousel,24,90.59,487.01
2025-10-12,FB-100316,UA - Prospecting - Broad | Android | EU | Static,46,120.96,521.58
2025-10-12,FB-100317,UA - Lookalike - 5% | Android | LATAM | UGC,64,229.17,846.55
2025-10-12,FB-100318,UA - Lookalike - 5% | iOS | MENA | UGC,63,167.08,891.04
2025-10-12,FB-100319,UA - Prospecting - Broad | iOS | EU | Playables,35,174.95,899.42
2025-10-12,FB-100320,UA - Lookalike - 1% | iOS | APAC | Video,36,152.87,645.72
2025-10-12,FB-100321,UA - Prospecting - Broad | iOS | MENA | Carousel,178,750.45,3686.96
2025-10-12,FB-100322,UA - Prospecting - Broad | Android | APAC | Playables,79,264.6,1436.25
2025-10-12,FB-100323,UA - Retargeting - Value | Android | EU | Carousel,40,139.68,610.12
2025-10-12,FB-100324,UA - Lookalike - 1% | Android | LATAM | Carousel,74,270.59,1184.37
2025-10-12,FB-100325,UA - Lookalike - 5% | Android | US | UGC,93,243.73,980.53
2025-10-12,FB-100326,UA - Retargeting - Value | Android | EU | UGC,18,78.27,355.19
2025-10-12,FB-100327,UA - Prospecting - Broad | iOS | US | UGC,68,258.74,1310.0
2025-10-12,FB-100328,UA - Prospecting - Broad | iOS | US | UGC,5,22.45,67.89
2025-10-12,FB-100329,UA - Lookalike - 5% | iOS | MENA | UGC,124,511.07,2156.2
2025-10-12,FB-100330,UA - Lookalike - 5% | iOS | LATAM | Video,127,427.9,2147.63
2025-10-12,FB-100331,UA - Lookalike - 5% | Android | LATAM | Static,67,234.83,725.16
2025-10-12,FB-100332,UA - Prospecting - Broad | iOS | US | UGC,89,390.1,1649.73
2025-10-12,FB-100333,UA - Lookalike - 5% | Android | APAC | Playables,59,190.65,737.62
2025-10-12,FB-100334,UA - Lookalike - 1% | Android | APAC | Carousel,122,276.51,1154.98
2025-10-12,FB-100335,UA - Prospecting - Broad | Android | LATAM | Static,48,144.21,593.71
2025-10-12,FB-100336,UA - Retargeting - Value | Android | MENA | Playables,45,151.41,895.14
2025-10-12,FB-100337,UA - Retargeting - Value | iOS | LATAM | Static,34,152.08,912.48
2025-10-12,FB-100338,UA - Retargeting - Value | Android | EU | Carousel,97,500.14,2464.69
2025-10-12,FB-100339,UA - Prospecting - Broad | Android | MENA | Static,79,163.21,894.88
2025-10-12,FB-100340,UA - Lookalike - 5% | Android | APAC | UGC,97,277.94,1072.01
2025-10-12,FB-100341,UA - Lookalike - 5% | iOS | LATAM | Static,34,93.31,359.8
2025-10-12,FB-100342,UA - Lookalike - 1% | Android | APAC | UGC,28,76.06,387.6
2025-10-12,FB-100343,UA - Lookalike - 1% | iOS | MENA | Video,65,189.65,633.43
2025-10-12,FB-100344,UA - Lookalike - 5% | Android | LATAM | UGC,93,215.64,1157.12
2025-10-12,FB-100345,UA - Lookalike - 1% | Android | US | Carousel,162,668.64,2837.04
2025-10-12,FB-100346,UA - Lookalike - 5% | Android | US | Playables,73,251.35,1235.89
2025-10-12,FB-100347,UA - Prospecting - Broad | iOS | MENA | Playables,16,49.99,231.8
2025-10-12,FB-100348,UA - Lookalike - 1% | iOS | MENA | Static,32,136.76,477.57
2025-10-12,FB-100349,UA - Prospecting - Broad | iOS | MENA | Static,108,385.21,1509.25
2025-10-12,GG-200000,Search - Brand - Exact | iOS | US | Carousel,26,78.66,288.05
2025-10-12,GG-200001,UAC - Value | Android | US | Static,75,299.5,1797.0
2025-10-12,GG-200002,Search - Non-Brand - Broad | iOS | MENA | Playables,40,152.2,527.37
2025-10-12,GG-200003,UAC - Value | iOS | LATAM | Carousel,54,250.14,1060.59
2025-10-12,GG-200004,Search - Brand - Exact | iOS | LATAM | Playables,41,104.97,316.59
2025-10-12,GG-200005,Search - Brand - Exact | iOS | US | Carousel,21,103.67,370.31
2025-10-12,GG-200006,Search - Non-Brand - Broad | iOS | LATAM | Carousel,24,90.51,355.7
2025-10-12,GG-200007,Search - Non-Brand - Broad | iOS | US | Playables,49,236.8,989.82
2025-10-12,GG-200008,Search - Non-Brand - Broad | iOS | LATAM | UGC,26,91.51,402.09
2025-10-12,GG-200009,UAC - Value | Android | LATAM | Playables,92,267.85,1529.96
2025-10-12,GG-200010,Search - Brand - Exact | iOS | EU | Playables,90,342.86,1432.47
2025-10-12,GG-200011,Search - Brand - Exact | iOS | MENA | Carousel,18,60.03,164.12
2025-10-12,GG-200012,Search - Non-Brand - Broad | iOS | LATAM | Static,26,102.66,279.54
2025-10-12,GG-200013,Search - Non-Brand - Broad | iOS | APAC | Static,67,282.27,974.68
2025-10-12,GG-200014,UAC - Installs | Android | EU | Video,208,605.65,2841.71
2025-10-12,GG-200015,Search - Brand - Exact | Android | MENA | Playables,52,166.03,418.06
2025-10-12,GG-200016,UAC - Value | iOS | MENA | Static,85,387.24,1741.03
2025-10-12,GG-200017,Search - Non-Brand - Broad | Android | EU | Static,34,135.21,368.85
2025-10-12,GG-200018,UAC - Installs | iOS | US | UGC,92,401.65,2181.76
2025-10-12,GG-200019,UAC - Installs | Android | APAC | Playables,80,272.72,944.97
2025-10-12,GG-200020,Search - Non-Brand - Broad | iOS | EU | Playables,87,272.36,1135.47
2025-10-12,GG-200021,UAC - Installs | iOS | APAC | Static,36,111.77,480.39
2025-10-12,GG-200022,UAC - Value | iOS | APAC | Carousel,42,171.22,815.18
2025-10-12,GG-200023,Search - Non-Brand - Broad | iOS | EU | Static,109,477.61,1987.34
2025-10-12,GG-200024,UAC - Installs | iOS | US | UGC,68,211.93,1068.13
2025-10-12,GG-200025,UAC - Installs | Android | MENA | Video,143,369.7,1975.68
2025-10-12,GG-200026,UAC - Value | Android | EU | Carousel,73,308.91,1426.24
2025-10-12,GG-200027,Search - Non-Brand - Broad | Android | APAC | Video,31,118.68,531.92
2025-10-12,GG-200028,UAC - Value | iOS | LATAM | Video,102,491.93,2951.58
2025-10-12,GG-200029,UAC - Installs | Android | APAC | Playables,48,133.34,514.96
2025-10-12,GG-200030,UAC - Installs | Android | APAC | Video,156,340.25,1470.56
2025-10-12,GG-200031,Search - Brand - Exact | Android | US | Carousel,105,433.71,1468.98
2025-10-12,GG-200032,Search - Brand - Exact | iOS | EU | Static,11,40.11,115.28
2025-10-12,GG-200033,UAC - Value | iOS | APAC | Static,57,229.7,1144.6
2025-10-12,GG-200034,Search - Brand - Exact | iOS | MENA | Video,33,99.08,348.17
2025-10-12,GG-200035,Search - Non-Brand - Broad | Android | LATAM | Static,23,62.36,160.89
2025-10-12,GG-200036,Search - Non-Brand - Broad | iOS | US | Carousel,17,65.27,210.63
2025-10-12,GG-200037,Search - Non-Brand - Broad | iOS | US | Video,68,268.87,846.67
2025-10-12,GG-200038,Search - Brand - Exact | iOS | MENA | UGC,75,199.66,587.8
2025-10-12,GG-200039,Search - Brand - Exact | Android | APAC | Playables,144,523.05,1837.47
2025-10-12,GG-200040,UAC - Value | Android | EU | Carousel,165,746.94,4481.64
2025-10-12,GG-200041,Search - Non-Brand - Broad | Android | MENA | Carousel,38,121.77,369.82
2025-10-12,GG-200042,UAC - Installs | iOS | EU | Video,51,175.79,665.19
2025-10-12,GG-200043,Search - Brand - Exact | Android | MENA | Playables,57,203.54,754.12
2025-10-12,GG-200044,UAC - Value | iOS | APAC | Video,95,462.77,2776.62
2025-10-12,GG-200045,UAC - Installs | iOS | LATAM | Video,86,281.18,1486.32
2025-10-12,GG-200046,Search - Brand - Exact | Android | LATAM | Static,46,149.54,644.52
2025-10-12,GG-200047,UAC - Installs | iOS | EU | Video,24,111.02,557.99
2025-10-12,GG-200048,UAC - Value | iOS | EU | UGC,112,530.31,2761.85
2025-10-12,GG-200049,UAC - Value | Android | EU | Video,301,1490.37,8596.45
2025-10-12,GG-200050,Search - Brand - Exact | Android | LATAM | Static,122,485.38,1234.32
2025-10-12,GG-200051,UAC - Installs | Android | US | Carousel,75,331.93,1178.35
2025-10-12,GG-200052,UAC - Installs | iOS | MENA | UGC,53,192.13,1028.86
2025-10-12,GG-200053,UAC - Installs | Android | EU | Carousel,161,668.75,2805.41
2025-10-12,GG-200054,Search - Brand - Exact | Android | LATAM | Carousel,42,144.17,452.26
2025-10-12,GG-200055,UAC - Value | iOS | APAC | UGC,17,87.46,389.46
2025-10-12,GG-200056,UAC - Value | iOS | LATAM | Static,21,84.56,507.36
2025-10-12,GG-200057,UAC - Installs | iOS | LATAM | Playables,127,360.17,1186.76
2025-10-12,GG-200058,UAC - Value | Android | APAC | Video,30,134.31,775.77
2025-10-12,GG-200059,UAC - Installs | Android | MENA | Carousel,226,552.19,1738.29
2025-10-12,GG-200060,UAC - Installs | Android | US | Carousel,136,356.2,1770.31
2025-10-12,GG-200061,UAC - Value | iOS | APAC | Playables,148,608.41,3434.47
2025-10-12,GG-200062,UAC - Value | Android | APAC | Carousel,63,222.0,947.72
2025-10-12,GG-200063,UAC - Value | Android | LATAM | Playables,95,267.11,1177.42
2025-10-12,GG-200064,UAC - Value | iOS | US | Video,125,665.25,3951.59
2025-10-12,GG-200065,Search - Brand - Exact | iOS | MENA | Static,107,427.39,1930.95
2025-10-12,GG-200066,Search - Brand - Exact | Android | MENA | UGC,99,205.55,911.82
2025-10-12,GG-200067,UAC - Installs | Android | US | Static,90,326.89,1268.66
2025-10-12,GG-200068,Search - Brand - Exact | iOS | APAC | Playables,45,157.63,557.22
2025-10-12,GG-200069,UAC - Installs | Android | APAC | Carousel,65,207.23,735.87
2025-10-12,GG-200070,Search - Non-Brand - Broad | iOS | US | Playables,17,71.69,228.33
2025-10-12,GG-200071,UAC - Installs | iOS | APAC | Carousel,70,225.27,1199.56
2025-10-12,GG-200072,Search - Non-Brand - Broad | Android | US | Video,56,199.77,726.16
2025-10-12,GG-200073,Search - Brand - Exact | iOS | MENA | UGC,86,248.58,680.86
2025-10-12,GG-200074,Search - Non-Brand - Broad | iOS | LATAM | UGC,123,550.86,2303.15
2025-10-12,GG-200075,Search - Brand - Exact | iOS | APAC | Static,31,137.4,673.95
2025-10-12,GG-200076,Search - Non-Brand - Broad | Android | US | UGC,22,61.03,262.31
2025-10-12,GG-200077,UAC - Installs | iOS | US | Carousel,93,302.71,1519.6
2025-10-12,GG-200078,UAC - Installs | Android | MENA | Playables,135,282.41,1126.82
2025-10-12,GG-200079,UAC - Installs | iOS | EU | Static,149,535.01,1816.36
2025-10-12,GG-200080,Search - Non-Brand - Broad | Android | US | Static,57,179.24,570.7
2025-10-12,GG-200081,UAC - Installs | Android | APAC | Video,106,388.2,1165.38
2025-10-12,GG-200082,Search - Non-Brand - Broad | iOS | APAC | Playables,37,105.8,360.25
2025-10-12,GG-200083,UAC - Value | Android | US | Carousel,218,1104.48,6626.88
2025-10-12,GG-200084,UAC - Value | iOS | MENA | UGC,46,151.03,835.5
2025-10-12,GG-200085,Search - Brand - Exact | Android | EU | Carousel,151,415.82,1785.95
2025-10-12,GG-200086,UAC - Installs | iOS | APAC | Playables,213,911.26,3249.55
2025-10-12,GG-200087,Search - Non-Brand - Broad | Android | MENA | Playables,82,176.32,820.77
2025-10-12,GG-200088,Search - Brand - Exact | Android | APAC | Playables,67,248.99,1046.26
2025-10-12,GG-200089,UAC - Installs | Android | MENA | Static,94,216.42,1122.14
2025-10-12,GG-200090,Search - Non-Brand - Broad | Android | EU | Carousel,100,293.4,1190.32
2025-10-12,GG-200091,Search - Brand - Exact | iOS | MENA | Carousel,66,179.39,455.47
2025-10-12,GG-200092,UAC - Installs | iOS | EU | Playables,108,538.57,2314.77
2025-10-12,GG-200093,Search - Brand - Exact | Android | LATAM | Playables,103,280.49,1033.33
2025-10-12,GG-200094,Search - Non-Brand - Broad | Android | MENA | Playables,135,351.13,1336.75
2025-10-12,GG-200095,UAC - Installs | Android | MENA | Playables,139,452.15,1711.84
2025-10-12,GG-200096,Search - Brand - Exact | Android | US | Video,37,164.28,689.81
2025-10-12,GG-200097,UAC - Value | iOS | EU | Playables,139,591.24,2905.35
2025-10-12,GG-200098,UAC - Installs | Android | APAC | Playables,49,136.88,559.57
2025-10-12,GG-200099,UAC - Value | iOS | APAC | Static,124,643.52,3055.43
2025-10-12,GG-200100,Search - Brand - Exact | iOS | APAC | Video,20,62.54,167.67
2025-10-12,GG-200101,UAC - Value | Android | APAC | UGC,114,451.26,1921.01
2025-10-12,GG-200102,Search - Non-Brand - Broad | iOS | EU | Carousel,55,197.51,937.38
2025-10-12,GG-200103,UAC - Value | iOS | LATAM | Carousel,28,136.87,552.68
2025-10-12,GG-200104,Search - Brand - Exact | Android | LATAM | Playables,52,200.86,679.11
2025-10-12,GG-200105,Search - Brand - Exact | iOS | EU | UGC,32,146.92,679.65
2025-10-12,GG-200106,Search - Non-Brand - Broad | iOS | APAC | Static,103,419.31,2026.11
2025-10-12,GG-200107,UAC - Value | Android | US | Carousel,102,336.63,1384.9
2025-10-12,GG-200108,UAC - Installs | iOS | EU | Static,96,424.6,2018.12
2025-10-12,GG-200109,UAC - Value | iOS | EU | Static,239,1146.48,4850.76
2025-10-12,GG-200110,UAC - Value | iOS | APAC | Carousel,132,459.52,2496.11
2025-10-12,GG-200111,UAC - Value | Android | US | UGC,56,284.85,1506.0
2025-10-12,GG-200112,UAC - Installs | Android | EU | Playables,92,260.8,931.84
2025-10-12,GG-200113,UAC - Value | Android | US | Carousel,91,298.26,1528.88
2025-10-12,GG-200114,Search - Brand - Exact | iOS | LATAM | Playables,57,233.42,907.77
2025-10-12,GG-200115,UAC - Installs | Android | APAC | Static,52,151.74,539.13
2025-10-12,GG-200116,Search - Brand - Exact | iOS | APAC | Carousel,15,50.98,250.11
2025-10-12,GG-200117,Search - Non-Brand - Broad | iOS | US | Playables,53,250.74,740.18
2025-10-12,GG-200118,Search - Brand - Exact | iOS | MENA | Carousel,17,56.62,277.21
2025-10-12,GG-200119,UAC - Installs | iOS | MENA | UGC,37,124.07,591.94
2025-10-12,GG-200120,UAC - Value | Android | EU | Video,200,884.5,5307.0
2025-10-12,GG-200121,UAC - Installs | iOS | LATAM | Playables,81,309.44,1235.59
2025-10-12,GG-200122,UAC - Value | Android | EU | Playables,193,729.39,4376.34
2025-10-12,GG-200123,Search - Non-Brand - Broad | Android | US | Video,52,139.52,685.88
2025-10-12,GG-200124,UAC - Value | iOS | APAC | Playables,50,174.34,1046.04
2025-10-12,GG-200125,Search - Non-Brand - Broad | Android | MENA | Playables,37,126.36,412.82
2025-10-12,GG-200126,Search - Non-Brand - Broad | iOS | MENA | Carousel,71,275.38,1188.82
2025-10-12,GG-200127,UAC - Installs | iOS | MENA | Carousel,60,246.78,1178.13
2025-10-12,GG-200128,UAC - Value | iOS | MENA | Carousel,52,179.86,1062.61
2025-10-12,GG-200129,Search - Brand - Exact | Android | LATAM | Carousel,43,101.24,354.24
2025-10-12,GG-200130,Search - Brand - Exact | iOS | MENA | Carousel,26,68.74,315.1
2025-10-12,GG-200131,Search - Non-Brand - Broad | iOS | LATAM | Playables,73,233.02,1033.68
2025-10-12,GG-200132,Search - Non-Brand - Broad | Android | MENA | UGC,52,155.11,438.34
2025-10-12,GG-200133,Search - Brand - Exact | iOS | EU | Static,42,160.11,545.65
2025-10-12,GG-200134,UAC - Value | Android | EU | Video,82,266.53,1254.82
2025-10-12,GG-200135,UAC - Value | iOS | APAC | Static,101,481.4,2240.44
2025-10-12,GG-200136,UAC - Value | Android | APAC | Playables,89,410.96,2442.34
2025-10-12,GG-200137,Search - Non-Brand - Broad | Android | EU | Playables,76,237.4,966.69
2025-10-12,GG-200138,UAC - Value | iOS | APAC | Playables,218,996.91,4054.43
2025-10-12,GG-200139,UAC - Installs | iOS | EU | UGC,56,211.36,730.04
2025-10-12,GG-200140,UAC - Value | iOS | LATAM | Playables,141,580.17,2645.0
2025-10-12,GG-200141,UAC - Installs | Android | EU | Carousel,126,425.59,1445.3
2025-10-12,GG-200142,Search - Non-Brand - Broad | Android | LATAM | Carousel,115,313.24,1317.17
2025-10-12,GG-200143,UAC - Installs | iOS | LATAM | UGC,209,572.05,2690.35
2025-10-12,GG-200144,UAC - Value | iOS | LATAM | Video,112,404.97,2429.82
2025-10-12,GG-200145,UAC - Installs | iOS | LATAM | Static,161,533.33,2335.99
2025-10-12,GG-200146,UAC - Installs | Android | LATAM | Video,52,139.67,630.19
2025-10-12,GG-200147,Search - Non-Brand - Broad | iOS | LATAM | UGC,27,114.05,518.36
2025-10-12,GG-200148,UAC - Installs | Android | MENA | Carousel,85,216.55,1128.01
2025-10-12,GG-200149,Search - Non-Brand - Broad | Android | US | Playables,16,55.77,198.6
2025-10-12,GG-200150,Search - Non-Brand - Broad | Android | US | Playables,111,392.55,1625.16
2025-10-12,GG-200151,UAC - Value | Android | US | Video,72,374.03,2192.19
2025-10-12,GG-200152,Search - Non-Brand - Broad | iOS | APAC | Video,60,253.63,1044.7
2025-10-12,GG-200153,UAC - Value | Android | MENA | Static,158,574.39,2541.1
2025-10-12,GG-200154,UAC - Installs | iOS | APAC | Static,63,268.19,1234.75
2025-10-12,GG-200155,Search - Brand - Exact | iOS | LATAM | Video,17,54.38,211.27
2025-10-12,GG-200156,Search - Non-Brand - Broad | Android | MENA | Video,70,242.12,830.47
2025-10-12,GG-200157,UAC - Value | iOS | EU | Video,86,392.52,1942.58
2025-10-12,GG-200158,Search - Brand - Exact | iOS | EU | Carousel,113,442.64,1167.68
2025-10-12,GG-200159,Search - Brand - Exact | Android | LATAM | Playables,61,169.13,497.58
2025-10-12,GG-200160,UAC - Value | iOS | LATAM | UGC,104,422.78,2236.93
2025-10-12,GG-200161,UAC - Installs | Android | MENA | UGC,167,631.54,3354.11
2025-10-12,GG-200162,Search - Non-Brand - Broad | Android | US | Carousel,39,164.87,719.49
2025-10-12,GG-200163,Search - Brand - Exact | iOS | LATAM | Static,66,190.94,851.4
2025-10-12,GG-200164,Search - Non-Brand - Broad | iOS | LATAM | Playables,14,51.12,232.34
2025-10-12,GG-200165,UAC - Value | Android | MENA | UGC,41,148.52,773.34
2025-10-12,GG-200166,Search - Brand - Exact | iOS | US | UGC,22,92.04,336.31
2025-10-12,GG-200167,UAC - Installs | Android | EU | UGC,126,532.49,1626.22
2025-10-12,GG-200168,UAC - Value | Android | US | Carousel,231,1188.03,6320.32
2025-10-12,GG-200169,UAC - Installs | Android | APAC | Carousel,153,510.62,2512.76
2025-10-12,GG-200170,Search - Brand - Exact | iOS | MENA | Playables,39,134.19,480.67
2025-10-12,GG-200171,Search - Brand - Exact | iOS | LATAM | Static,39,139.76,678.67
2025-10-12,GG-200172,Search - Non-Brand - Broad | Android | APAC | Carousel,110,345.4,973.34
2025-10-12,GG-200173,Search - Brand - Exact | iOS | MENA | Carousel,44,194.96,955.3
2025-10-12,GG-200174,Search - Non-Brand - Broad | iOS | LATAM | Playables,58,196.72,656.26
2025-10-12,GG-200175,Search - Non-Brand - Broad | Android | EU | UGC,46,184.78,752.05
2025-10-12,GG-200176,UAC - Value | iOS | MENA | Carousel,115,487.82,2926.92
2025-10-12,GG-200177,Search - Non-Brand - Broad | iOS | MENA | Static,29,103.29,327.64
2025-10-12,GG-200178,UAC - Installs | Android | MENA | UGC,217,621.86,3211.91
2025-10-12,GG-200179,Search - Brand - Exact | Android | MENA | Video,27,68.16,192.42
2025-10-12,GG-200180,Search - Non-Brand - Broad | Android | MENA | Playables,35,105.42,472.28
2025-10-12,GG-200181,UAC - Value | Android | LATAM | Playables,144,419.82,2196.08
2025-10-12,GG-200182,UAC - Value | Android | EU | Playables,55,183.33,990.9
2025-10-12,GG-200183,Search - Brand - Exact | Android | MENA | UGC,73,175.19,519.44
2025-10-12,GG-200184,UAC - Value | iOS | EU | Playables,139,564.2,3130.18
2025-10-12,GG-200185,UAC - Value | iOS | MENA | Video,82,416.08,1703.43
2025-10-12,GG-200186,UAC - Installs | iOS | US | UGC,145,609.12,3185.09
2025-10-12,GG-200187,Search - Brand - Exact | Android | EU | Playables,226,1003.01,4960.89
2025-10-12,GG-200188,Search - Brand - Exact | Android | APAC | Carousel,80,169.62,500.38
2025-10-12,GG-200189,Search - Brand - Exact | Android | US | UGC,28,124.58,501.19
2025-10-12,GG-200190,Search - Non-Brand - Broad | iOS | APAC | Static,50,191.43,732.99
2025-10-12,GG-200191,UAC - Value | iOS | LATAM | UGC,215,921.15,5526.9
2025-10-12,GG-200192,Search - Non-Brand - Broad | iOS | APAC | Video,54,141.04,691.38
2025-10-12,GG-200193,UAC - Value | iOS | US | Static,97,433.38,2553.04
2025-10-12,GG-200194,Search - Brand - Exact | Android | EU | Video,43,178.97,594.9
2025-10-12,GG-200195,UAC - Value | iOS | APAC | Playables,156,533.41,2342.74
2025-10-12,GG-200196,UAC - Value | iOS | EU | Static,161,646.09,3158.09
2025-10-12,GG-200197,Search - Non-Brand - Broad | iOS | EU | Carousel,59,253.29,1067.36
2025-10-12,GG-200198,Search - Brand - Exact | Android | US | UGC,110,328.61,1591.13
2025-10-12,GG-200199,Search - Brand - Exact | Android | EU | Video,28,88.39,287.97
2025-10-12,GG-200200,Search - Brand - Exact | Android | APAC | Playables,18,46.59,181.05
2025-10-12,GG-200201,UAC - Value | Android | US | UGC,105,347.64,1887.69
2025-10-12,GG-200202,Search - Brand - Exact | Android | MENA | Static,83,320.84,1133.21
2025-10-12,GG-200203,Search - Non-Brand - Broad | Android | MENA | Carousel,55,195.1,590.37
2025-10-12,GG-200204,UAC - Installs | iOS | MENA | Playables,101,283.32,1160.76
2025-10-12,GG-200205,Search - Non-Brand - Broad | Android | LATAM | Static,51,197.24,627.03
2025-10-12,GG-200206,Search - Brand - Exact | iOS | LATAM | Carousel,16,44.75,144.14
2025-10-12,GG-200207,UAC - Value | Android | APAC | Playables,120,339.25,1775.63
2025-10-12,GG-200208,UAC - Installs | Android | LATAM | UGC,120,376.61,1823.92
2025-10-12,GG-200209,UAC - Installs | iOS | APAC | Static,61,205.74,685.32
2025-10-12,GG-200210,UAC - Value | iOS | EU | Playables,54,265.8,1291.52
2025-10-12,GG-200211,Search - Non-Brand - Broad | Android | EU | Carousel,24,89.95,402.8
2025-10-12,GG-200212,UAC - Value | iOS | US | Playables,42,198.05,970.64
2025-10-12,GG-200213,Search - Non-Brand - Broad | iOS | MENA | Playables,99,384.8,1156.32
2025-10-12,GG-200214,Search - Non-Brand - Broad | iOS | EU | Carousel,80,293.82,911.43
2025-10-12,GG-200215,UAC - Installs | iOS | US | UGC,195,726.78,2971.08
2025-10-12,GG-200216,Search - Brand - Exact | Android | MENA | Static,105,376.81,1815.85
2025-10-12,GG-200217,Search - Brand - Exact | iOS | APAC | Playables,72,187.77,854.54
2025-10-12,GG-200218,Search - Non-Brand - Broad | Android | EU | Playables,32,106.71,458.21
2025-10-12,GG-200219,UAC - Installs | iOS | EU | Carousel,38,165.72,728.84
2025-10-12,GG-200220,Search - Brand - Exact | Android | EU | Static,50,163.37,427.38
2025-10-12,GG-200221,Search - Non-Brand - Broad | iOS | EU | Playables,35,152.6,395.23
2025-10-12,GG-200222,UAC - Installs | iOS | EU | Playables,40,198.36,611.74
2025-10-12,GG-200223,UAC - Installs | iOS | APAC | UGC,42,114.08,582.15
2025-10-12,GG-200224,UAC - Value | iOS | LATAM | Carousel,111,523.6,3020.65
2025-10-12,GG-200225,UAC - Installs | iOS | US | UGC,162,780.73,3641.32
2025-10-12,GG-200226,UAC - Value | Android | LATAM | Carousel,279,802.29,4277.01
2025-10-12,GG-200227,Search - Non-Brand - Broad | Android | MENA | Static,50,109.94,482.64
2025-10-12,GG-200228,UAC - Value | Android | LATAM | Playables,139,587.73,3149.65
2025-10-12,GG-200229,UAC - Installs | iOS | EU | Static,40,181.27,740.85
2025-10-12,GG-200230,Search - Non-Brand - Broad | Android | APAC | Playables,84,276.91,826.58
2025-10-12,GG-200231,UAC - Installs | iOS | MENA | Carousel,124,410.8,1686.74
2025-10-12,GG-200232,Search - Non-Brand - Broad | iOS | APAC | UGC,33,102.46,412.2
2025-10-12,GG-200233,UAC - Value | iOS | EU | Static,48,269.5,1251.29
2025-10-12,GG-200234,Search - Brand - Exact | Android | MENA | Video,65,172.52,779.79
2025-10-12,GG-200235,UAC - Value | Android | US | Video,68,349.05,1943.16
2025-10-12,GG-200236,Search - Non-Brand - Broad | Android | EU | Video,41,165.28,656.66
2025-10-12,GG-200237,UAC - Value | Android | EU | Playables,86,433.84,2452.5
2025-10-12,GG-200238,UAC - Value | iOS | US | Playables,45,225.46,1352.76
2025-10-12,GG-200239,UAC - Value | iOS | US | Video,58,223.58,1155.69
2025-10-12,GG-200240,UAC - Installs | Android | US | Playables,154,447.76,1806.26
2025-10-12,GG-200241,UAC - Value | iOS | US | Playables,359,1702.2,7850.55
2025-10-12,GG-200242,Search - Non-Brand - Broad | Android | US | Video,123,473.75,1716.4
2025-10-12,GG-200243,UAC - Installs | Android | EU | Playables,122,506.46,2102.32
2025-10-12,GG-200244,Search - Brand - Exact | iOS | LATAM | UGC,8,34.66,141.86
2025-10-12,GG-200245,Search - Non-Brand - Broad | iOS | APAC | UGC,80,242.23,1191.77
2025-10-12,GG-200246,Search - Brand - Exact | Android | LATAM | Video,31,73.96,231.35
2025-10-12,GG-200247,UAC - Value | Android | APAC | UGC,70,288.4,1464.5
2025-10-12,GG-200248,Search - Non-Brand - Broad | iOS | US | Video,40,165.96,652.06
2025-10-12,GG-200249,UAC - Installs | Android | APAC | UGC,260,732.6,3346.52
2025-10-12,GG-200250,Search - Non-Brand - Broad | Android | MENA | Video,86,342.09,1635.53
2025-10-12,GG-200251,UAC - Installs | Android | MENA | UGC,229,869.76,3502.52
2025-10-12,GG-200252,Search - Brand - Exact | Android | US | Carousel,95,261.98,788.82
2025-10-12,GG-200253,Search - Non-Brand - Broad | Android | LATAM | Video,58,174.63,860.23
2025-10-12,GG-200254,UAC - Installs | Android | APAC | Video,79,213.23,1119.46
2025-10-12,GG-200255,UAC - Value | Android | MENA | Static,81,288.59,1600.23
2025-10-12,GG-200256,Search - Brand - Exact | iOS | APAC | Static,74,199.16,554.26
2025-10-12,GG-200257,UAC - Value | iOS | US | Video,135,518.33,3109.98
2025-10-12,GG-200258,UAC - Value | Android | US | Carousel,196,804.82,3241.01
2025-10-12,GG-200259,UAC - Value | iOS | US | Carousel,172,834.11,4286.49
2025-10-12,GG-200260,UAC - Value | iOS | EU | Carousel,118,639.41,2627.34
2025-10-12,GG-200261,UAC - Value | iOS | EU | Playables,149,584.68,2943.28
2025-10-12,GG-200262,Search - Non-Brand - Broad | Android | MENA | Carousel,24,94.46,316.35
2025-10-12,GG-200263,Search - Non-Brand - Broad | Android | US | Carousel,30,95.3,338.51
2025-10-12,GG-200264,UAC - Installs | iOS | EU | UGC,324,1065.28,5124.0
2025-10-12,GG-200265,Search - Brand - Exact | iOS | US | Video,39,182.95,877.06
2025-10-12,GG-200266,UAC - Installs | iOS | APAC | Carousel,81,327.66,1778.87
2025-10-12,GG-200267,Search - Non-Brand - Broad | Android | EU | Video,42,162.8,489.54
2025-10-12,GG-200268,UAC - Value | iOS | APAC | Playables,186,946.39,3825.31
2025-10-12,GG-200269,UAC - Installs | Android | US | Video,174,546.24,1750.7
2025-10-12,GG-200270,UAC - Installs | Android | MENA | Playables,205,762.89,3635.93
2025-10-12,GG-200271,UAC - Value | iOS | US | Carousel,45,205.85,1095.33
2025-10-12,GG-200272,Search - Non-Brand - Broad | iOS | US | Playables,10,36.09,167.46
2025-10-12,GG-200273,Search - Non-Brand - Broad | Android | APAC | Static,169,349.09,1148.51
2025-10-12,GG-200274,UAC - Value | iOS | LATAM | Carousel,123,502.25,2968.3
2025-10-12,GG-200275,UAC - Value | Android | US | Static,96,349.15,2007.96
2025-10-12,GG-200276,UAC - Value | iOS | APAC | Carousel,158,587.22,3523.32
2025-10-12,GG-200277,Search - Non-Brand - Broad | Android | LATAM | Carousel,22,80.45,351.33
2025-10-12,GG-200278,Search - Non-Brand - Broad | iOS | MENA | Playables,41,176.18,808.14
2025-10-12,GG-200279,UAC - Installs | iOS | US | Static,116,520.81,1682.74
2025-10-12,GG-200280,UAC - Value | Android | APAC | Carousel,70,245.0,1197.31
2025-10-12,GG-200281,UAC - Value | iOS | APAC | Carousel,30,131.27,535.06
2025-10-12,GG-200282,Search - Non-Brand - Broad | Android | LATAM | Carousel,74,262.62,1054.68
2025-10-12,GG-200283,UAC - Value | iOS | LATAM | Static,46,168.99,1013.94
2025-10-12,GG-200284,Search - Non-Brand - Broad | iOS | LATAM | UGC,29,94.87,404.24
2025-10-12,GG-200285,UAC - Value | iOS | APAC | Carousel,271,961.64,5625.59
2025-10-12,GG-200286,Search - Non-Brand - Broad | iOS | US | Playables,20,75.29,257.64
2025-10-12,GG-200287,UAC - Value | Android | MENA | Video,121,545.89,2620.82
2025-10-12,GG-200288,Search - Brand - Exact | Android | APAC | Carousel,82,168.27,474.86
2025-10-12,GG-200289,UAC - Installs | iOS | APAC | Static,252,1113.56,3678.09
2025-10-12,GG-200290,UAC - Value | Android | LATAM | Static,56,242.25,1233.05
2025-10-12,GG-200291,UAC - Value | iOS | US | UGC,85,319.35,1720.98
2025-10-12,GG-200292,UAC - Value | iOS | MENA | Playables,125,448.27,1819.98
2025-10-12,GG-200293,Search - Brand - Exact | Android | LATAM | Playables,89,260.76,971.85
2025-10-12,GG-200294,Search - Non-Brand - Broad | Android | EU | Carousel,25,68.97,337.75
2025-10-12,GG-200295,UAC - Installs | Android | MENA | UGC,95,303.98,1216.83
2025-10-12,GG-200296,Search - Brand - Exact | iOS | US | Video,30,131.72,514.63
2025-10-12,GG-200297,Search - Non-Brand - Broad | iOS | EU | Playables,24,113.53,539.72
2025-10-12,GG-200298,UAC - Value | iOS | LATAM | UGC,134,633.43,3261.53
2025-10-12,GG-200299,UAC - Value | Android | LATAM | Video,132,374.85,1964.21
2025-10-12,GG-200300,Search - Brand - Exact | Android | LATAM | UGC,67,159.35,613.98
2025-10-12,GG-200301,UAC - Installs | Android | EU | Carousel,165,580.67,3112.39
2025-10-12,GG-200302,UAC - Value | iOS | APAC | Static,81,373.1,1803.19
2025-10-12,GG-200303,UAC - Value | iOS | APAC | Video,118,520.07,2690.84
2025-10-12,GG-200304,UAC - Installs | iOS | LATAM | Video,167,544.4,1978.89
2025-10-12,GG-200305,UAC - Installs | Android | US | Video,160,584.75,2585.18
2025-10-12,GG-200306,Search - Non-Brand - Broad | Android | EU | Static,35,104.67,406.96
2025-10-12,GG-200307,UAC - Value | Android | LATAM | Playables,132,499.12,2917.36
2025-10-12,GG-200308,Search - Non-Brand - Broad | iOS | EU | UGC,23,71.45,285.51
2025-10-12,GG-200309,Search - Brand - Exact | Android | APAC | UGC,33,74.18,220.02
2025-10-12,GG-200310,UAC - Value | Android | APAC | Playables,213,684.05,4104.3
2025-10-12,GG-200311,Search - Non-Brand - Broad | iOS | US | Static,56,219.53,785.7
2025-10-12,GG-200312,Search - Brand - Exact | iOS | US | Playables,48,186.18,854.75
2025-10-12,GG-200313,Search - Non-Brand - Broad | Android | LATAM | Carousel,52,172.66,744.51
2025-10-12,GG-200314,UAC - Value | iOS | US | Carousel,149,621.84,3483.55
2025-10-12,GG-200315,UAC - Value | iOS | MENA | UGC,64,296.31,1551.78
2025-10-12,GG-200316,UAC - Value | Android | LATAM | Carousel,168,473.64,2826.68
2025-10-12,GG-200317,Search - Brand - Exact | Android | LATAM | Playables,51,203.16,602.57
2025-10-12,GG-200318,Search - Non-Brand - Broad | Android | LATAM | Video,47,137.3,344.9
2025-10-12,GG-200319,UAC - Installs | iOS | US | Static,52,184.32,909.62
2025-10-12,GG-200320,UAC - Value | Android | MENA | UGC,59,197.63,1185.78
2025-10-12,GG-200321,UAC - Value | Android | MENA | UGC,84,277.77,1516.9
2025-10-12,GG-200322,Search - Non-Brand - Broad | Android | APAC | Playables,41,134.51,476.03
2025-10-12,GG-200323,Search - Non-Brand - Broad | Android | APAC | Carousel,86,303.18,1411.91
2025-10-12,GG-200324,Search - Brand - Exact | Android | LATAM | UGC,66,249.18,671.29
2025-10-12,GG-200325,Search - Non-Brand - Broad | iOS | US | UGC,9,35.24,122.95
2025-10-12,GG-200326,UAC - Value | Android | APAC | Playables,142,499.66,2375.88
2025-10-12,GG-200327,UAC - Value | iOS | APAC | UGC,69,224.7,998.79
2025-10-12,GG-200328,Search - Brand - Exact | iOS | EU | Video,78,256.48,801.5
2025-10-12,GG-200329,UAC - Installs | Android | LATAM | Video,160,398.75,1490.53
2025-10-12,GG-200330,Search - Non-Brand - Broad | Android | MENA | Carousel,39,150.24,553.03
2025-10-12,GG-200331,Search - Brand - Exact | iOS | MENA | UGC,37,110.99,435.86
2025-10-12,GG-200332,UAC - Installs | Android | LATAM | Playables,113,302.23,962.9
2025-10-12,GG-200333,Search - Non-Brand - Broad | Android | APAC | Playables,72,168.54,544.05
2025-10-12,GG-200334,UAC - Installs | iOS | US | Static,110,385.68,1957.33
2025-10-12,GG-200335,UAC - Installs | Android | APAC | Carousel,131,319.21,1115.0
2025-10-12,GG-200336,Search - Non-Brand - Broad | Android | APAC | Video,34,130.63,433.95
2025-10-12,GG-200337,UAC - Value | Android | MENA | Carousel,139,562.06,2387.07
2025-10-12,GG-200338,Search - Non-Brand - Broad | Android | MENA | Static,26,67.81,199.77
2025-10-12,GG-200339,UAC - Installs | Android | US | Playables,76,288.86,982.12
2025-10-12,GG-200340,Search - Non-Brand - Broad | iOS | MENA | Playables,22,64.52,244.08
2025-10-12,GG-200341,UAC - Installs | iOS | LATAM | Carousel,96,351.46,1304.27
2025-10-12,GG-200342,Search - Brand - Exact | Android | EU | UGC,25,67.9,221.01
2025-10-12,GG-200343,Search - Non-Brand - Broad | iOS | EU | Static,56,246.61,885.33
2025-10-12,GG-200344,UAC - Value | Android | LATAM | Static,214,884.27,3861.61
2025-10-12,GG-200345,UAC - Installs | iOS | EU | Playables,48,187.88,877.4
2025-10-12,GG-200346,Search - Brand - Exact | iOS | APAC | UGC,105,288.49,1376.67
2025-10-12,GG-200347,UAC - Installs | Android | APAC | Playables,95,194.84,630.89
2025-10-12,GG-200348,UAC - Installs | iOS | APAC | UGC,144,513.68,1760.38
2025-10-12,GG-200349,UAC - Installs | Android | US | UGC,281,1249.24,6018.84
2025-10-13,FB-100000,UA - Retargeting - Value | Android | US | Carousel,56,275.37,1534.91
2025-10-13,FB-100001,UA - Prospecting - Broad | Android | EU | Video,260,1137.4,6163.57
2025-10-13,FB-100002,UA - Prospecting - Broad | iOS | US | Video,14,52.78,199.35
2025-10-13,FB-100003,UA - Prospecting - Broad | Android | EU | Playables,22,96.08,446.96
2025-10-13,FB-100004,UA - Retargeting - Value | Android | MENA | UGC,71,238.19,1429.14
2025-10-13,FB-100005,UA - Prospecting - Broad | iOS | MENA | Carousel,41,108.65,447.86
2025-10-13,FB-100006,UA - Lookalike - 1% | Android | APAC | Carousel,56,116.01,577.5
2025-10-13,FB-100007,UA - Prospecting - Broad | Android | EU | Carousel,196,724.55,3736.5
2025-10-13,FB-100008,UA - Lookalike - 1% | Android | APAC | Video,75,214.84,799.85
2025-10-13,FB-100009,UA - Prospecting - Broad | iOS | MENA | Carousel,35,134.46,602.92
2025-10-13,FB-100010,UA - Lookalike - 5% | iOS | MENA | Video,56,201.7,957.67
2025-10-13,FB-100011,UA - Lookalike - 1% | Android | MENA | Carousel,100,385.58,1712.36
2025-10-13,FB-100012,UA - Retargeting - Value | Android | US | Video,144,655.46,3467.38
2025-10-13,FB-100013,UA - Prospecting - Broad | iOS | US | Static,61,262.39,939.62
2025-10-13,FB-100014,UA - Lookalike - 1% | iOS | LATAM | UGC,127,377.25,1905.87
2025-10-13,FB-100015,UA - Retargeting - Value | Android | LATAM | Carousel,51,206.63,991.2
2025-10-13,FB-100016,UA - Retargeting - Value | iOS | US | Playables,9,45.55,238.64
2025-10-13,FB-100017,UA - Lookalike - 5% | Android | EU | UGC,130,402.36,1491.15
2025-10-13,FB-100018,UA - Lookalike - 1% | iOS | MENA | Static,48,159.95,862.93
2025-10-13,FB-100019,UA - Lookalike - 1% | Android | EU | Video,50,157.53,700.54
2025-10-13,FB-100020,UA - Retargeting - Value | iOS | LATAM | Video,32,114.43,563.8
2025-10-13,FB-100021,UA - Lookalike - 5% | iOS | EU | UGC,121,534.34,2594.76
2025-10-13,FB-100022,UA - Retargeting - Value | iOS | EU | Carousel,11,61.51,354.3
2025-10-13,FB-100023,UA - Lookalike - 1% | Android | MENA | Playables,89,197.09,704.79
2025-10-13,FB-100024,UA - Lookalike - 1% | iOS | MENA | UGC,117,492.22,2379.88
2025-10-13,FB-100025,UA - Lookalike - 5% | Android | EU | Playables,40,111.39,400.22
2025-10-13,FB-100026,UA - Retargeting - Value | Android | US | Video,92,475.24,2851.44
2025-10-13,FB-100027,UA - Prospecting - Broad | Android | APAC | Playables,95,346.85,1137.67
2025-10-13,FB-100028,UA - Lookalike - 5% | iOS | APAC | Playables,97,353.12,1262.4
2025-10-13,FB-100029,UA - Prospecting - Broad | iOS | MENA | Video,65,259.89,1349.61
2025-10-13,FB-100030,UA - Lookalike - 1% | iOS | LATAM | Video,83,248.03,1275.37
2025-10-13,FB-100031,UA - Prospecting - Broad | iOS | EU | UGC,22,107.97,388.37
2025-10-13,FB-100032,UA - Prospecting - Broad | iOS | MENA | Static,70,289.3,1397.32
2025-10-13,FB-100033,UA - Retargeting - Value | iOS | MENA | Playables,35,115.59,530.21
2025-10-13,FB-100034,UA - Prospecting - Broad | Android | LATAM | Static,89,244.25,789.42
2025-10-13,FB-100035,UA - Prospecting - Broad | iOS | APAC | Video,6,15.91,57.79
2025-10-13,FB-100036,UA - Prospecting - Broad | iOS | LATAM | Static,18,64.81,280.76
2025-10-13,FB-100037,UA - Prospecting - Broad | Android | MENA | Video,37,116.02,514.55
2025-10-13,FB-100038,UA - Retargeting - Value | iOS | US | Playables,13,56.85,297.84
2025-10-13,FB-100039,UA - Retargeting - Value | Android | APAC | Playables,11,39.3,163.72
2025-10-13,FB-100040,UA - Lookalike - 5% | iOS | MENA | Playables,26,75.36,270.24
2025-10-13,FB-100041,UA - Lookalike - 1% | Android | MENA | Static,77,161.29,674.35
2025-10-13,FB-100042,UA - Lookalike - 5% | iOS | LATAM | UGC,113,453.13,2487.23
2025-10-13,FB-100043,UA - Prospecting - Broad | Android | EU | Static,63,167.17,720.0
2025-10-13,FB-100044,UA - Retargeting - Value | iOS | US | Playables,40,217.92,1119.02
2025-10-13,FB-100045,UA - Prospecting - Broad | Android | US | Video,47,137.97,579.61
2025-10-13,FB-100046,UA - Lookalike - 1% | Android | US | Video,66,246.14,1134.21
2025-10-13,FB-100047,UA - Lookalike - 1% | Android | MENA | Static,98,249.88,822.6
2025-10-13,FB-100048,UA - Retargeting - Value | iOS | EU | Playables,44,229.82,1181.5
2025-10-13,FB-100049,UA - Lookalike - 5% | iOS | EU | UGC,128,391.83,2117.84
2025-10-13,FB-100050,UA - Lookalike - 5% | Android | US | Video,39,105.84,549.42
2025-10-13,FB-100051,UA - Lookalike - 5% | iOS | APAC | UGC,92,249.51,1362.57
2025-10-13,FB-100052,UA - Lookalike - 5% | Android | US | Video,57,177.34,616.79
2025-10-13,FB-100053,UA - Retargeting - Value | iOS | US | Static,9,38.28,229.68
2025-10-13,FB-100054,UA - Retargeting - Value | Android | MENA | UGC,24,88.48,494.34
2025-10-13,FB-100055,UA - Lookalike - 5% | iOS | EU | Carousel,126,391.9,2052.77
2025-10-13,FB-100056,UA - Prospecting - Broad | Android | US | UGC,71,310.55,1591.26
2025-10-13,FB-100057,UA - Prospecting - Broad | Android | MENA | Video,96,271.33,1131.45
2025-10-13,FB-100058,UA - Lookalike - 5% | Android | EU | UGC,288,1132.3,5463.35
2025-10-13,FB-100059,UA - Prospecting - Broad | iOS | EU | UGC,87,267.73,1325.0
2025-10-13,FB-100060,UA - Lookalike - 5% | Android | APAC | Video,84,330.94,1809.58
2025-10-13,FB-100061,UA - Lookalike - 5% | iOS | APAC | Carousel,34,130.47,566.76
2025-10-13,FB-100062,UA - Lookalike - 1% | iOS | EU | Static,188,771.53,3103.09
2025-10-13,FB-100063,UA - Prospecting - Broad | Android | US | Playables,65,218.84,1077.57
2025-10-13,FB-100064,UA - Lookalike - 5% | iOS | US | Video,58,183.53,920.04
2025-10-13,FB-100065,UA - Prospecting - Broad | Android | US | Playables,202,602.85,2300.48
2025-10-13,FB-100066,UA - Prospecting - Broad | Android | US | Playables,114,315.69,1610.02
2025-10-13,FB-100067,UA - Retargeting - Value | Android | APAC | Video,34,126.34,758.04
2025-10-13,FB-100068,UA - Lookalike - 5% | Android | MENA | Video,44,172.52,739.08
2025-10-13,FB-100069,UA - Lookalike - 1% | iOS | LATAM | Static,39,136.52,610.93
2025-10-13,FB-100070,UA - Retargeting - Value | Android | LATAM | UGC,33,98.75,592.5
2025-10-13,FB-100071,UA - Prospecting - Broad | iOS | APAC | Carousel,82,252.3,842.68
2025-10-13,FB-100072,UA - Prospecting - Broad | Android | APAC | Playables,60,134.96,561.3
2025-10-13,FB-100073,UA - Lookalike - 1% | Android | MENA | Static,106,269.5,1417.3
2025-10-13,FB-100074,UA - Retargeting - Value | Android | LATAM | Video,47,157.07,942.42
2025-10-13,FB-100075,UA - Lookalike - 5% | iOS | LATAM | Static,70,219.13,1136.85
2025-10-13,FB-100076,UA - Prospecting - Broad | iOS | MENA | Playables,8,29.47,156.19
2025-10-13,FB-100077,UA - Lookalike - 1% | iOS | US | Static,27,94.38,377.99
2025-10-13,FB-100078,UA - Retargeting - Value | Android | US | Playables,8,30.95,136.49
2025-10-13,FB-100079,UA - Retargeting - Value | iOS | LATAM | Playables,49,183.2,1078.13
2025-10-13,FB-100080,UA - Lookalike - 5% | iOS | EU | Carousel,83,316.95,1714.07
2025-10-13,FB-100081,UA - Lookalike - 5% | iOS | US | Video,44,155.77,522.45
2025-10-13,FB-100082,UA - Lookalike - 1% | iOS | US | Video,42,191.02,992.35
2025-10-13,FB-100083,UA - Lookalike - 5% | Android | LATAM | Static,87,282.72,890.57
2025-10-13,FB-100084,UA - Prospecting - Broad | iOS | MENA | Video,61,249.98,833.43
2025-10-13,FB-100085,UA - Prospecting - Broad | Android | EU | Playables,54,141.04,495.9
2025-10-13,FB-100086,UA - Retargeting - Value | iOS | MENA | Playables,16,52.9,317.4
2025-10-13,FB-100087,UA - Lookalike - 1% | iOS | EU | Video,38,158.53,825.31
2025-10-13,FB-100088,UA - Retargeting - Value | iOS | US | Carousel,19,76.25,339.46
2025-10-13,FB-100089,UA - Lookalike - 5% | Android | US | Carousel,79,320.52,1180.8
2025-10-13,FB-100090,UA - Retargeting - Value | Android | EU | Static,12,49.43,245.47
2025-10-13,FB-100091,UA - Lookalike - 1% | iOS | US | Static,48,185.7,1002.97
2025-10-13,FB-100092,UA - Retargeting - Value | iOS | EU | Carousel,21,115.96,695.76
2025-10-13,FB-100093,UA - Lookalike - 5% | Android | APAC | Video,45,91.86,298.73
2025-10-13,FB-100094,UA - Lookalike - 1% | Android | EU | UGC,176,784.17,3785.97
2025-10-13,FB-100095,UA - Prospecting - Broad | iOS | EU | Static,125,583.46,2646.57
2025-10-13,FB-100096,UA - Lookalike - 1% | Android | APAC | Carousel,147,336.13,1808.38
2025-10-13,FB-100097,UA - Lookalike - 5% | Android | LATAM | Carousel,112,290.45,961.68
2025-10-13,FB-100098,UA - Lookalike - 1% | iOS | US | Video,67,332.13,1641.39
2025-10-13,FB-100099,UA - Prospecting - Broad | Android | MENA | Carousel,67,168.66,618.81
2025-10-13,FB-100100,UA - Lookalike - 1% | Android | MENA | UGC,68,251.76,1127.63
2025-10-13,FB-100101,UA - Prospecting - Broad | iOS | APAC | Playables,35,108.94,517.14
2025-10-13,FB-100102,UA - Lookalike - 1% | iOS | MENA | Static,94,319.35,1112.3
2025-10-13,FB-100103,UA - Retargeting - Value | Android | APAC | Video,10,40.67,177.28
2025-10-13,FB-100104,UA - Lookalike - 1% | iOS | APAC | Video,61,172.19,774.68
2025-10-13,FB-100105,UA - Lookalike - 1% | iOS | US | Carousel,55,176.26,708.92
2025-10-13,FB-100106,UA - Lookalike - 1% | iOS | LATAM | UGC,35,114.76,534.67
2025-10-13,FB-100107,UA - Lookalike - 5% | Android | EU | UGC,31,136.83,740.52
2025-10-13,FB-100108,UA - Lookalike - 1% | Android | MENA | Playables,70,145.3,717.35
2025-10-13,FB-100109,UA - Lookalike - 1% | iOS | MENA | Video,124,544.68,2350.29
2025-10-13,FB-100110,UA - Lookalike - 1% | iOS | EU | UGC,86,289.4,1320.24
2025-10-13,FB-100111,UA - Retargeting - Value | iOS | APAC | UGC,29,131.3,787.8
2025-10-13,FB-100112,UA - Lookalike - 1% | iOS | EU | Video,60,269.54,934.76
2025-10-13,FB-100113,UA - Lookalike - 1% | iOS | US | Static,50,150.14,616.02
2025-10-13,FB-100114,UA - Prospecting - Broad | Android | EU | Static,177,578.91,3006.28
2025-10-13,FB-100115,UA - Prospecting - Broad | Android | EU | UGC,142,416.51,1766.84
2025-10-13,FB-100116,UA - Retargeting - Value | iOS | APAC | Playables,13,57.01,255.75
2025-10-13,FB-100117,UA - Retargeting - Value | iOS | APAC | UGC,57,226.44,1175.45
2025-10-13,FB-100118,UA - Lookalike - 5% | Android | US | Video,64,238.37,1304.36
2025-10-13,FB-100119,UA - Lookalike - 5% | Android | EU | Playables,74,235.31,1231.61
2025-10-13,FB-100120,UA - Prospecting - Broad | Android | MENA | Static,56,212.25,650.97
2025-10-13,FB-100121,UA - Lookalike - 1% | iOS | EU | UGC,8,31.55,108.28
2025-10-13,FB-100122,UA - Lookalike - 5% | iOS | MENA | Playables,40,167.62,911.69
2025-10-13,FB-100123,UA - Lookalike - 5% | iOS | EU | UGC,90,372.65,1837.54
2025-10-13,FB-100124,UA - Lookalike - 5% | iOS | EU | Carousel,177,713.7,2969.71
2025-10-13,FB-100125,UA - Prospecting - Broad | Android | LATAM | UGC,63,150.91,526.98
2025-10-13,FB-100126,UA - Lookalike - 1% | iOS | EU | Carousel,142,506.37,1604.18
2025-10-13,FB-100127,UA - Retargeting - Value | iOS | MENA | Video,22,113.16,678.96
2025-10-13,FB-100128,UA - Retargeting - Value | Android | EU | UGC,61,257.37,1248.76
2025-10-13,FB-100129,UA - Lookalike - 5% | Android | US | UGC,40,160.24,602.34
2025-10-13,FB-100130,UA - Lookalike - 5% | iOS | MENA | UGC,96,295.92,1178.65
2025-10-13,FB-100131,UA - Lookalike - 5% | Android | EU | UGC,152,657.02,2444.11
2025-10-13,FB-100132,UA - Lookalike - 5% | Android | MENA | UGC,130,432.16,2283.1
2025-10-13,FB-100133,UA - Lookalike - 5% | Android | LATAM | Carousel,143,425.28,1686.24
2025-10-13,FB-100134,UA - Retargeting - Value | iOS | MENA | Playables,27,110.74,664.44
2025-10-13,FB-100135,UA - Lookalike - 5% | iOS | EU | Carousel,39,119.61,525.09
2025-10-13,FB-100136,UA - Lookalike - 1% | iOS | US | UGC,92,404.15,2057.12
2025-10-13,FB-100137,UA - Retargeting - Value | iOS | EU | UGC,11,57.78,239.04
2025-10-13,FB-100138,UA - Prospecting - Broad | Android | APAC | Playables,36,108.29,494.02
2025-10-13,FB-100139,UA - Lookalike - 5% | Android | APAC | Static,60,174.54,546.48
2025-10-13,FB-100140,UA - Lookalike - 5% | Android | US | Carousel,82,315.83,1419.34
2025-10-13,FB-100141,UA - Lookalike - 1% | iOS | EU | UGC,60,292.38,1276.53
2025-10-13,FB-100142,UA - Lookalike - 5% | iOS | APAC | Carousel,23,94.38,480.87
2025-10-13,FB-100143,UA - Prospecting - Broad | iOS | US | UGC,20,87.89,393.22
2025-10-13,FB-100144,UA - Prospecting - Broad | Android | LATAM | Static,56,193.23,806.54
2025-10-13,FB-100145,UA - Retargeting - Value | Android | US | Static,11,44.32,230.86
2025-10-13,FB-100146,UA - Retargeting - Value | Android | MENA | Static,72,293.0,1758.0
2025-10-13,FB-100147,UA - Retargeting - Value | Android | APAC | Video,31,104.16,505.28
2025-10-13,FB-100148,UA - Retargeting - Value | iOS | LATAM | Carousel,52,203.7,1064.94
2025-10-13,FB-100149,UA - Prospecting - Broad | Android | EU | Carousel,84,244.53,857.08
2025-10-13,FB-100150,UA - Lookalike - 5% | Android | LATAM | Playables,163,387.63,1733.09
2025-10-13,FB-100151,UA - Retargeting - Value | iOS | EU | Video,24,122.62,735.72
2025-10-13,FB-100152,UA - Prospecting - Broad | Android | LATAM | Playables,50,142.62,436.7
2025-10-13,FB-100153,UA - Lookalike - 5% | Android | LATAM | Playables,132,329.34,1354.58
2025-10-13,FB-100154,UA - Lookalike - 1% | iOS | US | Playables,243,879.1,4725.16
2025-10-13,FB-100155,UA - Prospecting - Broad | Android | APAC | UGC,19,69.39,364.85
2025-10-13,FB-100156,UA - Retargeting - Value | iOS | LATAM | UGC,17,71.5,373.52
2025-10-13,FB-100157,UA - Lookalike - 1% | iOS | EU | Playables,98,457.34,1871.89
2025-10-13,FB-100158,UA - Lookalike - 1% | iOS | APAC | UGC,70,243.47,950.51
2025-10-13,FB-100159,UA - Lookalike - 1% | iOS | EU | Video,26,104.16,434.87
2025-10-13,FB-100160,UA - Lookalike - 5% | iOS | EU | UGC,58,256.8,1140.45
2025-10-13,FB-100161,UA - Lookalike - 1% | iOS | US | UGC,164,544.22,2059.87
2025-10-13,FB-100162,UA - Lookalike - 1% | Android | APAC | Static,155,525.78,1958.0
2025-10-13,FB-100163,UA - Lookalike - 1% | iOS | LATAM | Carousel,86,292.98,1461.38
2025-10-13,FB-100164,UA - Prospecting - Broad | Android | MENA | Static,233,643.01,1940.6
2025-10-13,FB-100165,UA - Retargeting - Value | Android | APAC | UGC,56,253.9,1270.77
2025-10-13,FB-100166,UA - Prospecting - Broad | iOS | APAC | UGC,93,408.47,1993.33
2025-10-13,FB-100167,UA - Lookalike - 5% | Android | LATAM | Static,61,170.9,620.2
2025-10-13,FB-100168,UA - Lookalike - 1% | Android | LATAM | Playables,114,421.77,1412.51
2025-10-13,FB-100169,UA - Lookalike - 1% | iOS | MENA | Playables,46,160.17,505.34
2025-10-13,FB-100170,UA - Lookalike - 1% | iOS | MENA | Carousel,51,142.15,554.53
2025-10-13,FB-100171,UA - Lookalike - 1% | iOS | LATAM | Carousel,18,70.19,274.09
2025-10-13,FB-100172,UA - Lookalike - 1% | Android | US | Static,133,504.16,2056.47
2025-10-13,FB-100173,UA - Retargeting - Value | Android | MENA | Static,58,194.91,1169.46
2025-10-13,FB-100174,UA - Lookalike - 1% | Android | APAC | Carousel,22,52.54,229.07
2025-10-13,FB-100175,UA - Retargeting - Value | Android | EU | Carousel,37,121.72,510.86
2025-10-13,FB-100176,UA - Prospecting - Broad | iOS | EU | Carousel,73,296.64,1144.44
2025-10-13,FB-100177,UA - Prospecting - Broad | Android | LATAM | Video,62,194.62,634.66
2025-10-13,FB-100178,UA - Prospecting - Broad | iOS | EU | UGC,53,214.47,813.48
2025-10-13,FB-100179,UA - Lookalike - 5% | Android | MENA | Carousel,203,609.67,2915.44
2025-10-13,FB-100180,UA - Retargeting - Value | iOS | APAC | Carousel,30,155.9,720.1
2025-10-13,FB-100181,UA - Prospecting - Broad | Android | LATAM | UGC,124,336.14,1752.3
2025-10-13,FB-100182,UA - Prospecting - Broad | Android | APAC | UGC,35,117.78,619.52
2025-10-13,FB-100183,UA - Lookalike - 1% | Android | EU | Static,133,538.62,2849.3
2025-10-13,FB-100184,UA - Lookalike - 5% | Android | EU | Video,78,343.04,1536.82
2025-10-13,FB-100185,UA - Lookalike - 5% | Android | MENA | UGC,143,409.44,2108.62
2025-10-13,FB-100186,UA - Lookalike - 5% | iOS | LATAM | Playables,94,348.97,1907.82
2025-10-13,FB-100187,UA - Prospecting - Broad | iOS | MENA | Playables,8,33.07,140.08
2025-10-13,FB-100188,UA - Lookalike - 1% | Android | EU | Static,142,547.01,1814.98
2025-10-13,FB-100189,UA - Retargeting - Value | Android | EU | Static,16,81.28,350.4
2025-10-13,FB-100190,UA - Lookalike - 5% | Android | EU | Video,51,208.74,715.77
2025-10-13,FB-100191,UA - Lookalike - 1% | iOS | MENA | UGC,30,84.03,271.84
2025-10-13,FB-100192,UA - Lookalike - 1% | Android | EU | Carousel,55,141.51,479.58
2025-10-13,FB-100193,UA - Lookalike - 1% | iOS | US | Static,31,126.38,680.68
2025-10-13,FB-100194,UA - Retargeting - Value | Android | APAC | Video,66,292.14,1216.47
2025-10-13,FB-100195,UA - Prospecting - Broad | Android | LATAM | Static,26,67.47,329.46
2025-10-13,FB-100196,UA - Lookalike - 1% | Android | EU | Carousel,83,351.44,1881.61
2025-10-13,FB-100197,UA - Lookalike - 1% | iOS | US | UGC,126,531.24,2212.08
2025-10-13,FB-100198,UA - Lookalike - 5% | iOS | LATAM | Playables,28,70.67,297.59
2025-10-13,FB-100199,UA - Prospecting - Broad | iOS | US | Playables,96,334.38,1779.57
2025-10-13,FB-100200,UA - Lookalike - 1% | iOS | LATAM | Playables,71,240.1,759.2
2025-10-13,FB-100201,UA - Prospecting - Broad | Android | US | Static,44,137.28,729.92
2025-10-13,FB-100202,UA - Retargeting - Value | iOS | MENA | Video,12,55.4,301.93
2025-10-13,FB-100203,UA - Lookalike - 1% | iOS | MENA | UGC,313,894.71,4267.77
2025-10-13,FB-100204,UA - Lookalike - 5% | Android | MENA | UGC,64,234.3,833.17
2025-10-13,FB-100205,UA - Lookalike - 5% | Android | APAC | Carousel,19,66.15,359.26
2025-10-13,FB-100206,UA - Retargeting - Value | iOS | LATAM | Video,13,60.58,363.48
2025-10-13,FB-100207,UA - Lookalike - 1% | iOS | APAC | UGC,55,161.82,857.16
2025-10-13,FB-100208,UA - Lookalike - 5% | iOS | MENA | Video,60,193.52,804.08
2025-10-13,FB-100209,UA - Lookalike - 1% | Android | LATAM | Carousel,143,497.47,2016.74
2025-10-13,FB-100210,UA - Prospecting - Broad | Android | APAC | Playables,19,63.57,285.75
2025-10-13,FB-100211,UA - Retargeting - Value | iOS | APAC | Video,5,18.76,85.15
2025-10-13,FB-100212,UA - Lookalike - 5% | iOS | MENA | UGC,99,363.97,1321.94
2025-10-13,FB-100213,UA - Retargeting - Value | Android | EU | Carousel,37,124.42,693.39
2025-10-13,FB-100214,UA - Prospecting - Broad | iOS | APAC | UGC,38,133.65,684.02
2025-10-13,FB-100215,UA - Retargeting - Value | Android | MENA | Static,79,322.9,1377.49
2025-10-13,FB-100216,UA - Lookalike - 5% | iOS | MENA | Video,18,46.56,146.66
2025-10-13,FB-100217,UA - Lookalike - 5% | Android | EU | Video,41,173.06,798.33
2025-10-13,FB-100218,UA - Lookalike - 1% | Android | EU | UGC,55,155.73,723.37
2025-10-13,FB-100219,UA - Lookalike - 5% | iOS | APAC | UGC,63,210.56,745.59
2025-10-13,FB-100220,UA - Retargeting - Value | Android | APAC | Playables,58,258.76,1376.86
2025-10-13,FB-100221,UA - Retargeting - Value | iOS | EU | Playables,63,328.84,1588.95
2025-10-13,FB-100222,UA - Lookalike - 1% | Android | LATAM | UGC,25,68.32,339.48
2025-10-13,FB-100223,UA - Lookalike - 1% | iOS | US | Carousel,109,480.4,2121.45
2025-10-13,FB-100224,UA - Lookalike - 5% | iOS | EU | UGC,174,789.66,4201.78
2025-10-13,FB-100225,UA - Lookalike - 5% | iOS | LATAM | Playables,48,200.93,972.9
2025-10-13,FB-100226,UA - Retargeting - Value | iOS | LATAM | Static,5,19.51,113.76
2025-10-13,FB-100227,UA - Prospecting - Broad | iOS | EU | UGC,45,199.83,825.9
2025-10-13,FB-100228,UA - Lookalike - 5% | iOS | APAC | UGC,61,189.94,597.17
2025-10-13,FB-100229,UA - Retargeting - Value | Android | APAC | Video,69,256.91,1142.48
2025-10-13,FB-100230,UA - Prospecting - Broad | iOS | US | UGC,56,267.96,1253.52
2025-10-13,FB-100231,UA - Lookalike - 5% | iOS | US | Static,83,367.91,1723.29
2025-10-13,FB-100232,UA - Lookalike - 1% | Android | US | UGC,77,259.11,1196.05
2025-10-13,FB-100233,UA - Prospecting - Broad | iOS | MENA | UGC,60,206.14,1099.76
2025-10-13,FB-100234,UA - Lookalike - 1% | iOS | MENA | UGC,80,352.14,1442.37
2025-10-13,FB-100235,UA - Prospecting - Broad | iOS | MENA | Video,18,66.87,315.63
2025-10-13,FB-100236,UA - Prospecting - Broad | Android | LATAM | Static,108,327.9,1398.17
2025-10-13,FB-100237,UA - Lookalike - 5% | iOS | US | Video,318,1161.97,5168.44
2025-10-13,FB-100238,UA - Prospecting - Broad | Android | LATAM | Video,18,63.03,212.16
2025-10-13,FB-100239,UA - Lookalike - 1% | iOS | US | Carousel,105,348.36,1258.62
2025-10-13,FB-100240,UA - Retargeting - Value | iOS | APAC | Static,127,454.83,2728.98
2025-10-13,FB-100241,UA - Retargeting - Value | iOS | MENA | Static,25,115.25,533.95
2025-10-13,FB-100242,UA - Lookalike - 5% | Android | US | Playables,35,154.45,694.87
2025-10-13,FB-100243,UA - Retargeting - Value | Android | APAC | Playables,68,256.8,1135.57
2025-10-13,FB-100244,UA - Lookalike - 5% | Android | APAC | Carousel,131,518.72,2809.91
2025-10-13,FB-100245,UA - Lookalike - 1% | iOS | US | UGC,64,194.43,702.86
2025-10-13,FB-100246,UA - Lookalike - 1% | Android | US | UGC,90,336.89,1283.55
2025-10-13,FB-100247,UA - Lookalike - 5% | iOS | APAC | Carousel,47,170.28,740.89
2025-10-13,FB-100248,UA - Lookalike - 5% | iOS | EU | UGC,12,53.79,197.41
2025-10-13,FB-100249,UA - Lookalike - 1% | Android | EU | UGC,38,164.8,697.93
2025-10-13,FB-100250,UA - Lookalike - 5% | iOS | LATAM | Video,21,85.09,441.79
2025-10-13,FB-100251,UA - Prospecting - Broad | iOS | US | Playables,9,36.02,141.13
2025-10-13,FB-100252,UA - Lookalike - 1% | iOS | LATAM | Static,41,118.48,596.43
2025-10-13,FB-100253,UA - Lookalike - 1% | Android | EU | Playables,57,230.05,1031.54
2025-10-13,FB-100254,UA - Lookalike - 1% | Android | US | Video,68,235.81,727.95
2025-10-13,FB-100255,UA - Lookalike - 1% | iOS | US | Playables,68,333.01,1080.28
2025-10-13,FB-100256,UA - Lookalike - 1% | Android | US | Carousel,98,382.03,1805.47
2025-10-13,FB-100257,UA - Retargeting - Value | iOS | EU | Static,34,158.98,953.88
2025-10-13,FB-100258,UA - Lookalike - 1% | iOS | MENA | Playables,92,273.87,1500.26
2025-10-13,FB-100259,UA - Lookalike - 1% | Android | LATAM | UGC,81,309.93,1172.16
2025-10-13,FB-100260,UA - Prospecting - Broad | iOS | US | UGC,90,398.8,1747.14
2025-10-13,FB-100261,UA - Lookalike - 1% | Android | EU | UGC,40,102.66,373.27
2025-10-13,FB-100262,UA - Lookalike - 1% | Android | APAC | Video,67,259.04,907.94
2025-10-13,FB-100263,UA - Lookalike - 1% | Android | APAC | Carousel,58,135.46,535.2
2025-10-13,FB-100264,UA - Retargeting - Value | iOS | LATAM | Video,34,115.67,530.23
2025-10-13,FB-100265,UA - Lookalike - 1% | iOS | US | Playables,40,132.82,447.47
2025-10-13,FB-100266,UA - Lookalike - 1% | Android | US | UGC,91,359.55,1227.5
2025-10-13,FB-100267,UA - Prospecting - Broad | iOS | US | Static,19,82.83,269.53
2025-10-13,FB-100268,UA - Prospecting - Broad | Android | LATAM | UGC,64,229.72,1115.29
2025-10-13,FB-100269,UA - Retargeting - Value | Android | EU | Playables,28,96.37,430.97
2025-10-13,FB-100270,UA - Lookalike - 5% | iOS | APAC | Carousel,56,144.57,640.88
2025-10-13,FB-100271,UA - Lookalike - 5% | Android | APAC | Video,107,351.11,1073.69
2025-10-13,FB-100272,UA - Lookalike - 1% | iOS | LATAM | Video,99,259.51,1000.93
2025-10-13,FB-100273,UA - Retargeting - Value | Android | APAC | UGC,19,64.41,345.82
2025-10-13,FB-100274,UA - Lookalike - 1% | iOS | US | Carousel,30,126.6,395.5
2025-10-13,FB-100275,UA - Retargeting - Value | Android | APAC | Carousel,9,32.84,153.76
2025-10-13,FB-100276,UA - Retargeting - Value | Android | APAC | Video,60,175.1,1050.6
2025-10-13,FB-100277,UA - Retargeting - Value | Android | US | Carousel,47,240.16,1043.26
2025-10-13,FB-100278,UA - Prospecting - Broad | Android | MENA | Static,57,126.31,616.27
2025-10-13,FB-100279,UA - Retargeting - Value | Android | MENA | Static,8,35.6,189.93
2025-10-13,FB-100280,UA - Prospecting - Broad | iOS | EU | Playables,27,84.47,395.83
2025-10-13,FB-100281,UA - Lookalike - 1% | iOS | EU | Static,150,473.3,1524.97
2025-10-13,FB-100282,UA - Retargeting - Value | Android | US | Video,87,441.5,2379.68
2025-10-13,FB-100283,UA - Lookalike - 1% | Android | LATAM | Static,71,253.53,922.09
2025-10-13,FB-100284,UA - Prospecting - Broad | Android | EU | Carousel,93,407.35,1774.42
2025-10-13,FB-100285,UA - Prospecting - Broad | Android | APAC | Playables,36,143.77,772.33
2025-10-13,FB-100286,UA - Lookalike - 1% | Android | APAC | UGC,120,339.86,1080.08
2025-10-13,FB-100287,UA - Retargeting - Value | Android | APAC | Playables,156,459.09,1881.35
2025-10-13,FB-100288,UA - Lookalike - 5% | Android | MENA | Carousel,146,568.71,2784.4
2025-10-13,FB-100289,UA - Lookalike - 5% | Android | US | UGC,77,231.25,1263.32
2025-10-13,FB-100290,UA - Lookalike - 5% | iOS | US | UGC,86,406.27,1958.63
2025-10-13,FB-100291,UA - Retargeting - Value | Android | US | Carousel,15,54.23,253.2
2025-10-13,FB-100292,UA - Lookalike - 1% | Android | EU | Carousel,52,229.56,1044.04
2025-10-13,FB-100293,UA - Lookalike - 1% | iOS | MENA | Playables,94,323.85,1525.66
2025-10-13,FB-100294,UA - Lookalike - 5% | iOS | MENA | Playables,113,373.1,1514.41
2025-10-13,FB-100295,UA - Retargeting - Value | Android | US | Playables,48,207.24,966.98
2025-10-13,FB-100296,UA - Lookalike - 5% | iOS | APAC | Static,94,300.2,1433.46
2025-10-13,FB-100297,UA - Lookalike - 5% | iOS | APAC | UGC,67,221.8,1103.01
2025-10-13,FB-100298,UA - Lookalike - 1% | Android | LATAM | UGC,222,841.36,4499.59
2025-10-13,FB-100299,UA - Lookalike - 5% | iOS | LATAM | Static,40,119.67,592.25
2025-10-13,FB-100300,UA - Prospecting - Broad | Android | US | Video,78,302.49,1167.01
2025-10-13,FB-100301,UA - Retargeting - Value | iOS | US | Carousel,78,374.9,1892.87
2025-10-13,FB-100302,UA - Lookalike - 1% | Android | MENA | Playables,73,250.62,1215.51
2025-10-13,FB-100303,UA - Lookalike - 5% | Android | APAC | Carousel,68,263.02,844.29
2025-10-13,FB-100304,UA - Lookalike - 1% | Android | LATAM | Playables,254,833.91,2849.47
2025-10-13,FB-100305,UA - Retargeting - Value | iOS | US | Playables,62,338.68,2005.32
2025-10-13,FB-100306,UA - Prospecting - Broad | Android | APAC | Static,77,294.12,1083.24
2025-10-13,FB-100307,UA - Prospecting - Broad | iOS | MENA | Carousel,112,344.57,1539.19
2025-10-13,FB-100308,UA - Lookalike - 5% | iOS | MENA | Static,60,258.89,1176.91
2025-10-13,FB-100309,UA - Prospecting - Broad | Android | MENA | Carousel,54,146.9,754.33
2025-10-13,FB-100310,UA - Lookalike - 1% | Android | LATAM | Carousel,124,379.2,1949.85
2025-10-13,FB-100311,UA - Retargeting - Value | iOS | US | Static,57,219.3,1315.8
2025-10-13,FB-100312,UA - Prospecting - Broad | iOS | US | Static,79,316.5,1060.59
2025-10-13,FB-100313,UA - Lookalike - 5% | Android | MENA | Static,91,279.38,1313.37
2025-10-13,FB-100314,UA - Retargeting - Value | iOS | APAC | Carousel,88,448.08,2500.29
2025-10-13,FB-100315,UA - Prospecting - Broad | iOS | LATAM | Carousel,31,122.47,483.02
2025-10-13,FB-100316,UA - Prospecting - Broad | Android | EU | Static,48,197.96,989.21
2025-10-13,FB-100317,UA - Lookalike - 5% | Android | LATAM | UGC,83,270.39,1071.83
2025-10-13,FB-100318,UA - Lookalike - 5% | iOS | MENA | UGC,75,203.62,694.75
2025-10-13,FB-100319,UA - Prospecting - Broad | iOS | EU | Playables,11,33.04,120.13
2025-10-13,FB-100320,UA - Lookalike - 1% | iOS | APAC | Video,212,864.62,4674.14
2025-10-13,FB-100321,UA - Prospecting - Broad | iOS | MENA | Carousel,27,70.75,281.44
2025-10-13,FB-100322,UA - Prospecting - Broad | Android | APAC | Playables,106,343.12,1683.69
2025-10-13,FB-100323,UA - Retargeting - Value | Android | EU | Carousel,84,420.02,1852.29
2025-10-13,FB-100324,UA - Lookalike - 1% | Android | LATAM | Carousel,82,166.27,696.51
2025-10-13,FB-100325,UA - Lookalike - 5% | Android | US | UGC,123,411.59,1973.99
2025-10-13,FB-100326,UA - Retargeting - Value | Android | EU | UGC,30,149.53,700.25
2025-10-13,FB-100327,UA - Prospecting - Broad | iOS | US | UGC,125,563.38,2379.72
2025-10-13,FB-100328,UA - Prospecting - Broad | iOS | US | UGC,39,153.6,775.99
2025-10-13,FB-100329,UA - Lookalike - 5% | iOS | MENA | UGC,29,73.42,277.53
2025-10-13,FB-100330,UA - Lookalike - 5% | iOS | LATAM | Video,96,300.76,1482.75
2025-10-13,FB-100331,UA - Lookalike - 5% | Android | LATAM | Static,46,181.53,741.37
2025-10-13,FB-100332,UA - Prospecting - Broad | iOS | US | UGC,44,165.71,794.08
2025-10-13,FB-100333,UA - Lookalike - 5% | Android | APAC | Playables,103,392.88,1564.45
2025-10-13,FB-100334,UA - Lookalike - 1% | Android | APAC | Carousel,34,76.81,262.15
2025-10-13,FB-100335,UA - Prospecting - Broad | Android | LATAM | Static,44,134.32,697.26
2025-10-13,FB-100336,UA - Retargeting - Value | Android | MENA | Playables,52,208.85,1003.32
2025-10-13,FB-100337,UA - Retargeting - Value | iOS | LATAM | Static,46,192.8,989.64
2025-10-13,FB-100338,UA - Retargeting - Value | Android | EU | Carousel,17,86.75,514.77
2025-10-13,FB-100339,UA - Prospecting - Broad | Android | MENA | Static,35,109.21,532.29
2025-10-13,FB-100340,UA - Lookalike - 5% | Android | APAC | UGC,63,244.21,1187.1
2025-10-13,FB-100341,UA - Lookalike - 5% | iOS | LATAM | Static,77,200.42,931.75
2025-10-13,FB-100342,UA - Lookalike - 1% | Android | APAC | UGC,168,394.85,1454.63
2025-10-13,FB-100343,UA - Lookalike - 1% | iOS | MENA | Video,43,125.48,572.19
2025-10-13,FB-100344,UA - Lookalike - 5% | Android | LATAM | UGC,64,232.95,1086.01
2025-10-13,FB-100345,UA - Lookalike - 1% | Android | US | Carousel,30,120.58,464.96
2025-10-13,FB-100346,UA - Lookalike - 5% | Android | US | Playables,81,254.36,1295.46
2025-10-13,FB-100347,UA - Prospecting - Broad | iOS | MENA | Playables,42,156.09,656.36
2025-10-13,FB-100348,UA - Lookalike - 1% | iOS | MENA | Static,53,211.77,646.75
2025-10-13,FB-100349,UA - Prospecting - Broad | iOS | MENA | Static,4,11.64,60.68
2025-10-13,GG-200000,Search - Brand - Exact | iOS | US | Carousel,65,279.59,1329.45
2025-10-13,GG-200001,UAC - Value | Android | US | Static,160,682.43,3219.02
2025-10-13,GG-200002,Search - Non-Brand - Broad | iOS | MENA | Playables,54,161.48,801.59
2025-10-13,GG-200003,UAC - Value | iOS | LATAM | Carousel,48,184.02,776.01
2025-10-13,GG-200004,Search - Brand - Exact | iOS | LATAM | Playables,19,48.1,192.98
2025-10-13,GG-200005,Search - Brand - Exact | iOS | US | Carousel,43,191.88,807.81
2025-10-13,GG-200006,Search - Non-Brand - Broad | iOS | LATAM | Carousel,164,573.56,2090.05
2025-10-13,GG-200007,Search - Non-Brand - Broad | iOS | US | Playables,50,195.62,641.24
2025-10-13,GG-200008,Search - Non-Brand - Broad | iOS | LATAM | UGC,79,294.42,1329.31
2025-10-13,GG-200009,UAC - Value | Android | LATAM | Playables,236,699.93,2887.91
2025-10-13,GG-200010,Search - Brand - Exact | iOS | EU | Playables,47,209.77,595.33
2025-10-13,GG-200011,Search - Brand - Exact | iOS | MENA | Carousel,96,310.12,1353.05
2025-10-13,GG-200012,Search - Non-Brand - Broad | iOS | LATAM | Static,153,426.33,1332.71
2025-10-13,GG-200013,Search - Non-Brand - Broad | iOS | APAC | Static,59,180.71,499.66
2025-10-13,GG-200014,UAC - Installs | Android | EU | Video,142,385.49,2058.9
2025-10-13,GG-200015,Search - Brand - Exact | Android | MENA | Playables,77,306.27,1271.63
2025-10-13,GG-200016,UAC - Value | iOS | MENA | Static,42,141.01,763.85
2025-10-13,GG-200017,Search - Non-Brand - Broad | Android | EU | Static,80,225.23,979.98
2025-10-13,GG-200018,UAC - Installs | iOS | US | UGC,142,581.12,2523.8
2025-10-13,GG-200019,UAC - Installs | Android | APAC | Playables,96,320.62,1624.9
2025-10-13,GG-200020,Search - Non-Brand - Broad | iOS | EU | Playables,13,47.68,188.62
2025-10-13,GG-200021,UAC - Installs | iOS | APAC | Static,64,210.38,1156.88
2025-10-13,GG-200022,UAC - Value | iOS | APAC | Carousel,224,843.52,5061.12
2025-10-13,GG-200023,Search - Non-Brand - Broad | iOS | EU | Static,56,250.59,861.78
2025-10-13,GG-200024,UAC - Installs | iOS | US | UGC,47,212.64,956.45
2025-10-13,GG-200025,UAC - Installs | Android | MENA | Video,130,377.38,1173.27
2025-10-13,GG-200026,UAC - Value | Android | EU | Carousel,197,996.31,5835.39
2025-10-13,GG-200027,Search - Non-Brand - Broad | Android | APAC | Video,33,109.96,401.79
2025-10-13,GG-200028,UAC - Value | iOS | LATAM | Video,143,657.2,2802.96
2025-10-13,GG-200029,UAC - Installs | Android | APAC | Playables,47,152.1,761.26
2025-10-13,GG-200030,UAC - Installs | Android | APAC | Video,126,324.73,1119.67
2025-10-13,GG-200031,Search - Brand - Exact | Android | US | Carousel,62,249.28,1093.34
2025-10-13,GG-200032,Search - Brand - Exact | iOS | EU | Static,14,67.4,234.42
2025-10-13,GG-200033,UAC - Value | iOS | APAC | Static,129,597.93,2937.03
2025-10-13,GG-200034,Search - Brand - Exact | iOS | MENA | Video,75,334.55,1309.43
2025-10-13,GG-200035,Search - Non-Brand - Broad | Android | LATAM | Static,58,117.64,461.38
2025-10-13,GG-200036,Search - Non-Brand - Broad | iOS | US | Carousel,16,58.69,291.1
2025-10-13,GG-200037,Search - Non-Brand - Broad | iOS | US | Video,31,102.21,356.41
2025-10-13,GG-200038,Search - Brand - Exact | iOS | MENA | UGC,27,91.86,399.41
2025-10-13,GG-200039,Search - Brand - Exact | Android | APAC | Playables,80,237.78,775.16
2025-10-13,GG-200040,UAC - Value | Android | EU | Carousel,63,276.78,1660.68
2025-10-13,GG-200041,Search - Non-Brand - Broad | Android | MENA | Carousel,43,103.62,406.92
2025-10-13,GG-200042,UAC - Installs | iOS | EU | Video,167,545.47,1642.41
2025-10-13,GG-200043,Search - Brand - Exact | Android | MENA | Playables,31,109.5,303.97
2025-10-13,GG-200044,UAC - Value | iOS | APAC | Video,79,295.25,1771.5
2025-10-13,GG-200045,UAC - Installs | iOS | LATAM | Video,183,754.8,2272.7
2025-10-13,GG-200046,Search - Brand - Exact | Android | LATAM | Static,32,111.16,414.18
2025-10-13,GG-200047,UAC - Installs | iOS | EU | Video,61,246.54,1232.95
2025-10-13,GG-200048,UAC - Value | iOS | EU | UGC,48,195.3,880.41
2025-10-13,GG-200049,UAC - Value | Android | EU | Video,112,463.57,2781.42
2025-10-13,GG-200050,Search - Brand - Exact | Android | LATAM | Static,123,452.41,1222.41
2025-10-13,GG-200051,UAC - Installs | Android | US | Carousel,98,408.62,1777.5
2025-10-13,GG-200052,UAC - Installs | iOS | MENA | UGC,122,545.33,2953.51
2025-10-13,GG-200053,UAC - Installs | Android | EU | Carousel,78,298.69,943.86
2025-10-13,GG-200054,Search - Brand - Exact | Android | LATAM | Carousel,63,129.78,629.17
2025-10-13,GG-200055,UAC - Value | iOS | APAC | UGC,140,656.61,3638.93
2025-10-13,GG-200056,UAC - Value | iOS | LATAM | Static,105,449.48,2175.93
2025-10-13,GG-200057,UAC - Installs | iOS | LATAM | Playables,75,213.46,994.72
2025-10-13,GG-200058,UAC - Value | Android | APAC | Video,104,327.17,1915.91
2025-10-13,GG-200059,UAC - Installs | Android | MENA | Carousel,336,1240.11,5110.49
2025-10-13,GG-200060,UAC - Installs | Android | US | Carousel,126,523.74,2529.14
2025-10-13,GG-200061,UAC - Value | iOS | APAC | Playables,41,198.01,854.41
2025-10-13,GG-200062,UAC - Value | Android | APAC | Carousel,124,490.71,2576.72
2025-10-13,GG-200063,UAC - Value | Android | LATAM | Playables,89,334.25,1478.39
2025-10-13,GG-200064,UAC - Value | iOS | US | Video,147,630.12,2661.0
2025-10-13,GG-200065,Search - Brand - Exact | iOS | MENA | Static,62,259.05,736.74
2025-10-13,GG-200066,Search - Brand - Exact | Android | MENA | UGC,60,188.1,624.3
2025-10-13,GG-200067,UAC - Installs | Android | US | Static,96,404.62,1346.58
2025-10-13,GG-200068,Search - Brand - Exact | iOS | APAC | Playables,49,147.59,685.7
2025-10-13,GG-200069,UAC - Installs | Android | APAC | Carousel,333,717.15,3732.05
2025-10-13,GG-200070,Search - Non-Brand - Broad | iOS | US | Playables,25,119.08,307.82
2025-10-13,GG-200071,UAC - Installs | iOS | APAC | Carousel,131,516.21,2509.81
2025-10-13,GG-200072,Search - Non-Brand - Broad | Android | US | Video,57,184.06,890.85
2025-10-13,GG-200073,Search - Brand - Exact | iOS | MENA | UGC,71,259.74,834.28
2025-10-13,GG-200074,Search - Non-Brand - Broad | iOS | LATAM | UGC,74,245.64,1047.41
2025-10-13,GG-200075,Search - Brand - Exact | iOS | APAC | Static,96,368.44,948.0
2025-10-13,GG-200076,Search - Non-Brand - Broad | Android | US | UGC,112,294.94,745.9
2025-10-13,GG-200077,UAC - Installs | iOS | US | Carousel,103,510.57,2096.91
2025-10-13,GG-200078,UAC - Installs | Android | MENA | Playables,116,439.83,1717.1
2025-10-13,GG-200079,UAC - Installs | iOS | EU | Static,61,183.31,735.81
2025-10-13,GG-200080,Search - Non-Brand - Broad | Android | US | Static,41,141.72,466.83
2025-10-13,GG-200081,UAC - Installs | Android | APAC | Video,85,212.71,955.49
2025-10-13,GG-200082,Search - Non-Brand - Broad | iOS | APAC | Playables,37,129.14,634.98
2025-10-13,GG-200083,UAC - Value | Android | US | Carousel,101,414.86,1788.46
2025-10-13,GG-200084,UAC - Value | iOS | MENA | UGC,181,892.0,4503.71
2025-10-13,GG-200085,Search - Brand - Exact | Android | EU | Carousel,53,205.26,802.36
2025-10-13,GG-200086,UAC - Installs | iOS | APAC | Playables,91,338.23,1409.4
2025-10-13,GG-200087,Search - Non-Brand - Broad | Android | MENA | Playables,37,78.11,368.84
2025-10-13,GG-200088,Search - Brand - Exact | Android | APAC | Playables,70,239.27,975.5
2025-10-13,GG-200089,UAC - Installs | Android | MENA | Static,207,510.05,2261.56
2025-10-13,GG-200090,Search - Non-Brand - Broad | Android | EU | Carousel,80,292.04,1093.69
2025-10-13,GG-200091,Search - Brand - Exact | iOS | MENA | Carousel,25,77.19,372.9
2025-10-13,GG-200092,UAC - Installs | iOS | EU | Playables,105,517.97,2308.59
2025-10-13,GG-200093,Search - Brand - Exact | Android | LATAM | Playables,39,79.12,255.95
2025-10-13,GG-200094,Search - Non-Brand - Broad | Android | MENA | Playables,63,229.38,594.32
2025-10-13,GG-200095,UAC - Installs | Android | MENA | Playables,81,276.97,1301.21
2025-10-13,GG-200096,Search - Brand - Exact | Android | US | Video,67,265.04,1045.05
2025-10-13,GG-200097,UAC - Value | iOS | EU | Playables,51,288.05,1375.15
2025-10-13,GG-200098,UAC - Installs | Android | APAC | Playables,94,242.56,1151.92
2025-10-13,GG-200099,UAC - Value | iOS | APAC | Static,52,185.75,1094.25
2025-10-13,GG-200100,Search - Brand - Exact | iOS | APAC | Video,59,236.25,733.79
2025-10-13,GG-200101,UAC - Value | Android | APAC | UGC,42,162.48,873.65
2025-10-13,GG-200102,Search - Non-Brand - Broad | iOS | EU | Carousel,71,261.44,1195.57
2025-10-13,GG-200103,UAC - Value | iOS | LATAM | Carousel,67,312.13,1872.78
2025-10-13,GG-200104,Search - Brand - Exact | Android | LATAM | Playables,23,70.41,348.95
2025-10-13,GG-200105,Search - Brand - Exact | iOS | EU | UGC,20,84.97,405.31
2025-10-13,GG-200106,Search - Non-Brand - Broad | iOS | APAC | Static,34,92.53,433.04
2025-10-13,GG-200107,UAC - Value | Android | US | Carousel,178,713.07,3461.24
2025-10-13,GG-200108,UAC - Installs | iOS | EU | Static,199,699.98,2736.22
2025-10-13,GG-200109,UAC - Value | iOS | EU | Static,82,336.64,1719.89
2025-10-13,GG-200110,UAC - Value | iOS | APAC | Carousel,95,471.4,2050.12
2025-10-13,GG-200111,UAC - Value | Android | US | UGC,242,1128.78,6772.68
2025-10-13,GG-200112,UAC - Installs | Android | EU | Playables,130,557.22,2768.27
2025-10-13,GG-200113,UAC - Value | Android | US | Carousel,126,594.98,3115.32
2025-10-13,GG-200114,Search - Brand - Exact | iOS | LATAM | Playables,107,475.2,1834.75
2025-10-13,GG-200115,UAC - Installs | Android | APAC | Static,90,226.66,863.35
2025-10-13,GG-200116,Search - Brand - Exact | iOS | APAC | Carousel,31,96.05,419.16
2025-10-13,GG-200117,Search - Non-Brand - Broad | iOS | US | Playables,33,134.67,387.45
2025-10-13,GG-200118,Search - Brand - Exact | iOS | MENA | Carousel,22,58.39,272.04
2025-10-13,GG-200119,UAC - Installs | iOS | MENA | UGC,450,1699.15,6806.79
2025-10-13,GG-200120,UAC - Value | Android | EU | Video,194,917.23,5503.38
2025-10-13,GG-200121,UAC - Installs | iOS | LATAM | Playables,115,377.13,1283.0
2025-10-13,GG-200122,UAC - Value | Android | EU | Playables,203,855.2,4967.0
2025-10-13,GG-200123,Search - Non-Brand - Broad | Android | US | Video,24,70.04,272.53
2025-10-13,GG-200124,UAC - Value | iOS | APAC | Playables,117,503.47,2732.33
2025-10-13,GG-200125,Search - Non-Brand - Broad | Android | MENA | Playables,81,279.27,1362.56
2025-10-13,GG-200126,Search - Non-Brand - Broad | iOS | MENA | Carousel,135,540.99,1353.56
2025-10-13,GG-200127,UAC - Installs | iOS | MENA | Carousel,176,681.19,2470.68
2025-10-13,GG-200128,UAC - Value | iOS | MENA | Carousel,69,308.83,1481.15
2025-10-13,GG-200129,Search - Brand - Exact | Android | LATAM | Carousel,52,183.64,482.61
2025-10-13,GG-200130,Search - Brand - Exact | iOS | MENA | Carousel,15,51.75,171.6
2025-10-13,GG-200131,Search - Non-Brand - Broad | iOS | LATAM | Playables,41,169.19,654.26
2025-10-13,GG-200132,Search - Non-Brand - Broad | Android | MENA | UGC,46,104.82,313.1
2025-10-13,GG-200133,Search - Brand - Exact | iOS | EU | Static,33,155.13,545.9
2025-10-13,GG-200134,UAC - Value | Android | EU | Video,113,520.95,3125.7
2025-10-13,GG-200135,UAC - Value | iOS | APAC | Static,73,290.03,1478.57
2025-10-13,GG-200136,UAC - Value | Android | APAC | Playables,103,364.2,1527.82
2025-10-13,GG-200137,Search - Non-Brand - Broad | Android | EU | Playables,43,116.37,336.77
2025-10-13,GG-200138,UAC - Value | iOS | APAC | Playables,81,328.9,1816.19
2025-10-13,GG-200139,UAC - Installs | iOS | EU | UGC,208,741.02,2372.75
2025-10-13,GG-200140,UAC - Value | iOS | LATAM | Playables,166,765.19,3498.45
2025-10-13,GG-200141,UAC - Installs | Android | EU | Carousel,131,389.03,1532.0
2025-10-13,GG-200142,Search - Non-Brand - Broad | Android | LATAM | Carousel,72,185.77,465.73
2025-10-13,GG-200143,UAC - Installs | iOS | LATAM | UGC,274,892.34,3040.2
2025-10-13,GG-200144,UAC - Value | iOS | LATAM | Video,118,402.33,1994.35
2025-10-13,GG-200145,UAC - Installs | iOS | LATAM | Static,83,217.48,1123.5
2025-10-13,GG-200146,UAC - Installs | Android | LATAM | Video,164,438.04,1873.94
2025-10-13,GG-200147,Search - Non-Brand - Broad | iOS | LATAM | UGC,60,248.48,1181.27
2025-10-13,GG-200148,UAC - Installs | Android | MENA | Carousel,101,401.32,2080.44
2025-10-13,GG-200149,Search - Non-Brand - Broad | Android | US | Playables,161,420.53,1238.04
2025-10-13,GG-200150,Search - Non-Brand - Broad | Android | US | Playables,26,78.22,358.95
2025-10-13,GG-200151,UAC - Value | Android | US | Video,106,442.88,1961.52
2025-10-13,GG-200152,Search - Non-Brand - Broad | iOS | APAC | Video,55,219.9,1011.76
2025-10-13,GG-200153,UAC - Value | Android | MENA | Static,118,376.99,1695.7
2025-10-13,GG-200154,UAC - Installs | iOS | APAC | Static,102,420.32,1440.44
2025-10-13,GG-200155,Search - Brand - Exact | iOS | LATAM | Video,118,473.99,1395.43
2025-10-13,GG-200156,Search - Non-Brand - Broad | Android | MENA | Video,116,383.64,1004.75
2025-10-13,GG-200157,UAC - Value | iOS | EU | Video,94,435.31,2168.28
2025-10-13,GG-200158,Search - Brand - Exact | iOS | EU | Carousel,51,239.81,1054.68
2025-10-13,GG-200159,Search - Brand - Exact | Android | LATAM | Playables,72,276.2,734.14
2025-10-13,GG-200160,UAC - Value | iOS | LATAM | UGC,88,294.07,1731.78
2025-10-13,GG-200161,UAC - Installs | Android | MENA | UGC,131,324.8,1161.48
2025-10-13,GG-200162,Search - Non-Brand - Broad | Android | US | Carousel,151,447.55,1837.64
2025-10-13,GG-200163,Search - Brand - Exact | iOS | LATAM | Static,41,171.63,670.22
2025-10-13,GG-200164,Search - Non-Brand - Broad | iOS | LATAM | Playables,27,111.84,360.01
2025-10-13,GG-200165,UAC - Value | Android | MENA | UGC,116,438.56,2631.36
2025-10-13,GG-200166,Search - Brand - Exact | iOS | US | UGC,57,183.06,725.1
2025-10-13,GG-200167,UAC - Installs | Android | EU | UGC,123,427.61,1394.86
2025-10-13,GG-200168,UAC - Value | Android | US | Carousel,87,403.12,2087.76
2025-10-13,GG-200169,UAC - Installs | Android | APAC | Carousel,105,359.11,1397.3
2025-10-13,GG-200170,Search - Brand - Exact | iOS | MENA | Playables,26,113.54,497.99
2025-10-13,GG-200171,Search - Brand - Exact | iOS | LATAM | Static,45,197.61,712.58
2025-10-13,GG-200172,Search - Non-Brand - Broad | Android | APAC | Carousel,56,123.6,311.1
2025-10-13,GG-200173,Search - Brand - Exact | iOS | MENA | Carousel,40,140.08,404.13
2025-10-13,GG-200174,Search - Non-Brand - Broad | iOS | LATAM | Playables,58,170.05,530.22
2025-10-13,GG-200175,Search - Non-Brand - Broad | Android | EU | UGC,27,105.76,392.16
2025-10-13,GG-200176,UAC - Value | iOS | MENA | Carousel,96,321.85,1823.6
2025-10-13,GG-200177,Search - Non-Brand - Broad | iOS | MENA | Static,30,93.91,296.19
2025-10-13,GG-200178,UAC - Installs | Android | MENA | UGC,126,461.15,2474.99
2025-10-13,GG-200179,Search - Brand - Exact | Android | MENA | Video,19,66.99,227.43
2025-10-13,GG-200180,Search - Non-Brand - Broad | Android | MENA | Playables,30,118.9,353.25
2025-10-13,GG-200181,UAC - Value | Android | LATAM | Playables,115,478.35,1949.28
2025-10-13,GG-200182,UAC - Value | Android | EU | Playables,184,698.22,3647.5
2025-10-13,GG-200183,Search - Brand - Exact | Android | MENA | UGC,117,412.04,2011.58
2025-10-13,GG-200184,UAC - Value | iOS | EU | Playables,225,1018.96,6113.76
2025-10-13,GG-200185,UAC - Value | iOS | MENA | Video,105,505.01,2059.43
2025-10-13,GG-200186,UAC - Installs | iOS | US | UGC,96,461.56,2226.1
2025-10-13,GG-200187,Search - Brand - Exact | Android | EU | Playables,87,358.5,1528.64
2025-10-13,GG-200188,Search - Brand - Exact | Android | APAC | Carousel,37,137.31,656.34
2025-10-13,GG-200189,Search - Brand - Exact | Android | US | UGC,79,269.6,980.0
2025-10-13,GG-200190,Search - Non-Brand - Broad | iOS | APAC | Static,53,181.54,558.96
2025-10-13,GG-200191,UAC - Value | iOS | LATAM | UGC,65,322.92,1646.57
2025-10-13,GG-200192,Search - Non-Brand - Broad | iOS | APAC | Video,40,164.74,697.84
2025-10-13,GG-200193,UAC - Value | iOS | US | Static,128,630.23,2706.21
2025-10-13,GG-200194,Search - Brand - Exact | Android | EU | Video,98,277.26,1093.51
2025-10-13,GG-200195,UAC - Value | iOS | APAC | Playables,92,396.49,1685.08
2025-10-13,GG-200196,UAC - Value | iOS | EU | Static,79,332.1,1914.56
2025-10-13,GG-200197,Search - Non-Brand - Broad | iOS | EU | Carousel,19,69.19,270.81
2025-10-13,GG-200198,Search - Brand - Exact | Android | US | UGC,91,327.14,1571.91
2025-10-13,GG-200199,Search - Brand - Exact | Android | EU | Video,16,63.5,164.53
2025-10-13,GG-200200,Search - Brand - Exact | Android | APAC | Playables,43,122.36,602.26
2025-10-13,GG-200201,UAC - Value | Android | US | UGC,89,362.43,2120.58
2025-10-13,GG-200202,Search - Brand - Exact | Android | MENA | Static,107,411.73,1793.91
2025-10-13,GG-200203,Search - Non-Brand - Broad | Android | MENA | Carousel,72,230.28,1091.53
2025-10-13,GG-200204,UAC - Installs | iOS | MENA | Playables,88,291.78,1476.41
2025-10-13,GG-200205,Search - Non-Brand - Broad | Android | LATAM | Static,98,372.66,1361.7
2025-10-13,GG-200206,Search - Brand - Exact | iOS | LATAM | Carousel,33,86.92,230.34
2025-10-13,GG-200207,UAC - Value | Android | APAC | Playables,112,387.43,2241.28
2025-10-13,GG-200208,UAC - Installs | Android | LATAM | UGC,228,638.99,3143.83
2025-10-13,GG-200209,UAC - Installs | iOS | APAC | Static,55,144.24,766.2
2025-10-13,GG-200210,UAC - Value | iOS | EU | Playables,26,132.97,797.82
2025-10-13,GG-200211,Search - Non-Brand - Broad | Android | EU | Carousel,146,397.27,1147.71
2025-10-13,GG-200212,UAC - Value | iOS | US | Playables,39,220.94,888.84
2025-10-13,GG-200213,Search - Non-Brand - Broad | iOS | MENA | Playables,54,151.99,653.86
2025-10-13,GG-200214,Search - Non-Brand - Broad | iOS | EU | Carousel,29,110.62,386.51
2025-10-13,GG-200215,UAC - Installs | iOS | US | UGC,137,613.28,2318.2
2025-10-13,GG-200216,Search - Brand - Exact | Android | MENA | Static,63,251.45,800.11
2025-10-13,GG-200217,Search - Brand - Exact | iOS | APAC | Playables,17,69.93,347.69
2025-10-13,GG-200218,Search - Non-Brand - Broad | Android | EU | Playables,14,60.43,199.48
2025-10-13,GG-200219,UAC - Installs | iOS | EU | Carousel,131,631.5,2269.61
2025-10-13,GG-200220,Search - Brand - Exact | Android | EU | Static,188,759.82,2005.16
2025-10-13,GG-200221,Search - Non-Brand - Broad | iOS | EU | Playables,60,218.75,905.62
2025-10-13,GG-200222,UAC - Installs | iOS | EU | Playables,77,363.82,1981.0
2025-10-13,GG-200223,UAC - Installs | iOS | APAC | UGC,170,595.2,2431.99
2025-10-13,GG-200224,UAC - Value | iOS | LATAM | Carousel,57,244.45,1466.7
2025-10-13,GG-200225,UAC - Installs | iOS | US | UGC,93,361.51,1588.84
2025-10-13,GG-200226,UAC - Value | Android | LATAM | Carousel,220,653.49,2808.7
2025-10-13,GG-200227,Search - Non-Brand - Broad | Android | MENA | Static,38,113.83,388.16
2025-10-13,GG-200228,UAC - Value | Android | LATAM | Playables,191,627.22,2654.4
2025-10-13,GG-200229,UAC - Installs | iOS | EU | Static,129,606.52,2879.15
2025-10-13,GG-200230,Search - Non-Brand - Broad | Android | APAC | Playables,45,125.92,413.52
2025-10-13,GG-200231,UAC - Installs | iOS | MENA | Carousel,33,86.65,278.84
2025-10-13,GG-200232,Search - Non-Brand - Broad | iOS | APAC | UGC,122,447.75,1650.85
2025-10-13,GG-200233,UAC - Value | iOS | EU | Static,35,143.34,860.04
2025-10-13,GG-200234,Search - Brand - Exact | Android | MENA | Video,83,269.65,1006.06
2025-10-13,GG-200235,UAC - Value | Android | US | Video,393,1347.36,6323.16
2025-10-13,GG-200236,Search - Non-Brand - Broad | Android | EU | Video,60,168.14,479.7
2025-10-13,GG-200237,UAC - Value | Android | EU | Playables,274,911.95,5189.91
2025-10-13,GG-200238,UAC - Value | iOS | US | Playables,108,500.63,2772.99
2025-10-13,GG-200239,UAC - Value | iOS | US | Video,251,1426.91,6603.74
2025-10-13,GG-200240,UAC - Installs | Android | US | Playables,78,322.73,1679.49
2025-10-13,GG-200241,UAC - Value | iOS | US | Playables,160,896.3,4144.49
2025-10-13,GG-200242,Search - Non-Brand - Broad | Android | US | Video,44,111.05,514.38
2025-10-13,GG-200243,UAC - Installs | Android | EU | Playables,113,326.03,1208.59
2025-10-13,GG-200244,Search - Brand - Exact | iOS | LATAM | UGC,17,44.14,151.93
2025-10-13,GG-200245,Search - Non-Brand - Broad | iOS | APAC | UGC,79,327.63,1172.92
2025-10-13,GG-200246,Search - Brand - Exact | Android | LATAM | Video,107,234.8,998.84
2025-10-13,GG-200247,UAC - Value | Android | APAC | UGC,117,339.32,2035.92
2025-10-13,GG-200248,Search - Non-Brand - Broad | iOS | US | Video,150,484.42,2065.57
2025-10-13,GG-200249,UAC - Installs | Android | APAC | UGC,88,312.81,978.78
2025-10-13,GG-200250,Search - Non-Brand - Broad | Android | MENA | Video,94,317.77,1049.59
2025-10-13,GG-200251,UAC - Installs | Android | MENA | UGC,37,74.04,263.58
2025-10-13,GG-200252,Search - Brand - Exact | Android | US | Carousel,64,275.39,771.09
2025-10-13,GG-200253,Search - Non-Brand - Broad | Android | LATAM | Video,61,199.07,602.78
2025-10-13,GG-200254,UAC - Installs | Android | APAC | Video,78,261.36,1042.83
2025-10-13,GG-200255,UAC - Value | Android | MENA | Static,196,595.51,3459.91
2025-10-13,GG-200256,Search - Brand - Exact | iOS | APAC | Static,92,234.22,1168.76
2025-10-13,GG-200257,UAC - Value | iOS | US | Video,154,728.17,3376.52
2025-10-13,GG-200258,UAC - Value | Android | US | Carousel,250,1278.72,6275.96
2025-10-13,GG-200259,UAC - Value | iOS | US | Carousel,46,235.78,1414.68
2025-10-13,GG-200260,UAC - Value | iOS | EU | Carousel,109,586.55,2755.61
2025-10-13,GG-200261,UAC - Value | iOS | EU | Playables,90,435.74,2298.53
2025-10-13,GG-200262,Search - Non-Brand - Broad | Android | MENA | Carousel,67,223.02,890.96
2025-10-13,GG-200263,Search - Non-Brand - Broad | Android | US | Carousel,66,196.68,756.63
2025-10-13,GG-200264,UAC - Installs | iOS | EU | UGC,69,309.06,1470.82
2025-10-13,GG-200265,Search - Brand - Exact | iOS | US | Video,87,358.61,1567.48
2025-10-13,GG-200266,UAC - Installs | iOS | APAC | Carousel,220,776.12,2499.11
2025-10-13,GG-200267,Search - Non-Brand - Broad | Android | EU | Video,82,297.5,1013.58
2025-10-13,GG-200268,UAC - Value | iOS | APAC | Playables,88,422.74,2395.67
2025-10-13,GG-200269,UAC - Installs | Android | US | Video,114,341.25,1086.2
2025-10-13,GG-200270,UAC - Installs | Android | MENA | Playables,121,402.45,1636.76
2025-10-13,GG-200271,UAC - Value | iOS | US | Carousel,47,236.39,1418.34
2025-10-13,GG-200272,Search - Non-Brand - Broad | iOS | US | Playables,63,272.39,722.92
2025-10-13,GG-200273,Search - Non-Brand - Broad | Android | APAC | Static,37,136.62,400.84
2025-10-13,GG-200274,UAC - Value | iOS | LATAM | Carousel,122,480.88,2189.93
2025-10-13,GG-200275,UAC - Value | Android | US | Static,133,488.58,2230.37
2025-10-13,GG-200276,UAC - Value | iOS | APAC | Carousel,59,213.16,1095.64
2025-10-13,GG-200277,Search - Non-Brand - Broad | Android | LATAM | Carousel,24,79.6,302.72
2025-10-13,GG-200278,Search - Non-Brand - Broad | iOS | MENA | Playables,36,92.51,395.67
2025-10-13,GG-200279,UAC - Installs | iOS | US | Static,84,341.75,1488.32
2025-10-13,GG-200280,UAC - Value | Android | APAC | Carousel,144,529.08,3174.48
2025-10-13,GG-200281,UAC - Value | iOS | APAC | Carousel,135,617.87,3694.24
2025-10-13,GG-200282,Search - Non-Brand - Broad | Android | LATAM | Carousel,36,89.6,356.07
2025-10-13,GG-200283,UAC - Value | iOS | LATAM | Static,194,1014.93,6089.58
2025-10-13,GG-200284,Search - Non-Brand - Broad | iOS | LATAM | UGC,49,150.9,658.68
2025-10-13,GG-200285,UAC - Value | iOS | APAC | Carousel,122,638.95,3465.66
2025-10-13,GG-200286,Search - Non-Brand - Broad | iOS | US | Playables,70,255.58,1098.23
2025-10-13,GG-200287,UAC - Value | Android | MENA | Video,145,680.73,2918.29
2025-10-13,GG-200288,Search - Brand - Exact | Android | APAC | Carousel,20,43.5,139.29
2025-10-13,GG-200289,UAC - Installs | iOS | APAC | Static,57,164.92,872.1
2025-10-13,GG-200290,UAC - Value | Android | LATAM | Static,61,227.95,1176.68
2025-10-13,GG-200291,UAC - Value | iOS | US | UGC,49,268.53,1164.88
2025-10-13,GG-200292,UAC - Value | iOS | MENA | Playables,75,319.44,1603.27
2025-10-13,GG-200293,Search - Brand - Exact | Android | LATAM | Playables,40,119.08,472.15
2025-10-13,GG-200294,Search - Non-Brand - Broad | Android | EU | Carousel,136,366.7,1555.91
2025-10-13,GG-200295,UAC - Installs | Android | MENA | UGC,241,825.74,3780.24
2025-10-13,GG-200296,Search - Brand - Exact | iOS | US | Video,54,234.73,963.1
2025-10-13,GG-200297,Search - Non-Brand - Broad | iOS | EU | Playables,105,388.41,1611.12
2025-10-13,GG-200298,UAC - Value | iOS | LATAM | UGC,65,227.41,1173.89
2025-10-13,GG-200299,UAC - Value | Android | LATAM | Video,114,371.87,2192.92
2025-10-13,GG-200300,Search - Brand - Exact | Android | LATAM | UGC,54,155.98,487.75
2025-10-13,GG-200301,UAC - Installs | Android | EU | Carousel,181,573.7,2946.52
2025-10-13,GG-200302,UAC - Value | iOS | APAC | Static,64,219.8,879.86
2025-10-13,GG-200303,UAC - Value | iOS | APAC | Video,234,1166.47,4753.37
2025-10-13,GG-200304,UAC - Installs | iOS | LATAM | Video,74,332.47,1324.23
2025-10-13,GG-200305,UAC - Installs | Android | US | Video,160,487.34,1646.72
2025-10-13,GG-200306,Search - Non-Brand - Broad | Android | EU | Static,88,260.52,905.31
2025-10-13,GG-200307,UAC - Value | Android | LATAM | Playables,82,261.25,1272.55
2025-10-13,GG-200308,Search - Non-Brand - Broad | iOS | EU | UGC,105,383.44,1385.75
2025-10-13,GG-200309,Search - Brand - Exact | Android | APAC | UGC,108,318.5,1242.47
2025-10-13,GG-200310,UAC - Value | Android | APAC | Playables,109,476.7,2860.2
2025-10-13,GG-200311,Search - Non-Brand - Broad | iOS | US | Static,55,172.92,726.26
2025-10-13,GG-200312,Search - Brand - Exact | iOS | US | Playables,96,333.42,1476.05
2025-10-13,GG-200313,Search - Non-Brand - Broad | Android | LATAM | Carousel,101,343.01,1076.71
2025-10-13,GG-200314,UAC - Value | iOS | US | Carousel,69,381.38,1907.66
2025-10-13,GG-200315,UAC - Value | iOS | MENA | UGC,98,457.86,1966.51
2025-10-13,GG-200316,UAC - Value | Android | LATAM | Carousel,106,448.58,2691.48
2025-10-13,GG-200317,Search - Brand - Exact | Android | LATAM | Playables,102,306.3,834.97
2025-10-13,GG-200318,Search - Non-Brand - Broad | Android | LATAM | Video,112,330.71,1348.97
2025-10-13,GG-200319,UAC - Installs | iOS | US | Static,81,321.21,1468.57
2025-10-13,GG-200320,UAC - Value | Android | MENA | UGC,134,555.28,2685.89
2025-10-13,GG-200321,UAC - Value | Android | MENA | UGC,199,582.73,2596.06
2025-10-13,GG-200322,Search - Non-Brand - Broad | Android | APAC | Playables,23,71.26,351.67
2025-10-13,GG-200323,Search - Non-Brand - Broad | Android | APAC | Carousel,76,184.97,784.09
2025-10-13,GG-200324,Search - Brand - Exact | Android | LATAM | UGC,112,228.41,607.8
2025-10-13,GG-200325,Search - Non-Brand - Broad | iOS | US | UGC,81,323.95,877.58
2025-10-13,GG-200326,UAC - Value | Android | APAC | Playables,127,365.28,2000.27
2025-10-13,GG-200327,UAC - Value | iOS | APAC | UGC,184,931.85,4510.15
2025-10-13,GG-200328,Search - Brand - Exact | iOS | EU | Video,25,102.82,428.76
2025-10-13,GG-200329,UAC - Installs | Android | LATAM | Video,115,264.81,892.41
2025-10-13,GG-200330,Search - Non-Brand - Broad | Android | MENA | Carousel,53,163.57,588.36
2025-10-13,GG-200331,Search - Brand - Exact | iOS | MENA | UGC,36,147.81,590.8
2025-10-13,GG-200332,UAC - Installs | Android | LATAM | Playables,54,136.74,504.84
2025-10-13,GG-200333,Search - Non-Brand - Broad | Android | APAC | Playables,82,204.25,897.68
2025-10-13,GG-200334,UAC - Installs | iOS | US | Static,146,452.34,1967.68
2025-10-13,GG-200335,UAC - Installs | Android | APAC | Carousel,127,444.54,2164.02
2025-10-13,GG-200336,Search - Non-Brand - Broad | Android | APAC | Video,18,59.1,279.19
2025-10-13,GG-200337,UAC - Value | Android | MENA | Carousel,193,628.66,3198.62
2025-10-13,GG-200338,Search - Non-Brand - Broad | Android | MENA | Static,81,296.48,1323.78
2025-10-13,GG-200339,UAC - Installs | Android | US | Playables,65,201.55,828.57
2025-10-13,GG-200340,Search - Non-Brand - Broad | iOS | MENA | Playables,62,173.34,777.08
2025-10-13,GG-200341,UAC - Installs | iOS | LATAM | Carousel,297,1108.49,3531.65
2025-10-13,GG-200342,Search - Brand - Exact | Android | EU | UGC,71,317.65,834.15
2025-10-13,GG-200343,Search - Non-Brand - Broad | iOS | EU | Static,47,200.54,627.89
2025-10-13,GG-200344,UAC - Value | Android | LATAM | Static,197,776.24,3628.15
2025-10-13,GG-200345,UAC - Installs | iOS | EU | Playables,149,559.54,2478.76
2025-10-13,GG-200346,Search - Brand - Exact | iOS | APAC | UGC,24,83.27,358.23
2025-10-13,GG-200347,UAC - Installs | Android | APAC | Playables,54,164.93,710.85
2025-10-13,GG-200348,UAC - Installs | iOS | APAC | UGC,180,612.97,2214.05
2025-10-13,GG-200349,UAC - Installs | Android | US | UGC,83,366.54,1761.96
2025-10-14,FB-100000,UA - Retargeting - Value | Android | US | Carousel,35,131.32,681.81
2025-10-14,FB-100001,UA - Prospecting - Broad | Android | EU | Video,25,87.88,376.83
2025-10-14,FB-100002,UA - Prospecting - Broad | iOS | US | Video,77,315.44,1390.14
2025-10-14,FB-100003,UA - Prospecting - Broad | Android | EU | Playables,78,278.9,1515.54
2025-10-14,FB-100004,UA - Retargeting - Value | Android | MENA | UGC,29,113.92,546.7
2025-10-14,FB-100005,UA - Prospecting - Broad | iOS | MENA | Carousel,27,87.17,268.57
2025-10-14,FB-100006,UA - Lookalike - 1% | Android | APAC | Carousel,41,152.5,739.32
2025-10-14,FB-100007,UA - Prospecting - Broad | Android | EU | Carousel,32,140.02,738.75
2025-10-14,FB-100008,UA - Lookalike - 1% | Android | APAC | Video,126,431.85,1956.71
2025-10-14,FB-100009,UA - Prospecting - Broad | iOS | MENA | Carousel,41,104.15,415.56
2025-10-14,FB-100010,UA - Lookalike - 5% | iOS | MENA | Video,80,278.42,1175.49
2025-10-14,FB-100011,UA - Lookalike - 1% | Android | MENA | Carousel,72,165.07,784.74
2025-10-14,FB-100012,UA - Retargeting - Value | Android | US | Video,31,129.0,703.44
2025-10-14,FB-100013,UA - Prospecting - Broad | iOS | US | Static,113,432.09,1911.13
2025-10-14,FB-100014,UA - Lookalike - 1% | iOS | LATAM | UGC,26,110.73,347.47
2025-10-14,FB-100015,UA - Retargeting - Value | Android | LATAM | Carousel,16,66.54,366.1
2025-10-14,FB-100016,UA - Retargeting - Value | iOS | US | Playables,96,375.69,2254.14
2025-10-14,FB-100017,UA - Lookalike - 5% | Android | EU | UGC,182,584.47,2409.19
2025-10-14,FB-100018,UA - Lookalike - 1% | iOS | MENA | Static,44,140.91,598.87
2025-10-14,FB-100019,UA - Lookalike - 1% | Android | EU | Video,47,189.94,914.18
2025-10-14,FB-100020,UA - Retargeting - Value | iOS | LATAM | Video,30,144.69,868.14
2025-10-14,FB-100021,UA - Lookalike - 5% | iOS | EU | UGC,56,168.8,645.32
2025-10-14,FB-100022,UA - Retargeting - Value | iOS | EU | Carousel,21,104.73,543.86
2025-10-14,FB-100023,UA - Lookalike - 1% | Android | MENA | Playables,124,438.81,2129.11
2025-10-14,FB-100024,UA - Lookalike - 1% | iOS | MENA | UGC,106,303.51,1502.07
2025-10-14,FB-100025,UA - Lookalike - 5% | Android | EU | Playables,96,390.03,1977.45
2025-10-14,FB-100026,UA - Retargeting - Value | Android | US | Video,59,257.45,1129.95
2025-10-14,FB-100027,UA - Prospecting - Broad | Android | APAC | Playables,107,261.66,852.75
2025-10-14,FB-100028,UA - Lookalike - 5% | iOS | APAC | Playables,21,68.12,241.08
2025-10-14,FB-100029,UA - Prospecting - Broad | iOS | MENA | Video,152,641.55,3173.11
2025-10-14,FB-100030,UA - Lookalike - 1% | iOS | LATAM | Video,74,283.67,883.63
2025-10-14,FB-100031,UA - Prospecting - Broad | iOS | EU | UGC,35,129.9,644.56
2025-10-14,FB-100032,UA - Prospecting - Broad | iOS | MENA | Static,7,28.1,131.31
2025-10-14,FB-100033,UA - Retargeting - Value | iOS | MENA | Playables,10,38.37,170.63
2025-10-14,FB-100034,UA - Prospecting - Broad | Android | LATAM | Static,52,169.33,894.06
2025-10-14,FB-100035,UA - Prospecting - Broad | iOS | APAC | Video,15,52.62,257.31
2025-10-14,FB-100036,UA - Prospecting - Broad | iOS | LATAM | Static,19,77.63,249.5
2025-10-14,FB-100037,UA - Prospecting - Broad | Android | MENA | Video,37,116.91,384.87
2025-10-14,FB-100038,UA - Retargeting - Value | iOS | US | Playables,13,65.27,363.81
2025-10-14,FB-100039,UA - Retargeting - Value | Android | APAC | Playables,109,359.81,2036.16
2025-10-14,FB-100040,UA - Lookalike - 5% | iOS | MENA | Playables,90,340.33,1520.59
2025-10-14,FB-100041,UA - Lookalike - 1% | Android | MENA | Static,63,204.49,632.49
2025-10-14,FB-100042,UA - Lookalike - 5% | iOS | LATAM | UGC,56,222.78,1143.08
2025-10-14,FB-100043,UA - Prospecting - Broad | Android | EU | Static,22,89.69,357.32
2025-10-14,FB-100044,UA - Retargeting - Value | iOS | US | Playables,18,85.86,503.14
2025-10-14,FB-100045,UA - Prospecting - Broad | Android | US | Video,34,138.2,681.6
2025-10-14,FB-100046,UA - Lookalike - 1% | Android | US | Video,157,653.06,2623.34
2025-10-14,FB-100047,UA - Lookalike - 1% | Android | MENA | Static,29,60.02,233.6
2025-10-14,FB-100048,UA - Retargeting - Value | iOS | EU | Playables,29,140.66,830.18
2025-10-14,FB-100049,UA - Lookalike - 5% | iOS | EU | UGC,69,221.42,670.02
2025-10-14,FB-100050,UA - Lookalike - 5% | Android | US | Video,75,198.52,1004.91
2025-10-14,FB-100051,UA - Lookalike - 5% | iOS | APAC | UGC,38,125.88,545.44
2025-10-14,FB-100052,UA - Lookalike - 5% | Android | US | Video,44,119.56,412.72
2025-10-14,FB-100053,UA - Retargeting - Value | iOS | US | Static,9,50.45,250.38
2025-10-14,FB-100054,UA - Retargeting - Value | Android | MENA | UGC,15,54.49,298.82
2025-10-14,FB-100055,UA - Lookalike - 5% | iOS | EU | Carousel,148,723.45,3226.59
2025-10-14,FB-100056,UA - Prospecting - Broad | Android | US | UGC,129,465.78,2131.88
2025-10-14,FB-100057,UA - Prospecting - Broad | Android | MENA | Video,54,133.01,472.32
2025-10-14,FB-100058,UA - Lookalike - 5% | Android | EU | UGC,90,393.8,1995.38
2025-10-14,FB-100059,UA - Prospecting - Broad | iOS | EU | UGC,11,42.18,130.42
2025-10-14,FB-100060,UA - Lookalike - 5% | Android | APAC | Video,56,185.88,901.52
2025-10-14,FB-100061,UA - Lookalike - 5% | iOS | APAC | Carousel,78,308.63,1210.76
2025-10-14,FB-100062,UA - Lookalike - 1% | iOS | EU | Static,185,857.59,3768.25
2025-10-14,FB-100063,UA - Prospecting - Broad | Android | US | Playables,92,340.94,1713.56
2025-10-14,FB-100064,UA - Lookalike - 5% | iOS | US | Video,116,388.28,1626.12
2025-10-14,FB-100065,UA - Prospecting - Broad | Android | US | Playables,42,115.17,471.16
2025-10-14,FB-100066,UA - Prospecting - Broad | Android | US | Playables,62,178.72,605.32
2025-10-14,FB-100067,UA - Retargeting - Value | Android | APAC | Video,18,83.51,484.36
2025-10-14,FB-100068,UA - Lookalike - 5% | Android | MENA | Video,100,368.49,1635.73
2025-10-14,FB-100069,UA - Lookalike - 1% | iOS | LATAM | Static,79,319.59,1651.0
2025-10-14,FB-100070,UA - Retargeting - Value | Android | LATAM | UGC,34,137.51,730.73
2025-10-14,FB-100071,UA - Prospecting - Broad | iOS | APAC | Carousel,19,62.37,219.17
2025-10-14,FB-100072,UA - Prospecting - Broad | Android | APAC | Playables,128,456.45,1542.34
2025-10-14,FB-100073,UA - Lookalike - 1% | Android | MENA | Static,70,157.55,648.79
2025-10-14,FB-100074,UA - Retargeting - Value | Android | LATAM | Video,52,232.43,1267.21
2025-10-14,FB-100075,UA - Lookalike - 5% | iOS | LATAM | Static,66,258.24,1260.47
2025-10-14,FB-100076,UA - Prospecting - Broad | iOS | MENA | Playables,55,159.64,674.0
2025-10-14,FB-100077,UA - Lookalike - 1% | iOS | US | Static,128,576.06,2308.85
2025-10-14,FB-100078,UA - Retargeting - Value | Android | US | Playables,39,158.29,800.47
2025-10-14,FB-100079,UA - Retargeting - Value | iOS | LATAM | Playables,38,129.25,556.94
2025-10-14,FB-100080,UA - Lookalike - 5% | iOS | EU | Carousel,92,331.64,1753.71
2025-10-14,FB-100081,UA - Lookalike - 5% | iOS | US | Video,21,76.39,414.95
2025-10-14,FB-100082,UA - Lookalike - 1% | iOS | US | Video,105,317.38,1150.19
2025-10-14,FB-100083,UA - Lookalike - 5% | Android | LATAM | Static,27,81.04,412.57
2025-10-14,FB-100084,UA - Prospecting - Broad | iOS | MENA | Video,19,76.95,359.36
2025-10-14,FB-100085,UA - Prospecting - Broad | Android | EU | Playables,47,140.63,706.38
2025-10-14,FB-100086,UA - Retargeting - Value | iOS | MENA | Playables,20,81.81,364.71
2025-10-14,FB-100087,UA - Lookalike - 1% | iOS | EU | Video,39,128.01,676.15
2025-10-14,FB-100088,UA - Retargeting - Value | iOS | US | Carousel,18,72.71,436.26
2025-10-14,FB-100089,UA - Lookalike - 5% | Android | US | Carousel,50,211.89,1109.03
2025-10-14,FB-100090,UA - Retargeting - Value | Android | EU | Static,40,135.2,719.67
2025-10-14,FB-100091,UA - Lookalike - 1% | iOS | US | Static,40,166.56,884.1
2025-10-14,FB-100092,UA - Retargeting - Value | iOS | EU | Carousel,25,117.63,574.62
2025-10-14,FB-100093,UA - Lookalike - 5% | Android | APAC | Video,113,237.21,1027.83
2025-10-14,FB-100094,UA - Lookalike - 1% | Android | EU | UGC,86,265.03,1088.21
2025-10-14,FB-100095,UA - Prospecting - Broad | iOS | EU | Static,11,42.97,228.13
2025-10-14,FB-100096,UA - Lookalike - 1% | Android | APAC | Carousel,100,382.68,1474.47
2025-10-14,FB-100097,UA - Lookalike - 5% | Android | LATAM | Carousel,44,130.45,597.59
2025-10-14,FB-100098,UA - Lookalike - 1% | iOS | US | Video,120,509.69,2441.92
2025-10-14,FB-100099,UA - Prospecting - Broad | Android | MENA | Carousel,32,78.62,258.9
2025-10-14,FB-100100,UA - Lookalike - 1% | Android | MENA | UGC,53,177.08,608.62
2025-10-14,FB-100101,UA - Prospecting - Broad | iOS | APAC | Playables,29,122.0,441.88
2025-10-14,FB-100102,UA - Lookalike - 1% | iOS | MENA | Static,35,93.47,405.94
2025-10-14,FB-100103,UA - Retargeting - Value | Android | APAC | Video,26,74.49,446.94
2025-10-14,FB-100104,UA - Lookalike - 1% | iOS | APAC | Video,95,425.03,2163.4
2025-10-14,FB-100105,UA - Lookalike - 1% | iOS | US | Carousel,29,108.2,329.25
2025-10-14,FB-100106,UA - Lookalike - 1% | iOS | LATAM | UGC,20,69.99,291.3
2025-10-14,FB-100107,UA - Lookalike - 5% | Android | EU | UGC,51,208.03,673.39
2025-10-14,FB-100108,UA - Lookalike - 1% | Android | MENA | Playables,214,510.58,1833.49
2025-10-14,FB-100109,UA - Lookalike - 1% | iOS | MENA | Video,50,126.84,395.99
2025-10-14,FB-100110,UA - Lookalike - 1% | iOS | EU | UGC,165,602.88,1819.49
2025-10-14,FB-100111,UA - Retargeting - Value | iOS | APAC | UGC,41,137.72,746.17
2025-10-14,FB-100112,UA - Lookalike - 1% | iOS | EU | Video,68,235.43,929.48
2025-10-14,FB-100113,UA - Lookalike - 1% | iOS | US | Static,111,334.73,1401.85
2025-10-14,FB-100114,UA - Prospecting - Broad | Android | EU | Static,78,202.21,992.04
2025-10-14,FB-100115,UA - Prospecting - Broad | Android | EU | UGC,51,188.5,899.9
2025-10-14,FB-100116,UA - Retargeting - Value | iOS | APAC | Playables,95,429.91,1888.59
2025-10-14,FB-100117,UA - Retargeting - Value | iOS | APAC | UGC,32,155.18,713.36
2025-10-14,FB-100118,UA - Lookalike - 5% | Android | US | Video,146,649.01,3217.79
2025-10-14,FB-100119,UA - Lookalike - 5% | Android | EU | Playables,41,163.38,498.96
2025-10-14,FB-100120,UA - Prospecting - Broad | Android | MENA | Static,39,129.82,577.7
2025-10-14,FB-100121,UA - Lookalike - 1% | iOS | EU | UGC,56,247.9,1278.92
2025-10-14,FB-100122,UA - Lookalike - 5% | iOS | MENA | Playables,80,263.0,869.22
2025-10-14,FB-100123,UA - Lookalike - 5% | iOS | EU | UGC,54,253.15,1091.08
2025-10-14,FB-100124,UA - Lookalike - 5% | iOS | EU | Carousel,59,189.5,978.58
2025-10-14,FB-100125,UA - Prospecting - Broad | Android | LATAM | UGC,18,41.66,198.05
2025-10-14,FB-100126,UA - Lookalike - 1% | iOS | EU | Carousel,26,112.99,396.59
2025-10-14,FB-100127,UA - Retargeting - Value | iOS | MENA | Video,18,67.99,369.39
2025-10-14,FB-100128,UA - Retargeting - Value | Android | EU | UGC,81,271.92,1326.97
2025-10-14,FB-100129,UA - Lookalike - 5% | Android | US | UGC,62,235.54,1174.87
2025-10-14,FB-100130,UA - Lookalike - 5% | iOS | MENA | UGC,107,455.15,1494.26
2025-10-14,FB-100131,UA - Lookalike - 5% | Android | EU | UGC,99,379.1,1632.4
2025-10-14,FB-100132,UA - Lookalike - 5% | Android | MENA | UGC,112,309.28,1666.4
2025-10-14,FB-100133,UA - Lookalike - 5% | Android | LATAM | Carousel,32,113.57,525.26
2025-10-14,FB-100134,UA - Retargeting - Value | iOS | MENA | Playables,66,329.76,1774.77
2025-10-14,FB-100135,UA - Lookalike - 5% | iOS | EU | Carousel,26,92.57,340.47
2025-10-14,FB-100136,UA - Lookalike - 1% | iOS | US | UGC,25,118.93,497.48
2025-10-14,FB-100137,UA - Retargeting - Value | iOS | EU | UGC,58,323.01,1718.41
2025-10-14,FB-100138,UA - Prospecting - Broad | Android | APAC | Playables,112,390.29,1947.94
2025-10-14,FB-100139,UA - Lookalike - 5% | Android | APAC | Static,137,495.04,2650.44
2025-10-14,FB-100140,UA - Lookalike - 5% | Android | US | Carousel,80,267.61,1016.12
2025-10-14,FB-100141,UA - Lookalike - 1% | iOS | EU | UGC,25,84.41,448.55
2025-10-14,FB-100142,UA - Lookalike - 5% | iOS | APAC | Carousel,91,369.31,1704.0
2025-10-14,FB-100143,UA - Prospecting - Broad | iOS | US | UGC,79,394.91,1829.62
2025-10-14,FB-100144,UA - Prospecting - Broad | Android | LATAM | Static,124,274.09,1290.69
2025-10-14,FB-100145,UA - Retargeting - Value | Android | US | Static,75,316.28,1603.86
2025-10-14,FB-100146,UA - Retargeting - Value | Android | MENA | Static,35,133.13,798.78
2025-10-14,FB-100147,UA - Retargeting - Value | Android | APAC | Video,14,46.29,217.98
2025-10-14,FB-100148,UA - Retargeting - Value | iOS | LATAM | Carousel,15,68.34,377.37
2025-10-14,FB-100149,UA - Prospecting - Broad | Android | EU | Carousel,69,231.36,1140.37
2025-10-14,FB-100150,UA - Lookalike - 5% | Android | LATAM | Playables,274,984.76,3741.1
2025-10-14,FB-100151,UA - Retargeting - Value | iOS | EU | Video,47,184.01,1079.95
2025-10-14,FB-100152,UA - Prospecting - Broad | Android | LATAM | Playables,28,90.73,310.57
2025-10-14,FB-100153,UA - Lookalike - 5% | Android | LATAM | Playables,61,195.07,820.85
2025-10-14,FB-100154,UA - Lookalike - 1% | iOS | US | Playables,23,71.28,382.49
2025-10-14,FB-100155,UA - Prospecting - Broad | Android | APAC | UGC,80,172.31,921.86
2025-10-14,FB-100156,UA - Retargeting - Value | iOS | LATAM | UGC,98,494.64,2967.84
2025-10-14,FB-100157,UA - Lookalike - 1% | iOS | EU | Playables,115,550.26,1686.55
2025-10-14,FB-100158,UA - Lookalike - 1% | iOS | APAC | UGC,273,1098.63,3707.88
2025-10-14,FB-100159,UA - Lookalike - 1% | iOS | EU | Video,111,363.98,1596.42
2025-10-14,FB-100160,UA - Lookalike - 5% | iOS | EU | UGC,31,123.9,479.0
2025-10-14,FB-100161,UA - Lookalike - 1% | iOS | US | UGC,25,122.14,638.79
2025-10-14,FB-100162,UA - Lookalike - 1% | Android | APAC | Static,160,409.36,1406.56
2025-10-14,FB-100163,UA - Lookalike - 1% | iOS | LATAM | Carousel,43,149.8,711.4
2025-10-14,FB-100164,UA - Prospecting - Broad | Android | MENA | Static,71,228.51,791.33
2025-10-14,FB-100165,UA - Retargeting - Value | Android | APAC | UGC,31,125.52,644.92
2025-10-14,FB-100166,UA - Prospecting - Broad | iOS | APAC | UGC,35,127.16,592.31
2025-10-14,FB-100167,UA - Lookalike - 5% | Android | LATAM | Static,142,513.12,1541.93
2025-10-14,FB-100168,UA - Lookalike - 1% | Android | LATAM | Playables,118,424.98,2025.03
2025-10-14,FB-100169,UA - Lookalike - 1% | iOS | MENA | Playables,54,184.72,715.05
2025-10-14,FB-100170,UA - Lookalike - 1% | iOS | MENA | Carousel,134,369.21,1244.61
2025-10-14,FB-100171,UA - Lookalike - 1% | iOS | LATAM | Carousel,97,288.94,1016.78
2025-10-14,FB-100172,UA - Lookalike - 1% | Android | US | Static,110,332.23,1806.0
2025-10-14,FB-100173,UA - Retargeting - Value | Android | MENA | Static,46,193.82,825.48
2025-10-14,FB-100174,UA - Lookalike - 1% | Android | APAC | Carousel,40,118.73,430.16
2025-10-14,FB-100175,UA - Retargeting - Value | Android | EU | Carousel,153,785.24,4626.63
2025-10-14,FB-100176,UA - Prospecting - Broad | iOS | EU | Carousel,29,117.55,456.45
2025-10-14,FB-100177,UA - Prospecting - Broad | Android | LATAM | Video,41,92.16,495.36
2025-10-14,FB-100178,UA - Prospecting - Broad | iOS | EU | UGC,78,235.01,1289.97
2025-10-14,FB-100179,UA - Lookalike - 5% | Android | MENA | Carousel,129,277.22,1142.98
2025-10-14,FB-100180,UA - Retargeting - Value | iOS | APAC | Carousel,38,123.74,632.44
2025-10-14,FB-100181,UA - Prospecting - Broad | Android | LATAM | UGC,76,234.65,760.03
2025-10-14,FB-100182,UA - Prospecting - Broad | Android | APAC | UGC,72,196.74,741.91
2025-10-14,FB-100183,UA - Lookalike - 1% | Android | EU | Static,93,402.46,2131.43
2025-10-14,FB-100184,UA - Lookalike - 5% | Android | EU | Video,100,270.22,894.7
2025-10-14,FB-100185,UA - Lookalike - 5% | Android | MENA | UGC,280,977.79,4198.63
2025-10-14,FB-100186,UA - Lookalike - 5% | iOS | LATAM | Playables,24,106.81,524.33
2025-10-14,FB-100187,UA - Prospecting - Broad | iOS | MENA | Playables,176,464.69,1825.3
2025-10-14,FB-100188,UA - Lookalike - 1% | Android | EU | Static,86,291.75,886.92
2025-10-14,FB-100189,UA - Retargeting - Value | Android | EU | Static,32,146.4,732.59
2025-10-14,FB-100190,UA - Lookalike - 5% | Android | EU | Video,27,72.54,236.55
2025-10-14,FB-100191,UA - Lookalike - 1% | iOS | MENA | UGC,100,298.98,1050.62
2025-10-14,FB-100192,UA - Lookalike - 1% | Android | EU | Carousel,121,415.39,2049.95
2025-10-14,FB-100193,UA - Lookalike - 1% | iOS | US | Static,73,233.23,1013.62
2025-10-14,FB-100194,UA - Retargeting - Value | Android | APAC | Video,10,37.04,222.24
2025-10-14,FB-100195,UA - Prospecting - Broad | Android | LATAM | Static,61,137.49,560.82
2025-10-14,FB-100196,UA - Lookalike - 1% | Android | EU | Carousel,89,298.08,1138.96
2025-10-14,FB-100197,UA - Lookalike - 1% | iOS | US | UGC,21,72.19,362.25
2025-10-14,FB-100198,UA - Lookalike - 5% | iOS | LATAM | Playables,67,287.75,1387.24
2025-10-14,FB-100199,UA - Prospecting - Broad | iOS | US | Playables,74,225.36,807.92
2025-10-14,FB-100200,UA - Lookalike - 1% | iOS | LATAM | Playables,14,57.46,311.32
2025-10-14,FB-100201,UA - Prospecting - Broad | Android | US | Static,59,180.27,737.12
2025-10-14,FB-100202,UA - Retargeting - Value | iOS | MENA | Video,87,409.62,1908.42
2025-10-14,FB-100203,UA - Lookalike - 1% | iOS | MENA | UGC,63,278.18,1086.01
2025-10-14,FB-100204,UA - Lookalike - 5% | Android | MENA | UGC,121,480.84,1454.06
2025-10-14,FB-100205,UA - Lookalike - 5% | Android | APAC | Carousel,221,795.11,3581.18
2025-10-14,FB-100206,UA - Retargeting - Value | iOS | LATAM | Video,31,139.66,664.5
2025-10-14,FB-100207,UA - Lookalike - 1% | iOS | APAC | UGC,38,131.38,581.62
2025-10-14,FB-100208,UA - Lookalike - 5% | iOS | MENA | Video,56,249.34,756.5
2025-10-14,FB-100209,UA - Lookalike - 1% | Android | LATAM | Carousel,54,199.72,724.98
2025-10-14,FB-100210,UA - Prospecting - Broad | Android | APAC | Playables,32,74.91,300.84
2025-10-14,FB-100211,UA - Retargeting - Value | iOS | APAC | Video,26,99.16,501.95
2025-10-14,FB-100212,UA - Lookalike - 5% | iOS | MENA | UGC,11,34.79,111.26
2025-10-14,FB-100213,UA - Retargeting - Value | Android | EU | Carousel,119,580.59,2834.44
2025-10-14,FB-100214,UA - Prospecting - Broad | iOS | APAC | UGC,51,158.95,520.08
2025-10-14,FB-100215,UA - Retargeting - Value | Android | MENA | Static,73,314.03,1457.73
2025-10-14,FB-100216,UA - Lookalike - 5% | iOS | MENA | Video,78,298.16,1548.94
2025-10-14,FB-100217,UA - Lookalike - 5% | Android | EU | Video,38,168.14,600.6
2025-10-14,FB-100218,UA - Lookalike - 1% | Android | EU | UGC,74,230.48,907.86
2025-10-14,FB-100219,UA - Lookalike - 5% | iOS | APAC | UGC,27,90.15,352.85
2025-10-14,FB-100220,UA - Retargeting - Value | Android | APAC | Playables,117,477.2,2180.8
2025-10-14,FB-100221,UA - Retargeting - Value | iOS | EU | Playables,44,234.97,1409.82
2025-10-14,FB-100222,UA - Lookalike - 1% | Android | LATAM | UGC,130,414.88,1981.47
2025-10-14,FB-100223,UA - Lookalike - 1% | iOS | US | Carousel,99,315.28,1623.06
2025-10-14,FB-100224,UA - Lookalike - 5% | iOS | EU | UGC,155,466.53,2169.83
2025-10-14,FB-100225,UA - Lookalike - 5% | iOS | LATAM | Playables,82,271.45,1412.9
2025-10-14,FB-100226,UA - Retargeting - Value | iOS | LATAM | Static,70,305.92,1716.21
2025-10-14,FB-100227,UA - Prospecting - Broad | iOS | EU | UGC,34,156.78,634.18
2025-10-14,FB-100228,UA - Lookalike - 5% | iOS | APAC | UGC,30,126.39,490.01
2025-10-14,FB-100229,UA - Retargeting - Value | Android | APAC | Video,71,315.48,1712.74
2025-10-14,FB-100230,UA - Prospecting - Broad | iOS | US | UGC,75,328.81,1053.51
2025-10-14,FB-100231,UA - Lookalike - 5% | iOS | US | Static,53,185.83,716.56
2025-10-14,FB-100232,UA - Lookalike - 1% | Android | US | UGC,53,222.27,961.76
2025-10-14,FB-100233,UA - Prospecting - Broad | iOS | MENA | UGC,26,66.36,261.26
2025-10-14,FB-100234,UA - Lookalike - 1% | iOS | MENA | UGC,44,196.27,826.69
2025-10-14,FB-100235,UA - Prospecting - Broad | iOS | MENA | Video,53,183.52,928.98
2025-10-14,FB-100236,UA - Prospecting - Broad | Android | LATAM | Static,93,211.06,825.88
2025-10-14,FB-100237,UA - Lookalike - 5% | iOS | US | Video,39,139.0,631.62
2025-10-14,FB-100238,UA - Prospecting - Broad | Android | LATAM | Video,150,397.12,1559.09
2025-10-14,FB-100239,UA - Lookalike - 1% | iOS | US | Carousel,78,379.67,1660.68
2025-10-14,FB-100240,UA - Retargeting - Value | iOS | APAC | Static,28,133.16,669.13
2025-10-14,FB-100241,UA - Retargeting - Value | iOS | MENA | Static,24,112.01,672.06
2025-10-14,FB-100242,UA - Lookalike - 5% | Android | US | Playables,47,161.72,781.75
2025-10-14,FB-100243,UA - Retargeting - Value | Android | APAC | Playables,24,84.67,407.86
2025-10-14,FB-100244,UA - Lookalike - 5% | Android | APAC | Carousel,40,155.07,526.31
2025-10-14,FB-100245,UA - Lookalike - 1% | iOS | US | UGC,129,492.72,1999.95
2025-10-14,FB-100246,UA - Lookalike - 1% | Android | US | UGC,92,278.61,955.91
2025-10-14,FB-100247,UA - Lookalike - 5% | iOS | APAC | Carousel,141,407.93,1591.33
2025-10-14,FB-100248,UA - Lookalike - 5% | iOS | EU | UGC,116,463.01,2292.83
2025-10-14,FB-100249,UA - Lookalike - 1% | Android | EU | UGC,85,381.44,1682.53
2025-10-14,FB-100250,UA - Lookalike - 5% | iOS | LATAM | Video,65,271.23,1132.93
2025-10-14,FB-100251,UA - Prospecting - Broad | iOS | US | Playables,25,105.32,407.8
2025-10-14,FB-100252,UA - Lookalike - 1% | iOS | LATAM | Static,27,69.99,301.66
2025-10-14,FB-100253,UA - Lookalike - 1% | Android | EU | Playables,70,256.13,859.06
2025-10-14,FB-100254,UA - Lookalike - 1% | Android | US | Video,99,282.27,1397.24
2025-10-14,FB-100255,UA - Lookalike - 1% | iOS | US | Playables,18,78.22,359.58
2025-10-14,FB-100256,UA - Lookalike - 1% | Android | US | Carousel,99,425.92,1319.93
2025-10-14,FB-100257,UA - Retargeting - Value | iOS | EU | Static,4,19.8,83.87
2025-10-14,FB-100258,UA - Lookalike - 1% | iOS | MENA | Playables,53,152.49,545.3
2025-10-14,FB-100259,UA - Lookalike - 1% | Android | LATAM | UGC,59,230.34,1257.66
2025-10-14,FB-100260,UA - Prospecting - Broad | iOS | US | UGC,51,172.27,807.77
2025-10-14,FB-100261,UA - Lookalike - 1% | Android | EU | UGC,104,467.47,2438.79
2025-10-14,FB-100262,UA - Lookalike - 1% | Android | APAC | Video,36,117.35,447.22
2025-10-14,FB-100263,UA - Lookalike - 1% | Android | APAC | Carousel,164,475.12,2364.2
2025-10-14,FB-100264,UA - Retargeting - Value | iOS | LATAM | Video,15,50.15,300.9
2025-10-14,FB-100265,UA - Lookalike - 1% | iOS | US | Playables,50,177.79,907.62
2025-10-14,FB-100266,UA - Lookalike - 1% | Android | US | UGC,73,264.02,1096.48
2025-10-14,FB-100267,UA - Prospecting - Broad | iOS | US | Static,24,103.97,459.86
2025-10-14,FB-100268,UA - Prospecting - Broad | Android | LATAM | UGC,134,403.73,1695.67
2025-10-14,FB-100269,UA - Retargeting - Value | Android | EU | Playables,93,357.04,1823.76
2025-10-14,FB-100270,UA - Lookalike - 5% | iOS | APAC | Carousel,50,156.35,795.35
2025-10-14,FB-100271,UA - Lookalike - 5% | Android | APAC | Video,36,108.99,365.33
2025-10-14,FB-100272,UA - Lookalike - 1% | iOS | LATAM | Video,115,318.47,1572.92
2025-10-14,FB-100273,UA - Retargeting - Value | Android | APAC | UGC,27,124.25,628.21
2025-10-14,FB-100274,UA - Lookalike - 1% | iOS | US | Carousel,39,123.16,434.02
2025-10-14,FB-100275,UA - Retargeting - Value | Android | APAC | Carousel,19,79.58,420.02
2025-10-14,FB-100276,UA - Retargeting - Value | Android | APAC | Video,25,103.47,601.16
2025-10-14,FB-100277,UA - Retargeting - Value | Android | US | Carousel,88,319.54,1917.24
2025-10-14,FB-100278,UA - Prospecting - Broad | Android | MENA | Static,15,33.11,176.58
2025-10-14,FB-100279,UA - Retargeting - Value | Android | MENA | Static,80,257.77,1414.9
2025-10-14,FB-100280,UA - Prospecting - Broad | iOS | EU | Playables,7,34.22,151.05
2025-10-14,FB-100281,UA - Lookalike - 1% | iOS | EU | Static,59,277.64,1470.94
2025-10-14,FB-100282,UA - Retargeting - Value | Android | US | Video,45,193.43,935.62
2025-10-14,FB-100283,UA - Lookalike - 1% | Android | LATAM | Static,285,1091.86,4130.51
2025-10-14,FB-100284,UA - Prospecting - Broad | Android | EU | Carousel,38,130.79,413.3
2025-10-14,FB-100285,UA - Prospecting - Broad | Android | APAC | Playables,175,456.0,1427.74
2025-10-14,FB-100286,UA - Lookalike - 1% | Android | APAC | UGC,215,845.81,4428.66
2025-10-14,FB-100287,UA - Retargeting - Value | Android | APAC | Playables,29,107.7,592.46
2025-10-14,FB-100288,UA - Lookalike - 5% | Android | MENA | Carousel,256,760.19,3111.46
2025-10-14,FB-100289,UA - Lookalike - 5% | Android | US | UGC,177,560.13,1889.88
2025-10-14,FB-100290,UA - Lookalike - 5% | iOS | US | UGC,45,140.12,627.32
2025-10-14,FB-100291,UA - Retargeting - Value | Android | US | Carousel,28,134.7,794.73
2025-10-14,FB-100292,UA - Lookalike - 1% | Android | EU | Carousel,52,212.51,796.91
2025-10-14,FB-100293,UA - Lookalike - 1% | iOS | MENA | Playables,76,274.57,1473.89
2025-10-14,FB-100294,UA - Lookalike - 5% | iOS | MENA | Playables,57,188.27,912.17
2025-10-14,FB-100295,UA - Retargeting - Value | Android | US | Playables,39,184.01,778.18
2025-10-14,FB-100296,UA - Lookalike - 5% | iOS | APAC | Static,106,423.72,1794.03
2025-10-14,FB-100297,UA - Lookalike - 5% | iOS | APAC | UGC,70,181.11,692.02
2025-10-14,FB-100298,UA - Lookalike - 1% | Android | LATAM | UGC,159,480.13,2493.8
2025-10-14,FB-100299,UA - Lookalike - 5% | iOS | LATAM | Static,86,285.69,1259.61
2025-10-14,FB-100300,UA - Prospecting - Broad | Android | US | Video,62,221.83,909.06
2025-10-14,FB-100301,UA - Retargeting - Value | iOS | US | Carousel,3,13.81,75.15
2025-10-14,FB-100302,UA - Lookalike - 1% | Android | MENA | Playables,151,333.63,1040.26
2025-10-14,FB-100303,UA - Lookalike - 5% | Android | APAC | Carousel,190,391.13,1656.83
2025-10-14,FB-100304,UA - Lookalike - 1% | Android | LATAM | Playables,337,1035.87,3123.15
2025-10-14,FB-100305,UA - Retargeting - Value | iOS | US | Playables,60,259.07,1274.37
2025-10-14,FB-100306,UA - Prospecting - Broad | Android | APAC | Static,60,171.34,570.22
2025-10-14,FB-100307,UA - Prospecting - Broad | iOS | MENA | Carousel,44,176.85,662.83
2025-10-14,FB-100308,UA - Lookalike - 5% | iOS | MENA | Static,68,191.55,1030.54
2025-10-14,FB-100309,UA - Prospecting - Broad | Android | MENA | Carousel,68,265.71,1105.35
2025-10-14,FB-100310,UA - Lookalike - 1% | Android | LATAM | Carousel,112,396.56,1531.91
2025-10-14,FB-100311,UA - Retargeting - Value | iOS | US | Static,26,143.17,712.7
2025-10-14,FB-100312,UA - Prospecting - Broad | iOS | US | Static,31,114.22,458.36
2025-10-14,FB-100313,UA - Lookalike - 5% | Android | MENA | Static,37,137.62,598.51
2025-10-14,FB-100314,UA - Retargeting - Value | iOS | APAC | Carousel,78,279.77,1152.09
2025-10-14,FB-100315,UA - Prospecting - Broad | iOS | LATAM | Carousel,72,233.52,897.42
2025-10-14,FB-100316,UA - Prospecting - Broad | Android | EU | Static,23,61.04,290.73
2025-10-14,FB-100317,UA - Lookalike - 5% | Android | LATAM | UGC,180,555.01,2215.04
2025-10-14,FB-100318,UA - Lookalike - 5% | iOS | MENA | UGC,151,637.75,2732.12
2025-10-14,FB-100319,UA - Prospecting - Broad | iOS | EU | Playables,7,25.57,94.35
2025-10-14,FB-100320,UA - Lookalike - 1% | iOS | APAC | Video,167,564.19,2822.08
2025-10-14,FB-100321,UA - Prospecting - Broad | iOS | MENA | Carousel,97,350.92,1852.16
2025-10-14,FB-100322,UA - Prospecting - Broad | Android | APAC | Playables,88,348.88,1604.5
2025-10-14,FB-100323,UA - Retargeting - Value | Android | EU | Carousel,20,103.41,620.46
2025-10-14,FB-100324,UA - Lookalike - 1% | Android | LATAM | Carousel,63,180.26,642.27
2025-10-14,FB-100325,UA - Lookalike - 5% | Android | US | UGC,88,313.93,1488.34
2025-10-14,FB-100326,UA - Retargeting - Value | Android | EU | UGC,26,108.96,605.82
2025-10-14,FB-100327,UA - Prospecting - Broad | iOS | US | UGC,37,158.02,848.25
2025-10-14,FB-100328,UA - Prospecting - Broad | iOS | US | UGC,11,45.69,155.35
2025-10-14,FB-100329,UA - Lookalike - 5% | iOS | MENA | UGC,14,54.2,266.66
2025-10-14,FB-100330,UA - Lookalike - 5% | iOS | LATAM | Video,56,246.5,1303.74
2025-10-14,FB-100331,UA - Lookalike - 5% | Android | LATAM | Static,187,374.09,1386.75
2025-10-14,FB-100332,UA - Prospecting - Broad | iOS | US | UGC,20,66.55,252.02
2025-10-14,FB-100333,UA - Lookalike - 5% | Android | APAC | Playables,37,79.4,405.42
2025-10-14,FB-100334,UA - Lookalike - 1% | Android | APAC | Carousel,44,136.65,571.88
2025-10-14,FB-100335,UA - Prospecting - Broad | Android | LATAM | Static,24,58.0,299.51
2025-10-14,FB-100336,UA - Retargeting - Value | Android | MENA | Playables,45,132.08,623.95
2025-10-14,FB-100337,UA - Retargeting - Value | iOS | LATAM | Static,18,67.8,406.8
2025-10-14,FB-100338,UA - Retargeting - Value | Android | EU | Carousel,69,253.62,1521.72
2025-10-14,FB-100339,UA - Prospecting - Broad | Android | MENA | Static,48,132.73,587.86
2025-10-14,FB-100340,UA - Lookalike - 5% | Android | APAC | UGC,98,379.39,1777.82
2025-10-14,FB-100341,UA - Lookalike - 5% | iOS | LATAM | Static,15,48.51,169.64
2025-10-14,FB-100342,UA - Lookalike - 1% | Android | APAC | UGC,104,250.68,1281.73
2025-10-14,FB-100343,UA - Lookalike - 1% | iOS | MENA | Video,41,108.2,384.65
2025-10-14,FB-100344,UA - Lookalike - 5% | Android | LATAM | UGC,50,167.8,585.12
2025-10-14,FB-100345,UA - Lookalike - 1% | Android | US | Carousel,208,768.02,3824.74
2025-10-14,FB-100346,UA - Lookalike - 5% | Android | US | Playables,116,520.2,2751.86
2025-10-14,FB-100347,UA - Prospecting - Broad | iOS | MENA | Playables,75,267.62,1215.8
2025-10-14,FB-100348,UA - Lookalike - 1% | iOS | MENA | Static,56,162.23,600.74
2025-10-14,FB-100349,UA - Prospecting - Broad | iOS | MENA | Static,72,255.62,1251.77
2025-10-14,GG-200000,Search - Brand - Exact | iOS | US | Carousel,15,64.77,242.18
2025-10-14,GG-200001,UAC - Value | Android | US | Static,115,499.39,2541.4
2025-10-14,GG-200002,Search - Non-Brand - Broad | iOS | MENA | Playables,39,155.08,567.59
2025-10-14,GG-200003,UAC - Value | iOS | LATAM | Carousel,124,505.51,2058.44
2025-10-14,GG-200004,Search - Brand - Exact | iOS | LATAM | Playables,51,225.53,677.27
2025-10-14,GG-200005,Search - Brand - Exact | iOS | US | Carousel,173,794.81,3141.09
2025-10-14,GG-200006,Search - Non-Brand - Broad | iOS | LATAM | Carousel,29,125.99,358.69
2025-10-14,GG-200007,Search - Non-Brand - Broad | iOS | US | Playables,45,209.65,741.11
2025-10-14,GG-200008,Search - Non-Brand - Broad | iOS | LATAM | UGC,77,327.92,1266.1
2025-10-14,GG-200009,UAC - Value | Android | LATAM | Playables,180,638.62,3820.22
2025-10-14,GG-200010,Search - Brand - Exact | iOS | EU | Playables,56,264.95,907.19
2025-10-14,GG-200011,Search - Brand - Exact | iOS | MENA | Carousel,26,86.96,386.19
2025-10-14,GG-200012,Search - Non-Brand - Broad | iOS | LATAM | Static,32,109.21,438.04
2025-10-14,GG-200013,Search - Non-Brand - Broad | iOS | APAC | Static,19,57.55,248.16
2025-10-14,GG-200014,UAC - Installs | Android | EU | Video,49,167.19,741.32
2025-10-14,GG-200015,Search - Brand - Exact | Android | MENA | Playables,38,94.75,297.23
2025-10-14,GG-200016,UAC - Value | iOS | MENA | Static,163,655.88,2923.26
2025-10-14,GG-200017,Search - Non-Brand - Broad | Android | EU | Static,36,140.63,614.41
2025-10-14,GG-200018,UAC - Installs | iOS | US | UGC,136,490.61,2257.3
2025-10-14,GG-200019,UAC - Installs | Android | APAC | Playables,85,245.68,843.17
2025-10-14,GG-200020,Search - Non-Brand - Broad | iOS | EU | Playables,90,402.29,1885.13
2025-10-14,GG-200021,UAC - Installs | iOS | APAC | Static,131,533.56,2027.53
2025-10-14,GG-200022,UAC - Value | iOS | APAC | Carousel,34,166.16,996.96
2025-10-14,GG-200023,Search - Non-Brand - Broad | iOS | EU | Static,23,81.42,324.54
2025-10-14,GG-200024,UAC - Installs | iOS | US | UGC,73,284.64,1367.98
2025-10-14,GG-200025,UAC - Installs | Android | MENA | Video,143,324.57,1402.14
2025-10-14,GG-200026,UAC - Value | Android | EU | Carousel,221,724.24,3104.82
2025-10-14,GG-200027,Search - Non-Brand - Broad | Android | APAC | Video,41,131.19,556.9
2025-10-14,GG-200028,UAC - Value | iOS | LATAM | Video,58,287.57,1257.83
2025-10-14,GG-200029,UAC - Installs | Android | APAC | Playables,93,219.23,990.48
2025-10-14,GG-200030,UAC - Installs | Android | APAC | Video,229,763.12,2477.85
2025-10-14,GG-200031,Search - Brand - Exact | Android | US | Carousel,57,224.27,1080.98
2025-10-14,GG-200032,Search - Brand - Exact | iOS | EU | Static,35,163.4,680.72
2025-10-14,GG-200033,UAC - Value | iOS | APAC | Static,65,244.13,1372.74
2025-10-14,GG-200034,Search - Brand - Exact | iOS | MENA | Video,19,62.76,234.91
2025-10-14,GG-200035,Search - Non-Brand - Broad | Android | LATAM | Static,76,251.07,677.39
2025-10-14,GG-200036,Search - Non-Brand - Broad | iOS | US | Carousel,17,73.02,188.32
2025-10-14,GG-200037,Search - Non-Brand - Broad | iOS | US | Video,94,442.81,1811.98
2025-10-14,GG-200038,Search - Brand - Exact | iOS | MENA | UGC,23,61.35,160.55
2025-10-14,GG-200039,Search - Brand - Exact | Android | APAC | Playables,63,166.71,558.48
2025-10-14,GG-200040,UAC - Value | Android | EU | Carousel,82,406.59,1758.91
2025-10-14,GG-200041,Search - Non-Brand - Broad | Android | MENA | Carousel,97,328.03,1479.74
2025-10-14,GG-200042,UAC - Installs | iOS | EU | Video,107,443.11,2363.99
2025-10-14,GG-200043,Search - Brand - Exact | Android | MENA | Playables,38,148.83,430.86
2025-10-14,GG-200044,UAC - Value | iOS | APAC | Video,98,465.4,1930.48
2025-10-14,GG-200045,UAC - Installs | iOS | LATAM | Video,148,404.91,1715.6
2025-10-14,GG-200046,Search - Brand - Exact | Android | LATAM | Static,19,48.25,138.43
2025-10-14,GG-200047,UAC - Installs | iOS | EU | Video,257,1198.67,5533.06
2025-10-14,GG-200048,UAC - Value | iOS | EU | UGC,83,451.91,2711.46
2025-10-14,GG-200049,UAC - Value | Android | EU | Video,79,269.66,1355.85
2025-10-14,GG-200050,Search - Brand - Exact | Android | LATAM | Static,100,390.78,1502.16
2025-10-14,GG-200051,UAC - Installs | Android | US | Carousel,186,808.37,3564.1
2025-10-14,GG-200052,UAC - Installs | iOS | MENA | UGC,156,636.28,2751.27
2025-10-14,GG-200053,UAC - Installs | Android | EU | Carousel,159,671.7,2685.46
2025-10-14,GG-200054,Search - Brand - Exact | Android | LATAM | Carousel,72,230.85,862.92
2025-10-14,GG-200055,UAC - Value | iOS | APAC | UGC,118,566.57,3399.42
2025-10-14,GG-200056,UAC - Value | iOS | LATAM | Static,133,616.65,3594.45
2025-10-14,GG-200057,UAC - Installs | iOS | LATAM | Playables,171,750.04,2493.13
2025-10-14,GG-200058,UAC - Value | Android | APAC | Video,101,437.17,2623.02
2025-10-14,GG-200059,UAC - Installs | Android | MENA | Carousel,42,118.44,541.27
2025-10-14,GG-200060,UAC - Installs | Android | US | Carousel,83,370.89,1681.62
2025-10-14,GG-200061,UAC - Value | iOS | APAC | Playables,23,80.78,349.13
2025-10-14,GG-200062,UAC - Value | Android | APAC | Carousel,180,826.13,4887.39
2025-10-14,GG-200063,UAC - Value | Android | LATAM | Playables,79,291.44,1583.1
2025-10-14,GG-200064,UAC - Value | iOS | US | Video,169,752.3,3721.63
2025-10-14,GG-200065,Search - Brand - Exact | iOS | MENA | Static,142,413.11,1306.67
2025-10-14,GG-200066,Search - Brand - Exact | Android | MENA | UGC,66,160.57,778.76
2025-10-14,GG-200067,UAC - Installs | Android | US | Static,135,589.4,2563.89
2025-10-14,GG-200068,Search - Brand - Exact | iOS | APAC | Playables,92,357.13,1636.37
2025-10-14,GG-200069,UAC - Installs | Android | APAC | Carousel,46,108.79,410.25
2025-10-14,GG-200070,Search - Non-Brand - Broad | iOS | US | Playables,56,230.01,910.61
2025-10-14,GG-200071,UAC - Installs | iOS | APAC | Carousel,261,845.59,2596.81
2025-10-14,GG-200072,Search - Non-Brand - Broad | Android | US | Video,80,307.0,909.95
2025-10-14,GG-200073,Search - Brand - Exact | iOS | MENA | UGC,60,255.29,767.15
2025-10-14,GG-200074,Search - Non-Brand - Broad | iOS | LATAM | UGC,20,79.55,206.83
2025-10-14,GG-200075,Search - Brand - Exact | iOS | APAC | Static,75,253.64,1220.52
2025-10-14,GG-200076,Search - Non-Brand - Broad | Android | US | UGC,17,57.28,262.69
2025-10-14,GG-200077,UAC - Installs | iOS | US | Carousel,115,408.73,1336.14
2025-10-14,GG-200078,UAC - Installs | Android | MENA | Playables,156,536.08,2370.55
2025-10-14,GG-200079,UAC - Installs | iOS | EU | Static,48,153.66,769.53
2025-10-14,GG-200080,Search - Non-Brand - Broad | Android | US | Static,57,239.66,924.61
2025-10-14,GG-200081,UAC - Installs | Android | APAC | Video,133,461.39,1607.02
2025-10-14,GG-200082,Search - Non-Brand - Broad | iOS | APAC | Playables,39,114.13,370.58
2025-10-14,GG-200083,UAC - Value | Android | US | Carousel,413,1691.65,7167.52
2025-10-14,GG-200084,UAC - Value | iOS | MENA | UGC,24,80.08,420.18
2025-10-14,GG-200085,Search - Brand - Exact | Android | EU | Carousel,77,318.23,1210.87
2025-10-14,GG-200086,UAC - Installs | iOS | APAC | Playables,161,705.92,2518.72
2025-10-14,GG-200087,Search - Non-Brand - Broad | Android | MENA | Playables,65,142.42,605.28
2025-10-14,GG-200088,Search - Brand - Exact | Android | APAC | Playables,79,273.37,1002.99
2025-10-14,GG-200089,UAC - Installs | Android | MENA | Static,126,492.74,1831.51
2025-10-14,GG-200090,Search - Non-Brand - Broad | Android | EU | Carousel,54,169.26,460.73
2025-10-14,GG-200091,Search - Brand - Exact | iOS | MENA | Carousel,53,154.38,575.84
2025-10-14,GG-200092,UAC - Installs | iOS | EU | Playables,107,460.31,1670.0
2025-10-14,GG-200093,Search - Brand - Exact | Android | LATAM | Playables,82,256.58,1064.55
2025-10-14,GG-200094,Search - Non-Brand - Broad | Android | MENA | Playables,77,194.46,584.55
2025-10-14,GG-200095,UAC - Installs | Android | MENA | Playables,228,520.34,2202.6
2025-10-14,GG-200096,Search - Brand - Exact | Android | US | Video,42,149.35,375.47
2025-10-14,GG-200097,UAC - Value | iOS | EU | Playables,61,271.4,1524.18
2025-10-14,GG-200098,UAC - Installs | Android | APAC | Playables,89,181.37,705.17
2025-10-14,GG-200099,UAC - Value | iOS | APAC | Static,86,443.12,1858.0
2025-10-14,GG-200100,Search - Brand - Exact | iOS | APAC | Video,12,37.99,163.02
2025-10-14,GG-200101,UAC - Value | Android | APAC | UGC,135,421.29,2373.97
2025-10-14,GG-200102,Search - Non-Brand - Broad | iOS | EU | Carousel,48,224.41,782.52
2025-10-14,GG-200103,UAC - Value | iOS | LATAM | Carousel,199,836.44,5018.64
2025-10-14,GG-200104,Search - Brand - Exact | Android | LATAM | Playables,44,158.55,456.62
2025-10-14,GG-200105,Search - Brand - Exact | iOS | EU | UGC,30,135.64,402.17
2025-10-14,GG-200106,Search - Non-Brand - Broad | iOS | APAC | Static,10,41.66,127.1
2025-10-14,GG-200107,UAC - Value | Android | US | Carousel,307,1195.46,7101.03
2025-10-14,GG-200108,UAC - Installs | iOS | EU | Static,145,693.38,2804.72
2025-10-14,GG-200109,UAC - Value | iOS | EU | Static,102,405.24,2431.44
2025-10-14,GG-200110,UAC - Value | iOS | APAC | Carousel,26,107.04,642.24
2025-10-14,GG-200111,UAC - Value | Android | US | UGC,67,305.77,1661.86
2025-10-14,GG-200112,UAC - Installs | Android | EU | Playables,120,368.42,1513.47
2025-10-14,GG-200113,UAC - Value | Android | US | Carousel,111,420.95,2125.8
2025-10-14,GG-200114,Search - Brand - Exact | iOS | LATAM | Playables,40,160.08,616.79
2025-10-14,GG-200115,UAC - Installs | Android | APAC | Static,146,556.64,1883.11
2025-10-14,GG-200116,Search - Brand - Exact | iOS | APAC | Carousel,73,245.4,721.97
2025-10-14,GG-200117,Search - Non-Brand - Broad | iOS | US | Playables,27,81.66,363.22
2025-10-14,GG-200118,Search - Brand - Exact | iOS | MENA | Carousel,49,219.32,557.07
2025-10-14,GG-200119,UAC - Installs | iOS | MENA | UGC,188,614.63,3162.27
2025-10-14,GG-200120,UAC - Value | Android | EU | Video,192,649.4,2626.17
2025-10-14,GG-200121,UAC - Installs | iOS | LATAM | Playables,89,294.71,1575.52
2025-10-14,GG-200122,UAC - Value | Android | EU | Playables,80,386.74,1601.1
2025-10-14,GG-200123,Search - Non-Brand - Broad | Android | US | Video,34,129.92,446.15
2025-10-14,GG-200124,UAC - Value | iOS | APAC | Playables,76,346.35,1914.62
2025-10-14,GG-200125,Search - Non-Brand - Broad | Android | MENA | Playables,22,79.51,358.43
2025-10-14,GG-200126,Search - Non-Brand - Broad | iOS | MENA | Carousel,136,411.18,1819.47
2025-10-14,GG-200127,UAC - Installs | iOS | MENA | Carousel,115,338.73,1231.96
2025-10-14,GG-200128,UAC - Value | iOS | MENA | Carousel,216,970.81,5547.21
2025-10-14,GG-200129,Search - Brand - Exact | Android | LATAM | Carousel,86,258.09,1286.32
2025-10-14,GG-200130,Search - Brand - Exact | iOS | MENA | Carousel,23,70.91,329.73
2025-10-14,GG-200131,Search - Non-Brand - Broad | iOS | LATAM | Playables,62,167.75,737.76
2025-10-14,GG-200132,Search - Non-Brand - Broad | Android | MENA | UGC,34,71.41,351.55
2025-10-14,GG-200133,Search - Brand - Exact | iOS | EU | Static,35,124.61,522.86
2025-10-14,GG-200134,UAC - Value | Android | EU | Video,165,696.02,3279.65
2025-10-14,GG-200135,UAC - Value | iOS | APAC | Static,71,336.74,1784.72
2025-10-14,GG-200136,UAC - Value | Android | APAC | Playables,70,235.91,1122.7
2025-10-14,GG-200137,Search - Non-Brand - Broad | Android | EU | Playables,112,340.59,1673.32
2025-10-14,GG-200138,UAC - Value | iOS | APAC | Playables,38,129.79,563.42
2025-10-14,GG-200139,UAC - Installs | iOS | EU | UGC,148,691.17,3772.41
2025-10-14,GG-200140,UAC - Value | iOS | LATAM | Playables,71,351.5,1551.52
2025-10-14,GG-200141,UAC - Installs | Android | EU | Carousel,172,557.54,1949.16
2025-10-14,GG-200142,Search - Non-Brand - Broad | Android | LATAM | Carousel,44,115.57,536.71
2025-10-14,GG-200143,UAC - Installs | iOS | LATAM | UGC,195,632.05,3435.19
2025-10-14,GG-200144,UAC - Value | iOS | LATAM | Video,189,956.59,4316.13
2025-10-14,GG-200145,UAC - Installs | iOS | LATAM | Static,103,281.68,1070.1
2025-10-14,GG-200146,UAC - Installs | Android | LATAM | Video,118,400.88,1298.85
2025-10-14,GG-200147,Search - Non-Brand - Broad | iOS | LATAM | UGC,61,260.57,863.79
2025-10-14,GG-200148,UAC - Installs | Android | MENA | Carousel,70,239.32,1230.58
2025-10-14,GG-200149,Search - Non-Brand - Broad | Android | US | Playables,65,202.12,767.25
2025-10-14,GG-200150,Search - Non-Brand - Broad | Android | US | Playables,28,90.46,304.67
2025-10-14,GG-200151,UAC - Value | Android | US | Video,75,311.52,1842.64
2025-10-14,GG-200152,Search - Non-Brand - Broad | iOS | APAC | Video,98,319.59,1217.32
2025-10-14,GG-200153,UAC - Value | Android | MENA | Static,116,352.32,1587.91
2025-10-14,GG-200154,UAC - Installs | iOS | APAC | Static,113,366.14,1876.47
2025-10-14,GG-200155,Search - Brand - Exact | iOS | LATAM | Video,18,75.08,331.63
2025-10-14,GG-200156,Search - Non-Brand - Broad | Android | MENA | Video,176,651.62,2516.56
2025-10-14,GG-200157,UAC - Value | iOS | EU | Video,73,417.89,2507.34
2025-10-14,GG-200158,Search - Brand - Exact | iOS | EU | Carousel,44,153.84,455.52
2025-10-14,GG-200159,Search - Brand - Exact | Android | LATAM | Playables,107,364.75,1508.97
2025-10-14,GG-200160,UAC - Value | iOS | LATAM | UGC,205,972.83,5836.98
2025-10-14,GG-200161,UAC - Installs | Android | MENA | UGC,66,170.04,558.41
2025-10-14,GG-200162,Search - Non-Brand - Broad | Android | US | Carousel,11,41.95,187.18
2025-10-14,GG-200163,Search - Brand - Exact | iOS | LATAM | Static,41,113.28,443.38
2025-10-14,GG-200164,Search - Non-Brand - Broad | iOS | LATAM | Playables,51,165.86,794.47
2025-10-14,GG-200165,UAC - Value | Android | MENA | UGC,112,366.91,1535.89
2025-10-14,GG-200166,Search - Brand - Exact | iOS | US | UGC,42,158.02,779.99
2025-10-14,GG-200167,UAC - Installs | Android | EU | UGC,68,235.93,927.91
2025-10-14,GG-200168,UAC - Value | Android | US | Carousel,92,365.3,2007.69
2025-10-14,GG-200169,UAC - Installs | Android | APAC | Carousel,130,422.9,1994.4
2025-10-14,GG-200170,Search - Brand - Exact | iOS | MENA | Playables,27,98.95,443.69
2025-10-14,GG-200171,Search - Brand - Exact | iOS | LATAM | Static,35,140.94,682.15
2025-10-14,GG-200172,Search - Non-Brand - Broad | Android | APAC | Carousel,37,129.1,617.74
2025-10-14,GG-200173,Search - Brand - Exact | iOS | MENA | Carousel,15,52.84,199.15
2025-10-14,GG-200174,Search - Non-Brand - Broad | iOS | LATAM | Playables,49,204.1,578.83
2025-10-14,GG-200175,Search - Non-Brand - Broad | Android | EU | UGC,56,219.62,1094.59
2025-10-14,GG-200176,UAC - Value | iOS | MENA | Carousel,148,654.86,3739.25
2025-10-14,GG-200177,Search - Non-Brand - Broad | iOS | MENA | Static,27,105.22,275.36
2025-10-14,GG-200178,UAC - Installs | Android | MENA | UGC,154,550.43,1894.03
2025-10-14,GG-200179,Search - Brand - Exact | Android | MENA | Video,73,222.74,972.71
2025-10-14,GG-200180,Search - Non-Brand - Broad | Android | MENA | Playables,51,118.27,409.92
2025-10-14,GG-200181,UAC - Value | Android | LATAM | Playables,151,454.86,2060.97
2025-10-14,GG-200182,UAC - Value | Android | EU | Playables,65,243.03,1057.42
2025-10-14,GG-200183,Search - Brand - Exact | Android | MENA | UGC,117,358.73,1444.96
2025-10-14,GG-200184,UAC - Value | iOS | EU | Playables,62,288.74,1732.44
2025-10-14,GG-200185,UAC - Value | iOS | MENA | Video,59,218.33,1309.98
2025-10-14,GG-200186,UAC - Installs | iOS | US | UGC,181,566.33,2260.79
2025-10-14,GG-200187,Search - Brand - Exact | Android | EU | Playables,73,213.94,774.89
2025-10-14,GG-200188,Search - Brand - Exact | Android | APAC | Carousel,94,300.19,754.08
2025-10-14,GG-200189,Search - Brand - Exact | Android | US | UGC,70,296.14,915.37
2025-10-14,GG-200190,Search - Non-Brand - Broad | iOS | APAC | Static,13,39.84,104.42
2025-10-14,GG-200191,UAC - Value | iOS | LATAM | UGC,113,569.76,3261.88
2025-10-14,GG-200192,Search - Non-Brand - Broad | iOS | APAC | Video,19,74.49,264.66
2025-10-14,GG-200193,UAC - Value | iOS | US | Static,60,257.65,1545.9
2025-10-14,GG-200194,Search - Brand - Exact | Android | EU | Video,103,278.2,849.34
2025-10-14,GG-200195,UAC - Value | iOS | APAC | Playables,64,318.69,1741.96
2025-10-14,GG-200196,UAC - Value | iOS | EU | Static,126,523.29,2835.19
2025-10-14,GG-200197,Search - Non-Brand - Broad | iOS | EU | Carousel,28,96.45,333.72
2025-10-14,GG-200198,Search - Brand - Exact | Android | US | UGC,45,165.42,774.83
2025-10-14,GG-200199,Search - Brand - Exact | Android | EU | Video,32,105.08,441.76
2025-10-14,GG-200200,Search - Brand - Exact | Android | APAC | Playables,44,122.44,307.81
2025-10-14,GG-200201,UAC - Value | Android | US | UGC,177,895.27,4409.2
2025-10-14,GG-200202,Search - Brand - Exact | Android | MENA | Static,69,177.68,515.81
2025-10-14,GG-200203,Search - Non-Brand - Broad | Android | MENA | Carousel,32,72.99,213.35
2025-10-14,GG-200204,UAC - Installs | iOS | MENA | Playables,197,785.7,4013.36
2025-10-14,GG-200205,Search - Non-Brand - Broad | Android | LATAM | Static,57,153.16,734.86
2025-10-14,GG-200206,Search - Brand - Exact | iOS | LATAM | Carousel,39,99.13,347.25
2025-10-14,GG-200207,UAC - Value | Android | APAC | Playables,86,392.59,2185.94
2025-10-14,GG-200208,UAC - Installs | Android | LATAM | UGC,127,475.08,2087.98
2025-10-14,GG-200209,UAC - Installs | iOS | APAC | Static,209,893.79,3256.08
2025-10-14,GG-200210,UAC - Value | iOS | EU | Playables,200,1019.46,4657.91
2025-10-14,GG-200211,Search - Non-Brand - Broad | Android | EU | Carousel,29,80.77,396.58
2025-10-14,GG-200212,UAC - Value | iOS | US | Playables,142,594.38,3566.28
2025-10-14,GG-200213,Search - Non-Brand - Broad | iOS | MENA | Playables,12,31.22,89.38
2025-10-14,GG-200214,Search - Non-Brand - Broad | iOS | EU | Carousel,30,108.91,520.37
2025-10-14,GG-200215,UAC - Installs | iOS | US | UGC,90,306.57,1401.94
2025-10-14,GG-200216,Search - Brand - Exact | Android | MENA | Static,39,128.31,358.11
2025-10-14,GG-200217,Search - Brand - Exact | iOS | APAC | Playables,57,165.08,415.18
2025-10-14,GG-200218,Search - Non-Brand - Broad | Android | EU | Playables,41,128.99,617.73
2025-10-14,GG-200219,UAC - Installs | iOS | EU | Carousel,130,499.52,2739.87
2025-10-14,GG-200220,Search - Brand - Exact | Android | EU | Static,24,61.52,213.54
2025-10-14,GG-200221,Search - Non-Brand - Broad | iOS | EU | Playables,22,77.8,226.55
2025-10-14,GG-200222,UAC - Installs | iOS | EU | Playables,99,421.86,1374.42
2025-10-14,GG-200223,UAC - Installs | iOS | APAC | UGC,195,800.03,3246.52
2025-10-14,GG-200224,UAC - Value | iOS | LATAM | Carousel,76,305.18,1515.52
2025-10-14,GG-200225,UAC - Installs | iOS | US | UGC,131,514.45,2593.34
2025-10-14,GG-200226,UAC - Value | Android | LATAM | Carousel,55,159.8,958.8
2025-10-14,GG-200227,Search - Non-Brand - Broad | Android | MENA | Static,136,428.02,1674.41
2025-10-14,GG-200228,UAC - Value | Android | LATAM | Playables,78,215.79,1144.12
2025-10-14,GG-200229,UAC - Installs | iOS | EU | Static,129,561.46,1899.42
2025-10-14,GG-200230,Search - Non-Brand - Broad | Android | APAC | Playables,53,186.69,624.1
2025-10-14,GG-200231,UAC - Installs | iOS | MENA | Carousel,132,478.58,2457.99
2025-10-14,GG-200232,Search - Non-Brand - Broad | iOS | APAC | UGC,78,201.66,938.12
2025-10-14,GG-200233,UAC - Value | iOS | EU | Static,83,433.09,2318.33
2025-10-14,GG-200234,Search - Brand - Exact | Android | MENA | Video,49,144.53,647.35
2025-10-14,GG-200235,UAC - Value | Android | US | Video,140,636.08,3712.16
2025-10-14,GG-200236,Search - Non-Brand - Broad | Android | EU | Video,27,93.69,461.8
2025-10-14,GG-200237,UAC - Value | Android | EU | Playables,309,1274.01,7644.06
2025-10-14,GG-200238,UAC - Value | iOS | US | Playables,153,770.66,3555.83
2025-10-14,GG-200239,UAC - Value | iOS | US | Video,107,489.66,2478.66
2025-10-14,GG-200240,UAC - Installs | Android | US | Playables,75,212.11,888.74
2025-10-14,GG-200241,UAC - Value | iOS | US | Playables,116,479.23,2875.38
2025-10-14,GG-200242,Search - Non-Brand - Broad | Android | US | Video,53,217.91,604.26
2025-10-14,GG-200243,UAC - Installs | Android | EU | Playables,97,415.7,1659.89
2025-10-14,GG-200244,Search - Brand - Exact | iOS | LATAM | UGC,53,190.51,781.47
2025-10-14,GG-200245,Search - Non-Brand - Broad | iOS | APAC | UGC,38,101.59,280.19
2025-10-14,GG-200246,Search - Brand - Exact | Android | LATAM | Video,45,112.53,467.45
2025-10-14,GG-200247,UAC - Value | Android | APAC | UGC,68,258.47,1203.69
2025-10-14,GG-200248,Search - Non-Brand - Broad | iOS | US | Video,29,119.57,422.68
2025-10-14,GG-200249,UAC - Installs | Android | APAC | UGC,81,307.28,941.2
2025-10-14,GG-200250,Search - Non-Brand - Broad | Android | MENA | Video,45,100.89,460.26
2025-10-14,GG-200251,UAC - Installs | Android | MENA | UGC,216,627.29,3351.61
2025-10-14,GG-200252,Search - Brand - Exact | Android | US | Carousel,69,228.03,840.06
2025-10-14,GG-200253,Search - Non-Brand - Broad | Android | LATAM | Video,164,526.24,1609.77
2025-10-14,GG-200254,UAC - Installs | Android | APAC | Video,146,322.38,1268.24
2025-10-14,GG-200255,UAC - Value | Android | MENA | Static,200,866.88,4041.39
2025-10-14,GG-200256,Search - Brand - Exact | iOS | APAC | Static,23,76.0,325.96
2025-10-14,GG-200257,UAC - Value | iOS | US | Video,125,534.33,2641.73
2025-10-14,GG-200258,UAC - Value | Android | US | Carousel,197,743.44,3336.56
2025-10-14,GG-200259,UAC - Value | iOS | US | Carousel,46,186.46,1089.86
2025-10-14,GG-200260,UAC - Value | iOS | EU | Carousel,20,100.69,600.92
2025-10-14,GG-200261,UAC - Value | iOS | EU | Playables,76,359.5,1667.36
2025-10-14,GG-200262,Search - Non-Brand - Broad | Android | MENA | Carousel,75,281.67,1356.24
2025-10-14,GG-200263,Search - Non-Brand - Broad | Android | US | Carousel,105,432.57,1925.8
2025-10-14,GG-200264,UAC - Installs | iOS | EU | UGC,104,416.8,1510.07
2025-10-14,GG-200265,Search - Brand - Exact | iOS | US | Video,58,179.96,557.16
2025-10-14,GG-200266,UAC - Installs | iOS | APAC | Carousel,97,341.61,1289.24
2025-10-14,GG-200267,Search - Non-Brand - Broad | Android | EU | Video,79,237.14,894.49
2025-10-14,GG-200268,UAC - Value | iOS | APAC | Playables,130,560.59,3180.23
2025-10-14,GG-200269,UAC - Installs | Android | US | Video,131,564.79,2495.24
2025-10-14,GG-200270,UAC - Installs | Android | MENA | Playables,645,2305.42,10641.82
2025-10-14,GG-200271,UAC - Value | iOS | US | Carousel,71,311.22,1867.32
2025-10-14,GG-200272,Search - Non-Brand - Broad | iOS | US | Playables,28,93.37,303.55
2025-10-14,GG-200273,Search - Non-Brand - Broad | Android | APAC | Static,87,313.16,1309.01
2025-10-14,GG-200274,UAC - Value | iOS | LATAM | Carousel,105,347.41,1979.54
2025-10-14,GG-200275,UAC - Value | Android | US | Static,78,406.94,2441.64
2025-10-14,GG-200276,UAC - Value | iOS | APAC | Carousel,41,146.24,877.44
2025-10-14,GG-200277,Search - Non-Brand - Broad | Android | LATAM | Carousel,21,63.16,221.5
2025-10-14,GG-200278,Search - Non-Brand - Broad | iOS | MENA | Playables,72,211.87,954.05
2025-10-14,GG-200279,UAC - Installs | iOS | US | Static,175,865.99,3005.85
2025-10-14,GG-200280,UAC - Value | Android | APAC | Carousel,192,751.55,3808.1
2025-10-14,GG-200281,UAC - Value | iOS | APAC | Carousel,102,382.7,1740.52
2025-10-14,GG-200282,Search - Non-Brand - Broad | Android | LATAM | Carousel,94,257.85,1148.21
2025-10-14,GG-200283,UAC - Value | iOS | LATAM | Static,94,390.65,2260.3
2025-10-14,GG-200284,Search - Non-Brand - Broad | iOS | LATAM | UGC,66,219.65,843.24
2025-10-14,GG-200285,UAC - Value | iOS | APAC | Carousel,125,479.16,2564.94
2025-10-14,GG-200286,Search - Non-Brand - Broad | iOS | US | Playables,39,137.95,456.75
2025-10-14,GG-200287,UAC - Value | Android | MENA | Video,78,238.74,1432.44
2025-10-14,GG-200288,Search - Brand - Exact | Android | APAC | Carousel,61,233.4,1026.49
2025-10-14,GG-200289,UAC - Installs | iOS | APAC | Static,94,378.64,1693.66
2025-10-14,GG-200290,UAC - Value | Android | LATAM | Static,329,1227.73,5187.16
2025-10-14,GG-200291,UAC - Value | iOS | US | UGC,98,467.95,2310.74
2025-10-14,GG-200292,UAC - Value | iOS | MENA | Playables,65,271.38,1628.28
2025-10-14,GG-200293,Search - Brand - Exact | Android | LATAM | Playables,115,411.86,1728.16
2025-10-14,GG-200294,Search - Non-Brand - Broad | Android | EU | Carousel,50,143.16,680.58
2025-10-14,GG-200295,UAC - Installs | Android | MENA | UGC,114,300.81,1128.94
2025-10-14,GG-200296,Search - Brand - Exact | iOS | US | Video,42,182.25,799.35
2025-10-14,GG-200297,Search - Non-Brand - Broad | iOS | EU | Playables,120,435.49,1317.36
2025-10-14,GG-200298,UAC - Value | iOS | LATAM | UGC,118,390.27,1982.18
2025-10-14,GG-200299,UAC - Value | Android | LATAM | Video,84,375.73,2122.87
2025-10-14,GG-200300,Search - Brand - Exact | Android | LATAM | UGC,67,226.94,781.13
2025-10-14,GG-200301,UAC - Installs | Android | EU | Carousel,137,405.56,1916.68
2025-10-14,GG-200302,UAC - Value | iOS | APAC | Static,144,572.24,2851.47
2025-10-14,GG-200303,UAC - Value | iOS | APAC | Video,38,155.26,765.74
2025-10-14,GG-200304,UAC - Installs | iOS | LATAM | Video,82,276.38,1105.8
2025-10-14,GG-200305,UAC - Installs | Android | US | Video,294,1212.96,3988.21
2025-10-14,GG-200306,Search - Non-Brand - Broad | Android | EU | Static,34,113.5,347.08
2025-10-14,GG-200307,UAC - Value | Android | LATAM | Playables,93,393.98,1694.9
2025-10-14,GG-200308,Search - Non-Brand - Broad | iOS | EU | UGC,20,95.75,289.26
2025-10-14,GG-200309,Search - Brand - Exact | Android | APAC | UGC,23,89.22,376.15
2025-10-14,GG-200310,UAC - Value | Android | APAC | Playables,188,746.68,3043.47
2025-10-14,GG-200311,Search - Non-Brand - Broad | iOS | US | Static,28,131.75,512.9
2025-10-14,GG-200312,Search - Brand - Exact | iOS | US | Playables,44,178.37,534.22
2025-10-14,GG-200313,Search - Non-Brand - Broad | Android | LATAM | Carousel,76,160.0,439.68
2025-10-14,GG-200314,UAC - Value | iOS | US | Carousel,117,592.36,3322.55
2025-10-14,GG-200315,UAC - Value | iOS | MENA | UGC,109,437.75,1989.57
2025-10-14,GG-200316,UAC - Value | Android | LATAM | Carousel,149,449.15,2694.9
2025-10-14,GG-200317,Search - Brand - Exact | Android | LATAM | Playables,27,92.06,433.51
2025-10-14,GG-200318,Search - Non-Brand - Broad | Android | LATAM | Video,37,107.07,420.68
2025-10-14,GG-200319,UAC - Installs | iOS | US | Static,172,779.69,3354.23
2025-10-14,GG-200320,UAC - Value | Android | MENA | UGC,109,412.72,1890.26
2025-10-14,GG-200321,UAC - Value | Android | MENA | UGC,96,309.96,1692.38
2025-10-14,GG-200322,Search - Non-Brand - Broad | Android | APAC | Playables,35,102.65,304.46
2025-10-14,GG-200323,Search - Non-Brand - Broad | Android | APAC | Carousel,12,27.61,107.73
2025-10-14,GG-200324,Search - Brand - Exact | Android | LATAM | UGC,45,171.44,624.21
2025-10-14,GG-200325,Search - Non-Brand - Broad | iOS | US | UGC,51,178.76,803.53
2025-10-14,GG-200326,UAC - Value | Android | APAC | Playables,112,425.2,2336.9
2025-10-14,GG-200327,UAC - Value | iOS | APAC | UGC,108,431.37,2259.08
2025-10-14,GG-200328,Search - Brand - Exact | iOS | EU | Video,13,55.23,253.78
2025-10-14,GG-200329,UAC - Installs | Android | LATAM | Video,148,429.75,1946.77
2025-10-14,GG-200330,Search - Non-Brand - Broad | Android | MENA | Carousel,248,617.45,2721.72
2025-10-14,GG-200331,Search - Brand - Exact | iOS | MENA | UGC,44,145.76,524.59
2025-10-14,GG-200332,UAC - Installs | Android | LATAM | Playables,104,289.61,1441.68
2025-10-14,GG-200333,Search - Non-Brand - Broad | Android | APAC | Playables,17,47.94,156.19
2025-10-14,GG-200334,UAC - Installs | iOS | US | Static,91,423.16,1869.52
2025-10-14,GG-200335,UAC - Installs | Android | APAC | Carousel,62,243.51,1219.25
2025-10-14,GG-200336,Search - Non-Brand - Broad | Android | APAC | Video,59,162.88,426.91
2025-10-14,GG-200337,UAC - Value | Android | MENA | Carousel,35,133.42,616.93
2025-10-14,GG-200338,Search - Non-Brand - Broad | Android | MENA | Static,81,295.29,1000.44
2025-10-14,GG-200339,UAC - Installs | Android | US | Playables,204,724.06,3292.3
2025-10-14,GG-200340,Search - Non-Brand - Broad | iOS | MENA | Playables,17,73.31,207.69
2025-10-14,GG-200341,UAC - Installs | iOS | LATAM | Carousel,103,322.03,1333.2
2025-10-14,GG-200342,Search - Brand - Exact | Android | EU | UGC,61,163.87,741.84
2025-10-14,GG-200343,Search - Non-Brand - Broad | iOS | EU | Static,59,264.64,792.07
2025-10-14,GG-200344,UAC - Value | Android | LATAM | Static,123,343.15,1845.8
2025-10-14,GG-200345,UAC - Installs | iOS | EU | Playables,93,356.03,1803.65
2025-10-14,GG-200346,Search - Brand - Exact | iOS | APAC | UGC,56,221.91,710.78
2025-10-14,GG-200347,UAC - Installs | Android | APAC | Playables,51,197.66,1082.78
2025-10-14,GG-200348,UAC - Installs | iOS | APAC | UGC,114,512.81,2012.27
2025-10-14,GG-200349,UAC - Installs | Android | US | UGC,108,446.73,2234.1
2025-10-15,FB-100000,UA - Retargeting - Value | Android | US | Carousel,29,109.35,621.87
2025-10-15,FB-100001,UA - Prospecting - Broad | Android | EU | Video,99,281.73,1539.37
2025-10-15,FB-100002,UA - Prospecting - Broad | iOS | US | Video,33,156.85,721.82
2025-10-15,FB-100003,UA - Prospecting - Broad | Android | EU | Playables,107,294.32,1608.16
2025-10-15,FB-100004,UA - Retargeting - Value | Android | MENA | UGC,59,260.86,1205.17
2025-10-15,FB-100005,UA - Prospecting - Broad | iOS | MENA | Carousel,93,294.46,936.97
2025-10-15,FB-100006,UA - Lookalike - 1% | Android | APAC | Carousel,64,222.11,676.55
2025-10-15,FB-100007,UA - Prospecting - Broad | Android | EU | Carousel,102,265.57,1026.16
2025-10-15,FB-100008,UA - Lookalike - 1% | Android | APAC | Video,79,161.65,738.42
2025-10-15,FB-100009,UA - Prospecting - Broad | iOS | MENA | Carousel,65,262.77,1086.82
2025-10-15,FB-100010,UA - Lookalike - 5% | iOS | MENA | Video,21,68.4,244.19
2025-10-15,FB-100011,UA - Lookalike - 1% | Android | MENA | Carousel,71,160.13,486.96
2025-10-15,FB-100012,UA - Retargeting - Value | Android | US | Video,15,55.07,299.42
2025-10-15,FB-100013,UA - Prospecting - Broad | iOS | US | Static,111,336.35,1725.48
2025-10-15,FB-100014,UA - Lookalike - 1% | iOS | LATAM | UGC,52,195.77,1050.11
2025-10-15,FB-100015,UA - Retargeting - Value | Android | LATAM | Carousel,33,112.58,552.88
2025-10-15,FB-100016,UA - Retargeting - Value | iOS | US | Playables,42,199.92,1102.96
2025-10-15,FB-100017,UA - Lookalike - 5% | Android | EU | UGC,62,240.74,1224.4
2025-10-15,FB-100018,UA - Lookalike - 1% | iOS | MENA | Static,49,189.34,605.7
2025-10-15,FB-100019,UA - Lookalike - 1% | Android | EU | Video,82,292.04,1012.5
2025-10-15,FB-100020,UA - Retargeting - Value | iOS | LATAM | Video,13,64.85,342.02
2025-10-15,FB-100021,UA - Lookalike - 5% | iOS | EU | UGC,12,49.46,217.92
2025-10-15,FB-100022,UA - Retargeting - Value | iOS | EU | Carousel,48,256.17,1467.85
2025-10-15,FB-100023,UA - Lookalike - 1% | Android | MENA | Playables,25,57.87,219.79
2025-10-15,FB-100024,UA - Lookalike - 1% | iOS | MENA | UGC,19,67.8,311.68
2025-10-15,FB-100025,UA - Lookalike - 5% | Android | EU | Playables,72,263.48,1364.04
2025-10-15,FB-100026,UA - Retargeting - Value | Android | US | Video,42,170.13,1020.78
2025-10-15,FB-100027,UA - Prospecting - Broad | Android | APAC | Playables,140,285.84,1142.5
2025-10-15,FB-100028,UA - Lookalike - 5% | iOS | APAC | Playables,76,235.27,1173.06
2025-10-15,FB-100029,UA - Prospecting - Broad | iOS | MENA | Video,20,75.42,334.49
2025-10-15,FB-100030,UA - Lookalike - 1% | iOS | LATAM | Video,49,196.72,962.55
2025-10-15,FB-100031,UA - Prospecting - Broad | iOS | EU | UGC,81,362.06,1645.92
2025-10-15,FB-100032,UA - Prospecting - Broad | iOS | MENA | Static,52,173.17,701.51
2025-10-15,FB-100033,UA - Retargeting - Value | iOS | MENA | Playables,18,70.98,362.49
2025-10-15,FB-100034,UA - Prospecting - Broad | Android | LATAM | Static,47,178.7,876.52
2025-10-15,FB-100035,UA - Prospecting - Broad | iOS | APAC | Video,11,41.48,178.86
2025-10-15,FB-100036,UA - Prospecting - Broad | iOS | LATAM | Static,25,77.26,387.69
2025-10-15,FB-100037,UA - Prospecting - Broad | Android | MENA | Video,97,201.31,793.97
2025-10-15,FB-100038,UA - Retargeting - Value | iOS | US | Playables,49,196.56,1179.36
2025-10-15,FB-100039,UA - Retargeting - Value | Android | APAC | Playables,43,121.53,500.83
2025-10-15,FB-100040,UA - Lookalike - 5% | iOS | MENA | Playables,119,508.26,1733.67
2025-10-15,FB-100041,UA - Lookalike - 1% | Android | MENA | Static,38,137.28,420.63
2025-10-15,FB-100042,UA - Lookalike - 5% | iOS | LATAM | UGC,99,377.25,1561.81
2025-10-15,FB-100043,UA - Prospecting - Broad | Android | EU | Static,41,158.1,766.78
2025-10-15,FB-100044,UA - Retargeting - Value | iOS | US | Playables,15,78.2,390.69
2025-10-15,FB-100045,UA - Prospecting - Broad | Android | US | Video,71,308.33,1517.29
2025-10-15,FB-100046,UA - Lookalike - 1% | Android | US | Video,321,1199.8,6114.18
2025-10-15,FB-100047,UA - Lookalike - 1% | Android | MENA | Static,44,151.03,605.03
2025-10-15,FB-100048,UA - Retargeting - Value | iOS | EU | Playables,66,363.26,1475.56
2025-10-15,FB-100049,UA - Lookalike - 5% | iOS | EU | UGC,38,116.45,356.22
2025-10-15,FB-100050,UA - Lookalike - 5% | Android | US | Video,42,170.17,695.14
2025-10-15,FB-100051,UA - Lookalike - 5% | iOS | APAC | UGC,137,380.72,1219.07
2025-10-15,FB-100052,UA - Lookalike - 5% | Android | US | Video,27,86.34,294.42
2025-10-15,FB-100053,UA - Retargeting - Value | iOS | US | Static,60,307.22,1843.32
2025-10-15,FB-100054,UA - Retargeting - Value | Android | MENA | UGC,23,102.02,570.6
2025-10-15,FB-100055,UA - Lookalike - 5% | iOS | EU | Carousel,84,399.93,1278.98
2025-10-15,FB-100056,UA - Prospecting - Broad | Android | US | UGC,59,263.32,1238.66
2025-10-15,FB-100057,UA - Prospecting - Broad | Android | MENA | Video,53,153.19,728.57
2025-10-15,FB-100058,UA - Lookalike - 5% | Android | EU | UGC,154,524.8,2119.67
2025-10-15,FB-100059,UA - Prospecting - Broad | iOS | EU | UGC,35,115.66,467.96
2025-10-15,FB-100060,UA - Lookalike - 5% | Android | APAC | Video,101,309.9,1337.22
2025-10-15,FB-100061,UA - Lookalike - 5% | iOS | APAC | Carousel,145,446.83,2330.67
2025-10-15,FB-100062,UA - Lookalike - 1% | iOS | EU | Static,34,121.84,422.05
2025-10-15,FB-100063,UA - Prospecting - Broad | Android | US | Playables,105,437.77,2013.74
2025-10-15,FB-100064,UA - Lookalike - 5% | iOS | US | Video,61,259.43,1028.38
2025-10-15,FB-100065,UA - Prospecting - Broad | Android | US | Playables,59,204.19,1035.65
2025-10-15,FB-100066,UA - Prospecting - Broad | Android | US | Playables,71,273.9,1366.76
2025-10-15,FB-100067,UA - Retargeting - Value | Android | APAC | Video,124,492.26,2436.69
2025-10-15,FB-100068,UA - Lookalike - 5% | Android | MENA | Video,37,85.17,408.3
2025-10-15,FB-100069,UA - Lookalike - 1% | iOS | LATAM | Static,33,122.67,584.28
2025-10-15,FB-100070,UA - Retargeting - Value | Android | LATAM | UGC,20,70.74,424.44
2025-10-15,FB-100071,UA - Prospecting - Broad | iOS | APAC | Carousel,64,259.11,1058.72
2025-10-15,FB-100072,UA - Prospecting - Broad | Android | APAC | Playables,28,93.05,463.3
2025-10-15,FB-100073,UA - Lookalike - 1% | Android | MENA | Static,60,233.0,1071.1
2025-10-15,FB-100074,UA - Retargeting - Value | Android | LATAM | Video,30,114.15,654.19
2025-10-15,FB-100075,UA - Lookalike - 5% | iOS | LATAM | Static,263,1165.59,4221.77
2025-10-15,FB-100076,UA - Prospecting - Broad | iOS | MENA | Playables,39,104.86,455.3
2025-10-15,FB-100077,UA - Lookalike - 1% | iOS | US | Static,101,363.88,1640.01
2025-10-15,FB-100078,UA - Retargeting - Value | Android | US | Playables,29,149.34,661.73
2025-10-15,FB-100079,UA - Retargeting - Value | iOS | LATAM | Playables,88,389.71,2100.93
2025-10-15,FB-100080,UA - Lookalike - 5% | iOS | EU | Carousel,35,112.15,595.74
2025-10-15,FB-100081,UA - Lookalike - 5% | iOS | US | Video,113,465.65,1938.04
2025-10-15,FB-100082,UA - Lookalike - 1% | iOS | US | Video,64,287.01,1048.45
2025-10-15,FB-100083,UA - Lookalike - 5% | Android | LATAM | Static,169,381.62,1527.24
2025-10-15,FB-100084,UA - Prospecting - Broad | iOS | MENA | Video,25,86.33,274.53
2025-10-15,FB-100085,UA - Prospecting - Broad | Android | EU | Playables,37,114.48,417.97
2025-10-15,FB-100086,UA - Retargeting - Value | iOS | MENA | Playables,14,57.81,329.92
2025-10-15,FB-100087,UA - Lookalike - 1% | iOS | EU | Video,95,386.59,1660.02
2025-10-15,FB-100088,UA - Retargeting - Value | iOS | US | Carousel,27,142.99,642.17
2025-10-15,FB-100089,UA - Lookalike - 5% | Android | US | Carousel,165,454.59,1654.71
2025-10-15,FB-100090,UA - Retargeting - Value | Android | EU | Static,65,297.49,1784.94
2025-10-15,FB-100091,UA - Lookalike - 1% | iOS | US | Static,143,529.92,2129.22
2025-10-15,FB-100092,UA - Retargeting - Value | iOS | EU | Carousel,25,108.39,643.84
2025-10-15,FB-100093,UA - Lookalike - 5% | Android | APAC | Video,131,426.89,2164.76
2025-10-15,FB-100094,UA - Lookalike - 1% | Android | EU | UGC,53,227.39,686.72
2025-10-15,FB-100095,UA - Prospecting - Broad | iOS | EU | Static,9,44.63,211.68
2025-10-15,FB-100096,UA - Lookalike - 1% | Android | APAC | Carousel,178,652.57,2114.33
2025-10-15,FB-100097,UA - Lookalike - 5% | Android | LATAM | Carousel,84,170.35,735.06
2025-10-15,FB-100098,UA - Lookalike - 1% | iOS | US | Video,92,306.65,1406.91
2025-10-15,FB-100099,UA - Prospecting - Broad | Android | MENA | Carousel,38,105.57,463.45
2025-10-15,FB-100100,UA - Lookalike - 1% | Android | MENA | UGC,61,172.75,655.93
2025-10-15,FB-100101,UA - Prospecting - Broad | iOS | APAC | Playables,11,39.6,156.9
2025-10-15,FB-100102,UA - Lookalike - 1% | iOS | MENA | Static,4,10.21,52.81
2025-10-15,FB-100103,UA - Retargeting - Value | Android | APAC | Video,109,353.69,1415.11
2025-10-15,FB-100104,UA - Lookalike - 1% | iOS | APAC | Video,111,417.28,2071.8
2025-10-15,FB-100105,UA - Lookalike - 1% | iOS | US | Carousel,23,77.77,321.66
2025-10-15,FB-100106,UA - Lookalike - 1% | iOS | LATAM | UGC,90,254.93,1321.3
2025-10-15,FB-100107,UA - Lookalike - 5% | Android | EU | UGC,148,478.42,1518.03
2025-10-15,FB-100108,UA - Lookalike - 1% | Android | MENA | Playables,76,270.35,1415.82
2025-10-15,FB-100109,UA - Lookalike - 1% | iOS | MENA | Video,56,217.79,821.29
2025-10-15,FB-100110,UA - Lookalike - 1% | iOS | EU | UGC,89,321.53,1099.31
2025-10-15,FB-100111,UA - Retargeting - Value | iOS | APAC | UGC,51,249.4,1301.37
2025-10-15,FB-100112,UA - Lookalike - 1% | iOS | EU | Video,56,251.6,1346.06
2025-10-15,FB-100113,UA - Lookalike - 1% | iOS | US | Static,41,202.24,1057.92
2025-10-15,FB-100114,UA - Prospecting - Broad | Android | EU | Static,90,303.25,1412.24
2025-10-15,FB-100115,UA - Prospecting - Broad | Android | EU | UGC,43,125.38,595.05
2025-10-15,FB-100116,UA - Retargeting - Value | iOS | APAC | Playables,31,149.7,851.94
2025-10-15,FB-100117,UA - Retargeting - Value | iOS | APAC | UGC,35,136.69,771.89
2025-10-15,FB-100118,UA - Lookalike - 5% | Android | US | Video,103,277.26,1059.41
2025-10-15,FB-100119,UA - Lookalike - 5% | Android | EU | Playables,86,320.95,1059.78
2025-10-15,FB-100120,UA - Prospecting - Broad | Android | MENA | Static,43,136.47,424.01
2025-10-15,FB-100121,UA - Lookalike - 1% | iOS | EU | UGC,28,127.67,692.61
2025-10-15,FB-100122,UA - Lookalike - 5% | iOS | MENA | Playables,41,170.42,748.83
2025-10-15,FB-100123,UA - Lookalike - 5% | iOS | EU | UGC,161,773.91,2873.53
2025-10-15,FB-100124,UA - Lookalike - 5% | iOS | EU | Carousel,66,317.81,1055.76
2025-10-15,FB-100125,UA - Prospecting - Broad | Android | LATAM | UGC,126,412.35,1752.9
2025-10-15,FB-100126,UA - Lookalike - 1% | iOS | EU | Carousel,15,65.84,290.03
2025-10-15,FB-100127,UA - Retargeting - Value | iOS | MENA | Video,13,47.12,261.61
2025-10-15,FB-100128,UA - Retargeting - Value | Android | EU | UGC,37,128.84,738.51
2025-10-15,FB-100129,UA - Lookalike - 5% | Android | US | UGC,120,364.63,1481.13
2025-10-15,FB-100130,UA - Lookalike - 5% | iOS | MENA | UGC,129,459.92,1936.72
2025-10-15,FB-100131,UA - Lookalike - 5% | Android | EU | UGC,102,394.98,1395.07
2025-10-15,FB-100132,UA - Lookalike - 5% | Android | MENA | UGC,30,63.41,303.73
2025-10-15,FB-100133,UA - Lookalike - 5% | Android | LATAM | Carousel,167,591.28,1892.69
2025-10-15,FB-100134,UA - Retargeting - Value | iOS | MENA | Playables,38,147.52,885.12
2025-10-15,FB-100135,UA - Lookalike - 5% | iOS | EU | Carousel,47,218.66,1198.69
2025-10-15,FB-100136,UA - Lookalike - 1% | iOS | US | UGC,92,342.22,1332.26
2025-10-15,FB-100137,UA - Retargeting - Value | iOS | EU | UGC,9,49.53,242.7
2025-10-15,FB-100138,UA - Prospecting - Broad | Android | APAC | Playables,56,185.68,700.94
2025-10-15,FB-100139,UA - Lookalike - 5% | Android | APAC | Static,56,131.68,511.05
2025-10-15,FB-100140,UA - Lookalike - 5% | Android | US | Carousel,90,249.53,914.28
2025-10-15,FB-100141,UA - Lookalike - 1% | iOS | EU | UGC,59,273.55,1292.25
2025-10-15,FB-100142,UA - Lookalike - 5% | iOS | APAC | Carousel,108,362.32,1910.88
2025-10-15,FB-100143,UA - Prospecting - Broad | iOS | US | UGC,66,283.58,991.11
2025-10-15,FB-100144,UA - Prospecting - Broad | Android | LATAM | Static,28,65.98,284.44
2025-10-15,FB-100145,UA - Retargeting - Value | Android | US | Static,14,53.59,296.89
2025-10-15,FB-100146,UA - Retargeting - Value | Android | MENA | Static,22,65.25,374.14
2025-10-15,FB-100147,UA - Retargeting - Value | Android | APAC | Video,20,70.16,420.96
2025-10-15,FB-100148,UA - Retargeting - Value | iOS | LATAM | Carousel,23,120.51,549.28
2025-10-15,FB-100149,UA - Prospecting - Broad | Android | EU | Carousel,47,136.82,628.0
2025-10-15,FB-100150,UA - Lookalike - 5% | Android | LATAM | Playables,87,188.18,861.86
2025-10-15,FB-100151,UA - Retargeting - Value | iOS | EU | Video,11,49.68,298.08
2025-10-15,FB-100152,UA - Prospecting - Broad | Android | LATAM | Playables,78,205.62,989.85
2025-10-15,FB-100153,UA - Lookalike - 5% | Android | LATAM | Playables,208,743.87,3830.19
2025-10-15,FB-100154,UA - Lookalike - 1% | iOS | US | Playables,80,287.87,964.36
2025-10-15,FB-100155,UA - Prospecting - Broad | Android | APAC | UGC,112,299.26,1172.5
2025-10-15,FB-100156,UA - Retargeting - Value | iOS | LATAM | UGC,36,163.11,821.91
2025-10-15,FB-100157,UA - Lookalike - 1% | iOS | EU | Playables,19,64.97,321.8
2025-10-15,FB-100158,UA - Lookalike - 1% | iOS | APAC | UGC,35,139.55,509.92
2025-10-15,FB-100159,UA - Lookalike - 1% | iOS | EU | Video,30,120.98,654.74
2025-10-15,FB-100160,UA - Lookalike - 5% | iOS | EU | UGC,42,141.05,669.85
2025-10-15,FB-100161,UA - Lookalike - 1% | iOS | US | UGC,31,130.01,557.22
2025-10-15,FB-100162,UA - Lookalike - 1% | Android | APAC | Static,44,167.45,516.25
2025-10-15,FB-100163,UA - Lookalike - 1% | iOS | LATAM | Carousel,129,485.38,2043.94
2025-10-15,FB-100164,UA - Prospecting - Broad | Android | MENA | Static,41,163.98,855.32
2025-10-15,FB-100165,UA - Retargeting - Value | Android | APAC | UGC,35,115.69,668.23
2025-10-15,FB-100166,UA - Prospecting - Broad | iOS | APAC | UGC,8,22.41,87.4
2025-10-15,FB-100167,UA - Lookalike - 5% | Android | LATAM | Static,99,243.09,942.7
2025-10-15,FB-100168,UA - Lookalike - 1% | Android | LATAM | Playables,210,530.56,2579.05
2025-10-15,FB-100169,UA - Lookalike - 1% | iOS | MENA | Playables,29,123.75,415.06
2025-10-15,FB-100170,UA - Lookalike - 1% | iOS | MENA | Carousel,84,359.79,1913.72
2025-10-15,FB-100171,UA - Lookalike - 1% | iOS | LATAM | Carousel,114,377.48,1204.92
2025-10-15,FB-100172,UA - Lookalike - 1% | Android | US | Static,81,224.4,877.18
2025-10-15,FB-100173,UA - Retargeting - Value | Android | MENA | Static,34,144.64,730.0
2025-10-15,FB-100174,UA - Lookalike - 1% | Android | APAC | Carousel,114,282.69,1110.12
2025-10-15,FB-100175,UA - Retargeting - Value | Android | EU | Carousel,11,40.37,218.4
2025-10-15,FB-100176,UA - Prospecting - Broad | iOS | EU | Carousel,6,22.31,106.62
2025-10-15,FB-100177,UA - Prospecting - Broad | Android | LATAM | Video,33,96.42,523.95
2025-10-15,FB-100178,UA - Prospecting - Broad | iOS | EU | UGC,41,160.39,845.74
2025-10-15,FB-100179,UA - Lookalike - 5% | Android | MENA | Carousel,38,127.63,507.84
2025-10-15,FB-100180,UA - Retargeting - Value | iOS | APAC | Carousel,67,261.04,1566.24
2025-10-15,FB-100181,UA - Prospecting - Broad | Android | LATAM | UGC,85,192.62,675.13
2025-10-15,FB-100182,UA - Prospecting - Broad | Android | APAC | UGC,29,64.09,198.23
2025-10-15,FB-100183,UA - Lookalike - 1% | Android | EU | Static,132,553.81,2190.32
2025-10-15,FB-100184,UA - Lookalike - 5% | Android | EU | Video,54,212.62,1080.75
2025-10-15,FB-100185,UA - Lookalike - 5% | Android | MENA | UGC,176,402.83,1367.21
2025-10-15,FB-100186,UA - Lookalike - 5% | iOS | LATAM | Playables,14,52.81,281.21
2025-10-15,FB-100187,UA - Prospecting - Broad | iOS | MENA | Playables,78,239.81,732.86
2025-10-15,FB-100188,UA - Lookalike - 1% | Android | EU | Static,52,184.75,833.04
2025-10-15,FB-100189,UA - Retargeting - Value | Android | EU | Static,41,138.28,755.7
2025-10-15,FB-100190,UA - Lookalike - 5% | Android | EU | Video,146,649.17,2136.42
2025-10-15,FB-100191,UA - Lookalike - 1% | iOS | MENA | UGC,51,202.62,871.06
2025-10-15,FB-100192,UA - Lookalike - 1% | Android | EU | Carousel,81,348.02,1562.61
2025-10-15,FB-100193,UA - Lookalike - 1% | iOS | US | Static,67,322.28,969.74
2025-10-15,FB-100194,UA - Retargeting - Value | Android | APAC | Video,12,42.04,181.7
2025-10-15,FB-100195,UA - Prospecting - Broad | Android | LATAM | Static,198,582.08,2799.8
2025-10-15,FB-100196,UA - Lookalike - 1% | Android | EU | Carousel,81,249.72,1255.84
2025-10-15,FB-100197,UA - Lookalike - 1% | iOS | US | UGC,134,454.39,2188.34
2025-10-15,FB-100198,UA - Lookalike - 5% | iOS | LATAM | Playables,72,203.04,703.53
2025-10-15,FB-100199,UA - Prospecting - Broad | iOS | US | Playables,24,109.74,383.21
2025-10-15,FB-100200,UA - Lookalike - 1% | iOS | LATAM | Playables,123,343.06,1613.75
2025-10-15,FB-100201,UA - Prospecting - Broad | Android | US | Static,56,235.37,1222.51
2025-10-15,FB-100202,UA - Retargeting - Value | iOS | MENA | Video,11,48.74,213.82
2025-10-15,FB-100203,UA - Lookalike - 1% | iOS | MENA | UGC,35,145.19,641.45
2025-10-15,FB-100204,UA - Lookalike - 5% | Android | MENA | UGC,39,90.19,488.29
2025-10-15,FB-100205,UA - Lookalike - 5% | Android | APAC | Carousel,148,400.31,1397.88
2025-10-15,FB-100206,UA - Retargeting - Value | iOS | LATAM | Video,23,95.3,534.63
2025-10-15,FB-100207,UA - Lookalike - 1% | iOS | APAC | UGC,50,217.62,664.61
2025-10-15,FB-100208,UA - Lookalike - 5% | iOS | MENA | Video,85,271.24,1158.74
2025-10-15,FB-100209,UA - Lookalike - 1% | Android | LATAM | Carousel,211,498.76,2366.62
2025-10-15,FB-100210,UA - Prospecting - Broad | Android | APAC | Playables,52,166.71,626.66
2025-10-15,FB-100211,UA - Retargeting - Value | iOS | APAC | Video,50,225.51,1099.36
2025-10-15,FB-100212,UA - Lookalike - 5% | iOS | MENA | UGC,121,390.36,1713.68
2025-10-15,FB-100213,UA - Retargeting - Value | Android | EU | Carousel,58,286.46,1718.76
2025-10-15,FB-100214,UA - Prospecting - Broad | iOS | APAC | UGC,41,154.58,736.88
2025-10-15,FB-100215,UA - Retargeting - Value | Android | MENA | Static,26,117.89,707.34
2025-10-15,FB-100216,UA - Lookalike - 5% | iOS | MENA | Video,30,101.74,533.22
2025-10-15,FB-100217,UA - Lookalike - 5% | Android | EU | Video,199,875.46,4243.35
2025-10-15,FB-100218,UA - Lookalike - 1% | Android | EU | UGC,58,178.53,877.3
2025-10-15,FB-100219,UA - Lookalike - 5% | iOS | APAC | UGC,37,112.53,541.94
2025-10-15,FB-100220,UA - Retargeting - Value | Android | APAC | Playables,45,186.34,1118.04
2025-10-15,FB-100221,UA - Retargeting - Value | iOS | EU | Playables,89,360.33,2161.98
2025-10-15,FB-100222,UA - Lookalike - 1% | Android | LATAM | UGC,67,205.49,950.6
2025-10-15,FB-100223,UA - Lookalike - 1% | iOS | US | Carousel,104,513.35,1640.15
2025-10-15,FB-100224,UA - Lookalike - 5% | iOS | EU | UGC,106,412.17,1687.84
2025-10-15,FB-100225,UA - Lookalike - 5% | iOS | LATAM | Playables,84,258.8,881.99
2025-10-15,FB-100226,UA - Retargeting - Value | iOS | LATAM | Static,11,47.28,275.93
2025-10-15,FB-100227,UA - Prospecting - Broad | iOS | EU | UGC,34,159.07,592.54
2025-10-15,FB-100228,UA - Lookalike - 5% | iOS | APAC | UGC,34,119.63,450.77
2025-10-15,FB-100229,UA - Retargeting - Value | Android | APAC | Video,27,118.89,671.13
2025-10-15,FB-100230,UA - Prospecting - Broad | iOS | US | UGC,10,35.87,158.72
2025-10-15,FB-100231,UA - Lookalike - 5% | iOS | US | Static,98,481.69,1793.33
2025-10-15,FB-100232,UA - Lookalike - 1% | Android | US | UGC,78,345.97,1102.95
2025-10-15,FB-100233,UA - Prospecting - Broad | iOS | MENA | UGC,11,43.51,186.4
2025-10-15,FB-100234,UA - Lookalike - 1% | iOS | MENA | UGC,56,212.52,779.52
2025-10-15,FB-100235,UA - Prospecting - Broad | iOS | MENA | Video,62,157.6,611.17
2025-10-15,FB-100236,UA - Prospecting - Broad | Android | LATAM | Static,32,78.74,312.68
2025-10-15,FB-100237,UA - Lookalike - 5% | iOS | US | Video,24,92.85,479.38
2025-10-15,FB-100238,UA - Prospecting - Broad | Android | LATAM | Video,22,61.29,283.04
2025-10-15,FB-100239,UA - Lookalike - 1% | iOS | US | Carousel,85,403.45,1398.76
2025-10-15,FB-100240,UA - Retargeting - Value | iOS | APAC | Static,33,119.59,480.39
2025-10-15,FB-100241,UA - Retargeting - Value | iOS | MENA | Static,22,85.62,497.62
2025-10-15,FB-100242,UA - Lookalike - 5% | Android | US | Playables,193,647.9,2903.89
2025-10-15,FB-100243,UA - Retargeting - Value | Android | APAC | Playables,84,247.66,999.8
2025-10-15,FB-100244,UA - Lookalike - 5% | Android | APAC | Carousel,81,321.26,1721.95
2025-10-15,FB-100245,UA - Lookalike - 1% | iOS | US | UGC,23,97.11,413.98
2025-10-15,FB-100246,UA - Lookalike - 1% | Android | US | UGC,72,199.54,948.21
2025-10-15,FB-100247,UA - Lookalike - 5% | iOS | APAC | Carousel,154,479.22,1529.67
2025-10-15,FB-100248,UA - Lookalike - 5% | iOS | EU | UGC,37,133.04,509.14
2025-10-15,FB-100249,UA - Lookalike - 1% | Android | EU | UGC,19,56.73,303.05
2025-10-15,FB-100250,UA - Lookalike - 5% | iOS | LATAM | Video,26,69.32,265.91
2025-10-15,FB-100251,UA - Prospecting - Broad | iOS | US | Playables,105,499.37,1683.38
2025-10-15,FB-100252,UA - Lookalike - 1% | iOS | LATAM | Static,75,245.31,1017.3
2025-10-15,FB-100253,UA - Lookalike - 1% | Android | EU | Playables,65,195.19,611.92
2025-10-15,FB-100254,UA - Lookalike - 1% | Android | US | Video,95,378.56,1227.67
2025-10-15,FB-100255,UA - Lookalike - 1% | iOS | US | Playables,17,59.46,242.66
2025-10-15,FB-100256,UA - Lookalike - 1% | Android | US | Carousel,164,459.54,2311.03
2025-10-15,FB-100257,UA - Retargeting - Value | iOS | EU | Static,20,109.95,455.74
2025-10-15,FB-100258,UA - Lookalike - 1% | iOS | MENA | Playables,70,294.12,897.07
2025-10-15,FB-100259,UA - Lookalike - 1% | Android | LATAM | UGC,43,101.53,470.9
2025-10-15,FB-100260,UA - Prospecting - Broad | iOS | US | UGC,91,348.97,1821.62
2025-10-15,FB-100261,UA - Lookalike - 1% | Android | EU | UGC,71,183.76,731.0
2025-10-15,FB-100262,UA - Lookalike - 1% | Android | APAC | Video,23,75.7,349.89
2025-10-15,FB-100263,UA - Lookalike - 1% | Android | APAC | Carousel,186,453.13,1830.65
2025-10-15,FB-100264,UA - Retargeting - Value | iOS | LATAM | Video,33,172.16,1032.96
2025-10-15,FB-100265,UA - Lookalike - 1% | iOS | US | Playables,51,211.54,786.93
2025-10-15,FB-100266,UA - Lookalike - 1% | Android | US | UGC,33,94.38,433.11
2025-10-15,FB-100267,UA - Prospecting - Broad | iOS | US | Static,19,79.09,388.02
2025-10-15,FB-100268,UA - Prospecting - Broad | Android | LATAM | UGC,54,164.37,743.77
2025-10-15,FB-100269,UA - Retargeting - Value | Android | EU | Playables,14,61.28,367.68
2025-10-15,FB-100270,UA - Lookalike - 5% | iOS | APAC | Carousel,68,305.57,1520.52
2025-10-15,FB-100271,UA - Lookalike - 5% | Android | APAC | Video,68,236.34,771.18
2025-10-15,FB-100272,UA - Lookalike - 1% | iOS | LATAM | Video,180,468.88,2037.75
2025-10-15,FB-100273,UA - Retargeting - Value | Android | APAC | UGC,69,197.88,1001.47
2025-10-15,FB-100274,UA - Lookalike - 1% | iOS | US | Carousel,79,269.14,1342.2
2025-10-15,FB-100275,UA - Retargeting - Value | Android | APAC | Carousel,80,376.96,1973.39
2025-10-15,FB-100276,UA - Retargeting - Value | Android | APAC | Video,36,102.22,613.32
2025-10-15,FB-100277,UA - Retargeting - Value | Android | US | Carousel,15,48.84,272.77
2025-10-15,FB-100278,UA - Prospecting - Broad | Android | MENA | Static,71,199.51,896.4
2025-10-15,FB-100279,UA - Retargeting - Value | Android | MENA | Static,42,160.42,961.24
2025-10-15,FB-100280,UA - Prospecting - Broad | iOS | EU | Playables,60,211.9,953.13
2025-10-15,FB-100281,UA - Lookalike - 1% | iOS | EU | Static,50,239.19,956.04
2025-10-15,FB-100282,UA - Retargeting - Value | Android | US | Video,66,330.86,1432.95
2025-10-15,FB-100283,UA - Lookalike - 1% | Android | LATAM | Static,127,494.41,1692.37
2025-10-15,FB-100284,UA - Prospecting - Broad | Android | EU | Carousel,43,169.51,756.35
2025-10-15,FB-100285,UA - Prospecting - Broad | Android | APAC | Playables,154,464.2,1857.73
2025-10-15,FB-100286,UA - Lookalike - 1% | Android | APAC | UGC,60,237.51,921.78
2025-10-15,FB-100287,UA - Retargeting - Value | Android | APAC | Playables,180,689.8,3718.71
2025-10-15,FB-100288,UA - Lookalike - 5% | Android | MENA | Carousel,61,203.7,1002.41
2025-10-15,FB-100289,UA - Lookalike - 5% | Android | US | UGC,196,869.91,2744.57
2025-10-15,FB-100290,UA - Lookalike - 5% | iOS | US | UGC,53,181.9,786.17
2025-10-15,FB-100291,UA - Retargeting - Value | Android | US | Carousel,38,135.54,813.24
2025-10-15,FB-100292,UA - Lookalike - 1% | Android | EU | Carousel,221,872.71,4054.61
2025-10-15,FB-100293,UA - Lookalike - 1% | iOS | MENA | Playables,131,525.44,2136.44
2025-10-15,FB-100294,UA - Lookalike - 5% | iOS | MENA | Playables,21,92.21,375.11
2025-10-15,FB-100295,UA - Retargeting - Value | Android | US | Playables,30,139.84,604.67
2025-10-15,FB-100296,UA - Lookalike - 5% | iOS | APAC | Static,35,105.04,482.87
2025-10-15,FB-100297,UA - Lookalike - 5% | iOS | APAC | UGC,75,190.16,680.96
2025-10-15,FB-100298,UA - Lookalike - 1% | Android | LATAM | UGC,89,346.82,1378.61
2025-10-15,FB-100299,UA - Lookalike - 5% | iOS | LATAM | Static,126,448.82,2464.47
2025-10-15,FB-100300,UA - Prospecting - Broad | Android | US | Video,71,304.2,1570.89
2025-10-15,FB-100301,UA - Retargeting - Value | iOS | US | Carousel,18,99.61,597.16
2025-10-15,FB-100302,UA - Lookalike - 1% | Android | MENA | Playables,81,165.7,645.73
2025-10-15,FB-100303,UA - Lookalike - 5% | Android | APAC | Carousel,144,356.76,1958.97
2025-10-15,FB-100304,UA - Lookalike - 1% | Android | LATAM | Playables,177,476.86,2328.98
2025-10-15,FB-100305,UA - Retargeting - Value | iOS | US | Playables,31,135.12,706.54
2025-10-15,FB-100306,UA - Prospecting - Broad | Android | APAC | Static,165,503.7,1678.33
2025-10-15,FB-100307,UA - Prospecting - Broad | iOS | MENA | Carousel,83,325.53,1021.84
2025-10-15,FB-100308,UA - Lookalike - 5% | iOS | MENA | Static,19,84.43,320.58
2025-10-15,FB-100309,UA - Prospecting - Broad | Android | MENA | Carousel,104,356.3,1650.03
2025-10-15,FB-100310,UA - Lookalike - 1% | Android | LATAM | Carousel,38,111.85,359.15
2025-10-15,FB-100311,UA - Retargeting - Value | iOS | US | Static,48,194.39,931.13
2025-10-15,FB-100312,UA - Prospecting - Broad | iOS | US | Static,52,255.92,936.92
2025-10-15,FB-100313,UA - Lookalike - 5% | Android | MENA | Static,61,141.76,584.62
2025-10-15,FB-100314,UA - Retargeting - Value | iOS | APAC | Carousel,7,28.22,118.52
2025-10-15,FB-100315,UA - Prospecting - Broad | iOS | LATAM | Carousel,92,395.26,1245.07
2025-10-15,FB-100316,UA - Prospecting - Broad | Android | EU | Static,99,381.52,2028.92
2025-10-15,FB-100317,UA - Lookalike - 5% | Android | LATAM | UGC,37,120.31,651.0
2025-10-15,FB-100318,UA - Lookalike - 5% | iOS | MENA | UGC,25,86.06,284.34
2025-10-15,FB-100319,UA - Prospecting - Broad | iOS | EU | Playables,42,126.55,420.02
2025-10-15,FB-100320,UA - Lookalike - 1% | iOS | APAC | Video,96,305.64,1352.46
2025-10-15,FB-100321,UA - Prospecting - Broad | iOS | MENA | Carousel,45,145.79,529.22
2025-10-15,FB-100322,UA - Prospecting - Broad | Android | APAC | Playables,51,202.7,898.16
2025-10-15,FB-100323,UA - Retargeting - Value | Android | EU | Carousel,33,150.59,838.94
2025-10-15,FB-100324,UA - Lookalike - 1% | Android | LATAM | Carousel,63,158.75,819.78
2025-10-15,FB-100325,UA - Lookalike - 5% | Android | US | UGC,164,730.93,3486.54
2025-10-15,FB-100326,UA - Retargeting - Value | Android | EU | UGC,48,214.24,1285.44
2025-10-15,FB-100327,UA - Prospecting - Broad | iOS | US | UGC,27,120.03,619.95
2025-10-15,FB-100328,UA - Prospecting - Broad | iOS | US | UGC,61,301.63,1491.86
2025-10-15,FB-100329,UA - Lookalike - 5% | iOS | MENA | UGC,61,209.37,1003.3
2025-10-15,FB-100330,UA - Lookalike - 5% | iOS | LATAM | Video,45,193.23,951.27
2025-10-15,FB-100331,UA - Lookalike - 5% | Android | LATAM | Static,41,124.28,492.52
2025-10-15,FB-100332,UA - Prospecting - Broad | iOS | US | UGC,68,265.39,928.33
2025-10-15,FB-100333,UA - Lookalike - 5% | Android | APAC | Playables,91,237.94,1192.79
2025-10-15,FB-100334,UA - Lookalike - 1% | Android | APAC | Carousel,171,458.76,1842.84
2025-10-15,FB-100335,UA - Prospecting - Broad | Android | LATAM | Static,43,118.52,495.89
2025-10-15,FB-100336,UA - Retargeting - Value | Android | MENA | Playables,77,362.88,2177.28
2025-10-15,FB-100337,UA - Retargeting - Value | iOS | LATAM | Static,45,215.98,928.93
2025-10-15,FB-100338,UA - Retargeting - Value | Android | EU | Carousel,76,344.74,1750.93
2025-10-15,FB-100339,UA - Prospecting - Broad | Android | MENA | Static,235,535.14,2022.83
2025-10-15,FB-100340,UA - Lookalike - 5% | Android | APAC | UGC,39,150.42,610.55
2025-10-15,FB-100341,UA - Lookalike - 5% | iOS | LATAM | Static,14,37.58,137.88
2025-10-15,FB-100342,UA - Lookalike - 1% | Android | APAC | UGC,91,217.0,822.21
2025-10-15,FB-100343,UA - Lookalike - 1% | iOS | MENA | Video,60,224.43,837.35
2025-10-15,FB-100344,UA - Lookalike - 5% | Android | LATAM | UGC,64,234.53,1183.44
2025-10-15,FB-100345,UA - Lookalike - 1% | Android | US | Carousel,116,333.08,1149.79
2025-10-15,FB-100346,UA - Lookalike - 5% | Android | US | Playables,56,140.22,709.09
2025-10-15,FB-100347,UA - Prospecting - Broad | iOS | MENA | Playables,45,130.27,674.28
2025-10-15,FB-100348,UA - Lookalike - 1% | iOS | MENA | Static,54,155.86,814.21
2025-10-15,FB-100349,UA - Prospecting - Broad | iOS | MENA | Static,11,35.44,127.87
2025-10-15,GG-200000,Search - Brand - Exact | iOS | US | Carousel,50,183.73,597.12
2025-10-15,GG-200001,UAC - Value | Android | US | Static,106,467.31,2650.12
2025-10-15,GG-200002,Search - Non-Brand - Broad | iOS | MENA | Playables,18,73.97,185.29
2025-10-15,GG-200003,UAC - Value | iOS | LATAM | Carousel,92,333.33,1388.99
2025-10-15,GG-200004,Search - Brand - Exact | iOS | LATAM | Playables,52,211.7,992.24
2025-10-15,GG-200005,Search - Brand - Exact | iOS | US | Carousel,166,643.07,2304.76
2025-10-15,GG-200006,Search - Non-Brand - Broad | iOS | LATAM | Carousel,28,98.43,274.91
2025-10-15,GG-200007,Search - Non-Brand - Broad | iOS | US | Playables,44,168.3,609.41
2025-10-15,GG-200008,Search - Non-Brand - Broad | iOS | LATAM | UGC,40,169.4,669.3
2025-10-15,GG-200009,UAC - Value | Android | LATAM | Playables,71,282.47,1253.32
2025-10-15,GG-200010,Search - Brand - Exact | iOS | EU | Playables,17,73.57,283.54
2025-10-15,GG-200011,Search - Brand - Exact | iOS | MENA | Carousel,59,163.36,456.92
2025-10-15,GG-200012,Search - Non-Brand - Broad | iOS | LATAM | Static,55,220.74,1088.25
2025-10-15,GG-200013,Search - Non-Brand - Broad | iOS | APAC | Static,34,138.11,673.56
2025-10-15,GG-200014,UAC - Installs | Android | EU | Video,125,452.2,2206.74
2025-10-15,GG-200015,Search - Brand - Exact | Android | MENA | Playables,56,116.27,502.05
2025-10-15,GG-200016,UAC - Value | iOS | MENA | Static,179,768.2,3224.9
2025-10-15,GG-200017,Search - Non-Brand - Broad | Android | EU | Static,96,280.55,869.99
2025-10-15,GG-200018,UAC - Installs | iOS | US | UGC,131,631.42,2437.28
2025-10-15,GG-200019,UAC - Installs | Android | APAC | Playables,162,366.14,1173.48
2025-10-15,GG-200020,Search - Non-Brand - Broad | iOS | EU | Playables,81,343.69,1424.6
2025-10-15,GG-200021,UAC - Installs | iOS | APAC | Static,62,234.79,890.32
2025-10-15,GG-200022,UAC - Value | iOS | APAC | Carousel,182,822.46,4905.97
2025-10-15,GG-200023,Search - Non-Brand - Broad | iOS | EU | Static,9,28.34,129.26
2025-10-15,GG-200024,UAC - Installs | iOS | US | UGC,190,728.21,3320.64
2025-10-15,GG-200025,UAC - Installs | Android | MENA | Video,100,239.12,876.85
2025-10-15,GG-200026,UAC - Value | Android | EU | Carousel,62,247.58,1197.54
2025-10-15,GG-200027,Search - Non-Brand - Broad | Android | APAC | Video,84,198.08,877.1
2025-10-15,GG-200028,UAC - Value | iOS | LATAM | Video,356,1768.22,9932.09
2025-10-15,GG-200029,UAC - Installs | Android | APAC | Playables,82,327.07,1386.45
2025-10-15,GG-200030,UAC - Installs | Android | APAC | Video,152,511.68,2264.18
2025-10-15,GG-200031,Search - Brand - Exact | Android | US | Carousel,28,112.83,533.91
2025-10-15,GG-200032,Search - Brand - Exact | iOS | EU | Static,91,340.27,1332.84
2025-10-15,GG-200033,UAC - Value | iOS | APAC | Static,76,352.43,2114.58
2025-10-15,GG-200034,Search - Brand - Exact | iOS | MENA | Video,31,138.4,662.24
2025-10-15,GG-200035,Search - Non-Brand - Broad | Android | LATAM | Static,98,336.37,1060.57
2025-10-15,GG-200036,Search - Non-Brand - Broad | iOS | US | Carousel,86,371.57,1474.02
2025-10-15,GG-200037,Search - Non-Brand - Broad | iOS | US | Video,45,164.2,621.5
2025-10-15,GG-200038,Search - Brand - Exact | iOS | MENA | UGC,73,251.34,1100.62
2025-10-15,GG-200039,Search - Brand - Exact | Android | APAC | Playables,76,238.16,1004.8
2025-10-15,GG-200040,UAC - Value | Android | EU | Carousel,60,291.46,1352.67
2025-10-15,GG-200041,Search - Non-Brand - Broad | Android | MENA | Carousel,40,101.9,336.17
2025-10-15,GG-200042,UAC - Installs | iOS | EU | Video,70,214.69,664.04
2025-10-15,GG-200043,Search - Brand - Exact | Android | MENA | Playables,24,82.74,366.29
2025-10-15,GG-200044,UAC - Value | iOS | APAC | Video,76,335.56,1911.35
2025-10-15,GG-200045,UAC - Installs | iOS | LATAM | Video,33,92.14,470.37
2025-10-15,GG-200046,Search - Brand - Exact | Android | LATAM | Static,47,167.28,827.03
2025-10-15,GG-200047,UAC - Installs | iOS | EU | Video,155,524.13,1741.68
2025-10-15,GG-200048,UAC - Value | iOS | EU | UGC,33,179.92,951.42
2025-10-15,GG-200049,UAC - Value | Android | EU | Video,170,807.31,4843.86
2025-10-15,GG-200050,Search - Brand - Exact | Android | LATAM | Static,97,387.27,1513.84
2025-10-15,GG-200051,UAC - Installs | Android | US | Carousel,231,613.07,2091.79
2025-10-15,GG-200052,UAC - Installs | iOS | MENA | UGC,83,370.47,1690.83
2025-10-15,GG-200053,UAC - Installs | Android | EU | Carousel,224,885.7,4425.84
2025-10-15,GG-200054,Search - Brand - Exact | Android | LATAM | Carousel,55,128.68,579.7
2025-10-15,GG-200055,UAC - Value | iOS | APAC | UGC,67,259.8,1168.84
2025-10-15,GG-200056,UAC - Value | iOS | LATAM | Static,68,222.01,1311.64
2025-10-15,GG-200057,UAC - Installs | iOS | LATAM | Playables,53,178.72,639.64
2025-10-15,GG-200058,UAC - Value | Android | APAC | Video,238,876.72,5260.32
2025-10-15,GG-200059,UAC - Installs | Android | MENA | Carousel,234,896.85,4738.06
2025-10-15,GG-200060,UAC - Installs | Android | US | Carousel,146,464.15,1498.28
2025-10-15,GG-200061,UAC - Value | iOS | APAC | Playables,56,251.74,1168.07
2025-10-15,GG-200062,UAC - Value | Android | APAC | Carousel,72,309.87,1611.01
2025-10-15,GG-200063,UAC - Value | Android | LATAM | Playables,129,360.56,1581.78
2025-10-15,GG-200064,UAC - Value | iOS | US | Video,376,1593.45,7420.7
2025-10-15,GG-200065,Search - Brand - Exact | iOS | MENA | Static,59,160.62,798.44
2025-10-15,GG-200066,Search - Brand - Exact | Android | MENA | UGC,115,280.3,1319.93
2025-10-15,GG-200067,UAC - Installs | Android | US | Static,74,216.22,800.88
2025-10-15,GG-200068,Search - Brand - Exact | iOS | APAC | Playables,32,136.0,349.38
2025-10-15,GG-200069,UAC - Installs | Android | APAC | Carousel,277,627.77,2634.12
2025-10-15,GG-200070,Search - Non-Brand - Broad | iOS | US | Playables,9,38.21,157.65
2025-10-15,GG-200071,UAC - Installs | iOS | APAC | Carousel,130,372.8,1493.81
2025-10-15,GG-200072,Search - Non-Brand - Broad | Android | US | Video,27,104.81,468.08
2025-10-15,GG-200073,Search - Brand - Exact | iOS | MENA | UGC,22,72.73,221.39
2025-10-15,GG-200074,Search - Non-Brand - Broad | iOS | LATAM | UGC,13,45.48,119.11
2025-10-15,GG-200075,Search - Brand - Exact | iOS | APAC | Static,39,102.65,483.58
2025-10-15,GG-200076,Search - Non-Brand - Broad | Android | US | UGC,61,237.86,1148.86
2025-10-15,GG-200077,UAC - Installs | iOS | US | Carousel,95,430.15,1382.5
2025-10-15,GG-200078,UAC - Installs | Android | MENA | Playables,74,257.32,1171.84
2025-10-15,GG-200079,UAC - Installs | iOS | EU | Static,126,524.71,1626.08
2025-10-15,GG-200080,Search - Non-Brand - Broad | Android | US | Static,68,184.95,633.45
2025-10-15,GG-200081,UAC - Installs | Android | APAC | Video,135,323.26,1064.82
2025-10-15,GG-200082,Search - Non-Brand - Broad | iOS | APAC | Playables,24,79.35,233.61
2025-10-15,GG-200083,UAC - Value | Android | US | Carousel,86,328.62,1623.71
2025-10-15,GG-200084,UAC - Value | iOS | MENA | UGC,58,288.76,1529.85
2025-10-15,GG-200085,Search - Brand - Exact | Android | EU | Carousel,28,119.78,544.76
2025-10-15,GG-200086,UAC - Installs | iOS | APAC | Playables,44,132.92,567.83
2025-10-15,GG-200087,Search - Non-Brand - Broad | Android | MENA | Playables,70,255.6,898.43
2025-10-15,GG-200088,Search - Brand - Exact | Android | APAC | Playables,61,136.24,523.98
2025-10-15,GG-200089,UAC - Installs | Android | MENA | Static,61,175.75,624.09
2025-10-15,GG-200090,Search - Non-Brand - Broad | Android | EU | Carousel,77,300.34,1098.34
2025-10-15,GG-200091,Search - Brand - Exact | iOS | MENA | Carousel,30,113.44,518.87
2025-10-15,GG-200092,UAC - Installs | iOS | EU | Playables,90,412.41,1523.03
2025-10-15,GG-200093,Search - Brand - Exact | Android | LATAM | Playables,55,160.24,723.96
2025-10-15,GG-200094,Search - Non-Brand - Broad | Android | MENA | Playables,59,154.43,633.16
2025-10-15,GG-200095,UAC - Installs | Android | MENA | Playables,89,212.86,1051.74
2025-10-15,GG-200096,Search - Brand - Exact | Android | US | Video,27,98.53,382.89
2025-10-15,GG-200097,UAC - Value | iOS | EU | Playables,87,385.75,2165.6
2025-10-15,GG-200098,UAC - Installs | Android | APAC | Playables,109,311.97,1057.58
2025-10-15,GG-200099,UAC - Value | iOS | APAC | Static,67,253.88,1293.26
2025-10-15,GG-200100,Search - Brand - Exact | iOS | APAC | Video,42,105.3,340.22
2025-10-15,GG-200101,UAC - Value | Android | APAC | UGC,155,647.61,3885.66
2025-10-15,GG-200102,Search - Non-Brand - Broad | iOS | EU | Carousel,17,83.32,299.79
2025-10-15,GG-200103,UAC - Value | iOS | LATAM | Carousel,60,209.06,1135.61
2025-10-15,GG-200104,Search - Brand - Exact | Android | LATAM | Playables,20,56.9,191.64
2025-10-15,GG-200105,Search - Brand - Exact | iOS | EU | UGC,96,426.39,2111.48
2025-10-15,GG-200106,Search - Non-Brand - Broad | iOS | APAC | Static,34,146.67,393.08
2025-10-15,GG-200107,UAC - Value | Android | US | Carousel,89,319.63,1708.1
2025-10-15,GG-200108,UAC - Installs | iOS | EU | Static,57,278.8,903.59
2025-10-15,GG-200109,UAC - Value | iOS | EU | Static,147,728.33,3774.21
2025-10-15,GG-200110,UAC - Value | iOS | APAC | Carousel,105,540.6,3079.8
2025-10-15,GG-200111,UAC - Value | Android | US | UGC,33,110.33,520.43
2025-10-15,GG-200112,UAC - Installs | Android | EU | Playables,204,613.55,3268.99
2025-10-15,GG-200113,UAC - Value | Android | US | Carousel,171,692.62,4155.72
2025-10-15,GG-200114,Search - Brand - Exact | iOS | LATAM | Playables,33,124.82,520.37
2025-10-15,GG-200115,UAC - Installs | Android | APAC | Static,284,861.06,2837.19
2025-10-15,GG-200116,Search - Brand - Exact | iOS | APAC | Carousel,99,288.66,882.14
2025-10-15,GG-200117,Search - Non-Brand - Broad | iOS | US | Playables,44,135.89,437.02
2025-10-15,GG-200118,Search - Brand - Exact | iOS | MENA | Carousel,34,126.44,489.58
2025-10-15,GG-200119,UAC - Installs | iOS | MENA | UGC,63,178.83,583.34
2025-10-15,GG-200120,UAC - Value | Android | EU | Video,137,606.36,3136.09
2025-10-15,GG-200121,UAC - Installs | iOS | LATAM | Playables,40,159.3,721.95
2025-10-15,GG-200122,UAC - Value | Android | EU | Playables,82,407.1,2302.15
2025-10-15,GG-200123,Search - Non-Brand - Broad | Android | US | Video,44,175.85,772.68
2025-10-15,GG-200124,UAC - Value | iOS | APAC | Playables,147,736.09,3551.63
2025-10-15,GG-200125,Search - Non-Brand - Broad | Android | MENA | Playables,88,343.09,1559.0
2025-10-15,GG-200126,Search - Non-Brand - Broad | iOS | MENA | Carousel,118,297.27,1142.41
2025-10-15,GG-200127,UAC - Installs | iOS | MENA | Carousel,85,217.83,873.72
2025-10-15,GG-200128,UAC - Value | iOS | MENA | Carousel,68,324.43,1360.01
2025-10-15,GG-200129,Search - Brand - Exact | Android | LATAM | Carousel,22,51.54,187.35
2025-10-15,GG-200130,Search - Brand - Exact | iOS | MENA | Carousel,26,110.78,445.0
2025-10-15,GG-200131,Search - Non-Brand - Broad | iOS | LATAM | Playables,28,88.5,411.79
2025-10-15,GG-200132,Search - Non-Brand - Broad | Android | MENA | UGC,80,201.34,963.21
2025-10-15,GG-200133,Search - Brand - Exact | iOS | EU | Static,56,266.18,955.59
2025-10-15,GG-200134,UAC - Value | Android | EU | Video,125,589.52,3537.12
2025-10-15,GG-200135,UAC - Value | iOS | APAC | Static,130,639.13,3477.51
2025-10-15,GG-200136,UAC - Value | Android | APAC | Playables,92,341.57,1681.55
2025-10-15,GG-200137,Search - Non-Brand - Broad | Android | EU | Playables,19,65.91,224.82
2025-10-15,GG-200138,UAC - Value | iOS | APAC | Playables,72,256.38,1048.34
2025-10-15,GG-200139,UAC - Installs | iOS | EU | UGC,58,186.93,936.71
2025-10-15,GG-200140,UAC - Value | iOS | LATAM | Playables,94,434.33,2605.98
2025-10-15,GG-200141,UAC - Installs | Android | EU | Carousel,355,999.54,5055.67
2025-10-15,GG-200142,Search - Non-Brand - Broad | Android | LATAM | Carousel,32,100.74,495.14
2025-10-15,GG-200143,UAC - Installs | iOS | LATAM | UGC,37,151.57,649.93
2025-10-15,GG-200144,UAC - Value | iOS | LATAM | Video,110,559.93,3170.32
2025-10-15,GG-200145,UAC - Installs | iOS | LATAM | Static,45,160.58,772.39
2025-10-15,GG-200146,UAC - Installs | Android | LATAM | Video,92,327.1,1250.5
2025-10-15,GG-200147,Search - Non-Brand - Broad | iOS | LATAM | UGC,56,194.72,874.88
2025-10-15,GG-200148,UAC - Installs | Android | MENA | Carousel,75,299.5,1076.7
2025-10-15,GG-200149,Search - Non-Brand - Broad | Android | US | Playables,27,77.63,363.62
2025-10-15,GG-200150,Search - Non-Brand - Broad | Android | US | Playables,28,115.63,574.91
2025-10-15,GG-200151,UAC - Value | Android | US | Video,115,594.34,3566.04
2025-10-15,GG-200152,Search - Non-Brand - Broad | iOS | APAC | Video,38,167.15,815.02
2025-10-15,GG-200153,UAC - Value | Android | MENA | Static,57,201.79,960.92
2025-10-15,GG-200154,UAC - Installs | iOS | APAC | Static,105,400.75,1656.7
2025-10-15,GG-200155,Search - Brand - Exact | iOS | LATAM | Video,35,105.92,370.61
2025-10-15,GG-200156,Search - Non-Brand - Broad | Android | MENA | Video,131,486.72,1631.0
2025-10-15,GG-200157,UAC - Value | iOS | EU | Video,94,516.08,2901.4
2025-10-15,GG-200158,Search - Brand - Exact | iOS | EU | Carousel,74,369.73,1305.52
2025-10-15,GG-200159,Search - Brand - Exact | Android | LATAM | Playables,52,132.57,432.97
2025-10-15,GG-200160,UAC - Value | iOS | LATAM | UGC,61,198.81,928.84
2025-10-15,GG-200161,UAC - Installs | Android | MENA | UGC,67,248.11,840.6
2025-10-15,GG-200162,Search - Non-Brand - Broad | Android | US | Carousel,93,259.5,1205.38
2025-10-15,GG-200163,Search - Brand - Exact | iOS | LATAM | Static,97,396.53,1825.62
2025-10-15,GG-200164,Search - Non-Brand - Broad | iOS | LATAM | Playables,73,216.45,781.17
2025-10-15,GG-200165,UAC - Value | Android | MENA | UGC,74,340.86,1823.94
2025-10-15,GG-200166,Search - Brand - Exact | iOS | US | UGC,24,86.32,260.51
2025-10-15,GG-200167,UAC - Installs | Android | EU | UGC,101,400.33,2186.6
2025-10-15,GG-200168,UAC - Value | Android | US | Carousel,39,176.11,732.79
2025-10-15,GG-200169,UAC - Installs | Android | APAC | Carousel,73,184.14,841.7
2025-10-15,GG-200170,Search - Brand - Exact | iOS | MENA | Playables,79,346.81,1011.3
2025-10-15,GG-200171,Search - Brand - Exact | iOS | LATAM | Static,17,47.29,197.91
2025-10-15,GG-200172,Search - Non-Brand - Broad | Android | APAC | Carousel,101,270.88,1050.47
2025-10-15,GG-200173,Search - Brand - Exact | iOS | MENA | Carousel,51,139.59,543.28
2025-10-15,GG-200174,Search - Non-Brand - Broad | iOS | LATAM | Playables,23,77.15,226.82
2025-10-15,GG-200175,Search - Non-Brand - Broad | Android | EU | UGC,44,138.36,598.27
2025-10-15,GG-200176,UAC - Value | iOS | MENA | Carousel,78,326.19,1541.9
2025-10-15,GG-200177,Search - Non-Brand - Broad | iOS | MENA | Static,44,134.0,410.84
2025-10-15,GG-200178,UAC - Installs | Android | MENA | UGC,95,214.14,1017.59
2025-10-15,GG-200179,Search - Brand - Exact | Android | MENA | Video,53,208.1,938.74
2025-10-15,GG-200180,Search - Non-Brand - Broad | Android | MENA | Playables,55,185.62,752.5
2025-10-15,GG-200181,UAC - Value | Android | LATAM | Playables,167,744.5,3485.75
2025-10-15,GG-200182,UAC - Value | Android | EU | Playables,106,532.94,2867.22
2025-10-15,GG-200183,Search - Brand - Exact | Android | MENA | UGC,99,274.26,862.55
2025-10-15,GG-200184,UAC - Value | iOS | EU | Playables,175,776.83,4660.98
2025-10-15,GG-200185,UAC - Value | iOS | MENA | Video,120,591.11,3006.39
2025-10-15,GG-200186,UAC - Installs | iOS | US | UGC,96,455.63,1509.96
2025-10-15,GG-200187,Search - Brand - Exact | Android | EU | Playables,56,205.96,544.56
2025-10-15,GG-200188,Search - Brand - Exact | Android | APAC | Carousel,24,57.44,240.85
2025-10-15,GG-200189,Search - Brand - Exact | Android | US | UGC,54,216.62,642.28
2025-10-15,GG-200190,Search - Non-Brand - Broad | iOS | APAC | Static,59,244.61,800.36
2025-10-15,GG-200191,UAC - Value | iOS | LATAM | UGC,189,833.09,4998.54
2025-10-15,GG-200192,Search - Non-Brand - Broad | iOS | APAC | Video,23,94.34,371.61
2025-10-15,GG-200193,UAC - Value | iOS | US | Static,93,439.47,2204.82
2025-10-15,GG-200194,Search - Brand - Exact | Android | EU | Video,70,236.21,1099.09
2025-10-15,GG-200195,UAC - Value | iOS | APAC | Playables,193,702.62,3283.34
2025-10-15,GG-200196,UAC - Value | iOS | EU | Static,95,380.66,1773.49
2025-10-15,GG-200197,Search - Non-Brand - Broad | iOS | EU | Carousel,21,82.39,236.95
2025-10-15,GG-200198,Search - Brand - Exact | Android | US | UGC,25,93.31,446.12
2025-10-15,GG-200199,Search - Brand - Exact | Android | EU | Video,74,319.78,1084.37
2025-10-15,GG-200200,Search - Brand - Exact | Android | APAC | Playables,58,152.11,434.58
2025-10-15,GG-200201,UAC - Value | Android | US | UGC,270,1389.69,6844.22
2025-10-15,GG-200202,Search - Brand - Exact | Android | MENA | Static,92,251.75,1208.9
2025-10-15,GG-200203,Search - Non-Brand - Broad | Android | MENA | Carousel,42,165.04,738.22
2025-10-15,GG-200204,UAC - Installs | iOS | MENA | Playables,67,245.6,979.45
2025-10-15,GG-200205,Search - Non-Brand - Broad | Android | LATAM | Static,71,262.82,672.29
2025-10-15,GG-200206,Search - Brand - Exact | iOS | LATAM | Carousel,42,108.51,303.39
2025-10-15,GG-200207,UAC - Value | Android | APAC | Playables,267,808.56,4422.01
2025-10-15,GG-200208,UAC - Installs | Android | LATAM | UGC,96,260.33,822.64
2025-10-15,GG-200209,UAC - Installs | iOS | APAC | Static,86,360.49,1240.45
2025-10-15,GG-200210,UAC - Value | iOS | EU | Playables,69,354.55,1443.02
2025-10-15,GG-200211,Search - Non-Brand - Broad | Android | EU | Carousel,43,132.69,456.72
2025-10-15,GG-200212,UAC - Value | iOS | US | Playables,77,408.38,2450.28
2025-10-15,GG-200213,Search - Non-Brand - Broad | iOS | MENA | Playables,70,222.97,875.6
2025-10-15,GG-200214,Search - Non-Brand - Broad | iOS | EU | Carousel,89,304.1,849.66
2025-10-15,GG-200215,UAC - Installs | iOS | US | UGC,179,844.06,3086.73
2025-10-15,GG-200216,Search - Brand - Exact | Android | MENA | Static,76,293.76,1443.24
2025-10-15,GG-200217,Search - Brand - Exact | iOS | APAC | Playables,54,165.75,699.13
2025-10-15,GG-200218,Search - Non-Brand - Broad | Android | EU | Playables,90,306.7,1186.32
2025-10-15,GG-200219,UAC - Installs | iOS | EU | Carousel,157,521.11,2606.59
2025-10-15,GG-200220,Search - Brand - Exact | Android | EU | Static,69,300.65,1098.27
2025-10-15,GG-200221,Search - Non-Brand - Broad | iOS | EU | Playables,34,158.04,610.03
2025-10-15,GG-200222,UAC - Installs | iOS | EU | Playables,159,603.91,2683.17
2025-10-15,GG-200223,UAC - Installs | iOS | APAC | UGC,115,441.63,1717.94
2025-10-15,GG-200224,UAC - Value | iOS | LATAM | Carousel,76,257.56,1452.38
2025-10-15,GG-200225,UAC - Installs | iOS | US | UGC,78,315.64,1143.56
2025-10-15,GG-200226,UAC - Value | Android | LATAM | Carousel,169,702.16,4212.96
2025-10-15,GG-200227,Search - Non-Brand - Broad | Android | MENA | Static,37,79.57,262.74
2025-10-15,GG-200228,UAC - Value | Android | LATAM | Playables,59,178.59,1071.54
2025-10-15,GG-200229,UAC - Installs | iOS | EU | Static,66,301.25,1564.69
2025-10-15,GG-200230,Search - Non-Brand - Broad | Android | APAC | Playables,66,190.69,939.15
2025-10-15,GG-200231,UAC - Installs | iOS | MENA | Carousel,128,333.43,1148.67
2025-10-15,GG-200232,Search - Non-Brand - Broad | iOS | APAC | UGC,26,83.83,281.92
2025-10-15,GG-200233,UAC - Value | iOS | EU | Static,78,309.96,1731.44
2025-10-15,GG-200234,Search - Brand - Exact | Android | MENA | Video,103,319.41,1046.07
2025-10-15,GG-200235,UAC - Value | Android | US | Video,92,445.93,2675.58
2025-10-15,GG-200236,Search - Non-Brand - Broad | Android | EU | Video,7,26.62,96.92
2025-10-15,GG-200237,UAC - Value | Android | EU | Playables,88,443.85,2437.62
2025-10-15,GG-200238,UAC - Value | iOS | US | Playables,59,253.62,1473.02
2025-10-15,GG-200239,UAC - Value | iOS | US | Video,75,429.34,2576.04
2025-10-15,GG-200240,UAC - Installs | Android | US | Playables,182,776.99,2553.19
2025-10-15,GG-200241,UAC - Value | iOS | US | Playables,83,412.05,2441.4
2025-10-15,GG-200242,Search - Non-Brand - Broad | Android | US | Video,49,168.26,601.36
2025-10-15,GG-200243,UAC - Installs | Android | EU | Playables,97,337.39,1364.74
2025-10-15,GG-200244,Search - Brand - Exact | iOS | LATAM | UGC,61,230.46,1121.65
2025-10-15,GG-200245,Search - Non-Brand - Broad | iOS | APAC | UGC,63,277.75,1109.61
2025-10-15,GG-200246,Search - Brand - Exact | Android | LATAM | Video,36,77.41,251.27
2025-10-15,GG-200247,UAC - Value | Android | APAC | UGC,55,234.33,1383.02
2025-10-15,GG-200248,Search - Non-Brand - Broad | iOS | US | Video,122,452.35,1615.34
2025-10-15,GG-200249,UAC - Installs | Android | APAC | UGC,56,186.37,874.45
2025-10-15,GG-200250,Search - Non-Brand - Broad | Android | MENA | Video,34,94.95,379.61
2025-10-15,GG-200251,UAC - Installs | Android | MENA | UGC,126,277.06,1237.07
2025-10-15,GG-200252,Search - Brand - Exact | Android | US | Carousel,116,362.01,1054.9
2025-10-15,GG-200253,Search - Non-Brand - Broad | Android | LATAM | Video,48,177.42,685.55
2025-10-15,GG-200254,UAC - Installs | Android | APAC | Video,142,346.58,1649.72
2025-10-15,GG-200255,UAC - Value | Android | MENA | Static,110,324.98,1415.61
2025-10-15,GG-200256,Search - Brand - Exact | iOS | APAC | Static,24,68.66,201.65
2025-10-15,GG-200257,UAC - Value | iOS | US | Video,54,265.23,1506.51
2025-10-15,GG-200258,UAC - Value | Android | US | Carousel,134,536.82,2582.1
2025-10-15,GG-200259,UAC - Value | iOS | US | Carousel,170,838.13,4339.84
2025-10-15,GG-200260,UAC - Value | iOS | EU | Carousel,90,482.48,2651.71
2025-10-15,GG-200261,UAC - Value | iOS | EU | Playables,125,685.17,3308.69
2025-10-15,GG-200262,Search - Non-Brand - Broad | Android | MENA | Carousel,99,211.18,839.65
2025-10-15,GG-200263,Search - Non-Brand - Broad | Android | US | Carousel,47,184.46,527.19
2025-10-15,GG-200264,UAC - Installs | iOS | EU | UGC,116,358.24,1565.87
2025-10-15,GG-200265,Search - Brand - Exact | iOS | US | Video,43,134.44,362.85
2025-10-15,GG-200266,UAC - Installs | iOS | APAC | Carousel,110,296.19,1533.08
2025-10-15,GG-200267,Search - Non-Brand - Broad | Android | EU | Video,49,181.8,631.57
2025-10-15,GG-200268,UAC - Value | iOS | APAC | Playables,99,461.31,2557.04
2025-10-15,GG-200269,UAC - Installs | Android | US | Video,62,191.07,860.01
2025-10-15,GG-200270,UAC - Installs | Android | MENA | Playables,173,627.52,3257.46
2025-10-15,GG-200271,UAC - Value | iOS | US | Carousel,118,577.08,3462.48
2025-10-15,GG-200272,Search - Non-Brand - Broad | iOS | US | Playables,24,114.57,460.11
2025-10-15,GG-200273,Search - Non-Brand - Broad | Android | APAC | Static,84,332.88,1649.75
2025-10-15,GG-200274,UAC - Value | iOS | LATAM | Carousel,232,1070.33,4529.64
2025-10-15,GG-200275,UAC - Value | Android | US | Static,60,292.95,1297.77
2025-10-15,GG-200276,UAC - Value | iOS | APAC | Carousel,67,322.92,1766.37
2025-10-15,GG-200277,Search - Non-Brand - Broad | Android | LATAM | Carousel,45,152.38,603.12
2025-10-15,GG-200278,Search - Non-Brand - Broad | iOS | MENA | Playables,33,119.68,500.02
2025-10-15,GG-200279,UAC - Installs | iOS | US | Static,61,261.69,1110.35
2025-10-15,GG-200280,UAC - Value | Android | APAC | Carousel,99,454.98,2687.57
2025-10-15,GG-200281,UAC - Value | iOS | APAC | Carousel,98,340.0,2040.0
2025-10-15,GG-200282,Search - Non-Brand - Broad | Android | LATAM | Carousel,42,139.48,418.58
2025-10-15,GG-200283,UAC - Value | iOS | LATAM | Static,115,509.97,2148.5
2025-10-15,GG-200284,Search - Non-Brand - Broad | iOS | LATAM | UGC,83,293.13,1194.5
2025-10-15,GG-200285,UAC - Value | iOS | APAC | Carousel,73,270.9,1622.96
2025-10-15,GG-200286,Search - Non-Brand - Broad | iOS | US | Playables,17,60.37,245.95
2025-10-15,GG-200287,UAC - Value | Android | MENA | Video,100,303.91,1597.96
2025-10-15,GG-200288,Search - Brand - Exact | Android | APAC | Carousel,64,133.24,503.91
2025-10-15,GG-200289,UAC - Installs | iOS | APAC | Static,32,133.16,711.87
2025-10-15,GG-200290,UAC - Value | Android | LATAM | Static,130,440.19,2425.01
2025-10-15,GG-200291,UAC - Value | iOS | US | UGC,120,511.3,2496.68
2025-10-15,GG-200292,UAC - Value | iOS | MENA | Playables,229,1029.19,4161.02
2025-10-15,GG-200293,Search - Brand - Exact | Android | LATAM | Playables,66,149.57,659.9
2025-10-15,GG-200294,Search - Non-Brand - Broad | Android | EU | Carousel,51,214.39,956.82
2025-10-15,GG-200295,UAC - Installs | Android | MENA | UGC,79,193.42,1010.43
2025-10-15,GG-200296,Search - Brand - Exact | iOS | US | Video,58,184.54,564.32
2025-10-15,GG-200297,Search - Non-Brand - Broad | iOS | EU | Playables,20,66.53,193.34
2025-10-15,GG-200298,UAC - Value | iOS | LATAM | UGC,344,1405.89,6916.98
2025-10-15,GG-200299,UAC - Value | Android | LATAM | Video,103,285.04,1178.36
2025-10-15,GG-200300,Search - Brand - Exact | Android | LATAM | UGC,76,269.81,929.23
2025-10-15,GG-200301,UAC - Installs | Android | EU | Carousel,132,432.66,2193.59
2025-10-15,GG-200302,UAC - Value | iOS | APAC | Static,75,259.48,1213.59
2025-10-15,GG-200303,UAC - Value | iOS | APAC | Video,307,1539.24,8388.86
2025-10-15,GG-200304,UAC - Installs | iOS | LATAM | Video,133,488.23,2189.22
2025-10-15,GG-200305,UAC - Installs | Android | US | Video,131,483.08,1619.28
2025-10-15,GG-200306,Search - Non-Brand - Broad | Android | EU | Static,41,170.92,851.01
2025-10-15,GG-200307,UAC - Value | Android | LATAM | Playables,240,783.43,3137.64
2025-10-15,GG-200308,Search - Non-Brand - Broad | iOS | EU | UGC,20,92.04,341.65
2025-10-15,GG-200309,Search - Brand - Exact | Android | APAC | UGC,105,238.28,1124.21
2025-10-15,GG-200310,UAC - Value | Android | APAC | Playables,131,507.04,2318.69
2025-10-15,GG-200311,Search - Non-Brand - Broad | iOS | US | Static,8,28.7,77.23
2025-10-15,GG-200312,Search - Brand - Exact | iOS | US | Playables,77,271.14,826.16
2025-10-15,GG-200313,Search - Non-Brand - Broad | Android | LATAM | Carousel,59,209.71,755.59
2025-10-15,GG-200314,UAC - Value | iOS | US | Carousel,117,665.89,3995.34
2025-10-15,GG-200315,UAC - Value | iOS | MENA | UGC,73,347.81,1552.97
2025-10-15,GG-200316,UAC - Value | Android | LATAM | Carousel,180,602.1,2511.96
2025-10-15,GG-200317,Search - Brand - Exact | Android | LATAM | Playables,62,130.44,466.19
2025-10-15,GG-200318,Search - Non-Brand - Broad | Android | LATAM | Video,125,484.5,1465.13
2025-10-15,GG-200319,UAC - Installs | iOS | US | Static,305,1473.79,5118.47
2025-10-15,GG-200320,UAC - Value | Android | MENA | UGC,139,497.63,2272.18
2025-10-15,GG-200321,UAC - Value | Android | MENA | UGC,116,496.68,2980.08
2025-10-15,GG-200322,Search - Non-Brand - Broad | Android | APAC | Playables,60,236.79,987.41
2025-10-15,GG-200323,Search - Non-Brand - Broad | Android | APAC | Carousel,52,132.11,515.63
2025-10-15,GG-200324,Search - Brand - Exact | Android | LATAM | UGC,37,92.88,278.73
2025-10-15,GG-200325,Search - Non-Brand - Broad | iOS | US | UGC,96,324.11,1060.49
2025-10-15,GG-200326,UAC - Value | Android | APAC | Playables,148,410.73,1694.67
2025-10-15,GG-200327,UAC - Value | iOS | APAC | UGC,286,1014.33,6023.09
2025-10-15,GG-200328,Search - Brand - Exact | iOS | EU | Video,38,165.73,814.4
2025-10-15,GG-200329,UAC - Installs | Android | LATAM | Video,38,125.24,376.85
2025-10-15,GG-200330,Search - Non-Brand - Broad | Android | MENA | Carousel,24,59.48,233.88
2025-10-15,GG-200331,Search - Brand - Exact | iOS | MENA | UGC,37,159.46,544.56
2025-10-15,GG-200332,UAC - Installs | Android | LATAM | Playables,129,336.25,1102.56
2025-10-15,GG-200333,Search - Non-Brand - Broad | Android | APAC | Playables,74,172.1,551.06
2025-10-15,GG-200334,UAC - Installs | iOS | US | Static,129,406.89,1366.34
2025-10-15,GG-200335,UAC - Installs | Android | APAC | Carousel,89,260.5,1111.55
2025-10-15,GG-200336,Search - Non-Brand - Broad | Android | APAC | Video,64,134.18,460.37
2025-10-15,GG-200337,UAC - Value | Android | MENA | Carousel,99,283.95,1608.01
2025-10-15,GG-200338,Search - Non-Brand - Broad | Android | MENA | Static,37,76.49,232.45
2025-10-15,GG-200339,UAC - Installs | Android | US | Playables,167,497.38,2460.54
2025-10-15,GG-200340,Search - Non-Brand - Broad | iOS | MENA | Playables,160,661.46,1804.46
2025-10-15,GG-200341,UAC - Installs | iOS | LATAM | Carousel,147,622.05,2218.85
2025-10-15,GG-200342,Search - Brand - Exact | Android | EU | UGC,53,153.03,708.99
2025-10-15,GG-200343,Search - Non-Brand - Broad | iOS | EU | Static,34,147.13,711.52
2025-10-15,GG-200344,UAC - Value | Android | LATAM | Static,106,384.92,1888.8
2025-10-15,GG-200345,UAC - Installs | iOS | EU | Playables,61,204.28,791.79
2025-10-15,GG-200346,Search - Brand - Exact | iOS | APAC | UGC,56,246.81,1083.25
2025-10-15,GG-200347,UAC - Installs | Android | APAC | Playables,92,294.75,1102.95
2025-10-15,GG-200348,UAC - Installs | iOS | APAC | UGC,84,335.64,1722.84
2025-10-15,GG-200349,UAC - Installs | Android | US | UGC,110,490.05,2005.28
2025-10-16,FB-100000,UA - Retargeting - Value | Android | US | Carousel,66,224.25,1067.43
2025-10-16,FB-100001,UA - Prospecting - Broad | Android | EU | Video,103,326.58,1115.27
2025-10-16,FB-100002,UA - Prospecting - Broad | iOS | US | Video,55,271.71,915.12
2025-10-16,FB-100003,UA - Prospecting - Broad | Android | EU | Playables,31,107.4,487.92
2025-10-16,FB-100004,UA - Retargeting - Value | Android | MENA | UGC,43,187.36,1040.97
2025-10-16,FB-100005,UA - Prospecting - Broad | iOS | MENA | Carousel,21,67.12,343.32
2025-10-16,FB-100006,UA - Lookalike - 1% | Android | APAC | Carousel,54,177.03,950.83
2025-10-16,FB-100007,UA - Prospecting - Broad | Android | EU | Carousel,71,180.75,877.18
2025-10-16,FB-100008,UA - Lookalike - 1% | Android | APAC | Video,142,439.65,1902.81
2025-10-16,FB-100009,UA - Prospecting - Broad | iOS | MENA | Carousel,111,355.71,1514.26
2025-10-16,FB-100010,UA - Lookalike - 5% | iOS | MENA | Video,77,286.89,1272.64
2025-10-16,FB-100011,UA - Lookalike - 1% | Android | MENA | Carousel,72,186.11,633.7
2025-10-16,FB-100012,UA - Retargeting - Value | Android | US | Video,17,82.36,396.73
2025-10-16,FB-100013,UA - Prospecting - Broad | iOS | US | Static,31,113.32,568.53
2025-10-16,FB-100014,UA - Lookalike - 1% | iOS | LATAM | UGC,201,575.38,2182.99
2025-10-16,FB-100015,UA - Retargeting - Value | Android | LATAM | Carousel,8,35.74,214.44
2025-10-16,FB-100016,UA - Retargeting - Value | iOS | US | Playables,17,94.19,565.14
2025-10-16,FB-100017,UA - Lookalike - 5% | Android | EU | UGC,134,354.04,1694.08
2025-10-16,FB-100018,UA - Lookalike - 1% | iOS | MENA | Static,38,161.65,777.54
2025-10-16,FB-100019,UA - Lookalike - 1% | Android | EU | Video,131,495.35,1721.84
2025-10-16,FB-100020,UA - Retargeting - Value | iOS | LATAM | Video,44,158.94,859.39
2025-10-16,FB-100021,UA - Lookalike - 5% | iOS | EU | UGC,88,314.78,1579.25
2025-10-16,FB-100022,UA - Retargeting - Value | iOS | EU | Carousel,45,227.83,951.65
2025-10-16,FB-100023,UA - Lookalike - 1% | Android | MENA | Playables,116,321.92,1594.15
2025-10-16,FB-100024,UA - Lookalike - 1% | iOS | MENA | UGC,149,393.61,1270.57
2025-10-16,FB-100025,UA - Lookalike - 5% | Android | EU | Playables,40,156.55,480.61
2025-10-16,FB-100026,UA - Retargeting - Value | Android | US | Video,13,63.04,289.04
2025-10-16,FB-100027,UA - Prospecting - Broad | Android | APAC | Playables,90,323.04,1330.6
2025-10-16,FB-100028,UA - Lookalike - 5% | iOS | APAC | Playables,15,56.62,298.95
2025-10-16,FB-100029,UA - Prospecting - Broad | iOS | MENA | Video,14,47.93,151.32
2025-10-16,FB-100030,UA - Lookalike - 1% | iOS | LATAM | Video,75,269.13,1061.72
2025-10-16,FB-100031,UA - Prospecting - Broad | iOS | EU | UGC,53,163.35,694.07
2025-10-16,FB-100032,UA - Prospecting - Broad | iOS | MENA | Static,29,113.23,498.1
2025-10-16,FB-100033,UA - Retargeting - Value | iOS | MENA | Playables,18,88.91,363.55
2025-10-16,FB-100034,UA - Prospecting - Broad | Android | LATAM | Static,242,758.09,3770.74
2025-10-16,FB-100035,UA - Prospecting - Broad | iOS | APAC | Video,68,229.34,985.02
2025-10-16,FB-100036,UA - Prospecting - Broad | iOS | LATAM | Static,68,277.64,1485.37
2025-10-16,FB-100037,UA - Prospecting - Broad | Android | MENA | Video,55,126.7,415.58
2025-10-16,FB-100038,UA - Retargeting - Value | iOS | US | Playables,53,239.68,1218.05
2025-10-16,FB-100039,UA - Retargeting - Value | Android | APAC | Playables,39,168.3,1009.8
2025-10-16,FB-100040,UA - Lookalike - 5% | iOS | MENA | Playables,70,273.85,1453.87
2025-10-16,FB-100041,UA - Lookalike - 1% | Android | MENA | Static,129,462.53,2446.78
2025-10-16,FB-100042,UA - Lookalike - 5% | iOS | LATAM | UGC,77,321.42,1228.47
2025-10-16,FB-100043,UA - Prospecting - Broad | Android | EU | Static,39,157.35,636.8
2025-10-16,FB-100044,UA - Retargeting - Value | iOS | US | Playables,22,101.98,611.88
2025-10-16,FB-100045,UA - Prospecting - Broad | Android | US | Video,64,211.28,998.51
2025-10-16,FB-100046,UA - Lookalike - 1% | Android | US | Video,37,154.05,764.86
2025-10-16,FB-100047,UA - Lookalike - 1% | Android | MENA | Static,92,321.18,1409.02
2025-10-16,FB-100048,UA - Retargeting - Value | iOS | EU | Playables,13,54.74,314.48
2025-10-16,FB-100049,UA - Lookalike - 5% | iOS | EU | UGC,153,592.72,2619.23
2025-10-16,FB-100050,UA - Lookalike - 5% | Android | US | Video,131,548.72,2467.05
2025-10-16,FB-100051,UA - Lookalike - 5% | iOS | APAC | UGC,65,178.49,720.74
2025-10-16,FB-100052,UA - Lookalike - 5% | Android | US | Video,242,1015.77,4908.2
2025-10-16,FB-100053,UA - Retargeting - Value | iOS | US | Static,36,152.65,915.9
2025-10-16,FB-100054,UA - Retargeting - Value | Android | MENA | UGC,21,84.45,374.62
2025-10-16,FB-100055,UA - Lookalike - 5% | iOS | EU | Carousel,51,232.24,1164.68
2025-10-16,FB-100056,UA - Prospecting - Broad | Android | US | UGC,58,202.95,763.7
2025-10-16,FB-100057,UA - Prospecting - Broad | Android | MENA | Video,85,228.27,841.86
2025-10-16,FB-100058,UA - Lookalike - 5% | Android | EU | UGC,135,400.6,1618.02
2025-10-16,FB-100059,UA - Prospecting - Broad | iOS | EU | UGC,90,434.77,1906.47
2025-10-16,FB-100060,UA - Lookalike - 5% | Android | APAC | Video,20,68.93,244.43
2025-10-16,FB-100061,UA - Lookalike - 5% | iOS | APAC | Carousel,22,88.5,397.98
2025-10-16,FB-100062,UA - Lookalike - 1% | iOS | EU | Static,49,209.17,974.94
2025-10-16,FB-100063,UA - Prospecting - Broad | Android | US | Playables,102,255.14,894.27
2025-10-16,FB-100064,UA - Lookalike - 5% | iOS | US | Video,27,105.68,573.53
2025-10-16,FB-100065,UA - Prospecting - Broad | Android | US | Playables,12,38.55,190.05
2025-10-16,FB-100066,UA - Prospecting - Broad | Android | US | Playables,36,129.51,425.18
2025-10-16,FB-100067,UA - Retargeting - Value | Android | APAC | Video,80,312.3,1299.48
2025-10-16,FB-100068,UA - Lookalike - 5% | Android | MENA | Video,118,411.19,2007.84
2025-10-16,FB-100069,UA - Lookalike - 1% | iOS | LATAM | Static,190,724.11,3265.01
2025-10-16,FB-100070,UA - Retargeting - Value | Android | LATAM | UGC,42,127.19,663.93
2025-10-16,FB-100071,UA - Prospecting - Broad | iOS | APAC | Carousel,22,67.72,278.74
2025-10-16,FB-100072,UA - Prospecting - Broad | Android | APAC | Playables,15,58.03,300.48
2025-10-16,FB-100073,UA - Lookalike - 1% | Android | MENA | Static,88,191.44,692.25
2025-10-16,FB-100074,UA - Retargeting - Value | Android | LATAM | Video,36,133.25,559.12
2025-10-16,FB-100075,UA - Lookalike - 5% | iOS | LATAM | Static,53,227.39,758.35
2025-10-16,FB-100076,UA - Prospecting - Broad | iOS | MENA | Playables,94,287.88,1006.72
2025-10-16,FB-100077,UA - Lookalike - 1% | iOS | US | Static,219,684.7,2905.18
2025-10-16,FB-100078,UA - Retargeting - Value | Android | US | Playables,35,117.33,625.49
2025-10-16,FB-100079,UA - Retargeting - Value | iOS | LATAM | Playables,38,160.63,777.45
2025-10-16,FB-100080,UA - Lookalike - 5% | iOS | EU | Carousel,108,455.13,2403.54
2025-10-16,FB-100081,UA - Lookalike - 5% | iOS | US | Video,17,60.78,234.73
2025-10-16,FB-100082,UA - Lookalike - 1% | iOS | US | Video,23,98.27,444.97
2025-10-16,FB-100083,UA - Lookalike - 5% | Android | LATAM | Static,153,404.44,1496.02
2025-10-16,FB-100084,UA - Prospecting - Broad | iOS | MENA | Video,61,198.9,1060.93
2025-10-16,FB-100085,UA - Prospecting - Broad | Android | EU | Playables,99,294.41,1132.3
2025-10-16,FB-100086,UA - Retargeting - Value | iOS | MENA | Playables,67,305.43,1785.54
2025-10-16,FB-100087,UA - Lookalike - 1% | iOS | EU | Video,328,1403.58,5615.72
2025-10-16,FB-100088,UA - Retargeting - Value | iOS | US | Carousel,23,93.52,458.72
2025-10-16,FB-100089,UA - Lookalike - 5% | Android | US | Carousel,84,225.95,1137.66
2025-10-16,FB-100090,UA - Retargeting - Value | Android | EU | Static,48,169.64,803.25
2025-10-16,FB-100091,UA - Lookalike - 1% | iOS | US | Static,62,257.81,974.26
2025-10-16,FB-100092,UA - Retargeting - Value | iOS | EU | Carousel,7,35.83,197.82
2025-10-16,FB-100093,UA - Lookalike - 5% | Android | APAC | Video,65,248.69,1314.33
2025-10-16,FB-100094,UA - Lookalike - 1% | Android | EU | UGC,77,303.63,1278.28
2025-10-16,FB-100095,UA - Prospecting - Broad | iOS | EU | Static,22,103.65,422.48
2025-10-16,FB-100096,UA - Lookalike - 1% | Android | APAC | Carousel,108,358.82,1707.62
2025-10-16,FB-100097,UA - Lookalike - 5% | Android | LATAM | Carousel,120,264.7,941.27
2025-10-16,FB-100098,UA - Lookalike - 1% | iOS | US | Video,48,177.96,901.72
2025-10-16,FB-100099,UA - Prospecting - Broad | Android | MENA | Carousel,44,175.72,767.19
2025-10-16,FB-100100,UA - Lookalike - 1% | Android | MENA | UGC,113,290.56,1287.18
2025-10-16,FB-100101,UA - Prospecting - Broad | iOS | APAC | Playables,9,36.12,172.26
2025-10-16,FB-100102,UA - Lookalike - 1% | iOS | MENA | Static,15,49.3,233.34
2025-10-16,FB-100103,UA - Retargeting - Value | Android | APAC | Video,176,543.77,3106.01
2025-10-16,FB-100104,UA - Lookalike - 1% | iOS | APAC | Video,112,359.32,1161.68
2025-10-16,FB-100105,UA - Lookalike - 1% | iOS | US | Carousel,50,229.95,986.26
2025-10-16,FB-100106,UA - Lookalike - 1% | iOS | LATAM | UGC,26,113.03,395.27
2025-10-16,FB-100107,UA - Lookalike - 5% | Android | EU | UGC,90,362.39,1963.07
2025-10-16,FB-100108,UA - Lookalike - 1% | Android | MENA | Playables,54,198.81,1006.58
2025-10-16,FB-100109,UA - Lookalike - 1% | iOS | MENA | Video,22,63.83,219.45
2025-10-16,FB-100110,UA - Lookalike - 1% | iOS | EU | UGC,53,207.42,805.41
2025-10-16,FB-100111,UA - Retargeting - Value | iOS | APAC | UGC,64,335.96,1500.73
2025-10-16,FB-100112,UA - Lookalike - 1% | iOS | EU | Video,76,286.76,1319.67
2025-10-16,FB-100113,UA - Lookalike - 1% | iOS | US | Static,39,123.39,384.73
2025-10-16,FB-100114,UA - Prospecting - Broad | Android | EU | Static,23,102.49,434.66
2025-10-16,FB-100115,UA - Prospecting - Broad | Android | EU | UGC,58,176.55,827.31
2025-10-16,FB-100116,UA - Retargeting - Value | iOS | APAC | Playables,48,231.6,1150.82
2025-10-16,FB-100117,UA - Retargeting - Value | iOS | APAC | UGC,7,22.86,120.79
2025-10-16,FB-100118,UA - Lookalike - 5% | Android | US | Video,161,589.82,2714.35
2025-10-16,FB-100119,UA - Lookalike - 5% | Android | EU | Playables,125,367.6,1875.86
2025-10-16,FB-100120,UA - Prospecting - Broad | Android | MENA | Static,42,92.18,397.48
2025-10-16,FB-100121,UA - Lookalike - 1% | iOS | EU | UGC,58,185.9,572.57
2025-10-16,FB-100122,UA - Lookalike - 5% | iOS | MENA | Playables,20,62.25,308.57
2025-10-16,FB-100123,UA - Lookalike - 5% | iOS | EU | UGC,64,205.74,1026.64
2025-10-16,FB-100124,UA - Lookalike - 5% | iOS | EU | Carousel,85,268.21,860.69
2025-10-16,FB-100125,UA - Prospecting - Broad | Android | LATAM | UGC,62,138.35,527.81
2025-10-16,FB-100126,UA - Lookalike - 1% | iOS | EU | Carousel,90,332.04,1508.13
2025-10-16,FB-100127,UA - Retargeting - Value | iOS | MENA | Video,25,107.19,462.95
2025-10-16,FB-100128,UA - Retargeting - Value | Android | EU | UGC,23,95.71,495.01
2025-10-16,FB-100129,UA - Lookalike - 5% | Android | US | UGC,186,664.02,3433.65
2025-10-16,FB-100130,UA - Lookalike - 5% | iOS | MENA | UGC,17,56.18,268.77
2025-10-16,FB-100131,UA - Lookalike - 5% | Android | EU | UGC,115,388.93,1600.45
2025-10-16,FB-100132,UA - Lookalike - 5% | Android | MENA | UGC,60,181.84,949.57
2025-10-16,FB-100133,UA - Lookalike - 5% | Android | LATAM | Carousel,171,378.17,1254.77
2025-10-16,FB-100134,UA - Retargeting - Value | iOS | MENA | Playables,31,156.54,763.6
2025-10-16,FB-100135,UA - Lookalike - 5% | iOS | EU | Carousel,24,103.94,408.9
2025-10-16,FB-100136,UA - Lookalike - 1% | iOS | US | UGC,39,175.12,764.22
2025-10-16,FB-100137,UA - Retargeting - Value | iOS | EU | UGC,58,253.22,1117.46
2025-10-16,FB-100138,UA - Prospecting - Broad | Android | APAC | Playables,105,265.36,1347.5
2025-10-16,FB-100139,UA - Lookalike - 5% | Android | APAC | Static,32,103.1,496.12
2025-10-16,FB-100140,UA - Lookalike - 5% | Android | US | Carousel,173,679.22,2110.34
2025-10-16,FB-100141,UA - Lookalike - 1% | iOS | EU | UGC,18,75.85,268.13
2025-10-16,FB-100142,UA - Lookalike - 5% | iOS | APAC | Carousel,61,242.21,1327.31
2025-10-16,FB-100143,UA - Prospecting - Broad | iOS | US | UGC,79,358.98,1177.45
2025-10-16,FB-100144,UA - Prospecting - Broad | Android | LATAM | Static,178,577.52,2087.16
2025-10-16,FB-100145,UA - Retargeting - Value | Android | US | Static,97,493.63,2573.79
2025-10-16,FB-100146,UA - Retargeting - Value | Android | MENA | Static,34,123.23,614.42
2025-10-16,FB-100147,UA - Retargeting - Value | Android | APAC | Video,20,92.28,478.66
2025-10-16,FB-100148,UA - Retargeting - Value | iOS | LATAM | Carousel,64,246.98,1481.88
2025-10-16,FB-100149,UA - Prospecting - Broad | Android | EU | Carousel,61,209.26,931.63
2025-10-16,FB-100150,UA - Lookalike - 5% | Android | LATAM | Playables,213,603.54,2787.15
2025-10-16,FB-100151,UA - Retargeting - Value | iOS | EU | Video,54,221.61,1011.21
2025-10-16,FB-100152,UA - Prospecting - Broad | Android | LATAM | Playables,43,153.18,808.79
2025-10-16,FB-100153,UA - Lookalike - 5% | Android | LATAM | Playables,87,242.3,1245.91
2025-10-16,FB-100154,UA - Lookalike - 1% | iOS | US | Playables,20,67.49,267.46
2025-10-16,FB-100155,UA - Prospecting - Broad | Android | APAC | UGC,45,118.52,397.04
2025-10-16,FB-100156,UA - Retargeting - Value | iOS | LATAM | UGC,33,113.53,681.18
2025-10-16,FB-100157,UA - Lookalike - 1% | iOS | EU | Playables,69,272.74,854.49
2025-10-16,FB-100158,UA - Lookalike - 1% | iOS | APAC | UGC,22,66.9,363.74
2025-10-16,FB-100159,UA - Lookalike - 1% | iOS | EU | Video,67,208.2,1026.84
2025-10-16,FB-100160,UA - Lookalike - 5% | iOS | EU | UGC,45,175.38,741.33
2025-10-16,FB-100161,UA - Lookalike - 1% | iOS | US | UGC,187,673.2,2559.51
2025-10-16,FB-100162,UA - Lookalike - 1% | Android | APAC | Static,59,228.27,1207.55
2025-10-16,FB-100163,UA - Lookalike - 1% | iOS | LATAM | Carousel,18,68.07,351.85
2025-10-16,FB-100164,UA - Prospecting - Broad | Android | MENA | Static,144,297.19,1460.69
2025-10-16,FB-100165,UA - Retargeting - Value | Android | APAC | UGC,19,85.22,400.45
2025-10-16,FB-100166,UA - Prospecting - Broad | iOS | APAC | UGC,24,83.56,302.57
2025-10-16,FB-100167,UA - Lookalike - 5% | Android | LATAM | Static,63,162.84,743.53
2025-10-16,FB-100168,UA - Lookalike - 1% | Android | LATAM | Playables,151,531.41,2635.26
2025-10-16,FB-100169,UA - Lookalike - 1% | iOS | MENA | Playables,117,514.26,2478.22
2025-10-16,FB-100170,UA - Lookalike - 1% | iOS | MENA | Carousel,32,137.11,597.11
2025-10-16,FB-100171,UA - Lookalike - 1% | iOS | LATAM | Carousel,70,282.33,1541.8
2025-10-16,FB-100172,UA - Lookalike - 1% | Android | US | Static,59,154.62,798.77
2025-10-16,FB-100173,UA - Retargeting - Value | Android | MENA | Static,63,226.14,1268.65
2025-10-16,FB-100174,UA - Lookalike - 1% | Android | APAC | Carousel,36,75.71,307.38
2025-10-16,FB-100175,UA - Retargeting - Value | Android | EU | Carousel,78,321.5,1929.0
2025-10-16,FB-100176,UA - Prospecting - Broad | iOS | EU | Carousel,55,262.27,1090.52
2025-10-16,FB-100177,UA - Prospecting - Broad | Android | LATAM | Video,42,142.3,736.97
2025-10-16,FB-100178,UA - Prospecting - Broad | iOS | EU | UGC,88,350.14,1060.22
2025-10-16,FB-100179,UA - Lookalike - 5% | Android | MENA | Carousel,45,104.48,385.74
2025-10-16,FB-100180,UA - Retargeting - Value | iOS | APAC | Carousel,33,107.95,595.45
2025-10-16,FB-100181,UA - Prospecting - Broad | Android | LATAM | UGC,35,137.69,558.88
2025-10-16,FB-100182,UA - Prospecting - Broad | Android | APAC | UGC,128,362.14,1670.91
2025-10-16,FB-100183,UA - Lookalike - 1% | Android | EU | Static,115,350.0,1671.6
2025-10-16,FB-100184,UA - Lookalike - 5% | Android | EU | Video,95,314.0,1311.58
2025-10-16,FB-100185,UA - Lookalike - 5% | Android | MENA | UGC,87,302.39,1278.5
2025-10-16,FB-100186,UA - Lookalike - 5% | iOS | LATAM | Playables,62,181.58,808.03
2025-10-16,FB-100187,UA - Prospecting - Broad | iOS | MENA | Playables,39,136.91,486.85
2025-10-16,FB-100188,UA - Lookalike - 1% | Android | EU | Static,48,157.75,769.98
2025-10-16,FB-100189,UA - Retargeting - Value | Android | EU | Static,92,453.25,2170.16
2025-10-16,FB-100190,UA - Lookalike - 5% | Android | EU | Video,188,829.91,3365.29
2025-10-16,FB-100191,UA - Lookalike - 1% | iOS | MENA | UGC,43,124.82,547.83
2025-10-16,FB-100192,UA - Lookalike - 1% | Android | EU | Carousel,33,103.37,509.72
2025-10-16,FB-100193,UA - Lookalike - 1% | iOS | US | Static,30,117.59,525.51
2025-10-16,FB-100194,UA - Retargeting - Value | Android | APAC | Video,34,147.15,671.0
2025-10-16,FB-100195,UA - Prospecting - Broad | Android | LATAM | Static,36,86.1,354.3
2025-10-16,FB-100196,UA - Lookalike - 1% | Android | EU | Carousel,69,193.15,827.07
2025-10-16,FB-100197,UA - Lookalike - 1% | iOS | US | UGC,183,746.09,3937.86
2025-10-16,FB-100198,UA - Lookalike - 5% | iOS | LATAM | Playables,42,155.67,743.64
2025-10-16,FB-100199,UA - Prospecting - Broad | iOS | US | Playables,113,481.79,1605.81
2025-10-16,FB-100200,UA - Lookalike - 1% | iOS | LATAM | Playables,71,181.83,634.95
2025-10-16,FB-100201,UA - Prospecting - Broad | Android | US | Static,44,164.28,636.91
2025-10-16,FB-100202,UA - Retargeting - Value | iOS | MENA | Video,48,207.32,1243.92
2025-10-16,FB-100203,UA - Lookalike - 1% | iOS | MENA | UGC,83,335.95,1724.43
2025-10-16,FB-100204,UA - Lookalike - 5% | Android | MENA | UGC,57,226.1,704.08
2025-10-16,FB-100205,UA - Lookalike - 5% | Android | APAC | Carousel,141,504.02,2639.55
2025-10-16,FB-100206,UA - Retargeting - Value | iOS | LATAM | Video,9,46.79,203.58
2025-10-16,FB-100207,UA - Lookalike - 1% | iOS | APAC | UGC,31,111.98,468.19
2025-10-16,FB-100208,UA - Lookalike - 5% | iOS | MENA | Video,96,398.18,1945.51
2025-10-16,FB-100209,UA - Lookalike - 1% | Android | LATAM | Carousel,59,229.44,1245.63
2025-10-16,FB-100210,UA - Prospecting - Broad | Android | APAC | Playables,86,310.98,1446.37
2025-10-16,FB-100211,UA - Retargeting - Value | iOS | APAC | Video,49,225.59,1071.1
2025-10-16,FB-100212,UA - Lookalike - 5% | iOS | MENA | UGC,132,482.84,2428.2
2025-10-16,FB-100213,UA - Retargeting - Value | Android | EU | Carousel,170,745.77,4444.79
2025-10-16,FB-100214,UA - Prospecting - Broad | iOS | APAC | UGC,24,101.82,462.36
2025-10-16,FB-100215,UA - Retargeting - Value | Android | MENA | Static,35,138.76,685.06
2025-10-16,FB-100216,UA - Lookalike - 5% | iOS | MENA | Video,75,272.3,885.25
2025-10-16,FB-100217,UA - Lookalike - 5% | Android | EU | Video,119,403.33,1353.58
2025-10-16,FB-100218,UA - Lookalike - 1% | Android | EU | UGC,128,573.44,3059.88
2025-10-16,FB-100219,UA - Lookalike - 5% | iOS | APAC | UGC,39,133.4,521.33
2025-10-16,FB-100220,UA - Retargeting - Value | Android | APAC | Playables,186,795.71,4561.01
2025-10-16,FB-100221,UA - Retargeting - Value | iOS | EU | Playables,57,250.14,1158.15
2025-10-16,FB-100222,UA - Lookalike - 1% | Android | LATAM | UGC,55,208.0,660.61
2025-10-16,FB-100223,UA - Lookalike - 1% | iOS | US | Carousel,141,438.41,1756.27
2025-10-16,FB-100224,UA - Lookalike - 5% | iOS | EU | UGC,111,409.9,1812.17
2025-10-16,FB-100225,UA - Lookalike - 5% | iOS | LATAM | Playables,24,72.4,274.9
2025-10-16,FB-100226,UA - Retargeting - Value | iOS | LATAM | Static,21,109.65,523.36
2025-10-16,FB-100227,UA - Prospecting - Broad | iOS | EU | UGC,86,322.26,1035.42
2025-10-16,FB-100228,UA - Lookalike - 5% | iOS | APAC | UGC,20,67.36,257.18
2025-10-16,FB-100229,UA - Retargeting - Value | Android | APAC | Video,71,303.72,1668.64
2025-10-16,FB-100230,UA - Prospecting - Broad | iOS | US | UGC,38,173.68,871.87
2025-10-16,FB-100231,UA - Lookalike - 5% | iOS | US | Static,22,94.52,298.68
2025-10-16,FB-100232,UA - Lookalike - 1% | Android | US | UGC,200,558.1,2058.27
2025-10-16,FB-100233,UA - Prospecting - Broad | iOS | MENA | UGC,24,88.92,395.78
2025-10-16,FB-100234,UA - Lookalike - 1% | iOS | MENA | UGC,17,61.28,192.48
2025-10-16,FB-100235,UA - Prospecting - Broad | iOS | MENA | Video,7,18.23,97.33
2025-10-16,FB-100236,UA - Prospecting - Broad | Android | LATAM | Static,29,78.53,431.68
2025-10-16,FB-100237,UA - Lookalike - 5% | iOS | US | Video,56,229.37,844.08
2025-10-16,FB-100238,UA - Prospecting - Broad | Android | LATAM | Video,112,292.96,929.56
2025-10-16,FB-100239,UA - Lookalike - 1% | iOS | US | Carousel,99,433.1,1702.95
2025-10-16,FB-100240,UA - Retargeting - Value | iOS | APAC | Static,20,99.32,595.92
2025-10-16,FB-100241,UA - Retargeting - Value | iOS | MENA | Static,16,83.98,393.11
2025-10-16,FB-100242,UA - Lookalike - 5% | Android | US | Playables,70,269.19,1295.88
2025-10-16,FB-100243,UA - Retargeting - Value | Android | APAC | Playables,70,245.16,1470.96
2025-10-16,FB-100244,UA - Lookalike - 5% | Android | APAC | Carousel,32,87.09,342.44
2025-10-16,FB-100245,UA - Lookalike - 1% | iOS | US | UGC,42,195.39,818.88
2025-10-16,FB-100246,UA - Lookalike - 1% | Android | US | UGC,53,148.61,656.41
2025-10-16,FB-100247,UA - Lookalike - 5% | iOS | APAC | Carousel,42,163.29,802.9
2025-10-16,FB-100248,UA - Lookalike - 5% | iOS | EU | UGC,33,129.07,679.68
2025-10-16,FB-100249,UA - Lookalike - 1% | Android | EU | UGC,74,212.72,997.44
2025-10-16,FB-100250,UA - Lookalike - 5% | iOS | LATAM | Video,14,46.66,218.56
2025-10-16,FB-100251,UA - Prospecting - Broad | iOS | US | Playables,80,257.45,913.43
2025-10-16,FB-100252,UA - Lookalike - 1% | iOS | LATAM | Static,59,191.16,651.09
2025-10-16,FB-100253,UA - Lookalike - 1% | Android | EU | Playables,99,323.91,1619.87
2025-10-16,FB-100254,UA - Lookalike - 1% | Android | US | Video,119,393.51,2064.75
2025-10-16,FB-100255,UA - Lookalike - 1% | iOS | US | Playables,63,309.76,1641.73
2025-10-16,FB-100256,UA - Lookalike - 1% | Android | US | Carousel,113,440.6,1558.84
2025-10-16,FB-100257,UA - Retargeting - Value | iOS | EU | Static,13,72.48,434.88
2025-10-16,FB-100258,UA - Lookalike - 1% | iOS | MENA | Playables,160,434.1,1992.08
2025-10-16,FB-100259,UA - Lookalike - 1% | Android | LATAM | UGC,358,912.0,4848.19
2025-10-16,FB-100260,UA - Prospecting - Broad | iOS | US | UGC,187,811.47,4144.18
2025-10-16,FB-100261,UA - Lookalike - 1% | Android | EU | UGC,149,493.59,2577.53
2025-10-16,FB-100262,UA - Lookalike - 1% | Android | APAC | Video,19,72.91,294.41
2025-10-16,FB-100263,UA - Lookalike - 1% | Android | APAC | Carousel,45,116.14,575.94
2025-10-16,FB-100264,UA - Retargeting - Value | iOS | LATAM | Video,34,144.25,733.37
2025-10-16,FB-100265,UA - Lookalike - 1% | iOS | US | Playables,69,298.45,1100.98
2025-10-16,FB-100266,UA - Lookalike - 1% | Android | US | UGC,61,175.02,712.86
2025-10-16,FB-100267,UA - Prospecting - Broad | iOS | US | Static,32,137.48,445.71
2025-10-16,FB-100268,UA - Prospecting - Broad | Android | LATAM | UGC,75,158.97,625.55
2025-10-16,FB-100269,UA - Retargeting - Value | Android | EU | Playables,24,81.71,490.26
2025-10-16,FB-100270,UA - Lookalike - 5% | iOS | APAC | Carousel,10,30.79,106.81
2025-10-16,FB-100271,UA - Lookalike - 5% | Android | APAC | Video,94,220.11,756.96
2025-10-16,FB-100272,UA - Lookalike - 1% | iOS | LATAM | Video,78,346.64,1392.8
2025-10-16,FB-100273,UA - Retargeting - Value | Android | APAC | UGC,9,41.8,250.8
2025-10-16,FB-100274,UA - Lookalike - 1% | iOS | US | Carousel,87,379.58,1609.04
2025-10-16,FB-100275,UA - Retargeting - Value | Android | APAC | Carousel,9,32.88,181.66
2025-10-16,FB-100276,UA - Retargeting - Value | Android | APAC | Video,20,78.59,471.54
2025-10-16,FB-100277,UA - Retargeting - Value | Android | US | Carousel,30,113.25,546.09
2025-10-16,FB-100278,UA - Prospecting - Broad | Android | MENA | Static,25,83.13,309.49
2025-10-16,FB-100279,UA - Retargeting - Value | Android | MENA | Static,51,196.06,787.18
2025-10-16,FB-100280,UA - Prospecting - Broad | iOS | EU | Playables,95,357.32,1614.01
2025-10-16,FB-100281,UA - Lookalike - 1% | iOS | EU | Static,22,96.32,373.14
2025-10-16,FB-100282,UA - Retargeting - Value | Android | US | Video,30,104.05,594.33
2025-10-16,FB-100283,UA - Lookalike - 1% | Android | LATAM | Static,128,377.64,1978.46
2025-10-16,FB-100284,UA - Prospecting - Broad | Android | EU | Carousel,29,76.49,347.8
2025-10-16,FB-100285,UA - Prospecting - Broad | Android | APAC | Playables,61,238.76,1255.64
2025-10-16,FB-100286,UA - Lookalike - 1% | Android | APAC | UGC,108,330.96,1149.76
2025-10-16,FB-100287,UA - Retargeting - Value | Android | APAC | Playables,61,224.72,1233.04
2025-10-16,FB-100288,UA - Lookalike - 5% | Android | MENA | Carousel,77,233.86,741.57
2025-10-16,FB-100289,UA - Lookalike - 5% | Android | US | UGC,68,193.11,673.57
2025-10-16,FB-100290,UA - Lookalike - 5% | iOS | US | UGC,35,170.59,629.31
2025-10-16,FB-100291,UA - Retargeting - Value | Android | US | Carousel,24,78.12,382.32
2025-10-16,FB-100292,UA - Lookalike - 1% | Android | EU | Carousel,133,388.63,1193.48
2025-10-16,FB-100293,UA - Lookalike - 1% | iOS | MENA | Playables,27,111.12,460.26
2025-10-16,FB-100294,UA - Lookalike - 5% | iOS | MENA | Playables,108,449.53,1512.67
2025-10-16,FB-100295,UA - Retargeting - Value | Android | US | Playables,72,300.87,1471.86
2025-10-16,FB-100296,UA - Lookalike - 5% | iOS | APAC | Static,94,273.74,1481.75
2025-10-16,FB-100297,UA - Lookalike - 5% | iOS | APAC | UGC,63,216.5,752.34
2025-10-16,FB-100298,UA - Lookalike - 1% | Android | LATAM | UGC,85,220.32,892.74
2025-10-16,FB-100299,UA - Lookalike - 5% | iOS | LATAM | Static,145,542.92,2250.95
2025-10-16,FB-100300,UA - Prospecting - Broad | Android | US | Video,46,199.35,790.82
2025-10-16,FB-100301,UA - Retargeting - Value | iOS | US | Carousel,16,66.4,326.56
2025-10-16,FB-100302,UA - Lookalike - 1% | Android | MENA | Playables,130,490.15,1682.68
2025-10-16,FB-100303,UA - Lookalike - 5% | Android | APAC | Carousel,66,218.97,748.44
2025-10-16,FB-100304,UA - Lookalike - 1% | Android | LATAM | Playables,110,351.32,1865.16
2025-10-16,FB-100305,UA - Retargeting - Value | iOS | US | Playables,24,105.65,591.85
2025-10-16,FB-100306,UA - Prospecting - Broad | Android | APAC | Static,38,103.83,337.97
2025-10-16,FB-100307,UA - Prospecting - Broad | iOS | MENA | Carousel,81,311.25,1708.14
2025-10-16,FB-100308,UA - Lookalike - 5% | iOS | MENA | Static,101,268.72,808.31
2025-10-16,FB-100309,UA - Prospecting - Broad | Android | MENA | Carousel,36,139.16,753.41
2025-10-16,FB-100310,UA - Lookalike - 1% | Android | LATAM | Carousel,37,95.26,407.52
2025-10-16,FB-100311,UA - Retargeting - Value | iOS | US | Static,64,336.58,1728.34
2025-10-16,FB-100312,UA - Prospecting - Broad | iOS | US | Static,64,263.93,875.72
2025-10-16,FB-100313,UA - Lookalike - 5% | Android | MENA | Static,35,83.46,321.65
2025-10-16,FB-100314,UA - Retargeting - Value | iOS | APAC | Carousel,8,41.76,249.47
2025-10-16,FB-100315,UA - Prospecting - Broad | iOS | LATAM | Carousel,143,509.81,2261.01
2025-10-16,FB-100316,UA - Prospecting - Broad | Android | EU | Static,38,122.2,604.77
2025-10-16,FB-100317,UA - Lookalike - 5% | Android | LATAM | UGC,74,159.37,797.17
2025-10-16,FB-100318,UA - Lookalike - 5% | iOS | MENA | UGC,58,187.15,645.11
2025-10-16,FB-100319,UA - Prospecting - Broad | iOS | EU | Playables,55,181.86,707.07
2025-10-16,FB-100320,UA - Lookalike - 1% | iOS | APAC | Video,70,232.74,1279.6
2025-10-16,FB-100321,UA - Prospecting - Broad | iOS | MENA | Carousel,30,81.38,375.57
2025-10-16,FB-100322,UA - Prospecting - Broad | Android | APAC | Playables,109,327.01,1007.52
2025-10-16,FB-100323,UA - Retargeting - Value | Android | EU | Carousel,49,218.59,988.03
2025-10-16,FB-100324,UA - Lookalike - 1% | Android | LATAM | Carousel,62,168.06,617.12
2025-10-16,FB-100325,UA - Lookalike - 5% | Android | US | UGC,70,278.05,1324.63
2025-10-16,FB-100326,UA - Retargeting - Value | Android | EU | UGC,128,467.26,2509.19
2025-10-16,FB-100327,UA - Prospecting - Broad | iOS | US | UGC,27,131.72,635.42
2025-10-16,FB-100328,UA - Prospecting - Broad | iOS | US | UGC,14,54.03,165.06
2025-10-16,FB-100329,UA - Lookalike - 5% | iOS | MENA | UGC,126,449.58,1920.61
2025-10-16,FB-100330,UA - Lookalike - 5% | iOS | LATAM | Video,110,400.18,1592.72
2025-10-16,FB-100331,UA - Lookalike - 5% | Android | LATAM | Static,117,467.67,2569.85
2025-10-16,FB-100332,UA - Prospecting - Broad | iOS | US | UGC,142,503.49,1658.5
2025-10-16,FB-100333,UA - Lookalike - 5% | Android | APAC | Playables,138,285.96,1064.63
2025-10-16,FB-100334,UA - Lookalike - 1% | Android | APAC | Carousel,149,565.8,3000.44
2025-10-16,FB-100335,UA - Prospecting - Broad | Android | LATAM | Static,28,63.31,312.62
2025-10-16,FB-100336,UA - Retargeting - Value | Android | MENA | Playables,75,261.6,1399.04
2025-10-16,FB-100337,UA - Retargeting - Value | iOS | LATAM | Static,20,67.68,391.26
2025-10-16,FB-100338,UA - Retargeting - Value | Android | EU | Carousel,69,287.96,1718.55
2025-10-16,FB-100339,UA - Prospecting - Broad | Android | MENA | Static,86,206.56,629.18
2025-10-16,FB-100340,UA - Lookalike - 5% | Android | APAC | UGC,107,379.33,1574.98
2025-10-16,FB-100341,UA - Lookalike - 5% | iOS | LATAM | Static,171,625.24,2392.79
2025-10-16,FB-100342,UA - Lookalike - 1% | Android | APAC | UGC,50,190.16,660.05
2025-10-16,FB-100343,UA - Lookalike - 1% | iOS | MENA | Video,56,158.91,757.68
2025-10-16,FB-100344,UA - Lookalike - 5% | Android | LATAM | UGC,132,428.88,1835.61
2025-10-16,FB-100345,UA - Lookalike - 1% | Android | US | Carousel,38,161.03,776.49
2025-10-16,FB-100346,UA - Lookalike - 5% | Android | US | Playables,70,175.3,871.07
2025-10-16,FB-100347,UA - Prospecting - Broad | iOS | MENA | Playables,10,30.33,138.7
2025-10-16,FB-100348,UA - Lookalike - 1% | iOS | MENA | Static,93,397.85,1364.23
2025-10-16,FB-100349,UA - Prospecting - Broad | iOS | MENA | Static,12,35.26,156.45
2025-10-16,GG-200000,Search - Brand - Exact | iOS | US | Carousel,38,123.61,317.06
2025-10-16,GG-200001,UAC - Value | Android | US | Static,160,637.57,2928.36
2025-10-16,GG-200002,Search - Non-Brand - Broad | iOS | MENA | Playables,35,131.3,476.75
2025-10-16,GG-200003,UAC - Value | iOS | LATAM | Carousel,99,434.29,2332.14
2025-10-16,GG-200004,Search - Brand - Exact | iOS | LATAM | Playables,25,75.48,218.82
2025-10-16,GG-200005,Search - Brand - Exact | iOS | US | Carousel,71,214.14,943.29
2025-10-16,GG-200006,Search - Non-Brand - Broad | iOS | LATAM | Carousel,24,99.89,421.14
2025-10-16,GG-200007,Search - Non-Brand - Broad | iOS | US | Playables,44,142.32,375.3
2025-10-16,GG-200008,Search - Non-Brand - Broad | iOS | LATAM | UGC,29,75.48,358.15
2025-10-16,GG-200009,UAC - Value | Android | LATAM | Playables,97,301.68,1483.96
2025-10-16,GG-200010,Search - Brand - Exact | iOS | EU | Playables,11,33.16,159.57
2025-10-16,GG-200011,Search - Brand - Exact | iOS | MENA | Carousel,42,127.81,563.51
2025-10-16,GG-200012,Search - Non-Brand - Broad | iOS | LATAM | Static,109,402.18,1511.39
2025-10-16,GG-200013,Search - Non-Brand - Broad | iOS | APAC | Static,65,183.03,646.28
2025-10-16,GG-200014,UAC - Installs | Android | EU | Video,101,258.43,908.64
2025-10-16,GG-200015,Search - Brand - Exact | Android | MENA | Playables,104,223.82,1018.83
2025-10-16,GG-200016,UAC - Value | iOS | MENA | Static,109,420.98,2525.88
2025-10-16,GG-200017,Search - Non-Brand - Broad | Android | EU | Static,73,207.14,784.65
2025-10-16,GG-200018,UAC - Installs | iOS | US | UGC,150,546.3,1894.02
2025-10-16,GG-200019,UAC - Installs | Android | APAC | Playables,131,328.98,1685.04
2025-10-16,GG-200020,Search - Non-Brand - Broad | iOS | EU | Playables,36,116.59,468.58
2025-10-16,GG-200021,UAC - Installs | iOS | APAC | Static,66,203.07,682.11
2025-10-16,GG-200022,UAC - Value | iOS | APAC | Carousel,207,780.93,4022.57
2025-10-16,GG-200023,Search - Non-Brand - Broad | iOS | EU | Static,22,70.71,211.56
2025-10-16,GG-200024,UAC - Installs | iOS | US | UGC,44,133.45,515.92
2025-10-16,GG-200025,UAC - Installs | Android | MENA | Video,107,302.47,1132.45
2025-10-16,GG-200026,UAC - Value | Android | EU | Carousel,62,286.34,1718.04
2025-10-16,GG-200027,Search - Non-Brand - Broad | Android | APAC | Video,49,145.14,709.88
2025-10-16,GG-200028,UAC - Value | iOS | LATAM | Video,54,219.6,985.13
2025-10-16,GG-200029,UAC - Installs | Android | APAC | Playables,134,398.84,1969.07
2025-10-16,GG-200030,UAC - Installs | Android | APAC | Video,82,192.04,1032.21
2025-10-16,GG-200031,Search - Brand - Exact | Android | US | Carousel,32,98.98,396.61
2025-10-16,GG-200032,Search - Brand - Exact | iOS | EU | Static,22,71.42,252.83
2025-10-16,GG-200033,UAC - Value | iOS | APAC | Static,32,166.38,728.08
2025-10-16,GG-200034,Search - Brand - Exact | iOS | MENA | Video,142,444.01,1558.48
2025-10-16,GG-200035,Search - Non-Brand - Broad | Android | LATAM | Static,26,71.89,300.57
2025-10-16,GG-200036,Search - Non-Brand - Broad | iOS | US | Carousel,44,178.45,466.65
2025-10-16,GG-200037,Search - Non-Brand - Broad | iOS | US | Video,84,254.51,671.14
2025-10-16,GG-200038,Search - Brand - Exact | iOS | MENA | UGC,32,126.67,557.73
2025-10-16,GG-200039,Search - Brand - Exact | Android | APAC | Playables,11,40.29,166.2
2025-10-16,GG-200040,UAC - Value | Android | EU | Carousel,287,1335.84,8015.04
2025-10-16,GG-200041,Search - Non-Brand - Broad | Android | MENA | Carousel,55,113.87,328.06
2025-10-16,GG-200042,UAC - Installs | iOS | EU | Video,66,269.41,1263.26
2025-10-16,GG-200043,Search - Brand - Exact | Android | MENA | Playables,103,410.33,1623.27
2025-10-16,GG-200044,UAC - Value | iOS | APAC | Video,153,631.58,3789.48
2025-10-16,GG-200045,UAC - Installs | iOS | LATAM | Video,61,200.26,918.59
2025-10-16,GG-200046,Search - Brand - Exact | Android | LATAM | Static,90,253.46,699.55
2025-10-16,GG-200047,UAC - Installs | iOS | EU | Video,64,226.66,693.35
2025-10-16,GG-200048,UAC - Value | iOS | EU | UGC,64,311.31,1477.79
2025-10-16,GG-200049,UAC - Value | Android | EU | Video,210,741.8,3288.4
2025-10-16,GG-200050,Search - Brand - Exact | Android | LATAM | Static,39,128.46,509.09
2025-10-16,GG-200051,UAC - Installs | Android | US | Carousel,177,709.7,2263.23
2025-10-16,GG-200052,UAC - Installs | iOS | MENA | UGC,77,192.7,797.01
2025-10-16,GG-200053,UAC - Installs | Android | EU | Carousel,144,441.46,2258.95
2025-10-16,GG-200054,Search - Brand - Exact | Android | LATAM | Carousel,91,183.08,780.84
2025-10-16,GG-200055,UAC - Value | iOS | APAC | UGC,79,382.55,1921.55
2025-10-16,GG-200056,UAC - Value | iOS | LATAM | Static,145,488.13,2856.54
2025-10-16,GG-200057,UAC - Installs | iOS | LATAM | Playables,57,216.79,776.54
2025-10-16,GG-200058,UAC - Value | Android | APAC | Video,149,607.85,2547.5
2025-10-16,GG-200059,UAC - Installs | Android | MENA | Carousel,83,287.07,1292.39
2025-10-16,GG-200060,UAC - Installs | Android | US | Carousel,142,378.76,1544.96
2025-10-16,GG-200061,UAC - Value | iOS | APAC | Playables,147,560.91,3332.37
2025-10-16,GG-200062,UAC - Value | Android | APAC | Carousel,77,317.19,1760.09
2025-10-16,GG-200063,UAC - Value | Android | LATAM | Playables,69,273.1,1161.49
2025-10-16,GG-200064,UAC - Value | iOS | US | Video,84,331.54,1630.85
2025-10-16,GG-200065,Search - Brand - Exact | iOS | MENA | Static,75,245.1,693.39
2025-10-16,GG-200066,Search - Brand - Exact | Android | MENA | UGC,91,211.67,842.45
2025-10-16,GG-200067,UAC - Installs | Android | US | Static,35,97.34,351.01
2025-10-16,GG-200068,Search - Brand - Exact | iOS | APAC | Playables,20,53.8,209.93
2025-10-16,GG-200069,UAC - Installs | Android | APAC | Carousel,133,497.63,2130.35
2025-10-16,GG-200070,Search - Non-Brand - Broad | iOS | US | Playables,31,125.97,411.67
2025-10-16,GG-200071,UAC - Installs | iOS | APAC | Carousel,51,128.79,649.75
2025-10-16,GG-200072,Search - Non-Brand - Broad | Android | US | Video,49,220.29,641.48
2025-10-16,GG-200073,Search - Brand - Exact | iOS | MENA | UGC,10,35.22,115.45
2025-10-16,GG-200074,Search - Non-Brand - Broad | iOS | LATAM | UGC,25,77.96,305.45
2025-10-16,GG-200075,Search - Brand - Exact | iOS | APAC | Static,23,76.48,248.64
2025-10-16,GG-200076,Search - Non-Brand - Broad | Android | US | UGC,136,535.87,2155.81
2025-10-16,GG-200077,UAC - Installs | iOS | US | Carousel,37,137.94,643.77
2025-10-16,GG-200078,UAC - Installs | Android | MENA | Playables,94,188.78,898.03
2025-10-16,GG-200079,UAC - Installs | iOS | EU | Static,70,329.67,1245.16
2025-10-16,GG-200080,Search - Non-Brand - Broad | Android | US | Static,16,55.64,212.93
2025-10-16,GG-200081,UAC - Installs | Android | APAC | Video,124,380.57,1687.83
2025-10-16,GG-200082,Search - Non-Brand - Broad | iOS | APAC | Playables,12,33.41,160.7
2025-10-16,GG-200083,UAC - Value | Android | US | Carousel,70,307.4,1844.4
2025-10-16,GG-200084,UAC - Value | iOS | MENA | UGC,29,132.59,620.65
2025-10-16,GG-200085,Search - Brand - Exact | Android | EU | Carousel,29,81.64,243.61
2025-10-16,GG-200086,UAC - Installs | iOS | APAC | Playables,98,348.3,1372.3
2025-10-16,GG-200087,Search - Non-Brand - Broad | Android | MENA | Playables,91,325.18,1281.21
2025-10-16,GG-200088,Search - Brand - Exact | Android | APAC | Playables,72,259.8,962.3
2025-10-16,GG-200089,UAC - Installs | Android | MENA | Static,120,455.09,1545.94
2025-10-16,GG-200090,Search - Non-Brand - Broad | Android | EU | Carousel,45,151.06,526.9
2025-10-16,GG-200091,Search - Brand - Exact | iOS | MENA | Carousel,50,136.22,368.88
2025-10-16,GG-200092,UAC - Installs | iOS | EU | Playables,121,444.7,1919.33
2025-10-16,GG-200093,Search - Brand - Exact | Android | LATAM | Playables,72,228.92,678.52
2025-10-16,GG-200094,Search - Non-Brand - Broad | Android | MENA | Playables,44,94.88,243.94
2025-10-16,GG-200095,UAC - Installs | Android | MENA | Playables,166,621.42,2807.58
2025-10-16,GG-200096,Search - Brand - Exact | Android | US | Video,40,153.78,641.72
2025-10-16,GG-200097,UAC - Value | iOS | EU | Playables,55,234.06,1100.32
2025-10-16,GG-200098,UAC - Installs | Android | APAC | Playables,222,810.83,2683.85
2025-10-16,GG-200099,UAC - Value | iOS | APAC | Static,139,603.02,3618.12
2025-10-16,GG-200100,Search - Brand - Exact | iOS | APAC | Video,46,146.71,480.18
2025-10-16,GG-200101,UAC - Value | Android | APAC | UGC,165,488.75,2326.45
2025-10-16,GG-200102,Search - Non-Brand - Broad | iOS | EU | Carousel,60,184.48,802.12
2025-10-16,GG-200103,UAC - Value | iOS | LATAM | Carousel,80,369.15,1901.86
2025-10-16,GG-200104,Search - Brand - Exact | Android | LATAM | Playables,76,267.93,1279.63
2025-10-16,GG-200105,Search - Brand - Exact | iOS | EU | UGC,49,199.0,766.55
2025-10-16,GG-200106,Search - Non-Brand - Broad | iOS | APAC | Static,41,180.7,755.15
2025-10-16,GG-200107,UAC - Value | Android | US | Carousel,209,756.66,3804.49
2025-10-16,GG-200108,UAC - Installs | iOS | EU | Static,90,287.87,1478.79
2025-10-16,GG-200109,UAC - Value | iOS | EU | Static,95,494.74,2809.63
2025-10-16,GG-200110,UAC - Value | iOS | APAC | Carousel,99,415.27,2036.48
2025-10-16,GG-200111,UAC - Value | Android | US | UGC,274,912.94,4633.17
2025-10-16,GG-200112,UAC - Installs | Android | EU | Playables,171,726.68,3959.68
2025-10-16,GG-200113,UAC - Value | Android | US | Carousel,230,1019.68,5016.83
2025-10-16,GG-200114,Search - Brand - Exact | iOS | LATAM | Playables,39,131.68,420.85
2025-10-16,GG-200115,UAC - Installs | Android | APAC | Static,109,278.28,1268.68
2025-10-16,GG-200116,Search - Brand - Exact | iOS | APAC | Carousel,44,168.41,812.07
2025-10-16,GG-200117,Search - Non-Brand - Broad | iOS | US | Playables,31,122.43,440.01
2025-10-16,GG-200118,Search - Brand - Exact | iOS | MENA | Carousel,32,90.4,432.93
2025-10-16,GG-200119,UAC - Installs | iOS | MENA | UGC,43,134.89,504.76
2025-10-16,GG-200120,UAC - Value | Android | EU | Video,142,738.84,4433.04
2025-10-16,GG-200121,UAC - Installs | iOS | LATAM | Playables,70,229.19,927.3
2025-10-16,GG-200122,UAC - Value | Android | EU | Playables,101,328.86,1825.5
2025-10-16,GG-200123,Search - Non-Brand - Broad | Android | US | Video,86,323.91,1451.12
2025-10-16,GG-200124,UAC - Value | iOS | APAC | Playables,157,656.37,3604.78
2025-10-16,GG-200125,Search - Non-Brand - Broad | Android | MENA | Playables,14,37.83,163.54
2025-10-16,GG-200126,Search - Non-Brand - Broad | iOS | MENA | Carousel,86,317.36,906.38
2025-10-16,GG-200127,UAC - Installs | iOS | MENA | Carousel,118,460.91,1813.22
2025-10-16,GG-200128,UAC - Value | iOS | MENA | Carousel,81,398.25,1973.73
2025-10-16,GG-200129,Search - Brand - Exact | Android | LATAM | Carousel,40,92.51,317.49
2025-10-16,GG-200130,Search - Brand - Exact | iOS | MENA | Carousel,47,170.92,778.71
2025-10-16,GG-200131,Search - Non-Brand - Broad | iOS | LATAM | Playables,34,86.99,379.36
2025-10-16,GG-200132,Search - Non-Brand - Broad | Android | MENA | UGC,73,146.7,672.47
2025-10-16,GG-200133,Search - Brand - Exact | iOS | EU | Static,22,102.56,292.5
2025-10-16,GG-200134,UAC - Value | Android | EU | Video,79,299.57,1479.88
2025-10-16,GG-200135,UAC - Value | iOS | APAC | Static,93,482.22,2282.83
2025-10-16,GG-200136,UAC - Value | Android | APAC | Playables,231,1045.28,5334.06
2025-10-16,GG-200137,Search - Non-Brand - Broad | Android | EU | Playables,65,231.35,969.82
2025-10-16,GG-200138,UAC - Value | iOS | APAC | Playables,119,452.69,2318.23
2025-10-16,GG-200139,UAC - Installs | iOS | EU | UGC,108,457.25,2011.44
2025-10-16,GG-200140,UAC - Value | iOS | LATAM | Playables,58,226.34,954.25
2025-10-16,GG-200141,UAC - Installs | Android | EU | Carousel,133,350.57,1301.32
2025-10-16,GG-200142,Search - Non-Brand - Broad | Android | LATAM | Carousel,76,219.75,945.58
2025-10-16,GG-200143,UAC - Installs | iOS | LATAM | UGC,77,260.08,1284.8
2025-10-16,GG-200144,UAC - Value | iOS | LATAM | Video,286,1429.94,8104.9
2025-10-16,GG-200145,UAC - Installs | iOS | LATAM | Static,93,378.09,1824.66
2025-10-16,GG-200146,UAC - Installs | Android | LATAM | Video,183,561.81,2101.17
2025-10-16,GG-200147,Search - Non-Brand - Broad | iOS | LATAM | UGC,30,99.42,271.62
2025-10-16,GG-200148,UAC - Installs | Android | MENA | Carousel,87,329.23,1544.75
2025-10-16,GG-200149,Search - Non-Brand - Broad | Android | US | Playables,27,112.95,458.46
2025-10-16,GG-200150,Search - Non-Brand - Broad | Android | US | Playables,22,83.12,298.57
2025-10-16,GG-200151,UAC - Value | Android | US | Video,124,601.36,3514.95
2025-10-16,GG-200152,Search - Non-Brand - Broad | iOS | APAC | Video,44,142.52,665.28
2025-10-16,GG-200153,UAC - Value | Android | MENA | Static,86,302.87,1817.22
2025-10-16,GG-200154,UAC - Installs | iOS | APAC | Static,128,567.3,3074.77
2025-10-16,GG-200155,Search - Brand - Exact | iOS | LATAM | Video,45,113.01,513.18
2025-10-16,GG-200156,Search - Non-Brand - Broad | Android | MENA | Video,124,262.84,711.25
2025-10-16,GG-200157,UAC - Value | iOS | EU | Video,93,447.99,2287.88
2025-10-16,GG-200158,Search - Brand - Exact | iOS | EU | Carousel,30,128.71,369.91
2025-10-16,GG-200159,Search - Brand - Exact | Android | LATAM | Playables,11,36.57,182.85
2025-10-16,GG-200160,UAC - Value | iOS | LATAM | UGC,56,251.85,1164.05
2025-10-16,GG-200161,UAC - Installs | Android | MENA | UGC,111,336.54,1644.0
2025-10-16,GG-200162,Search - Non-Brand - Broad | Android | US | Carousel,88,295.15,1087.63
2025-10-16,GG-200163,Search - Brand - Exact | iOS | LATAM | Static,41,177.51,617.91
2025-10-16,GG-200164,Search - Non-Brand - Broad | iOS | LATAM | Playables,51,166.22,802.01
2025-10-16,GG-200165,UAC - Value | Android | MENA | UGC,65,284.88,1244.36
2025-10-16,GG-200166,Search - Brand - Exact | iOS | US | UGC,103,430.59,1614.28
2025-10-16,GG-200167,UAC - Installs | Android | EU | UGC,122,541.64,1735.96
2025-10-16,GG-200168,UAC - Value | Android | US | Carousel,98,408.38,2231.8
2025-10-16,GG-200169,UAC - Installs | Android | APAC | Carousel,88,190.08,636.01
2025-10-16,GG-200170,Search - Brand - Exact | iOS | MENA | Playables,28,89.82,271.8
2025-10-16,GG-200171,Search - Brand - Exact | iOS | LATAM | Static,57,186.7,621.71
2025-10-16,GG-200172,Search - Non-Brand - Broad | Android | APAC | Carousel,74,203.03,819.43
2025-10-16,GG-200173,Search - Brand - Exact | iOS | MENA | Carousel,32,81.7,253.68
2025-10-16,GG-200174,Search - Non-Brand - Broad | iOS | LATAM | Playables,55,234.37,767.33
2025-10-16,GG-200175,Search - Non-Brand - Broad | Android | EU | UGC,16,65.78,198.79
2025-10-16,GG-200176,UAC - Value | iOS | MENA | Carousel,183,856.53,5139.18
2025-10-16,GG-200177,Search - Non-Brand - Broad | iOS | MENA | Static,48,136.7,553.91
2025-10-16,GG-200178,UAC - Installs | Android | MENA | UGC,121,307.69,994.76
2025-10-16,GG-200179,Search - Brand - Exact | Android | MENA | Video,17,67.34,326.94
2025-10-16,GG-200180,Search - Non-Brand - Broad | Android | MENA | Playables,31,69.41,192.82
2025-10-16,GG-200181,UAC - Value | Android | LATAM | Playables,168,613.38,2543.07
2025-10-16,GG-200182,UAC - Value | Android | EU | Playables,100,493.33,2343.32
2025-10-16,GG-200183,Search - Brand - Exact | Android | MENA | UGC,65,190.96,789.62
2025-10-16,GG-200184,UAC - Value | iOS | EU | Playables,116,531.33,2824.55
2025-10-16,GG-200185,UAC - Value | iOS | MENA | Video,57,229.39,1087.08
2025-10-16,GG-200186,UAC - Installs | iOS | US | UGC,65,232.27,995.04
2025-10-16,GG-200187,Search - Brand - Exact | Android | EU | Playables,61,257.04,999.11
2025-10-16,GG-200188,Search - Brand - Exact | Android | APAC | Carousel,20,54.0,248.18
2025-10-16,GG-200189,Search - Brand - Exact | Android | US | UGC,57,155.09,390.36
2025-10-16,GG-200190,Search - Non-Brand - Broad | iOS | APAC | Static,67,171.65,536.23
2025-10-16,GG-200191,UAC - Value | iOS | LATAM | UGC,364,1406.9,8441.4
2025-10-16,GG-200192,Search - Non-Brand - Broad | iOS | APAC | Video,116,448.51,1252.69
2025-10-16,GG-200193,UAC - Value | iOS | US | Static,185,938.73,5423.98
2025-10-16,GG-200194,Search - Brand - Exact | Android | EU | Video,38,160.52,755.57
2025-10-16,GG-200195,UAC - Value | iOS | APAC | Playables,208,692.68,4156.08
2025-10-16,GG-200196,UAC - Value | iOS | EU | Static,101,426.23,2470.43
2025-10-16,GG-200197,Search - Non-Brand - Broad | iOS | EU | Carousel,113,404.87,1399.64
2025-10-16,GG-200198,Search - Brand - Exact | Android | US | UGC,68,194.66,880.25
2025-10-16,GG-200199,Search - Brand - Exact | Android | EU | Video,71,194.8,724.27
2025-10-16,GG-200200,Search - Brand - Exact | Android | APAC | Playables,28,96.75,330.21
2025-10-16,GG-200201,UAC - Value | Android | US | UGC,89,324.29,1641.56
2025-10-16,GG-200202,Search - Brand - Exact | Android | MENA | Static,56,156.12,767.8
2025-10-16,GG-200203,Search - Non-Brand - Broad | Android | MENA | Carousel,172,665.0,2817.61
2025-10-16,GG-200204,UAC - Installs | iOS | MENA | Playables,77,317.8,1571.52
2025-10-16,GG-200205,Search - Non-Brand - Broad | Android | LATAM | Static,166,470.01,1723.53
2025-10-16,GG-200206,Search - Brand - Exact | iOS | LATAM | Carousel,76,232.26,995.47
2025-10-16,GG-200207,UAC - Value | Android | APAC | Playables,65,287.55,1228.99
2025-10-16,GG-200208,UAC - Installs | Android | LATAM | UGC,89,181.07,758.14
2025-10-16,GG-200209,UAC - Installs | iOS | APAC | Static,56,234.88,1257.55
2025-10-16,GG-200210,UAC - Value | iOS | EU | Playables,75,390.8,2344.8
2025-10-16,GG-200211,Search - Non-Brand - Broad | Android | EU | Carousel,21,64.09,235.66
2025-10-16,GG-200212,UAC - Value | iOS | US | Playables,95,480.03,1962.84
2025-10-16,GG-200213,Search - Non-Brand - Broad | iOS | MENA | Playables,109,468.09,1360.74
2025-10-16,GG-200214,Search - Non-Brand - Broad | iOS | EU | Carousel,61,219.77,914.68
2025-10-16,GG-200215,UAC - Installs | iOS | US | UGC,40,174.01,941.22
2025-10-16,GG-200216,Search - Brand - Exact | Android | MENA | Static,67,140.41,357.62
2025-10-16,GG-200217,Search - Brand - Exact | iOS | APAC | Playables,32,140.6,426.02
2025-10-16,GG-200218,Search - Non-Brand - Broad | Android | EU | Playables,58,222.17,854.02
2025-10-16,GG-200219,UAC - Installs | iOS | EU | Carousel,108,346.77,1211.96
2025-10-16,GG-200220,Search - Brand - Exact | Android | EU | Static,50,179.91,588.67
2025-10-16,GG-200221,Search - Non-Brand - Broad | iOS | EU | Playables,41,149.5,390.94
2025-10-16,GG-200222,UAC - Installs | iOS | EU | Playables,60,259.33,821.3
2025-10-16,GG-200223,UAC - Installs | iOS | APAC | UGC,63,248.76,1097.53
2025-10-16,GG-200224,UAC - Value | iOS | LATAM | Carousel,119,426.03,2394.29
2025-10-16,GG-200225,UAC - Installs | iOS | US | UGC,154,648.48,2940.86
2025-10-16,GG-200226,UAC - Value | Android | LATAM | Carousel,193,766.5,3755.08
2025-10-16,GG-200227,Search - Non-Brand - Broad | Android | MENA | Static,30,93.37,362.0
2025-10-16,GG-200228,UAC - Value | Android | LATAM | Playables,80,277.77,1666.62
2025-10-16,GG-200229,UAC - Installs | iOS | EU | Static,49,183.99,603.86
2025-10-16,GG-200230,Search - Non-Brand - Broad | Android | APAC | Playables,91,199.19,839.59
2025-10-16,GG-200231,UAC - Installs | iOS | MENA | Carousel,157,460.94,2421.32
2025-10-16,GG-200232,Search - Non-Brand - Broad | iOS | APAC | UGC,55,140.65,636.16
2025-10-16,GG-200233,UAC - Value | iOS | EU | Static,76,402.61,2142.69
2025-10-16,GG-200234,Search - Brand - Exact | Android | MENA | Video,39,121.04,441.8
2025-10-16,GG-200235,UAC - Value | Android | US | Video,99,443.94,2573.96
2025-10-16,GG-200236,Search - Non-Brand - Broad | Android | EU | Video,109,324.82,881.56
2025-10-16,GG-200237,UAC - Value | Android | EU | Playables,76,271.87,1395.24
2025-10-16,GG-200238,UAC - Value | iOS | US | Playables,128,655.51,3933.06
2025-10-16,GG-200239,UAC - Value | iOS | US | Video,34,153.75,797.19
2025-10-16,GG-200240,UAC - Installs | Android | US | Playables,148,385.76,2041.06
2025-10-16,GG-200241,UAC - Value | iOS | US | Playables,104,547.42,2547.69
2025-10-16,GG-200242,Search - Non-Brand - Broad | Android | US | Video,17,43.46,110.3
2025-10-16,GG-200243,UAC - Installs | Android | EU | Playables,116,438.06,2104.44
2025-10-16,GG-200244,Search - Brand - Exact | iOS | LATAM | UGC,12,51.53,236.37
2025-10-16,GG-200245,Search - Non-Brand - Broad | iOS | APAC | UGC,45,162.77,702.52
2025-10-16,GG-200246,Search - Brand - Exact | Android | LATAM | Video,64,185.38,658.28
2025-10-16,GG-200247,UAC - Value | Android | APAC | UGC,119,537.13,2565.33
2025-10-16,GG-200248,Search - Non-Brand - Broad | iOS | US | Video,22,75.08,262.25
2025-10-16,GG-200249,UAC - Installs | Android | APAC | UGC,71,274.12,1253.82
2025-10-16,GG-200250,Search - Non-Brand - Broad | Android | MENA | Video,25,83.67,366.89
2025-10-16,GG-200251,UAC - Installs | Android | MENA | UGC,110,248.89,1210.85
2025-10-16,GG-200252,Search - Brand - Exact | Android | US | Carousel,68,290.62,825.07
2025-10-16,GG-200253,Search - Non-Brand - Broad | Android | LATAM | Video,68,251.03,1157.25
2025-10-16,GG-200254,UAC - Installs | Android | APAC | Video,305,916.43,4201.83
2025-10-16,GG-200255,UAC - Value | Android | MENA | Static,97,324.26,1734.14
2025-10-16,GG-200256,Search - Brand - Exact | iOS | APAC | Static,19,65.13,233.43
2025-10-16,GG-200257,UAC - Value | iOS | US | Video,134,513.02,2645.13
2025-10-16,GG-200258,UAC - Value | Android | US | Carousel,294,1093.68,6562.08
2025-10-16,GG-200259,UAC - Value | iOS | US | Carousel,156,874.1,5067.16
2025-10-16,GG-200260,UAC - Value | iOS | EU | Carousel,37,199.36,1196.16
2025-10-16,GG-200261,UAC - Value | iOS | EU | Playables,63,281.53,1183.27
2025-10-16,GG-200262,Search - Non-Brand - Broad | Android | MENA | Carousel,15,45.42,163.38
2025-10-16,GG-200263,Search - Non-Brand - Broad | Android | US | Carousel,87,220.12,640.77
2025-10-16,GG-200264,UAC - Installs | iOS | EU | UGC,57,270.25,1148.56
2025-10-16,GG-200265,Search - Brand - Exact | iOS | US | Video,31,123.89,521.45
2025-10-16,GG-200266,UAC - Installs | iOS | APAC | Carousel,85,214.23,710.82
2025-10-16,GG-200267,Search - Non-Brand - Broad | Android | EU | Video,70,283.21,915.9
2025-10-16,GG-200268,UAC - Value | iOS | APAC | Playables,87,437.56,2342.26
2025-10-16,GG-200269,UAC - Installs | Android | US | Video,186,523.91,2370.17
2025-10-16,GG-200270,UAC - Installs | Android | MENA | Playables,69,272.41,1401.82
2025-10-16,GG-200271,UAC - Value | iOS | US | Carousel,79,406.21,2329.61
2025-10-16,GG-200272,Search - Non-Brand - Broad | iOS | US | Playables,23,91.66,248.22
2025-10-16,GG-200273,Search - Non-Brand - Broad | Android | APAC | Static,52,145.41,526.68
2025-10-16,GG-200274,UAC - Value | iOS | LATAM | Carousel,115,554.54,3210.79
2025-10-16,GG-200275,UAC - Value | Android | US | Static,195,949.63,5697.78
2025-10-16,GG-200276,UAC - Value | iOS | APAC | Carousel,110,575.83,3142.3
2025-10-16,GG-200277,Search - Non-Brand - Broad | Android | LATAM | Carousel,25,55.45,266.66
2025-10-16,GG-200278,Search - Non-Brand - Broad | iOS | MENA | Playables,55,147.18,517.93
2025-10-16,GG-200279,UAC - Installs | iOS | US | Static,142,478.06,1729.62
2025-10-16,GG-200280,UAC - Value | Android | APAC | Carousel,184,780.53,3292.28
2025-10-16,GG-200281,UAC - Value | iOS | APAC | Carousel,174,635.03,3353.59
2025-10-16,GG-200282,Search - Non-Brand - Broad | Android | LATAM | Carousel,68,180.28,855.97
2025-10-16,GG-200283,UAC - Value | iOS | LATAM | Static,35,142.67,653.14
2025-10-16,GG-200284,Search - Non-Brand - Broad | iOS | LATAM | UGC,40,162.38,600.81
2025-10-16,GG-200285,UAC - Value | iOS | APAC | Carousel,140,541.51,2629.03
2025-10-16,GG-200286,Search - Non-Brand - Broad | iOS | US | Playables,56,259.9,790.1
2025-10-16,GG-200287,UAC - Value | Android | MENA | Video,372,1284.26,7566.86
2025-10-16,GG-200288,Search - Brand - Exact | Android | APAC | Carousel,62,212.18,868.24
2025-10-16,GG-200289,UAC - Installs | iOS | APAC | Static,96,327.5,1022.78
2025-10-16,GG-200290,UAC - Value | Android | LATAM | Static,90,387.46,2324.76
2025-10-16,GG-200291,UAC - Value | iOS | US | UGC,161,839.74,4536.28
2025-10-16,GG-200292,UAC - Value | iOS | MENA | Playables,56,278.19,1279.12
2025-10-16,GG-200293,Search - Brand - Exact | Android | LATAM | Playables,76,273.71,771.31
2025-10-16,GG-200294,Search - Non-Brand - Broad | Android | EU | Carousel,64,174.22,738.0
2025-10-16,GG-200295,UAC - Installs | Android | MENA | UGC,126,279.25,1194.35
2025-10-16,GG-200296,Search - Brand - Exact | iOS | US | Video,14,56.9,215.14
2025-10-16,GG-200297,Search - Non-Brand - Broad | iOS | EU | Playables,39,126.04,470.76
2025-10-16,GG-200298,UAC - Value | iOS | LATAM | UGC,90,438.26,1856.91
2025-10-16,GG-200299,UAC - Value | Android | LATAM | Video,134,622.01,3581.53
2025-10-16,GG-200300,Search - Brand - Exact | Android | LATAM | UGC,49,140.31,600.53
2025-10-16,GG-200301,UAC - Installs | Android | EU | Carousel,82,263.06,1334.24
2025-10-16,GG-200302,UAC - Value | iOS | APAC | Static,106,400.99,2051.46
2025-10-16,GG-200303,UAC - Value | iOS | APAC | Video,96,439.91,2351.76
2025-10-16,GG-200304,UAC - Installs | iOS | LATAM | Video,96,316.84,1247.72
2025-10-16,GG-200305,UAC - Installs | Android | US | Video,182,558.69,2886.19
2025-10-16,GG-200306,Search - Non-Brand - Broad | Android | EU | Static,101,285.3,1359.74
2025-10-16,GG-200307,UAC - Value | Android | LATAM | Playables,182,859.02,4630.98
2025-10-16,GG-200308,Search - Non-Brand - Broad | iOS | EU | UGC,15,49.09,186.74
2025-10-16,GG-200309,Search - Brand - Exact | Android | APAC | UGC,66,132.98,418.22
2025-10-16,GG-200310,UAC - Value | Android | APAC | Playables,88,322.65,1532.26
2025-10-16,GG-200311,Search - Non-Brand - Broad | iOS | US | Static,52,178.56,704.95
2025-10-16,GG-200312,Search - Brand - Exact | iOS | US | Playables,65,243.65,960.47
2025-10-16,GG-200313,Search - Non-Brand - Broad | Android | LATAM | Carousel,24,81.47,295.25
2025-10-16,GG-200314,UAC - Value | iOS | US | Carousel,100,508.76,2070.14
2025-10-16,GG-200315,UAC - Value | iOS | MENA | UGC,205,955.67,5734.02
2025-10-16,GG-200316,UAC - Value | Android | LATAM | Carousel,216,968.07,5198.54
2025-10-16,GG-200317,Search - Brand - Exact | Android | LATAM | Playables,58,165.84,559.05
2025-10-16,GG-200318,Search - Non-Brand - Broad | Android | LATAM | Video,61,189.05,816.7
2025-10-16,GG-200319,UAC - Installs | iOS | US | Static,57,253.6,1167.32
2025-10-16,GG-200320,UAC - Value | Android | MENA | UGC,238,716.09,3180.87
2025-10-16,GG-200321,UAC - Value | Android | MENA | UGC,70,212.69,1188.51
2025-10-16,GG-200322,Search - Non-Brand - Broad | Android | APAC | Playables,20,63.24,251.0
2025-10-16,GG-200323,Search - Non-Brand - Broad | Android | APAC | Carousel,43,154.39,738.6
2025-10-16,GG-200324,Search - Brand - Exact | Android | LATAM | UGC,87,343.79,1350.06
2025-10-16,GG-200325,Search - Non-Brand - Broad | iOS | US | UGC,57,263.26,1097.53
2025-10-16,GG-200326,UAC - Value | Android | APAC | Playables,237,912.9,5477.4
2025-10-16,GG-200327,UAC - Value | iOS | APAC | UGC,51,220.23,1151.14
2025-10-16,GG-200328,Search - Brand - Exact | iOS | EU | Video,30,120.61,602.69
2025-10-16,GG-200329,UAC - Installs | Android | LATAM | Video,156,327.6,1250.12
2025-10-16,GG-200330,Search - Non-Brand - Broad | Android | MENA | Carousel,53,208.01,531.26
2025-10-16,GG-200331,Search - Brand - Exact | iOS | MENA | UGC,45,164.51,788.99
2025-10-16,GG-200332,UAC - Installs | Android | LATAM | Playables,98,359.23,1527.45
2025-10-16,GG-200333,Search - Non-Brand - Broad | Android | APAC | Playables,92,331.52,1472.94
2025-10-16,GG-200334,UAC - Installs | iOS | US | Static,92,325.51,1163.05
2025-10-16,GG-200335,UAC - Installs | Android | APAC | Carousel,80,307.38,1249.81
2025-10-16,GG-200336,Search - Non-Brand - Broad | Android | APAC | Video,88,304.86,1194.14
2025-10-16,GG-200337,UAC - Value | Android | MENA | Carousel,178,759.65,3653.92
2025-10-16,GG-200338,Search - Non-Brand - Broad | Android | MENA | Static,29,85.13,231.64
2025-10-16,GG-200339,UAC - Installs | Android | US | Playables,205,607.7,2109.93
2025-10-16,GG-200340,Search - Non-Brand - Broad | iOS | MENA | Playables,38,110.35,278.96
2025-10-16,GG-200341,UAC - Installs | iOS | LATAM | Carousel,91,358.83,1563.78
2025-10-16,GG-200342,Search - Brand - Exact | Android | EU | UGC,127,373.7,1369.98
2025-10-16,GG-200343,Search - Non-Brand - Broad | iOS | EU | Static,32,159.89,444.65
2025-10-16,GG-200344,UAC - Value | Android | LATAM | Static,194,880.55,4895.86
2025-10-16,GG-200345,UAC - Installs | iOS | EU | Playables,108,426.78,1528.73
2025-10-16,GG-200346,Search - Brand - Exact | iOS | APAC | UGC,19,81.75,209.12
2025-10-16,GG-200347,UAC - Installs | Android | APAC | Playables,77,291.15,1474.38
2025-10-16,GG-200348,UAC - Installs | iOS | APAC | UGC,194,634.17,3128.36
2025-10-16,GG-200349,UAC - Installs | Android | US | UGC,202,712.6,3251.59
2025-10-17,FB-100000,UA - Retargeting - Value | Android | US | Carousel,20,104.63,574.94
2025-10-17,FB-100001,UA - Prospecting - Broad | Android | EU | Video,49,199.96,1045.99
2025-10-17,FB-100002,UA - Prospecting - Broad | iOS | US | Video,118,584.02,2166.13
2025-10-17,FB-100003,UA - Prospecting - Broad | Android | EU | Playables,47,207.36,837.94
2025-10-17,FB-100004,UA - Retargeting - Value | Android | MENA | UGC,9,42.6,190.72
2025-10-17,FB-100005,UA - Prospecting - Broad | iOS | MENA | Carousel,97,317.15,965.09
2025-10-17,FB-100006,UA - Lookalike - 1% | Android | APAC | Carousel,65,204.7,628.02
2025-10-17,FB-100007,UA - Prospecting - Broad | Android | EU | Carousel,71,241.03,757.56
2025-10-17,FB-100008,UA - Lookalike - 1% | Android | APAC | Video,166,385.85,1966.68
2025-10-17,FB-100009,UA - Prospecting - Broad | iOS | MENA | Carousel,94,286.05,1351.87
2025-10-17,FB-100010,UA - Lookalike - 5% | iOS | MENA | Video,77,251.82,1206.72
2025-10-17,FB-100011,UA - Lookalike - 1% | Android | MENA | Carousel,41,160.35,523.54
2025-10-17,FB-100012,UA - Retargeting - Value | Android | US | Video,53,270.03,1505.69
2025-10-17,FB-100013,UA - Prospecting - Broad | iOS | US | Static,231,803.09,2527.32
2025-10-17,FB-100014,UA - Lookalike - 1% | iOS | LATAM | UGC,99,339.42,1378.05
2025-10-17,FB-100015,UA - Retargeting - Value | Android | LATAM | Carousel,21,80.61,339.53
2025-10-17,FB-100016,UA - Retargeting - Value | iOS | US | Playables,37,204.07,1224.42
2025-10-17,FB-100017,UA - Lookalike - 5% | Android | EU | UGC,48,132.17,525.11
2025-10-17,FB-100018,UA - Lookalike - 1% | iOS | MENA | Static,98,402.68,1555.55
2025-10-17,FB-100019,UA - Lookalike - 1% | Android | EU | Video,106,319.4,1656.41
2025-10-17,FB-100020,UA - Retargeting - Value | iOS | LATAM | Video,22,88.7,411.21
2025-10-17,FB-100021,UA - Lookalike - 5% | iOS | EU | UGC,126,587.13,2794.15
2025-10-17,FB-100022,UA - Retargeting - Value | iOS | EU | Carousel,172,939.46,4750.85
2025-10-17,FB-100023,UA - Lookalike - 1% | Android | MENA | Playables,63,170.02,744.52
2025-10-17,FB-100024,UA - Lookalike - 1% | iOS | MENA | UGC,61,260.45,1373.87
2025-10-17,FB-100025,UA - Lookalike - 5% | Android | EU | Playables,33,106.04,358.31
2025-10-17,FB-100026,UA - Retargeting - Value | Android | US | Video,7,27.24,149.08
2025-10-17,FB-100027,UA - Prospecting - Broad | Android | APAC | Playables,142,302.66,1663.12
2025-10-17,FB-100028,UA - Lookalike - 5% | iOS | APAC | Playables,47,121.5,606.77
2025-10-17,FB-100029,UA - Prospecting - Broad | iOS | MENA | Video,134,600.8,2492.72
2025-10-17,FB-100030,UA - Lookalike - 1% | iOS | LATAM | Video,59,168.76,683.31
2025-10-17,FB-100031,UA - Prospecting - Broad | iOS | EU | UGC,34,130.33,500.34
2025-10-17,FB-100032,UA - Prospecting - Broad | iOS | MENA | Static,21,85.86,458.84
2025-10-17,FB-100033,UA - Retargeting - Value | iOS | MENA | Playables,95,496.34,2978.04
2025-10-17,FB-100034,UA - Prospecting - Broad | Android | LATAM | Static,75,157.73,601.11
2025-10-17,FB-100035,UA - Prospecting - Broad | iOS | APAC | Video,44,173.62,725.38
2025-10-17,FB-100036,UA - Prospecting - Broad | iOS | LATAM | Static,44,129.37,424.72
2025-10-17,FB-100037,UA - Prospecting - Broad | Android | MENA | Video,84,310.83,1070.5
2025-10-17,FB-100038,UA - Retargeting - Value | iOS | US | Playables,92,392.59,2355.54
2025-10-17,FB-100039,UA - Retargeting - Value | Android | APAC | Playables,30,103.18,619.08
2025-10-17,FB-100040,UA - Lookalike - 5% | iOS | MENA | Playables,70,228.76,1057.79
2025-10-17,FB-100041,UA - Lookalike - 1% | Android | MENA | Static,78,223.71,1220.34
2025-10-17,FB-100042,UA - Lookalike - 5% | iOS | LATAM | UGC,32,133.24,674.06
2025-10-17,FB-100043,UA - Prospecting - Broad | Android | EU | Static,62,257.1,827.6
2025-10-17,FB-100044,UA - Retargeting - Value | iOS | US | Playables,43,237.58,1066.26
2025-10-17,FB-100045,UA - Prospecting - Broad | Android | US | Video,54,199.03,748.35
2025-10-17,FB-100046,UA - Lookalike - 1% | Android | US | Video,275,1197.87,5855.19
2025-10-17,FB-100047,UA - Lookalike - 1% | Android | MENA | Static,74,163.16,539.57
2025-10-17,FB-100048,UA - Retargeting - Value | iOS | EU | Playables,67,335.94,2015.64
2025-10-17,FB-100049,UA - Lookalike - 5% | iOS | EU | UGC,116,567.09,1996.16
2025-10-17,FB-100050,UA - Lookalike - 5% | Android | US | Video,85,289.02,1157.81
2025-10-17,FB-100051,UA - Lookalike - 5% | iOS | APAC | UGC,38,150.93,774.42
2025-10-17,FB-100052,UA - Lookalike - 5% | Android | US | Video,86,372.87,1180.13
2025-10-17,FB-100053,UA - Retargeting - Value | iOS | US | Static,12,65.27,391.62
2025-10-17,FB-100054,UA - Retargeting - Value | Android | MENA | UGC,100,401.11,1730.39
2025-10-17,FB-100055,UA - Lookalike - 5% | iOS | EU | Carousel,101,321.88,1705.96
2025-10-17,FB-100056,UA - Prospecting - Broad | Android | US | UGC,26,66.61,313.27
2025-10-17,FB-100057,UA - Prospecting - Broad | Android | MENA | Video,38,146.19,552.31
2025-10-17,FB-100058,UA - Lookalike - 5% | Android | EU | UGC,87,252.34,1288.2
2025-10-17,FB-100059,UA - Prospecting - Broad | iOS | EU | UGC,68,309.06,1528.92
2025-10-17,FB-100060,UA - Lookalike - 5% | Android | APAC | Video,42,99.24,364.21
2025-10-17,FB-100061,UA - Lookalike - 5% | iOS | APAC | Carousel,34,112.83,569.0
2025-10-17,FB-100062,UA - Lookalike - 1% | iOS | EU | Static,46,226.56,1220.48
2025-10-17,FB-100063,UA - Prospecting - Broad | Android | US | Playables,47,133.12,617.68
2025-10-17,FB-100064,UA - Lookalike - 5% | iOS | US | Video,65,307.72,1653.38
2025-10-17,FB-100065,UA - Prospecting - Broad | Android | US | Playables,71,254.77,1368.37
2025-10-17,FB-100066,UA - Prospecting - Broad | Android | US | Playables,49,200.73,741.9
2025-10-17,FB-100067,UA - Retargeting - Value | Android | APAC | Video,46,159.17,901.22
2025-10-17,FB-100068,UA - Lookalike - 5% | Android | MENA | Video,99,233.07,1065.83
2025-10-17,FB-100069,UA - Lookalike - 1% | iOS | LATAM | Static,40,130.36,409.2
2025-10-17,FB-100070,UA - Retargeting - Value | Android | LATAM | UGC,81,288.07,1355.08
2025-10-17,FB-100071,UA - Prospecting - Broad | iOS | APAC | Carousel,20,64.06,234.46
2025-10-17,FB-100072,UA - Prospecting - Broad | Android | APAC | Playables,121,444.3,1823.41
2025-10-17,FB-100073,UA - Lookalike - 1% | Android | MENA | Static,44,144.19,673.08
2025-10-17,FB-100074,UA - Retargeting - Value | Android | LATAM | Video,65,272.98,1266.08
2025-10-17,FB-100075,UA - Lookalike - 5% | iOS | LATAM | Static,116,509.75,1799.42
2025-10-17,FB-100076,UA - Prospecting - Broad | iOS | MENA | Playables,99,432.16,1854.83
2025-10-17,FB-100077,UA - Lookalike - 1% | iOS | US | Static,117,557.7,2681.42
2025-10-17,FB-100078,UA - Retargeting - Value | Android | US | Playables,79,314.14,1563.79
2025-10-17,FB-100079,UA - Retargeting - Value | iOS | LATAM | Playables,7,29.2,153.48
2025-10-17,FB-100080,UA - Lookalike - 5% | iOS | EU | Carousel,50,189.27,644.46
2025-10-17,FB-100081,UA - Lookalike - 5% | iOS | US | Video,92,428.39,2311.59
2025-10-17,FB-100082,UA - Lookalike - 1% | iOS | US | Video,40,188.73,845.89
2025-10-17,FB-100083,UA - Lookalike - 5% | Android | LATAM | Static,70,193.89,684.63
2025-10-17,FB-100084,UA - Prospecting - Broad | iOS | MENA | Video,9,25.02,131.83
2025-10-17,FB-100085,UA - Prospecting - Broad | Android | EU | Playables,109,394.55,1385.27
2025-10-17,FB-100086,UA - Retargeting - Value | iOS | MENA | Playables,15,67.28,308.55
2025-10-17,FB-100087,UA - Lookalike - 1% | iOS | EU | Video,131,579.61,1977.63
2025-10-17,FB-100088,UA - Retargeting - Value | iOS | US | Carousel,14,64.78,388.68
2025-10-17,FB-100089,UA - Lookalike - 5% | Android | US | Carousel,164,589.58,2583.54
2025-10-17,FB-100090,UA - Retargeting - Value | Android | EU | Static,11,56.54,319.9
2025-10-17,FB-100091,UA - Lookalike - 1% | iOS | US | Static,139,530.84,2077.18
2025-10-17,FB-100092,UA - Retargeting - Value | iOS | EU | Carousel,5,27.92,115.28
2025-10-17,FB-100093,UA - Lookalike - 5% | Android | APAC | Video,59,204.0,810.29
2025-10-17,FB-100094,UA - Lookalike - 1% | Android | EU | UGC,92,234.2,1071.46
2025-10-17,FB-100095,UA - Prospecting - Broad | iOS | EU | Static,12,42.25,211.46
2025-10-17,FB-100096,UA - Lookalike - 1% | Android | APAC | Carousel,234,926.97,3158.19
2025-10-17,FB-100097,UA - Lookalike - 5% | Android | LATAM | Carousel,93,330.85,1726.38
2025-10-17,FB-100098,UA - Lookalike - 1% | iOS | US | Video,79,282.05,1105.07
2025-10-17,FB-100099,UA - Prospecting - Broad | Android | MENA | Carousel,17,49.73,167.69
2025-10-17,FB-100100,UA - Lookalike - 1% | Android | MENA | UGC,115,397.64,1721.78
2025-10-17,FB-100101,UA - Prospecting - Broad | iOS | APAC | Playables,93,326.51,1410.85
2025-10-17,FB-100102,UA - Lookalike - 1% | iOS | MENA | Static,176,626.65,2326.75
2025-10-17,FB-100103,UA - Retargeting - Value | Android | APAC | Video,31,131.55,666.04
2025-10-17,FB-100104,UA - Lookalike - 1% | iOS | APAC | Video,255,970.33,2954.65
2025-10-17,FB-100105,UA - Lookalike - 1% | iOS | US | Carousel,39,119.28,618.71
2025-10-17,FB-100106,UA - Lookalike - 1% | iOS | LATAM | UGC,78,317.69,1657.07
2025-10-17,FB-100107,UA - Lookalike - 5% | Android | EU | UGC,34,117.21,515.96
2025-10-17,FB-100108,UA - Lookalike - 1% | Android | MENA | Playables,38,121.41,589.2
2025-10-17,FB-100109,UA - Lookalike - 1% | iOS | MENA | Video,127,431.06,1597.51
2025-10-17,FB-100110,UA - Lookalike - 1% | iOS | EU | UGC,45,212.36,1118.92
2025-10-17,FB-100111,UA - Retargeting - Value | iOS | APAC | UGC,39,188.05,904.14
2025-10-17,FB-100112,UA - Lookalike - 1% | iOS | EU | Video,61,238.64,1174.11
2025-10-17,FB-100113,UA - Lookalike - 1% | iOS | US | Static,38,115.05,546.14
2025-10-17,FB-100114,UA - Prospecting - Broad | Android | EU | Static,87,271.41,1339.68
2025-10-17,FB-100115,UA - Prospecting - Broad | Android | EU | UGC,74,304.94,1056.62
2025-10-17,FB-100116,UA - Retargeting - Value | iOS | APAC | Playables,35,172.67,810.69
2025-10-17,FB-100117,UA - Retargeting - Value | iOS | APAC | UGC,27,127.44,752.92
2025-10-17,FB-100118,UA - Lookalike - 5% | Android | US | Video,31,102.12,473.12
2025-10-17,FB-100119,UA - Lookalike - 5% | Android | EU | Playables,108,396.93,1559.54
2025-10-17,FB-100120,UA - Prospecting - Broad | Android | MENA | Static,118,365.25,1382.84
2025-10-17,FB-100121,UA - Lookalike - 1% | iOS | EU | UGC,85,269.93,892.39
2025-10-17,FB-100122,UA - Lookalike - 5% | iOS | MENA | Playables,123,500.6,2217.16
2025-10-17,FB-100123,UA - Lookalike - 5% | iOS | EU | UGC,31,101.01,506.77
2025-10-17,FB-100124,UA - Lookalike - 5% | iOS | EU | Carousel,17,67.15,274.64
2025-10-17,FB-100125,UA - Prospecting - Broad | Android | LATAM | UGC,39,138.74,435.78
2025-10-17,FB-100126,UA - Lookalike - 1% | iOS | EU | Carousel,30,118.67,358.62
2025-10-17,FB-100127,UA - Retargeting - Value | iOS | MENA | Video,23,98.55,587.95
2025-10-17,FB-100128,UA - Retargeting - Value | Android | EU | UGC,17,65.78,339.1
2025-10-17,FB-100129,UA - Lookalike - 5% | Android | US | UGC,230,953.99,4439.87
2025-10-17,FB-100130,UA - Lookalike - 5% | iOS | MENA | UGC,15,42.73,177.24
2025-10-17,FB-100131,UA - Lookalike - 5% | Android | EU | UGC,50,218.2,1008.08
2025-10-17,FB-100132,UA - Lookalike - 5% | Android | MENA | UGC,85,298.33,1101.43
2025-10-17,FB-100133,UA - Lookalike - 5% | Android | LATAM | Carousel,57,176.58,781.19
2025-10-17,FB-100134,UA - Retargeting - Value | iOS | MENA | Playables,35,155.41,639.51
2025-10-17,FB-100135,UA - Lookalike - 5% | iOS | EU | Carousel,8,31.21,109.23
2025-10-17,FB-100136,UA - Lookalike - 1% | iOS | US | UGC,101,362.81,1709.56
2025-10-17,FB-100137,UA - Retargeting - Value | iOS | EU | UGC,41,175.39,901.33
2025-10-17,FB-100138,UA - Prospecting - Broad | Android | APAC | Playables,72,264.46,1078.47
2025-10-17,FB-100139,UA - Lookalike - 5% | Android | APAC | Static,201,610.08,1847.32
2025-10-17,FB-100140,UA - Lookalike - 5% | Android | US | Carousel,105,363.66,1811.39
2025-10-17,FB-100141,UA - Lookalike - 1% | iOS | EU | UGC,33,99.31,334.58
2025-10-17,FB-100142,UA - Lookalike - 5% | iOS | APAC | Carousel,42,171.77,652.9
2025-10-17,FB-100143,UA - Prospecting - Broad | iOS | US | UGC,109,522.38,1864.37
2025-10-17,FB-100144,UA - Prospecting - Broad | Android | LATAM | Static,63,233.06,999.59
2025-10-17,FB-100145,UA - Retargeting - Value | Android | US | Static,53,229.84,1291.7
2025-10-17,FB-100146,UA - Retargeting - Value | Android | MENA | Static,14,42.05,220.97
2025-10-17,FB-100147,UA - Retargeting - Value | Android | APAC | Video,178,703.71,3812.7
2025-10-17,FB-100148,UA - Retargeting - Value | iOS | LATAM | Carousel,13,65.83,302.82
2025-10-17,FB-100149,UA - Prospecting - Broad | Android | EU | Carousel,76,293.5,1011.4
2025-10-17,FB-100150,UA - Lookalike - 5% | Android | LATAM | Playables,78,160.35,501.57
2025-10-17,FB-100151,UA - Retargeting - Value | iOS | EU | Video,18,89.75,469.48
2025-10-17,FB-100152,UA - Prospecting - Broad | Android | LATAM | Playables,110,264.14,936.64
2025-10-17,FB-100153,UA - Lookalike - 5% | Android | LATAM | Playables,75,181.8,990.08
2025-10-17,FB-100154,UA - Lookalike - 1% | iOS | US | Playables,119,369.42,1716.69
2025-10-17,FB-100155,UA - Prospecting - Broad | Android | APAC | UGC,33,96.0,346.37
2025-10-17,FB-100156,UA - Retargeting - Value | iOS | LATAM | UGC,21,86.8,452.75
2025-10-17,FB-100157,UA - Lookalike - 1% | iOS | EU | Playables,76,263.62,944.29
2025-10-17,FB-100158,UA - Lookalike - 1% | iOS | APAC | UGC,176,628.02,3344.83
2025-10-17,FB-100159,UA - Lookalike - 1% | iOS | EU | Video,60,219.18,983.02
2025-10-17,FB-100160,UA - Lookalike - 5% | iOS | EU | UGC,62,277.56,1196.56
2025-10-17,FB-100161,UA - Lookalike - 1% | iOS | US | UGC,31,117.85,436.05
2025-10-17,FB-100162,UA - Lookalike - 1% | Android | APAC | Static,107,311.27,1265.94
2025-10-17,FB-100163,UA - Lookalike - 1% | iOS | LATAM | Carousel,165,430.44,1803.54
2025-10-17,FB-100164,UA - Prospecting - Broad | Android | MENA | Static,23,77.9,322.27
2025-10-17,FB-100165,UA - Retargeting - Value | Android | APAC | UGC,29,104.03,602.23
2025-10-17,FB-100166,UA - Prospecting - Broad | iOS | APAC | UGC,71,289.04,1221.77
2025-10-17,FB-100167,UA - Lookalike - 5% | Android | LATAM | Static,60,221.21,1057.16
2025-10-17,FB-100168,UA - Lookalike - 1% | Android | LATAM | Playables,96,234.07,1098.02
2025-10-17,FB-100169,UA - Lookalike - 1% | iOS | MENA | Playables,43,117.88,510.89
2025-10-17,FB-100170,UA - Lookalike - 1% | iOS | MENA | Carousel,84,242.92,1108.44
2025-10-17,FB-100171,UA - Lookalike - 1% | iOS | LATAM | Carousel,39,98.26,479.41
2025-10-17,FB-100172,UA - Lookalike - 1% | Android | US | Static,77,302.02,1184.82
2025-10-17,FB-100173,UA - Retargeting - Value | Android | MENA | Static,54,216.21,1297.26
2025-10-17,FB-100174,UA - Lookalike - 1% | Android | APAC | Carousel,85,266.24,950.74
2025-10-17,FB-100175,UA - Retargeting - Value | Android | EU | Carousel,31,133.31,740.54
2025-10-17,FB-100176,UA - Prospecting - Broad | iOS | EU | Carousel,103,352.39,1566.37
2025-10-17,FB-100177,UA - Prospecting - Broad | Android | LATAM | Video,39,142.78,628.8
2025-10-17,FB-100178,UA - Prospecting - Broad | iOS | EU | UGC,194,936.36,4575.05
2025-10-17,FB-100179,UA - Lookalike - 5% | Android | MENA | Carousel,61,196.71,854.51
2025-10-17,FB-100180,UA - Retargeting - Value | iOS | APAC | Carousel,12,47.43,194.75
2025-10-17,FB-100181,UA - Prospecting - Broad | Android | LATAM | UGC,80,211.67,1104.92
2025-10-17,FB-100182,UA - Prospecting - Broad | Android | APAC | UGC,107,321.67,1106.22
2025-10-17,FB-100183,UA - Lookalike - 1% | Android | EU | Static,147,654.49,3276.38
2025-10-17,FB-100184,UA - Lookalike - 5% | Android | EU | Video,32,111.18,600.26
2025-10-17,FB-100185,UA - Lookalike - 5% | Android | MENA | UGC,74,165.84,607.97
2025-10-17,FB-100186,UA - Lookalike - 5% | iOS | LATAM | Playables,59,199.32,779.94
2025-10-17,FB-100187,UA - Prospecting - Broad | iOS | MENA | Playables,82,298.78,1419.5
2025-10-17,FB-100188,UA - Lookalike - 1% | Android | EU | Static,73,275.71,1130.69
2025-10-17,FB-100189,UA - Retargeting - Value | Android | EU | Static,95,352.88,2020.94
2025-10-17,FB-100190,UA - Lookalike - 5% | Android | EU | Video,35,140.47,562.02
2025-10-17,FB-100191,UA - Lookalike - 1% | iOS | MENA | UGC,17,68.06,270.47
2025-10-17,FB-100192,UA - Lookalike - 1% | Android | EU | Carousel,237,623.0,3086.97
2025-10-17,FB-100193,UA - Lookalike - 1% | iOS | US | Static,56,276.94,911.69
2025-10-17,FB-100194,UA - Retargeting - Value | Android | APAC | Video,28,109.86,572.59
2025-10-17,FB-100195,UA - Prospecting - Broad | Android | LATAM | Static,26,90.12,290.28
2025-10-17,FB-100196,UA - Lookalike - 1% | Android | EU | Carousel,113,479.94,1758.02
2025-10-17,FB-100197,UA - Lookalike - 1% | iOS | US | UGC,88,348.87,1186.51
2025-10-17,FB-100198,UA - Lookalike - 5% | iOS | LATAM | Playables,34,131.02,617.76
2025-10-17,FB-100199,UA - Prospecting - Broad | iOS | US | Playables,47,177.84,705.85
2025-10-17,FB-100200,UA - Lookalike - 1% | iOS | LATAM | Playables,46,135.12,550.34
2025-10-17,FB-100201,UA - Prospecting - Broad | Android | US | Static,46,190.64,634.26
2025-10-17,FB-100202,UA - Retargeting - Value | iOS | MENA | Video,130,557.13,3303.22
2025-10-17,FB-100203,UA - Lookalike - 1% | iOS | MENA | UGC,37,105.54,338.36
2025-10-17,FB-100204,UA - Lookalike - 5% | Android | MENA | UGC,120,327.68,1374.95
2025-10-17,FB-100205,UA - Lookalike - 5% | Android | APAC | Carousel,62,164.26,836.74
2025-10-17,FB-100206,UA - Retargeting - Value | iOS | LATAM | Video,46,176.01,805.25
2025-10-17,FB-100207,UA - Lookalike - 1% | iOS | APAC | UGC,52,156.43,752.43
2025-10-17,FB-100208,UA - Lookalike - 5% | iOS | MENA | Video,35,90.76,494.73
2025-10-17,FB-100209,UA - Lookalike - 1% | Android | LATAM | Carousel,125,370.36,1683.29
2025-10-17,FB-100210,UA - Prospecting - Broad | Android | APAC | Playables,40,87.8,300.63
2025-10-17,FB-100211,UA - Retargeting - Value | iOS | APAC | Video,40,168.04,705.94
2025-10-17,FB-100212,UA - Lookalike - 5% | iOS | MENA | UGC,24,95.37,310.33
2025-10-17,FB-100213,UA - Retargeting - Value | Android | EU | Carousel,58,301.08,1623.42
2025-10-17,FB-100214,UA - Prospecting - Broad | iOS | APAC | UGC,65,259.91,1007.41
2025-10-17,FB-100215,UA - Retargeting - Value | Android | MENA | Static,76,265.73,1330.78
2025-10-17,FB-100216,UA - Lookalike - 5% | iOS | MENA | Video,108,281.77,1464.64
2025-10-17,FB-100217,UA - Lookalike - 5% | Android | EU | Video,139,544.28,2959.25
2025-10-17,FB-100218,UA - Lookalike - 1% | Android | EU | UGC,103,403.11,1256.9
2025-10-17,FB-100219,UA - Lookalike - 5% | iOS | APAC | UGC,53,144.97,491.59
2025-10-17,FB-100220,UA - Retargeting - Value | Android | APAC | Playables,19,83.0,498.0
2025-10-17,FB-100221,UA - Retargeting - Value | iOS | EU | Playables,8,38.73,186.91
2025-10-17,FB-100222,UA - Lookalike - 1% | Android | LATAM | UGC,81,246.26,1085.76
2025-10-17,FB-100223,UA - Lookalike - 1% | iOS | US | Carousel,24,72.22,293.65
2025-10-17,FB-100224,UA - Lookalike - 5% | iOS | EU | UGC,93,457.44,1897.0
2025-10-17,FB-100225,UA - Lookalike - 5% | iOS | LATAM | Playables,104,363.91,1341.37
2025-10-17,FB-100226,UA - Retargeting - Value | iOS | LATAM | Static,27,124.41,554.37
2025-10-17,FB-100227,UA - Prospecting - Broad | iOS | EU | UGC,22,95.27,363.17
2025-10-17,FB-100228,UA - Lookalike - 5% | iOS | APAC | UGC,32,114.42,582.74
2025-10-17,FB-100229,UA - Retargeting - Value | Android | APAC | Video,36,115.86,566.67
2025-10-17,FB-100230,UA - Prospecting - Broad | iOS | US | UGC,189,638.59,2908.14
2025-10-17,FB-100231,UA - Lookalike - 5% | iOS | US | Static,90,443.45,1856.28
2025-10-17,FB-100232,UA - Lookalike - 1% | Android | US | UGC,65,241.31,772.43
2025-10-17,FB-100233,UA - Prospecting - Broad | iOS | MENA | UGC,5,17.91,90.62
2025-10-17,FB-100234,UA - Lookalike - 1% | iOS | MENA | UGC,45,200.11,652.36
2025-10-17,FB-100235,UA - Prospecting - Broad | iOS | MENA | Video,44,163.28,636.79
2025-10-17,FB-100236,UA - Prospecting - Broad | Android | LATAM | Static,37,113.87,487.25
2025-10-17,FB-100237,UA - Lookalike - 5% | iOS | US | Video,77,293.32,937.16
2025-10-17,FB-100238,UA - Prospecting - Broad | Android | LATAM | Video,29,85.54,425.82
2025-10-17,FB-100239,UA - Lookalike - 1% | iOS | US | Carousel,54,193.68,804.35
2025-10-17,FB-100240,UA - Retargeting - Value | iOS | APAC | Static,63,247.82,1201.43
2025-10-17,FB-100241,UA - Retargeting - Value | iOS | MENA | Static,22,109.42,515.26
2025-10-17,FB-100242,UA - Lookalike - 5% | Android | US | Playables,67,296.12,1425.82
2025-10-17,FB-100243,UA - Retargeting - Value | Android | APAC | Playables,26,75.89,425.44
2025-10-17,FB-100244,UA - Lookalike - 5% | Android | APAC | Carousel,132,285.45,896.88
2025-10-17,FB-100245,UA - Lookalike - 1% | iOS | US | UGC,34,105.07,400.74
2025-10-17,FB-100246,UA - Lookalike - 1% | Android | US | UGC,37,122.77,490.96
2025-10-17,FB-100247,UA - Lookalike - 5% | iOS | APAC | Carousel,129,363.95,1532.96
2025-10-17,FB-100248,UA - Lookalike - 5% | iOS | EU | UGC,50,215.4,788.15
2025-10-17,FB-100249,UA - Lookalike - 1% | Android | EU | UGC,187,815.71,3845.26
2025-10-17,FB-100250,UA - Lookalike - 5% | iOS | LATAM | Video,58,194.84,741.37
2025-10-17,FB-100251,UA - Prospecting - Broad | iOS | US | Playables,65,199.54,609.2
2025-10-17,FB-100252,UA - Lookalike - 1% | iOS | LATAM | Static,31,103.43,416.1
2025-10-17,FB-100253,UA - Lookalike - 1% | Android | EU | Playables,87,288.15,1049.44
2025-10-17,FB-100254,UA - Lookalike - 1% | Android | US | Video,116,404.65,1706.0
2025-10-17,FB-100255,UA - Lookalike - 1% | iOS | US | Playables,48,172.32,846.26
2025-10-17,FB-100256,UA - Lookalike - 1% | Android | US | Carousel,49,142.23,498.8
2025-10-17,FB-100257,UA - Retargeting - Value | iOS | EU | Static,61,237.66,1302.61
2025-10-17,FB-100258,UA - Lookalike - 1% | iOS | MENA | Playables,98,399.16,1409.83
2025-10-17,FB-100259,UA - Lookalike - 1% | Android | LATAM | UGC,15,56.48,175.71
2025-10-17,FB-100260,UA - Prospecting - Broad | iOS | US | UGC,8,39.85,210.21
2025-10-17,FB-100261,UA - Lookalike - 1% | Android | EU | UGC,115,413.45,2125.55
2025-10-17,FB-100262,UA - Lookalike - 1% | Android | APAC | Video,247,605.77,2723.54
2025-10-17,FB-100263,UA - Lookalike - 1% | Android | APAC | Carousel,170,350.13,1710.03
2025-10-17,FB-100264,UA - Retargeting - Value | iOS | LATAM | Video,8,32.53,161.38
2025-10-17,FB-100265,UA - Lookalike - 1% | iOS | US | Playables,96,425.88,1995.25
2025-10-17,FB-100266,UA - Lookalike - 1% | Android | US | UGC,50,153.98,702.3
2025-10-17,FB-100267,UA - Prospecting - Broad | iOS | US | Static,19,92.02,426.88
2025-10-17,FB-100268,UA - Prospecting - Broad | Android | LATAM | UGC,62,156.56,734.58
2025-10-17,FB-100269,UA - Retargeting - Value | Android | EU | Playables,48,188.34,925.31
2025-10-17,FB-100270,UA - Lookalike - 5% | iOS | APAC | Carousel,95,301.48,1630.4
2025-10-17,FB-100271,UA - Lookalike - 5% | Android | APAC | Video,96,300.98,1098.28
2025-10-17,FB-100272,UA - Lookalike - 1% | iOS | LATAM | Video,92,352.58,1059.15
2025-10-17,FB-100273,UA - Retargeting - Value | Android | APAC | UGC,95,422.3,2533.8
2025-10-17,FB-100274,UA - Lookalike - 1% | iOS | US | Carousel,31,123.08,514.35
2025-10-17,FB-100275,UA - Retargeting - Value | Android | APAC | Carousel,15,54.2,257.4
2025-10-17,FB-100276,UA - Retargeting - Value | Android | APAC | Video,37,115.28,639.0
2025-10-17,FB-100277,UA - Retargeting - Value | Android | US | Carousel,185,636.27,2685.7
2025-10-17,FB-100278,UA - Prospecting - Broad | Android | MENA | Static,22,82.17,378.97
2025-10-17,FB-100279,UA - Retargeting - Value | Android | MENA | Static,98,343.96,1960.23
2025-10-17,FB-100280,UA - Prospecting - Broad | iOS | EU | Playables,60,270.99,940.34
2025-10-17,FB-100281,UA - Lookalike - 1% | iOS | EU | Static,81,297.08,1234.37
2025-10-17,FB-100282,UA - Retargeting - Value | Android | US | Video,15,69.68,398.43
2025-10-17,FB-100283,UA - Lookalike - 1% | Android | LATAM | Static,156,424.93,1501.28
2025-10-17,FB-100284,UA - Prospecting - Broad | Android | EU | Carousel,42,169.06,575.31
2025-10-17,FB-100285,UA - Prospecting - Broad | Android | APAC | Playables,107,327.31,1354.74
2025-10-17,FB-100286,UA - Lookalike - 1% | Android | APAC | UGC,136,515.66,2076.56
2025-10-17,FB-100287,UA - Retargeting - Value | Android | APAC | Playables,34,129.56,775.42
2025-10-17,FB-100288,UA - Lookalike - 5% | Android | MENA | Carousel,164,397.57,1684.5
2025-10-17,FB-100289,UA - Lookalike - 5% | Android | US | UGC,60,183.15,673.26
2025-10-17,FB-100290,UA - Lookalike - 5% | iOS | US | UGC,68,313.17,1581.51
2025-10-17,FB-100291,UA - Retargeting - Value | Android | US | Carousel,16,75.33,451.98
2025-10-17,FB-100292,UA - Lookalike - 1% | Android | EU | Carousel,83,257.83,878.43
2025-10-17,FB-100293,UA - Lookalike - 1% | iOS | MENA | Playables,33,104.65,495.31
2025-10-17,FB-100294,UA - Lookalike - 5% | iOS | MENA | Playables,45,114.57,516.48
2025-10-17,FB-100295,UA - Retargeting - Value | Android | US | Playables,13,50.37,236.64
2025-10-17,FB-100296,UA - Lookalike - 5% | iOS | APAC | Static,26,83.48,290.26
2025-10-17,FB-100297,UA - Lookalike - 5% | iOS | APAC | UGC,64,248.2,857.28
2025-10-17,FB-100298,UA - Lookalike - 1% | Android | LATAM | UGC,225,549.18,1890.28
2025-10-17,FB-100299,UA - Lookalike - 5% | iOS | LATAM | Static,51,149.24,502.34
2025-10-17,FB-100300,UA - Prospecting - Broad | Android | US | Video,40,116.01,434.34
2025-10-17,FB-100301,UA - Retargeting - Value | iOS | US | Carousel,33,174.83,1048.98
2025-10-17,FB-100302,UA - Lookalike - 1% | Android | MENA | Playables,113,293.8,1476.93
2025-10-17,FB-100303,UA - Lookalike - 5% | Android | APAC | Carousel,264,563.82,2644.32
2025-10-17,FB-100304,UA - Lookalike - 1% | Android | LATAM | Playables,66,199.35,757.93
2025-10-17,FB-100305,UA - Retargeting - Value | iOS | US | Playables,20,102.75,576.02
2025-10-17,FB-100306,UA - Prospecting - Broad | Android | APAC | Static,37,104.33,475.74
2025-10-17,FB-100307,UA - Prospecting - Broad | iOS | MENA | Carousel,33,129.8,696.9
2025-10-17,FB-100308,UA - Lookalike - 5% | iOS | MENA | Static,43,118.04,507.93
2025-10-17,FB-100309,UA - Prospecting - Broad | Android | MENA | Carousel,116,318.36,1375.0
2025-10-17,FB-100310,UA - Lookalike - 1% | Android | LATAM | Carousel,87,175.37,560.83
2025-10-17,FB-100311,UA - Retargeting - Value | iOS | US | Static,12,63.2,279.47
2025-10-17,FB-100312,UA - Prospecting - Broad | iOS | US | Static,81,258.63,1179.87
2025-10-17,FB-100313,UA - Lookalike - 5% | Android | MENA | Static,41,109.36,369.64
2025-10-17,FB-100314,UA - Retargeting - Value | iOS | APAC | Carousel,5,19.22,98.39
2025-10-17,FB-100315,UA - Prospecting - Broad | iOS | LATAM | Carousel,27,94.32,307.77
2025-10-17,FB-100316,UA - Prospecting - Broad | Android | EU | Static,226,940.97,3106.14
2025-10-17,FB-100317,UA - Lookalike - 5% | Android | LATAM | UGC,74,192.3,871.7
2025-10-17,FB-100318,UA - Lookalike - 5% | iOS | MENA | UGC,101,448.57,1437.22
2025-10-17,FB-100319,UA - Prospecting - Broad | iOS | EU | Playables,27,96.11,525.15
2025-10-17,FB-100320,UA - Lookalike - 1% | iOS | APAC | Video,90,306.88,932.92
2025-10-17,FB-100321,UA - Prospecting - Broad | iOS | MENA | Carousel,57,182.38,858.28
2025-10-17,FB-100322,UA - Prospecting - Broad | Android | APAC | Playables,33,75.81,282.85
2025-10-17,FB-100323,UA - Retargeting - Value | Android | EU | Carousel,56,210.66,896.99
2025-10-17,FB-100324,UA - Lookalike - 1% | Android | LATAM | Carousel,43,159.46,579.64
2025-10-17,FB-100325,UA - Lookalike - 5% | Android | US | UGC,229,889.34,4068.73
2025-10-17,FB-100326,UA - Retargeting - Value | Android | EU | UGC,42,215.06,986.05
2025-10-17,FB-100327,UA - Prospecting - Broad | iOS | US | UGC,15,49.01,149.77
2025-10-17,FB-100328,UA - Prospecting - Broad | iOS | US | UGC,71,252.33,1094.86
2025-10-17,FB-100329,UA - Lookalike - 5% | iOS | MENA | UGC,22,71.67,216.01
2025-10-17,FB-100330,UA - Lookalike - 5% | iOS | LATAM | Video,146,496.02,1726.15
2025-10-17,FB-100331,UA - Lookalike - 5% | Android | LATAM | Static,132,498.66,1649.07
2025-10-17,FB-100332,UA - Prospecting - Broad | iOS | US | UGC,20,60.31,295.22
2025-10-17,FB-100333,UA - Lookalike - 5% | Android | APAC | Playables,54,129.59,624.11
2025-10-17,FB-100334,UA - Lookalike - 1% | Android | APAC | Carousel,137,368.76,1354.82
2025-10-17,FB-100335,UA - Prospecting - Broad | Android | LATAM | Static,75,188.72,968.7
2025-10-17,FB-100336,UA - Retargeting - Value | Android | MENA | Playables,83,336.27,1974.58
2025-10-17,FB-100337,UA - Retargeting - Value | iOS | LATAM | Static,103,513.61,2338.47
2025-10-17,FB-100338,UA - Retargeting - Value | Android | EU | Carousel,41,180.74,809.9
2025-10-17,FB-100339,UA - Prospecting - Broad | Android | MENA | Static,38,143.4,551.95
2025-10-17,FB-100340,UA - Lookalike - 5% | Android | APAC | UGC,98,212.17,998.68
2025-10-17,FB-100341,UA - Lookalike - 5% | iOS | LATAM | Static,61,242.04,733.62
2025-10-17,FB-100342,UA - Lookalike - 1% | Android | APAC | UGC,161,540.28,2356.7
2025-10-17,FB-100343,UA - Lookalike - 1% | iOS | MENA | Video,101,294.96,1501.05
2025-10-17,FB-100344,UA - Lookalike - 5% | Android | LATAM | UGC,53,146.03,644.72
2025-10-17,FB-100345,UA - Lookalike - 1% | Android | US | Carousel,129,511.03,2708.97
2025-10-17,FB-100346,UA - Lookalike - 5% | Android | US | Playables,49,204.78,977.62
2025-10-17,FB-100347,UA - Prospecting - Broad | iOS | MENA | Playables,35,136.24,611.85
2025-10-17,FB-100348,UA - Lookalike - 1% | iOS | MENA | Static,111,323.9,1379.49
2025-10-17,FB-100349,UA - Prospecting - Broad | iOS | MENA | Static,19,62.7,226.35
2025-10-17,GG-200000,Search - Brand - Exact | iOS | US | Carousel,23,74.17,280.14
2025-10-17,GG-200001,UAC - Value | Android | US | Static,185,851.87,3959.49
2025-10-17,GG-200002,Search - Non-Brand - Broad | iOS | MENA | Playables,74,248.43,1020.3
2025-10-17,GG-200003,UAC - Value | iOS | LATAM | Carousel,86,451.02,2348.01
2025-10-17,GG-200004,Search - Brand - Exact | iOS | LATAM | Playables,9,26.56,73.12
2025-10-17,GG-200005,Search - Brand - Exact | iOS | US | Carousel,26,107.39,327.86
2025-10-17,GG-200006,Search - Non-Brand - Broad | iOS | LATAM | Carousel,62,242.41,1142.48
2025-10-17,GG-200007,Search - Non-Brand - Broad | iOS | US | Playables,75,230.45,903.13
2025-10-17,GG-200008,Search - Non-Brand - Broad | iOS | LATAM | UGC,20,72.58,280.88
2025-10-17,GG-200009,UAC - Value | Android | LATAM | Playables,105,368.95,2212.59
2025-10-17,GG-200010,Search - Brand - Exact | iOS | EU | Playables,80,266.4,1075.72
2025-10-17,GG-200011,Search - Brand - Exact | iOS | MENA | Carousel,25,73.16,244.87
2025-10-17,GG-200012,Search - Non-Brand - Broad | iOS | LATAM | Static,12,46.84,197.71
2025-10-17,GG-200013,Search - Non-Brand - Broad | iOS | APAC | Static,28,113.6,411.23
2025-10-17,GG-200014,UAC - Installs | Android | EU | Video,192,513.27,1664.53
2025-10-17,GG-200015,Search - Brand - Exact | Android | MENA | Playables,36,82.3,360.64
2025-10-17,GG-200016,UAC - Value | iOS | MENA | Static,25,86.94,397.4
2025-10-17,GG-200017,Search - Non-Brand - Broad | Android | EU | Static,49,156.87,498.85
2025-10-17,GG-200018,UAC - Installs | iOS | US | UGC,75,315.24,1444.43
2025-10-17,GG-200019,UAC - Installs | Android | APAC | Playables,79,184.65,590.88
2025-10-17,GG-200020,Search - Non-Brand - Broad | iOS | EU | Playables,29,96.65,405.83
2025-10-17,GG-200021,UAC - Installs | iOS | APAC | Static,234,1010.41,4672.14
2025-10-17,GG-200022,UAC - Value | iOS | APAC | Carousel,166,568.48,3078.89
2025-10-17,GG-200023,Search - Non-Brand - Broad | iOS | EU | Static,38,127.64,447.38
2025-10-17,GG-200024,UAC - Installs | iOS | US | UGC,160,689.52,3059.4
2025-10-17,GG-200025,UAC - Installs | Android | MENA | Video,176,658.91,2142.12
2025-10-17,GG-200026,UAC - Value | Android | EU | Carousel,53,270.67,1606.43
2025-10-17,GG-200027,Search - Non-Brand - Broad | Android | APAC | Video,127,501.03,1655.9
2025-10-17,GG-200028,UAC - Value | iOS | LATAM | Video,73,361.68,1960.67
2025-10-17,GG-200029,UAC - Installs | Android | APAC | Playables,69,268.82,1251.89
2025-10-17,GG-200030,UAC - Installs | Android | APAC | Video,58,124.8,429.19
2025-10-17,GG-200031,Search - Brand - Exact | Android | US | Carousel,30,128.7,387.52
2025-10-17,GG-200032,Search - Brand - Exact | iOS | EU | Static,14,61.94,277.31
2025-10-17,GG-200033,UAC - Value | iOS | APAC | Static,125,605.09,3227.55
2025-10-17,GG-200034,Search - Brand - Exact | iOS | MENA | Video,24,73.45,318.19
2025-10-17,GG-200035,Search - Non-Brand - Broad | Android | LATAM | Static,141,296.86,1061.87
2025-10-17,GG-200036,Search - Non-Brand - Broad | iOS | US | Carousel,27,108.68,514.17
2025-10-17,GG-200037,Search - Non-Brand - Broad | iOS | US | Video,25,100.15,389.08
2025-10-17,GG-200038,Search - Brand - Exact | iOS | MENA | UGC,48,149.46,541.94
2025-10-17,GG-200039,Search - Brand - Exact | Android | APAC | Playables,23,63.97,172.08
2025-10-17,GG-200040,UAC - Value | Android | EU | Carousel,48,245.14,1433.82
2025-10-17,GG-200041,Search - Non-Brand - Broad | Android | MENA | Carousel,81,290.6,933.7
2025-10-17,GG-200042,UAC - Installs | iOS | EU | Video,234,1046.68,3162.02
2025-10-17,GG-200043,Search - Brand - Exact | Android | MENA | Playables,47,144.59,558.26
2025-10-17,GG-200044,UAC - Value | iOS | APAC | Video,34,133.47,642.79
2025-10-17,GG-200045,UAC - Installs | iOS | LATAM | Video,131,382.45,1333.99
2025-10-17,GG-200046,Search - Brand - Exact | Android | LATAM | Static,21,47.9,140.83
2025-10-17,GG-200047,UAC - Installs | iOS | EU | Video,111,345.58,1461.8
2025-10-17,GG-200048,UAC - Value | iOS | EU | UGC,63,292.45,1754.7
2025-10-17,GG-200049,UAC - Value | Android | EU | Video,40,143.96,648.11
2025-10-17,GG-200050,Search - Brand - Exact | Android | LATAM | Static,47,138.29,600.46
2025-10-17,GG-200051,UAC - Installs | Android | US | Carousel,76,293.38,975.2
2025-10-17,GG-200052,UAC - Installs | iOS | MENA | UGC,98,337.96,1239.64
2025-10-17,GG-200053,UAC - Installs | Android | EU | Carousel,68,297.42,1417.21
2025-10-17,GG-200054,Search - Brand - Exact | Android | LATAM | Carousel,84,200.98,996.26
2025-10-17,GG-200055,UAC - Value | iOS | APAC | UGC,112,397.11,2018.11
2025-10-17,GG-200056,UAC - Value | iOS | LATAM | Static,75,328.06,1968.36
2025-10-17,GG-200057,UAC - Installs | iOS | LATAM | Playables,226,654.84,3115.07
2025-10-17,GG-200058,UAC - Value | Android | APAC | Video,122,551.49,3308.94
2025-10-17,GG-200059,UAC - Installs | Android | MENA | Carousel,175,526.79,2430.08
2025-10-17,GG-200060,UAC - Installs | Android | US | Carousel,321,1376.29,6118.99
2025-10-17,GG-200061,UAC - Value | iOS | APAC | Playables,91,387.59,2240.27
2025-10-17,GG-200062,UAC - Value | Android | APAC | Carousel,201,578.58,3463.38
2025-10-17,GG-200063,UAC - Value | Android | LATAM | Playables,150,688.07,3579.34
2025-10-17,GG-200064,UAC - Value | iOS | US | Video,103,488.78,2932.68
2025-10-17,GG-200065,Search - Brand - Exact | iOS | MENA | Static,32,128.71,407.88
2025-10-17,GG-200066,Search - Brand - Exact | Android | MENA | UGC,75,187.22,604.53
2025-10-17,GG-200067,UAC - Installs | Android | US | Static,69,218.25,798.14
2025-10-17,GG-200068,Search - Brand - Exact | iOS | APAC | Playables,41,107.03,285.13
2025-10-17,GG-200069,UAC - Installs | Android | APAC | Carousel,132,433.29,2100.16
2025-10-17,GG-200070,Search - Non-Brand - Broad | iOS | US | Playables,25,79.53,331.96
2025-10-17,GG-200071,UAC - Installs | iOS | APAC | Carousel,128,402.44,1898.31
2025-10-17,GG-200072,Search - Non-Brand - Broad | Android | US | Video,75,321.85,1565.8
2025-10-17,GG-200073,Search - Brand - Exact | iOS | MENA | UGC,72,312.62,1258.92
2025-10-17,GG-200074,Search - Non-Brand - Broad | iOS | LATAM | UGC,78,260.06,1120.86
2025-10-17,GG-200075,Search - Brand - Exact | iOS | APAC | Static,37,145.0,590.29
2025-10-17,GG-200076,Search - Non-Brand - Broad | Android | US | UGC,46,181.93,523.05
2025-10-17,GG-200077,UAC - Installs | iOS | US | Carousel,109,348.08,1460.89
2025-10-17,GG-200078,UAC - Installs | Android | MENA | Playables,76,278.33,1192.64
2025-10-17,GG-200079,UAC - Installs | iOS | EU | Static,162,753.04,2775.71
2025-10-17,GG-200080,Search - Non-Brand - Broad | Android | US | Static,31,118.31,321.57
2025-10-17,GG-200081,UAC - Installs | Android | APAC | Video,111,390.65,1639.95
2025-10-17,GG-200082,Search - Non-Brand - Broad | iOS | APAC | Playables,123,338.72,1036.82
2025-10-17,GG-200083,UAC - Value | Android | US | Carousel,60,222.95,1270.15
2025-10-17,GG-200084,UAC - Value | iOS | MENA | UGC,66,313.26,1264.94
2025-10-17,GG-200085,Search - Brand - Exact | Android | EU | Carousel,51,161.23,749.24
2025-10-17,GG-200086,UAC - Installs | iOS | APAC | Playables,138,475.64,1490.18
2025-10-17,GG-200087,Search - Non-Brand - Broad | Android | MENA | Playables,81,244.22,850.62
2025-10-17,GG-200088,Search - Brand - Exact | Android | APAC | Playables,61,209.02,828.14
2025-10-17,GG-200089,UAC - Installs | Android | MENA | Static,101,371.81,1882.1
2025-10-17,GG-200090,Search - Non-Brand - Broad | Android | EU | Carousel,30,134.37,354.87
2025-10-17,GG-200091,Search - Brand - Exact | iOS | MENA | Carousel,65,272.02,1157.45
2025-10-17,GG-200092,UAC - Installs | iOS | EU | Playables,83,249.53,1293.31
2025-10-17,GG-200093,Search - Brand - Exact | Android | LATAM | Playables,59,121.94,533.24
2025-10-17,GG-200094,Search - Non-Brand - Broad | Android | MENA | Playables,55,136.42,659.86
2025-10-17,GG-200095,UAC - Installs | Android | MENA | Playables,96,359.38,1704.54
2025-10-17,GG-200096,Search - Brand - Exact | Android | US | Video,34,89.03,257.39
2025-10-17,GG-200097,UAC - Value | iOS | EU | Playables,63,325.29,1915.63
2025-10-17,GG-200098,UAC - Installs | Android | APAC | Playables,210,509.19,1761.8
2025-10-17,GG-200099,UAC - Value | iOS | APAC | Static,93,429.33,2575.98
2025-10-17,GG-200100,Search - Brand - Exact | iOS | APAC | Video,12,47.49,188.73
2025-10-17,GG-200101,UAC - Value | Android | APAC | UGC,66,240.21,1006.24
2025-10-17,GG-200102,Search - Non-Brand - Broad | iOS | EU | Carousel,27,92.9,257.7
2025-10-17,GG-200103,UAC - Value | iOS | LATAM | Carousel,83,363.52,1638.38
2025-10-17,GG-200104,Search - Brand - Exact | Android | LATAM | Playables,100,385.34,1157.95
2025-10-17,GG-200105,Search - Brand - Exact | iOS | EU | UGC,82,335.59,922.87
2025-10-17,GG-200106,Search - Non-Brand - Broad | iOS | APAC | Static,70,179.61,589.48
2025-10-17,GG-200107,UAC - Value | Android | US | Carousel,130,561.09,2726.34
2025-10-17,GG-200108,UAC - Installs | iOS | EU | Static,77,312.7,1322.1
2025-10-17,GG-200109,UAC - Value | iOS | EU | Static,147,806.96,4841.76
2025-10-17,GG-200110,UAC - Value | iOS | APAC | Carousel,142,549.77,2350.82
2025-10-17,GG-200111,UAC - Value | Android | US | UGC,161,546.64,3173.25
2025-10-17,GG-200112,UAC - Installs | Android | EU | Playables,324,1124.22,5119.7
2025-10-17,GG-200113,UAC - Value | Android | US | Carousel,129,592.56,3555.36
2025-10-17,GG-200114,Search - Brand - Exact | iOS | LATAM | Playables,35,87.89,274.92
2025-10-17,GG-200115,UAC - Installs | Android | APAC | Static,128,330.1,1196.61
2025-10-17,GG-200116,Search - Brand - Exact | iOS | APAC | Carousel,60,196.7,723.07
2025-10-17,GG-200117,Search - Non-Brand - Broad | iOS | US | Playables,47,151.47,478.34
2025-10-17,GG-200118,Search - Brand - Exact | iOS | MENA | Carousel,13,50.36,126.86
2025-10-17,GG-200119,UAC - Installs | iOS | MENA | UGC,110,350.76,1906.73
2025-10-17,GG-200120,UAC - Value | Android | EU | Video,62,239.4,1398.34
2025-10-17,GG-200121,UAC - Installs | iOS | LATAM | Playables,79,238.7,1165.33
2025-10-17,GG-200122,UAC - Value | Android | EU | Playables,383,1669.57,8883.78
2025-10-17,GG-200123,Search - Non-Brand - Broad | Android | US | Video,31,105.84,287.14
2025-10-17,GG-200124,UAC - Value | iOS | APAC | Playables,160,781.89,4691.34
2025-10-17,GG-200125,Search - Non-Brand - Broad | Android | MENA | Playables,23,70.57,253.13
2025-10-17,GG-200126,Search - Non-Brand - Broad | iOS | MENA | Carousel,62,210.04,552.62
2025-10-17,GG-200127,UAC - Installs | iOS | MENA | Carousel,143,572.6,2407.21
2025-10-17,GG-200128,UAC - Value | iOS | MENA | Carousel,169,603.33,2944.85
2025-10-17,GG-200129,Search - Brand - Exact | Android | LATAM | Carousel,60,126.04,389.34
2025-10-17,GG-200130,Search - Brand - Exact | iOS | MENA | Carousel,56,221.73,1007.54
2025-10-17,GG-200131,Search - Non-Brand - Broad | iOS | LATAM | Playables,33,116.95,343.83
2025-10-17,GG-200132,Search - Non-Brand - Broad | Android | MENA | UGC,42,139.16,520.88
2025-10-17,GG-200133,Search - Brand - Exact | iOS | EU | Static,78,381.76,1017.39
2025-10-17,GG-200134,UAC - Value | Android | EU | Video,88,336.16,1688.53
2025-10-17,GG-200135,UAC - Value | iOS | APAC | Static,151,565.42,2344.8
2025-10-17,GG-200136,UAC - Value | Android | APAC | Playables,149,597.59,2569.04
2025-10-17,GG-200137,Search - Non-Brand - Broad | Android | EU | Playables,43,146.58,407.05
2025-10-17,GG-200138,UAC - Value | iOS | APAC | Playables,56,286.09,1716.54
2025-10-17,GG-200139,UAC - Installs | iOS | EU | UGC,81,302.24,986.21
2025-10-17,GG-200140,UAC - Value | iOS | LATAM | Playables,76,289.27,1632.64
2025-10-17,GG-200141,UAC - Installs | Android | EU | Carousel,209,837.5,2826.56
2025-10-17,GG-200142,Search - Non-Brand - Broad | Android | LATAM | Carousel,59,145.2,467.69
2025-10-17,GG-200143,UAC - Installs | iOS | LATAM | UGC,236,675.31,2518.91
2025-10-17,GG-200144,UAC - Value | iOS | LATAM | Video,168,816.73,3792.08
2025-10-17,GG-200145,UAC - Installs | iOS | LATAM | Static,259,724.79,2294.69
2025-10-17,GG-200146,UAC - Installs | Android | LATAM | Video,99,255.67,894.84
2025-10-17,GG-200147,Search - Non-Brand - Broad | iOS | LATAM | UGC,86,217.77,679.01
2025-10-17,GG-200148,UAC - Installs | Android | MENA | Carousel,208,504.13,2569.55
2025-10-17,GG-200149,Search - Non-Brand - Broad | Android | US | Playables,122,472.91,1512.84
2025-10-17,GG-200150,Search - Non-Brand - Broad | Android | US | Playables,66,279.56,813.52
2025-10-17,GG-200151,UAC - Value | Android | US | Video,39,137.17,690.51
2025-10-17,GG-200152,Search - Non-Brand - Broad | iOS | APAC | Video,124,492.18,1306.25
2025-10-17,GG-200153,UAC - Value | Android | MENA | Static,30,95.63,571.87
2025-10-17,GG-200154,UAC - Installs | iOS | APAC | Static,140,427.55,1354.48
2025-10-17,GG-200155,Search - Brand - Exact | iOS | LATAM | Video,33,105.05,496.89
2025-10-17,GG-200156,Search - Non-Brand - Broad | Android | MENA | Video,164,556.29,1582.09
2025-10-17,GG-200157,UAC - Value | iOS | EU | Video,71,359.76,1484.01
2025-10-17,GG-200158,Search - Brand - Exact | iOS | EU | Carousel,93,410.81,1683.91
2025-10-17,GG-200159,Search - Brand - Exact | Android | LATAM | Playables,114,339.87,1023.35
2025-10-17,GG-200160,UAC - Value | iOS | LATAM | UGC,32,139.46,820.72
2025-10-17,GG-200161,UAC - Installs | Android | MENA | UGC,105,320.45,1311.92
2025-10-17,GG-200162,Search - Non-Brand - Broad | Android | US | Carousel,79,296.19,897.46
2025-10-17,GG-200163,Search - Brand - Exact | iOS | LATAM | Static,65,162.76,659.34
2025-10-17,GG-200164,Search - Non-Brand - Broad | iOS | LATAM | Playables,38,112.79,464.58
2025-10-17,GG-200165,UAC - Value | Android | MENA | UGC,203,725.36,3180.7
2025-10-17,GG-200166,Search - Brand - Exact | iOS | US | UGC,66,273.17,1051.43
2025-10-17,GG-200167,UAC - Installs | Android | EU | UGC,81,323.11,1335.09
2025-10-17,GG-200168,UAC - Value | Android | US | Carousel,49,160.37,958.37
2025-10-17,GG-200169,UAC - Installs | Android | APAC | Carousel,122,311.27,1485.69
2025-10-17,GG-200170,Search - Brand - Exact | iOS | MENA | Playables,26,72.76,280.85
2025-10-17,GG-200171,Search - Brand - Exact | iOS | LATAM | Static,44,111.06,415.7
2025-10-17,GG-200172,Search - Non-Brand - Broad | Android | APAC | Carousel,113,433.19,1271.41
2025-10-17,GG-200173,Search - Brand - Exact | iOS | MENA | Carousel,20,56.84,233.16
2025-10-17,GG-200174,Search - Non-Brand - Broad | iOS | LATAM | Playables,77,237.81,825.2
2025-10-17,GG-200175,Search - Non-Brand - Broad | Android | EU | UGC,55,228.54,892.22
2025-10-17,GG-200176,UAC - Value | iOS | MENA | Carousel,52,263.32,1411.66
2025-10-17,GG-200177,Search - Non-Brand - Broad | iOS | MENA | Static,98,434.92,1881.03
2025-10-17,GG-200178,UAC - Installs | Android | MENA | UGC,131,381.26,1874.27
2025-10-17,GG-200179,Search - Brand - Exact | Android | MENA | Video,101,235.84,713.18
2025-10-17,GG-200180,Search - Non-Brand - Broad | Android | MENA | Playables,49,142.79,615.0
2025-10-17,GG-200181,UAC - Value | Android | LATAM | Playables,192,579.23,2705.0
2025-10-17,GG-200182,UAC - Value | Android | EU | Playables,220,1076.88,6461.28
2025-10-17,GG-200183,Search - Brand - Exact | Android | MENA | UGC,40,112.78,294.24
2025-10-17,GG-200184,UAC - Value | iOS | EU | Playables,186,909.21,4705.16
2025-10-17,GG-200185,UAC - Value | iOS | MENA | Video,94,310.18,1861.08
2025-10-17,GG-200186,UAC - Installs | iOS | US | UGC,76,276.57,927.34
2025-10-17,GG-200187,Search - Brand - Exact | Android | EU | Playables,75,285.69,1001.06
2025-10-17,GG-200188,Search - Brand - Exact | Android | APAC | Carousel,40,145.04,660.08
2025-10-17,GG-200189,Search - Brand - Exact | Android | US | UGC,81,267.74,843.92
2025-10-17,GG-200190,Search - Non-Brand - Broad | iOS | APAC | Static,32,115.87,411.92
2025-10-17,GG-200191,UAC - Value | iOS | LATAM | UGC,124,620.01,3111.83
2025-10-17,GG-200192,Search - Non-Brand - Broad | iOS | APAC | Video,26,102.92,444.2
2025-10-17,GG-200193,UAC - Value | iOS | US | Static,141,643.06,3053.25
2025-10-17,GG-200194,Search - Brand - Exact | Android | EU | Video,103,265.55,1101.24
2025-10-17,GG-200195,UAC - Value | iOS | APAC | Playables,98,425.74,2290.48
2025-10-17,GG-200196,UAC - Value | iOS | EU | Static,121,477.02,2032.58
2025-10-17,GG-200197,Search - Non-Brand - Broad | iOS | EU | Carousel,89,423.03,1464.53
2025-10-17,GG-200198,Search - Brand - Exact | Android | US | UGC,19,52.91,238.41
2025-10-17,GG-200199,Search - Brand - Exact | Android | EU | Video,89,393.67,1516.81
2025-10-17,GG-200200,Search - Brand - Exact | Android | APAC | Playables,67,235.93,1156.53
2025-10-17,GG-200201,UAC - Value | Android | US | UGC,190,833.47,5000.82
2025-10-17,GG-200202,Search - Brand - Exact | Android | MENA | Static,18,68.57,215.31
2025-10-17,GG-200203,Search - Non-Brand - Broad | Android | MENA | Carousel,55,186.28,805.1
2025-10-17,GG-200204,UAC - Installs | iOS | MENA | Playables,82,330.57,1771.19
2025-10-17,GG-200205,Search - Non-Brand - Broad | Android | LATAM | Static,26,97.28,377.35
2025-10-17,GG-200206,Search - Brand - Exact | iOS | LATAM | Carousel,13,47.11,179.49
2025-10-17,GG-200207,UAC - Value | Android | APAC | Playables,130,591.29,3012.62
2025-10-17,GG-200208,UAC - Installs | Android | LATAM | UGC,109,372.41,1350.36
2025-10-17,GG-200209,UAC - Installs | iOS | APAC | Static,120,320.69,1186.55
2025-10-17,GG-200210,UAC - Value | iOS | EU | Playables,107,550.11,2748.35
2025-10-17,GG-200211,Search - Non-Brand - Broad | Android | EU | Carousel,45,130.89,339.53
2025-10-17,GG-200212,UAC - Value | iOS | US | Playables,144,600.57,2485.76
2025-10-17,GG-200213,Search - Non-Brand - Broad | iOS | MENA | Playables,31,91.59,406.11
2025-10-17,GG-200214,Search - Non-Brand - Broad | iOS | EU | Carousel,20,91.58,302.21
2025-10-17,GG-200215,UAC - Installs | iOS | US | UGC,131,427.54,1938.04
2025-10-17,GG-200216,Search - Brand - Exact | Android | MENA | Static,31,77.69,256.77
2025-10-17,GG-200217,Search - Brand - Exact | iOS | APAC | Playables,139,351.96,1024.56
2025-10-17,GG-200218,Search - Non-Brand - Broad | Android | EU | Playables,51,141.6,484.7
2025-10-17,GG-200219,UAC - Installs | iOS | EU | Carousel,83,370.43,1419.86
2025-10-17,GG-200220,Search - Brand - Exact | Android | EU | Static,46,129.2,488.76
2025-10-17,GG-200221,Search - Non-Brand - Broad | iOS | EU | Playables,37,171.32,761.52
2025-10-17,GG-200222,UAC - Installs | iOS | EU | Playables,108,537.32,2160.56
2025-10-17,GG-200223,UAC - Installs | iOS | APAC | UGC,149,635.59,2074.57
2025-10-17,GG-200224,UAC - Value | iOS | LATAM | Carousel,96,467.39,2421.08
2025-10-17,GG-200225,UAC - Installs | iOS | US | UGC,62,219.26,720.05
2025-10-17,GG-200226,UAC - Value | Android | LATAM | Carousel,127,417.84,2507.04
2025-10-17,GG-200227,Search - Non-Brand - Broad | Android | MENA | Static,65,210.6,694.77
2025-10-17,GG-200228,UAC - Value | Android | LATAM | Playables,107,405.03,1960.35
2025-10-17,GG-200229,UAC - Installs | iOS | EU | Static,114,500.36,1556.12
2025-10-17,GG-200230,Search - Non-Brand - Broad | Android | APAC | Playables,50,160.6,633.57
2025-10-17,GG-200231,UAC - Installs | iOS | MENA | Carousel,128,391.67,1176.19
2025-10-17,GG-200232,Search - Non-Brand - Broad | iOS | APAC | UGC,98,305.26,1026.59
2025-10-17,GG-200233,UAC - Value | iOS | EU | Static,143,541.54,3249.24
2025-10-17,GG-200234,Search - Brand - Exact | Android | MENA | Video,102,222.44,684.0
2025-10-17,GG-200235,UAC - Value | Android | US | Video,48,232.56,1200.47
2025-10-17,GG-200236,Search - Non-Brand - Broad | Android | EU | Video,50,195.53,559.41
2025-10-17,GG-200237,UAC - Value | Android | EU | Playables,198,700.31,3187.11
2025-10-17,GG-200238,UAC - Value | iOS | US | Playables,134,711.65,4074.2
2025-10-17,GG-200239,UAC - Value | iOS | US | Video,102,410.48,1774.09
2025-10-17,GG-200240,UAC - Installs | Android | US | Playables,152,474.26,2514.05
2025-10-17,GG-200241,UAC - Value | iOS | US | Playables,129,663.87,2686.02
2025-10-17,GG-200242,Search - Non-Brand - Broad | Android | US | Video,52,180.13,755.83
2025-10-17,GG-200243,UAC - Installs | Android | EU | Playables,73,274.59,1469.06
2025-10-17,GG-200244,Search - Brand - Exact | iOS | LATAM | UGC,30,78.42,203.81
2025-10-17,GG-200245,Search - Non-Brand - Broad | iOS | APAC | UGC,41,127.38,324.95
2025-10-17,GG-200246,Search - Brand - Exact | Android | LATAM | Video,80,299.58,1423.0
2025-10-17,GG-200247,UAC - Value | Android | APAC | UGC,136,598.17,2519.49
2025-10-17,GG-200248,Search - Non-Brand - Broad | iOS | US | Video,39,150.14,546.96
2025-10-17,GG-200249,UAC - Installs | Android | APAC | UGC,128,464.91,2291.54
2025-10-17,GG-200250,Search - Non-Brand - Broad | Android | MENA | Video,86,188.27,709.59
2025-10-17,GG-200251,UAC - Installs | Android | MENA | UGC,151,482.14,2275.22
2025-10-17,GG-200252,Search - Brand - Exact | Android | US | Carousel,11,37.83,185.67
2025-10-17,GG-200253,Search - Non-Brand - Broad | Android | LATAM | Video,90,340.2,960.38
2025-10-17,GG-200254,UAC - Installs | Android | APAC | Video,247,632.42,2425.33
2025-10-17,GG-200255,UAC - Value | Android | MENA | Static,59,253.56,1415.12
2025-10-17,GG-200256,Search - Brand - Exact | iOS | APAC | Static,21,71.31,324.75
2025-10-17,GG-200257,UAC - Value | iOS | US | Video,46,253.79,1467.67
2025-10-17,GG-200258,UAC - Value | Android | US | Carousel,72,290.66,1538.46
2025-10-17,GG-200259,UAC - Value | iOS | US | Carousel,129,635.58,3813.48
2025-10-17,GG-200260,UAC - Value | iOS | EU | Carousel,135,603.04,3202.14
2025-10-17,GG-200261,UAC - Value | iOS | EU | Playables,109,429.41,2014.36
2025-10-17,GG-200262,Search - Non-Brand - Broad | Android | MENA | Carousel,99,207.32,684.16
2025-10-17,GG-200263,Search - Non-Brand - Broad | Android | US | Carousel,91,236.15,1023.0
2025-10-17,GG-200264,UAC - Installs | iOS | EU | UGC,93,307.82,977.64
2025-10-17,GG-200265,Search - Brand - Exact | iOS | US | Video,32,142.03,510.88
2025-10-17,GG-200266,UAC - Installs | iOS | APAC | Carousel,63,255.2,904.68
2025-10-17,GG-200267,Search - Non-Brand - Broad | Android | EU | Video,155,530.78,1960.7
2025-10-17,GG-200268,UAC - Value | iOS | APAC | Playables,106,383.82,2276.05
2025-10-17,GG-200269,UAC - Installs | Android | US | Video,129,500.98,1723.37
2025-10-17,GG-200270,UAC - Installs | Android | MENA | Playables,92,319.43,1073.92
2025-10-17,GG-200271,UAC - Value | iOS | US | Carousel,171,937.64,5048.25
2025-10-17,GG-200272,Search - Non-Brand - Broad | iOS | US | Playables,56,233.28,987.47
2025-10-17,GG-200273,Search - Non-Brand - Broad | Android | APAC | Static,24,64.66,317.42
2025-10-17,GG-200274,UAC - Value | iOS | LATAM | Carousel,73,284.5,1508.7
2025-10-17,GG-200275,UAC - Value | Android | US | Static,82,406.03,1904.28
2025-10-17,GG-200276,UAC - Value | iOS | APAC | Carousel,142,659.89,3930.96
2025-10-17,GG-200277,Search - Non-Brand - Broad | Android | LATAM | Carousel,54,144.32,400.78
2025-10-17,GG-200278,Search - Non-Brand - Broad | iOS | MENA | Playables,91,366.96,924.37
2025-10-17,GG-200279,UAC - Installs | iOS | US | Static,95,453.14,1530.25
2025-10-17,GG-200280,UAC - Value | Android | APAC | Carousel,112,433.4,1959.4
2025-10-17,GG-200281,UAC - Value | iOS | APAC | Carousel,199,1019.78,4914.32
2025-10-17,GG-200282,Search - Non-Brand - Broad | Android | LATAM | Carousel,155,478.93,1875.01
2025-10-17,GG-200283,UAC - Value | iOS | LATAM | Static,64,254.58,1202.89
2025-10-17,GG-200284,Search - Non-Brand - Broad | iOS | LATAM | UGC,25,102.23,261.2
2025-10-17,GG-200285,UAC - Value | iOS | APAC | Carousel,66,282.28,1537.58
2025-10-17,GG-200286,Search - Non-Brand - Broad | iOS | US | Playables,25,124.72,506.99
2025-10-17,GG-200287,UAC - Value | Android | MENA | Video,71,219.18,935.46
2025-10-17,GG-200288,Search - Brand - Exact | Android | APAC | Carousel,38,126.7,538.6
2025-10-17,GG-200289,UAC - Installs | iOS | APAC | Static,75,246.58,955.5
2025-10-17,GG-200290,UAC - Value | Android | LATAM | Static,105,489.24,2935.44
2025-10-17,GG-200291,UAC - Value | iOS | US | UGC,199,821.09,4072.61
2025-10-17,GG-200292,UAC - Value | iOS | MENA | Playables,108,515.56,3093.36
2025-10-17,GG-200293,Search - Brand - Exact | Android | LATAM | Playables,53,130.24,401.4
2025-10-17,GG-200294,Search - Non-Brand - Broad | Android | EU | Carousel,88,361.03,1294.65
2025-10-17,GG-200295,UAC - Installs | Android | MENA | UGC,166,464.45,2142.51
2025-10-17,GG-200296,Search - Brand - Exact | iOS | US | Video,114,458.6,2120.11
2025-10-17,GG-200297,Search - Non-Brand - Broad | iOS | EU | Playables,33,160.55,464.63
2025-10-17,GG-200298,UAC - Value | iOS | LATAM | UGC,112,367.82,1740.16
2025-10-17,GG-200299,UAC - Value | Android | LATAM | Video,112,467.63,2027.18
2025-10-17,GG-200300,Search - Brand - Exact | Android | LATAM | UGC,74,264.92,1049.61
2025-10-17,GG-200301,UAC - Installs | Android | EU | Carousel,122,420.95,2183.47
2025-10-17,GG-200302,UAC - Value | iOS | APAC | Static,92,400.75,2166.05
2025-10-17,GG-200303,UAC - Value | iOS | APAC | Video,113,455.79,2418.42
2025-10-17,GG-200304,UAC - Installs | iOS | LATAM | Video,189,779.49,3744.67
2025-10-17,GG-200305,UAC - Installs | Android | US | Video,241,806.94,3332.66
2025-10-17,GG-200306,Search - Non-Brand - Broad | Android | EU | Static,149,428.55,1094.09
2025-10-17,GG-200307,UAC - Value | Android | LATAM | Playables,158,710.27,3556.32
2025-10-17,GG-200308,Search - Non-Brand - Broad | iOS | EU | UGC,36,122.84,543.94
2025-10-17,GG-200309,Search - Brand - Exact | Android | APAC | UGC,58,158.51,755.93
2025-10-17,GG-200310,UAC - Value | Android | APAC | Playables,47,162.75,743.28
2025-10-17,GG-200311,Search - Non-Brand - Broad | iOS | US | Static,90,384.98,1387.08
2025-10-17,GG-200312,Search - Brand - Exact | iOS | US | Playables,21,96.63,439.96
2025-10-17,GG-200313,Search - Non-Brand - Broad | Android | LATAM | Carousel,17,64.14,290.81
2025-10-17,GG-200314,UAC - Value | iOS | US | Carousel,161,853.51,5095.45
2025-10-17,GG-200315,UAC - Value | iOS | MENA | UGC,107,521.02,2315.41
2025-10-17,GG-200316,UAC - Value | Android | LATAM | Carousel,259,812.46,4431.16
2025-10-17,GG-200317,Search - Brand - Exact | Android | LATAM | Playables,72,212.08,895.19
2025-10-17,GG-200318,Search - Non-Brand - Broad | Android | LATAM | Video,24,62.48,267.66
2025-10-17,GG-200319,UAC - Installs | iOS | US | Static,105,429.04,2308.24
2025-10-17,GG-200320,UAC - Value | Android | MENA | UGC,71,234.4,953.54
2025-10-17,GG-200321,UAC - Value | Android | MENA | UGC,49,201.18,979.34
2025-10-17,GG-200322,Search - Non-Brand - Broad | Android | APAC | Playables,41,135.6,638.68
2025-10-17,GG-200323,Search - Non-Brand - Broad | Android | APAC | Carousel,88,327.76,1528.67
2025-10-17,GG-200324,Search - Brand - Exact | Android | LATAM | UGC,72,212.88,772.54
2025-10-17,GG-200325,Search - Non-Brand - Broad | iOS | US | UGC,26,104.4,506.44
2025-10-17,GG-200326,UAC - Value | Android | APAC | Playables,136,501.08,3006.48
2025-10-17,GG-200327,UAC - Value | iOS | APAC | UGC,70,285.98,1715.88
2025-10-17,GG-200328,Search - Brand - Exact | iOS | EU | Video,59,234.7,814.17
2025-10-17,GG-200329,UAC - Installs | Android | LATAM | Video,76,158.19,628.65
2025-10-17,GG-200330,Search - Non-Brand - Broad | Android | MENA | Carousel,78,272.65,1141.31
2025-10-17,GG-200331,Search - Brand - Exact | iOS | MENA | UGC,62,239.79,1098.0
2025-10-17,GG-200332,UAC - Installs | Android | LATAM | Playables,49,180.0,784.44
2025-10-17,GG-200333,Search - Non-Brand - Broad | Android | APAC | Playables,54,110.26,468.05
2025-10-17,GG-200334,UAC - Installs | iOS | US | Static,153,518.43,1937.37
2025-10-17,GG-200335,UAC - Installs | Android | APAC | Carousel,132,523.84,2302.8
2025-10-17,GG-200336,Search - Non-Brand - Broad | Android | APAC | Video,38,146.33,479.52
2025-10-17,GG-200337,UAC - Value | Android | MENA | Carousel,212,742.68,4456.08
2025-10-17,GG-200338,Search - Non-Brand - Broad | Android | MENA | Static,78,247.06,729.07
2025-10-17,GG-200339,UAC - Installs | Android | US | Playables,213,738.39,2924.76
2025-10-17,GG-200340,Search - Non-Brand - Broad | iOS | MENA | Playables,108,270.99,1054.42
2025-10-17,GG-200341,UAC - Installs | iOS | LATAM | Carousel,91,287.92,918.18
2025-10-17,GG-200342,Search - Brand - Exact | Android | EU | UGC,89,270.67,1100.81
2025-10-17,GG-200343,Search - Non-Brand - Broad | iOS | EU | Static,32,151.03,604.42
2025-10-17,GG-200344,UAC - Value | Android | LATAM | Static,212,609.03,2969.02
2025-10-17,GG-200345,UAC - Installs | iOS | EU | Playables,162,613.51,3173.07
2025-10-17,GG-200346,Search - Brand - Exact | iOS | APAC | UGC,25,63.68,198.75
2025-10-17,GG-200347,UAC - Installs | Android | APAC | Playables,111,347.86,1743.82
2025-10-17,GG-200348,UAC - Installs | iOS | APAC | UGC,60,255.05,927.62
2025-10-17,GG-200349,UAC - Installs | Android | US | UGC,153,659.25,2118.83
2025-10-18,FB-100000,UA - Retargeting - Value | Android | US | Carousel,57,229.13,1303.29
2025-10-18,FB-100001,UA - Prospecting - Broad | Android | EU | Video,146,528.75,2046.79
2025-10-18,FB-100002,UA - Prospecting - Broad | iOS | US | Video,71,313.59,1074.36
2025-10-18,FB-100003,UA - Prospecting - Broad | Android | EU | Playables,51,145.34,627.58
2025-10-18,FB-100004,UA - Retargeting - Value | Android | MENA | UGC,92,421.99,1898.53
2025-10-18,FB-100005,UA - Prospecting - Broad | iOS | MENA | Carousel,27,75.58,276.85
2025-10-18,FB-100006,UA - Lookalike - 1% | Android | APAC | Carousel,86,234.57,1153.15
2025-10-18,FB-100007,UA - Prospecting - Broad | Android | EU | Carousel,17,69.34,291.16
2025-10-18,FB-100008,UA - Lookalike - 1% | Android | APAC | Video,101,394.53,1790.38
2025-10-18,FB-100009,UA - Prospecting - Broad | iOS | MENA | Carousel,13,54.13,260.96
2025-10-18,FB-100010,UA - Lookalike - 5% | iOS | MENA | Video,57,150.63,636.11
2025-10-18,FB-100011,UA - Lookalike - 1% | Android | MENA | Carousel,55,126.62,611.19
2025-10-18,FB-100012,UA - Retargeting - Value | Android | US | Video,64,234.43,1047.2
2025-10-18,FB-100013,UA - Prospecting - Broad | iOS | US | Static,95,328.01,1084.07
2025-10-18,FB-100014,UA - Lookalike - 1% | iOS | LATAM | UGC,21,87.89,481.02
2025-10-18,FB-100015,UA - Retargeting - Value | Android | LATAM | Carousel,44,125.73,754.38
2025-10-18,FB-100016,UA - Retargeting - Value | iOS | US | Playables,22,102.32,527.25
2025-10-18,FB-100017,UA - Lookalike - 5% | Android | EU | UGC,112,471.16,2011.38
2025-10-18,FB-100018,UA - Lookalike - 1% | iOS | MENA | Static,9,37.14,179.98
2025-10-18,FB-100019,UA - Lookalike - 1% | Android | EU | Video,94,373.58,1687.09
2025-10-18,FB-100020,UA - Retargeting - Value | iOS | LATAM | Video,13,67.92,303.67
2025-10-18,FB-100021,UA - Lookalike - 5% | iOS | EU | UGC,136,642.36,2666.44
2025-10-18,FB-100022,UA - Retargeting - Value | iOS | EU | Carousel,46,205.5,966.47
2025-10-18,FB-100023,UA - Lookalike - 1% | Android | MENA | Playables,35,96.11,422.02
2025-10-18,FB-100024,UA - Lookalike - 1% | iOS | MENA | UGC,45,169.51,552.43
2025-10-18,FB-100025,UA - Lookalike - 5% | Android | EU | Playables,61,217.82,785.89
2025-10-18,FB-100026,UA - Retargeting - Value | Android | US | Video,46,225.3,1294.35
2025-10-18,FB-100027,UA - Prospecting - Broad | Android | APAC | Playables,65,162.62,839.12
2025-10-18,FB-100028,UA - Lookalike - 5% | iOS | APAC | Playables,147,600.91,2609.15
2025-10-18,FB-100029,UA - Prospecting - Broad | iOS | MENA | Video,38,159.12,521.91
2025-10-18,FB-100030,UA - Lookalike - 1% | iOS | LATAM | Video,27,98.23,488.6
2025-10-18,FB-100031,UA - Prospecting - Broad | iOS | EU | UGC,21,71.47,289.31
2025-10-18,FB-100032,UA - Prospecting - Broad | iOS | MENA | Static,41,134.34,609.9
2025-10-18,FB-100033,UA - Retargeting - Value | iOS | MENA | Playables,11,41.87,179.62
2025-10-18,FB-100034,UA - Prospecting - Broad | Android | LATAM | Static,85,332.37,1051.29
2025-10-18,FB-100035,UA - Prospecting - Broad | iOS | APAC | Video,19,77.21,416.55
2025-10-18,FB-100036,UA - Prospecting - Broad | iOS | LATAM | Static,148,643.02,2120.68
2025-10-18,FB-100037,UA - Prospecting - Broad | Android | MENA | Video,60,155.57,855.01
2025-10-18,FB-100038,UA - Retargeting - Value | iOS | US | Playables,12,60.69,327.73
2025-10-18,FB-100039,UA - Retargeting - Value | Android | APAC | Playables,11,50.66,294.23
2025-10-18,FB-100040,UA - Lookalike - 5% | iOS | MENA | Playables,113,444.21,1786.17
2025-10-18,FB-100041,UA - Lookalike - 1% | Android | MENA | Static,60,153.1,676.24
2025-10-18,FB-100042,UA - Lookalike - 5% | iOS | LATAM | UGC,102,356.35,1802.77
2025-10-18,FB-100043,UA - Prospecting - Broad | Android | EU | Static,29,105.13,446.17
2025-10-18,FB-100044,UA - Retargeting - Value | iOS | US | Playables,84,436.69,2211.4
2025-10-18,FB-100045,UA - Prospecting - Broad | Android | US | Video,64,236.68,1298.9
2025-10-18,FB-100046,UA - Lookalike - 1% | Android | US | Video,59,182.88,718.17
2025-10-18,FB-100047,UA - Lookalike - 1% | Android | MENA | Static,26,101.68,455.42
2025-10-18,FB-100048,UA - Retargeting - Value | iOS | EU | Playables,16,80.03,430.8
2025-10-18,FB-100049,UA - Lookalike - 5% | iOS | EU | UGC,91,293.64,1020.11
2025-10-18,FB-100050,UA - Lookalike - 5% | Android | US | Video,55,243.79,1113.63
2025-10-18,FB-100051,UA - Lookalike - 5% | iOS | APAC | UGC,28,94.01,310.99
2025-10-18,FB-100052,UA - Lookalike - 5% | Android | US | Video,61,267.47,1316.22
2025-10-18,FB-100053,UA - Retargeting - Value | iOS | US | Static,76,326.15,1352.87
2025-10-18,FB-100054,UA - Retargeting - Value | Android | MENA | UGC,31,117.0,558.79
2025-10-18,FB-100055,UA - Lookalike - 5% | iOS | EU | Carousel,67,232.56,767.91
2025-10-18,FB-100056,UA - Prospecting - Broad | Android | US | UGC,56,250.11,945.92
2025-10-18,FB-100057,UA - Prospecting - Broad | Android | MENA | Video,29,82.5,417.78
2025-10-18,FB-100058,UA - Lookalike - 5% | Android | EU | UGC,99,391.56,1265.52
2025-10-18,FB-100059,UA - Prospecting - Broad | iOS | EU | UGC,97,456.51,1568.57
2025-10-18,FB-100060,UA - Lookalike - 5% | Android | APAC | Video,21,45.61,138.84
2025-10-18,FB-100061,UA - Lookalike - 5% | iOS | APAC | Carousel,64,240.03,971.88
2025-10-18,FB-100062,UA - Lookalike - 1% | iOS | EU | Static,38,148.86,722.27
2025-10-18,FB-100063,UA - Prospecting - Broad | Android | US | Playables,144,569.12,1988.51
2025-10-18,FB-100064,UA - Lookalike - 5% | iOS | US | Video,104,365.81,1865.27
2025-10-18,FB-100065,UA - Prospecting - Broad | Android | US | Playables,40,100.79,358.51
2025-10-18,FB-100066,UA - Prospecting - Broad | Android | US | Playables,128,575.37,1979.85
2025-10-18,FB-100067,UA - Retargeting - Value | Android | APAC | Video,14,42.02,223.38
2025-10-18,FB-100068,UA - Lookalike - 5% | Android | MENA | Video,32,86.01,269.13
2025-10-18,FB-100069,UA - Lookalike - 1% | iOS | LATAM | Static,78,240.56,904.02
2025-10-18,FB-100070,UA - Retargeting - Value | Android | LATAM | UGC,36,154.24,707.81
2025-10-18,FB-100071,UA - Prospecting - Broad | iOS | APAC | Carousel,173,460.54,1653.34
2025-10-18,FB-100072,UA - Prospecting - Broad | Android | APAC | Playables,143,480.78,2505.34
2025-10-18,FB-100073,UA - Lookalike - 1% | Android | MENA | Static,54,174.02,655.53
2025-10-18,FB-100074,UA - Retargeting - Value | Android | LATAM | Video,25,87.78,484.19
2025-10-18,FB-100075,UA - Lookalike - 5% | iOS | LATAM | Static,17,69.23,271.87
2025-10-18,FB-100076,UA - Prospecting - Broad | iOS | MENA | Playables,59,187.05,564.7
2025-10-18,FB-100077,UA - Lookalike - 1% | iOS | US | Static,27,127.37,670.6
2025-10-18,FB-100078,UA - Retargeting - Value | Android | US | Playables,54,270.31,1126.11
2025-10-18,FB-100079,UA - Retargeting - Value | iOS | LATAM | Playables,15,58.59,260.55
2025-10-18,FB-100080,UA - Lookalike - 5% | iOS | EU | Carousel,99,439.21,1614.54
2025-10-18,FB-100081,UA - Lookalike - 5% | iOS | US | Video,17,57.31,256.75
2025-10-18,FB-100082,UA - Lookalike - 1% | iOS | US | Video,31,98.25,441.83
2025-10-18,FB-100083,UA - Lookalike - 5% | Android | LATAM | Static,167,430.46,2011.97
2025-10-18,FB-100084,UA - Prospecting - Broad | iOS | MENA | Video,33,89.07,314.42
2025-10-18,FB-100085,UA - Prospecting - Broad | Android | EU | Playables,116,409.25,2093.72
2025-10-18,FB-100086,UA - Retargeting - Value | iOS | MENA | Playables,54,209.93,969.25
2025-10-18,FB-100087,UA - Lookalike - 1% | iOS | EU | Video,109,395.65,1291.01
2025-10-18,FB-100088,UA - Retargeting - Value | iOS | US | Carousel,10,42.21,253.26
2025-10-18,FB-100089,UA - Lookalike - 5% | Android | US | Carousel,112,470.65,2177.23
2025-10-18,FB-100090,UA - Retargeting - Value | Android | EU | Static,102,447.33,2546.65
2025-10-18,FB-100091,UA - Lookalike - 1% | iOS | US | Static,67,277.91,867.64
2025-10-18,FB-100092,UA - Retargeting - Value | iOS | EU | Carousel,10,44.3,209.14
2025-10-18,FB-100093,UA - Lookalike - 5% | Android | APAC | Video,78,256.67,1391.66
2025-10-18,FB-100094,UA - Lookalike - 1% | Android | EU | UGC,108,426.71,2225.72
2025-10-18,FB-100095,UA - Prospecting - Broad | iOS | EU | Static,73,351.84,1103.37
2025-10-18,FB-100096,UA - Lookalike - 1% | Android | APAC | Carousel,63,158.99,671.89
2025-10-18,FB-100097,UA - Lookalike - 5% | Android | LATAM | Carousel,44,117.88,424.49
2025-10-18,FB-100098,UA - Lookalike - 1% | iOS | US | Video,23,74.67,274.19
2025-10-18,FB-100099,UA - Prospecting - Broad | Android | MENA | Carousel,31,120.47,551.51
2025-10-18,FB-100100,UA - Lookalike - 1% | Android | MENA | UGC,54,153.68,794.06
2025-10-18,FB-100101,UA - Prospecting - Broad | iOS | APAC | Playables,104,440.13,1731.47
2025-10-18,FB-100102,UA - Lookalike - 1% | iOS | MENA | Static,13,49.08,170.8
2025-10-18,FB-100103,UA - Retargeting - Value | Android | APAC | Video,76,304.29,1813.57
2025-10-18,FB-100104,UA - Lookalike - 1% | iOS | APAC | Video,24,107.93,382.29
2025-10-18,FB-100105,UA - Lookalike - 1% | iOS | US | Carousel,107,438.3,2287.93
2025-10-18,FB-100106,UA - Lookalike - 1% | iOS | LATAM | UGC,217,915.24,4327.25
2025-10-18,FB-100107,UA - Lookalike - 5% | Android | EU | UGC,125,416.57,1651.28
2025-10-18,FB-100108,UA - Lookalike - 1% | Android | MENA | Playables,27,71.3,320.42
2025-10-18,FB-100109,UA - Lookalike - 1% | iOS | MENA | Video,23,63.95,238.79
2025-10-18,FB-100110,UA - Lookalike - 1% | iOS | EU | UGC,71,245.69,968.51
2025-10-18,FB-100111,UA - Retargeting - Value | iOS | APAC | UGC,26,111.29,523.62
2025-10-18,FB-100112,UA - Lookalike - 1% | iOS | EU | Video,43,136.77,722.83
2025-10-18,FB-100113,UA - Lookalike - 1% | iOS | US | Static,47,179.84,928.51
2025-10-18,FB-100114,UA - Prospecting - Broad | Android | EU | Static,28,77.6,360.14
2025-10-18,FB-100115,UA - Prospecting - Broad | Android | EU | UGC,39,115.37,448.44
2025-10-18,FB-100116,UA - Retargeting - Value | iOS | APAC | Playables,10,51.15,264.24
2025-10-18,FB-100117,UA - Retargeting - Value | iOS | APAC | UGC,44,176.99,893.45
2025-10-18,FB-100118,UA - Lookalike - 5% | Android | US | Video,31,125.08,403.26
2025-10-18,FB-100119,UA - Lookalike - 5% | Android | EU | Playables,78,330.24,1728.48
2025-10-18,FB-100120,UA - Prospecting - Broad | Android | MENA | Static,32,97.67,380.72
2025-10-18,FB-100121,UA - Lookalike - 1% | iOS | EU | UGC,26,89.17,366.31
2025-10-18,FB-100122,UA - Lookalike - 5% | iOS | MENA | Playables,39,129.49,513.04
2025-10-18,FB-100123,UA - Lookalike - 5% | iOS | EU | UGC,67,242.19,1061.52
2025-10-18,FB-100124,UA - Lookalike - 5% | iOS | EU | Carousel,28,98.04,299.51
2025-10-18,FB-100125,UA - Prospecting - Broad | Android | LATAM | UGC,83,170.66,922.25
2025-10-18,FB-100126,UA - Lookalike - 1% | iOS | EU | Carousel,136,488.47,1601.2
2025-10-18,FB-100127,UA - Retargeting - Value | iOS | MENA | Video,14,59.05,344.67
2025-10-18,FB-100128,UA - Retargeting - Value | Android | EU | UGC,62,278.63,1152.69
2025-10-18,FB-100129,UA - Lookalike - 5% | Android | US | UGC,162,587.51,3166.09
2025-10-18,FB-100130,UA - Lookalike - 5% | iOS | MENA | UGC,59,237.12,1107.59
2025-10-18,FB-100131,UA - Lookalike - 5% | Android | EU | UGC,124,466.95,1849.12
2025-10-18,FB-100132,UA - Lookalike - 5% | Android | MENA | UGC,131,353.8,1870.89
2025-10-18,FB-100133,UA - Lookalike - 5% | Android | LATAM | Carousel,85,203.27,633.19
2025-10-18,FB-100134,UA - Retargeting - Value | iOS | MENA | Playables,17,61.03,334.51
2025-10-18,FB-100135,UA - Lookalike - 5% | iOS | EU | Carousel,18,76.57,273.97
2025-10-18,FB-100136,UA - Lookalike - 1% | iOS | US | UGC,117,412.05,1501.51
2025-10-18,FB-100137,UA - Retargeting - Value | iOS | EU | UGC,23,86.91,521.46
2025-10-18,FB-100138,UA - Prospecting - Broad | Android | APAC | Playables,57,214.68,957.9
2025-10-18,FB-100139,UA - Lookalike - 5% | Android | APAC | Static,118,466.01,2051.38
2025-10-18,FB-100140,UA - Lookalike - 5% | Android | US | Carousel,63,204.3,649.47
2025-10-18,FB-100141,UA - Lookalike - 1% | iOS | EU | UGC,42,148.22,697.52
2025-10-18,FB-100142,UA - Lookalike - 5% | iOS | APAC | Carousel,49,202.72,1023.74
2025-10-18,FB-100143,UA - Prospecting - Broad | iOS | US | UGC,165,512.77,2154.66
2025-10-18,FB-100144,UA - Prospecting - Broad | Android | LATAM | Static,27,105.3,502.39
2025-10-18,FB-100145,UA - Retargeting - Value | Android | US | Static,76,265.61,1593.66
2025-10-18,FB-100146,UA - Retargeting - Value | Android | MENA | Static,49,160.45,845.41
2025-10-18,FB-100147,UA - Retargeting - Value | Android | APAC | Video,17,71.8,300.41
2025-10-18,FB-100148,UA - Retargeting - Value | iOS | LATAM | Carousel,31,149.77,653.45
2025-10-18,FB-100149,UA - Prospecting - Broad | Android | EU | Carousel,52,135.51,445.01
2025-10-18,FB-100150,UA - Lookalike - 5% | Android | LATAM | Playables,160,536.08,2422.01
2025-10-18,FB-100151,UA - Retargeting - Value | iOS | EU | Video,35,138.17,692.78
2025-10-18,FB-100152,UA - Prospecting - Broad | Android | LATAM | Playables,80,162.5,623.02
2025-10-18,FB-100153,UA - Lookalike - 5% | Android | LATAM | Playables,80,277.71,1391.88
2025-10-18,FB-100154,UA - Lookalike - 1% | iOS | US | Playables,117,495.11,2343.36
2025-10-18,FB-100155,UA - Prospecting - Broad | Android | APAC | UGC,79,251.39,1252.93
2025-10-18,FB-100156,UA - Retargeting - Value | iOS | LATAM | UGC,15,49.41,296.46
2025-10-18,FB-100157,UA - Lookalike - 1% | iOS | EU | Playables,168,809.19,3831.51
2025-10-18,FB-100158,UA - Lookalike - 1% | iOS | APAC | UGC,168,436.5,1937.19
2025-10-18,FB-100159,UA - Lookalike - 1% | iOS | EU | Video,130,475.76,2297.45
2025-10-18,FB-100160,UA - Lookalike - 5% | iOS | EU | UGC,133,536.23,2236.08
2025-10-18,FB-100161,UA - Lookalike - 1% | iOS | US | UGC,87,421.06,2245.93
2025-10-18,FB-100162,UA - Lookalike - 1% | Android | APAC | Static,79,174.7,765.71
2025-10-18,FB-100163,UA - Lookalike - 1% | iOS | LATAM | Carousel,80,357.46,1550.66
2025-10-18,FB-100164,UA - Prospecting - Broad | Android | MENA | Static,19,72.03,371.75
2025-10-18,FB-100165,UA - Retargeting - Value | Android | APAC | UGC,38,147.92,699.07
2025-10-18,FB-100166,UA - Prospecting - Broad | iOS | APAC | UGC,103,398.89,1755.12
2025-10-18,FB-100167,UA - Lookalike - 5% | Android | LATAM | Static,99,289.46,1567.14
2025-10-18,FB-100168,UA - Lookalike - 1% | Android | LATAM | Playables,47,145.42,542.56
2025-10-18,FB-100169,UA - Lookalike - 1% | iOS | MENA | Playables,39,170.97,587.28
2025-10-18,FB-100170,UA - Lookalike - 1% | iOS | MENA | Carousel,106,378.9,1991.5
2025-10-18,FB-100171,UA - Lookalike - 1% | iOS | LATAM | Carousel,118,430.42,2232.16
2025-10-18,FB-100172,UA - Lookalike - 1% | Android | US | Static,199,808.2,3572.24
2025-10-18,FB-100173,UA - Retargeting - Value | Android | MENA | Static,46,205.37,1193.41
2025-10-18,FB-100174,UA - Lookalike - 1% | Android | APAC | Carousel,43,169.52,691.81
2025-10-18,FB-100175,UA - Retargeting - Value | Android | EU | Carousel,51,202.86,1104.17
2025-10-18,FB-100176,UA - Prospecting - Broad | iOS | EU | Carousel,45,223.45,1131.77
2025-10-18,FB-100177,UA - Prospecting - Broad | Android | LATAM | Video,136,273.09,1092.91
2025-10-18,FB-100178,UA - Prospecting - Broad | iOS | EU | UGC,100,488.63,2307.8
2025-10-18,FB-100179,UA - Lookalike - 5% | Android | MENA | Carousel,33,116.48,614.43
2025-10-18,FB-100180,UA - Retargeting - Value | iOS | APAC | Carousel,78,375.27,1528.47
2025-10-18,FB-100181,UA - Prospecting - Broad | Android | LATAM | UGC,22,76.09,406.55
2025-10-18,FB-100182,UA - Prospecting - Broad | Android | APAC | UGC,62,124.33,547.55
2025-10-18,FB-100183,UA - Lookalike - 1% | Android | EU | Static,163,462.33,2247.39
2025-10-18,FB-100184,UA - Lookalike - 5% | Android | EU | Video,75,273.52,1375.26
2025-10-18,FB-100185,UA - Lookalike - 5% | Android | MENA | UGC,38,140.86,710.22
2025-10-18,FB-100186,UA - Lookalike - 5% | iOS | LATAM | Playables,128,447.21,2228.89
2025-10-18,FB-100187,UA - Prospecting - Broad | iOS | MENA | Playables,89,390.54,1230.98
2025-10-18,FB-100188,UA - Lookalike - 1% | Android | EU | Static,190,719.04,3741.17
2025-10-18,FB-100189,UA - Retargeting - Value | Android | EU | Static,44,219.02,1176.79
2025-10-18,FB-100190,UA - Lookalike - 5% | Android | EU | Video,231,747.86,3280.11
2025-10-18,FB-100191,UA - Lookalike - 1% | iOS | MENA | UGC,63,256.99,1038.5
2025-10-18,FB-100192,UA - Lookalike - 1% | Android | EU | Carousel,58,260.37,888.64
2025-10-18,FB-100193,UA - Lookalike - 1% | iOS | US | Static,47,228.58,1255.13
2025-10-18,FB-100194,UA - Retargeting - Value | Android | APAC | Video,37,168.19,798.23
2025-10-18,FB-100195,UA - Prospecting - Broad | Android | LATAM | Static,17,39.11,151.04
2025-10-18,FB-100196,UA - Lookalike - 1% | Android | EU | Carousel,104,436.78,1435.7
2025-10-18,FB-100197,UA - Lookalike - 1% | iOS | US | UGC,77,258.5,840.9
2025-10-18,FB-100198,UA - Lookalike - 5% | iOS | LATAM | Playables,22,59.06,260.04
2025-10-18,FB-100199,UA - Prospecting - Broad | iOS | US | Playables,14,43.94,166.09
2025-10-18,FB-100200,UA - Lookalike - 1% | iOS | LATAM | Playables,32,137.8,515.79
2025-10-18,FB-100201,UA - Prospecting - Broad | Android | US | Static,56,171.96,923.94
2025-10-18,FB-100202,UA - Retargeting - Value | iOS | MENA | Video,75,357.65,2145.9
2025-10-18,FB-100203,UA - Lookalike - 1% | iOS | MENA | UGC,16,57.78,244.24
2025-10-18,FB-100204,UA - Lookalike - 5% | Android | MENA | UGC,42,108.19,420.32
2025-10-18,FB-100205,UA - Lookalike - 5% | Android | APAC | Carousel,75,179.99,854.23
2025-10-18,FB-100206,UA - Retargeting - Value | iOS | LATAM | Video,12,52.4,219.77
2025-10-18,FB-100207,UA - Lookalike - 1% | iOS | APAC | UGC,39,107.78,483.07
2025-10-18,FB-100208,UA - Lookalike - 5% | iOS | MENA | Video,49,205.85,730.97
2025-10-18,FB-100209,UA - Lookalike - 1% | Android | LATAM | Carousel,33,85.62,399.85
2025-10-18,FB-100210,UA - Prospecting - Broad | Android | APAC | Playables,116,400.04,1490.95
2025-10-18,FB-100211,UA - Retargeting - Value | iOS | APAC | Video,85,373.39,2240.34
2025-10-18,FB-100212,UA - Lookalike - 5% | iOS | MENA | UGC,126,406.67,1532.74
2025-10-18,FB-100213,UA - Retargeting - Value | Android | EU | Carousel,94,313.41,1324.16
2025-10-18,FB-100214,UA - Prospecting - Broad | iOS | APAC | UGC,60,219.39,1048.9
2025-10-18,FB-100215,UA - Retargeting - Value | Android | MENA | Static,37,128.09,602.15
2025-10-18,FB-100216,UA - Lookalike - 5% | iOS | MENA | Video,33,88.62,332.95
2025-10-18,FB-100217,UA - Lookalike - 5% | Android | EU | Video,76,300.41,1110.32
2025-10-18,FB-100218,UA - Lookalike - 1% | Android | EU | UGC,131,522.14,1826.97
2025-10-18,FB-100219,UA - Lookalike - 5% | iOS | APAC | UGC,64,241.24,796.09
2025-10-18,FB-100220,UA - Retargeting - Value | Android | APAC | Playables,23,101.74,492.01
2025-10-18,FB-100221,UA - Retargeting - Value | iOS | EU | Playables,52,233.03,1376.97
2025-10-18,FB-100222,UA - Lookalike - 1% | Android | LATAM | UGC,137,370.85,1687.0
2025-10-18,FB-100223,UA - Lookalike - 1% | iOS | US | Carousel,62,212.86,774.6
2025-10-18,FB-100224,UA - Lookalike - 5% | iOS | EU | UGC,75,364.99,1288.05
2025-10-18,FB-100225,UA - Lookalike - 5% | iOS | LATAM | Playables,47,157.9,582.34
2025-10-18,FB-100226,UA - Retargeting - Value | iOS | LATAM | Static,102,340.39,1938.18
2025-10-18,FB-100227,UA - Prospecting - Broad | iOS | EU | UGC,112,358.32,1784.43
2025-10-18,FB-100228,UA - Lookalike - 5% | iOS | APAC | UGC,67,266.73,1180.55
2025-10-18,FB-100229,UA - Retargeting - Value | Android | APAC | Video,20,72.34,350.49
2025-10-18,FB-100230,UA - Prospecting - Broad | iOS | US | UGC,27,122.43,429.97
2025-10-18,FB-100231,UA - Lookalike - 5% | iOS | US | Static,30,122.24,487.98
2025-10-18,FB-100232,UA - Lookalike - 1% | Android | US | UGC,76,315.13,1460.94
2025-10-18,FB-100233,UA - Prospecting - Broad | iOS | MENA | UGC,55,233.72,759.36
2025-10-18,FB-100234,UA - Lookalike - 1% | iOS | MENA | UGC,220,602.01,2158.81
2025-10-18,FB-100235,UA - Prospecting - Broad | iOS | MENA | Video,12,51.24,198.56
2025-10-18,FB-100236,UA - Prospecting - Broad | Android | LATAM | Static,144,345.27,1128.34
2025-10-18,FB-100237,UA - Lookalike - 5% | iOS | US | Video,51,226.68,1166.95
2025-10-18,FB-100238,UA - Prospecting - Broad | Android | LATAM | Video,61,135.57,474.9
2025-10-18,FB-100239,UA - Lookalike - 1% | iOS | US | Carousel,55,230.17,1239.7
2025-10-18,FB-100240,UA - Retargeting - Value | iOS | APAC | Static,6,27.85,112.04
2025-10-18,FB-100241,UA - Retargeting - Value | iOS | MENA | Static,90,460.62,2271.32
2025-10-18,FB-100242,UA - Lookalike - 5% | Android | US | Playables,46,193.23,670.89
2025-10-18,FB-100243,UA - Retargeting - Value | Android | APAC | Playables,14,55.91,232.47
2025-10-18,FB-100244,UA - Lookalike - 5% | Android | APAC | Carousel,56,171.95,660.29
2025-10-18,FB-100245,UA - Lookalike - 1% | iOS | US | UGC,38,170.7,899.93
2025-10-18,FB-100246,UA - Lookalike - 1% | Android | US | UGC,100,347.3,1043.64
2025-10-18,FB-100247,UA - Lookalike - 5% | iOS | APAC | Carousel,26,96.01,403.53
2025-10-18,FB-100248,UA - Lookalike - 5% | iOS | EU | UGC,85,320.75,1286.21
2025-10-18,FB-100249,UA - Lookalike - 1% | Android | EU | UGC,53,175.37,604.33
2025-10-18,FB-100250,UA - Lookalike - 5% | iOS | LATAM | Video,38,145.81,503.63
2025-10-18,FB-100251,UA - Prospecting - Broad | iOS | US | Playables,29,130.06,681.38
2025-10-18,FB-100252,UA - Lookalike - 1% | iOS | LATAM | Static,103,288.21,1437.3
2025-10-18,FB-100253,UA - Lookalike - 1% | Android | EU | Playables,130,518.22,2538.76
2025-10-18,FB-100254,UA - Lookalike - 1% | Android | US | Video,38,164.49,651.54
2025-10-18,FB-100255,UA - Lookalike - 1% | iOS | US | Playables,68,331.05,1504.62
2025-10-18,FB-100256,UA - Lookalike - 1% | Android | US | Carousel,57,230.8,926.66
2025-10-18,FB-100257,UA - Retargeting - Value | iOS | EU | Static,35,146.85,881.1
2025-10-18,FB-100258,UA - Lookalike - 1% | iOS | MENA | Playables,99,386.78,1382.74
2025-10-18,FB-100259,UA - Lookalike - 1% | Android | LATAM | UGC,39,136.11,642.3
2025-10-18,FB-100260,UA - Prospecting - Broad | iOS | US | UGC,37,112.1,390.11
2025-10-18,FB-100261,UA - Lookalike - 1% | Android | EU | UGC,101,433.62,1718.87
2025-10-18,FB-100262,UA - Lookalike - 1% | Android | APAC | Video,124,404.55,1826.54
2025-10-18,FB-100263,UA - Lookalike - 1% | Android | APAC | Carousel,107,425.46,1414.65
2025-10-18,FB-100264,UA - Retargeting - Value | iOS | LATAM | Video,42,199.42,928.9
2025-10-18,FB-100265,UA - Lookalike - 1% | iOS | US | Playables,66,260.14,1156.58
2025-10-18,FB-100266,UA - Lookalike - 1% | Android | US | UGC,127,382.47,1892.46
2025-10-18,FB-100267,UA - Prospecting - Broad | iOS | US | Static,17,77.72,254.61
2025-10-18,FB-100268,UA - Prospecting - Broad | Android | LATAM | UGC,89,224.7,1085.98
2025-10-18,FB-100269,UA - Retargeting - Value | Android | EU | Playables,64,211.73,1038.11
2025-10-18,FB-100270,UA - Lookalike - 5% | iOS | APAC | Carousel,75,204.88,670.57
2025-10-18,FB-100271,UA - Lookalike - 5% | Android | APAC | Video,167,547.23,2063.6
2025-10-18,FB-100272,UA - Lookalike - 1% | iOS | LATAM | Video,28,117.73,417.24
2025-10-18,FB-100273,UA - Retargeting - Value | Android | APAC | UGC,68,213.23,1094.51
2025-10-18,FB-100274,UA - Lookalike - 1% | iOS | US | Carousel,89,437.25,1319.62
2025-10-18,FB-100275,UA - Retargeting - Value | Android | APAC | Carousel,154,663.91,3983.46
2025-10-18,FB-100276,UA - Retargeting - Value | Android | APAC | Video,68,294.93,1769.58
2025-10-18,FB-100277,UA - Retargeting - Value | Android | US | Carousel,30,106.49,434.27
2025-10-18,FB-100278,UA - Prospecting - Broad | Android | MENA | Static,25,96.13,525.73
2025-10-18,FB-100279,UA - Retargeting - Value | Android | MENA | Static,109,377.82,2266.92
2025-10-18,FB-100280,UA - Prospecting - Broad | iOS | EU | Playables,26,106.67,414.73
2025-10-18,FB-100281,UA - Lookalike - 1% | iOS | EU | Static,98,458.93,1745.77
2025-10-18,FB-100282,UA - Retargeting - Value | Android | US | Video,92,405.32,1809.75
2025-10-18,FB-100283,UA - Lookalike - 1% | Android | LATAM | Static,75,185.75,860.02
2025-10-18,FB-100284,UA - Prospecting - Broad | Android | EU | Carousel,43,125.22,376.79
2025-10-18,FB-100285,UA - Prospecting - Broad | Android | APAC | Playables,39,153.38,596.65
2025-10-18,FB-100286,UA - Lookalike - 1% | Android | APAC | UGC,79,220.09,888.06
2025-10-18,FB-100287,UA - Retargeting - Value | Android | APAC | Playables,8,29.56,177.06
2025-10-18,FB-100288,UA - Lookalike - 5% | Android | MENA | Carousel,46,130.07,469.29
2025-10-18,FB-100289,UA - Lookalike - 5% | Android | US | UGC,116,435.34,1801.0
2025-10-18,FB-100290,UA - Lookalike - 5% | iOS | US | UGC,217,1070.79,3391.19
2025-10-18,FB-100291,UA - Retargeting - Value | Android | US | Carousel,67,285.67,1598.89
2025-10-18,FB-100292,UA - Lookalike - 1% | Android | EU | Carousel,48,204.25,658.71
2025-10-18,FB-100293,UA - Lookalike - 1% | iOS | MENA | Playables,162,665.58,2746.85
2025-10-18,FB-100294,UA - Lookalike - 5% | iOS | MENA | Playables,56,203.36,741.25
2025-10-18,FB-100295,UA - Retargeting - Value | Android | US | Playables,3,12.31,73.86
2025-10-18,FB-100296,UA - Lookalike - 5% | iOS | APAC | Static,196,756.78,2703.22
2025-10-18,FB-100297,UA - Lookalike - 5% | iOS | APAC | UGC,23,72.62,278.57
2025-10-18,FB-100298,UA - Lookalike - 1% | Android | LATAM | UGC,60,207.27,649.79
2025-10-18,FB-100299,UA - Lookalike - 5% | iOS | LATAM | Static,27,95.25,441.01
2025-10-18,FB-100300,UA - Prospecting - Broad | Android | US | Video,50,193.73,973.11
2025-10-18,FB-100301,UA - Retargeting - Value | iOS | US | Carousel,55,228.81,1102.64
2025-10-18,FB-100302,UA - Lookalike - 1% | Android | MENA | Playables,135,481.87,2534.64
2025-10-18,FB-100303,UA - Lookalike - 5% | Android | APAC | Carousel,97,350.71,1062.65
2025-10-18,FB-100304,UA - Lookalike - 1% | Android | LATAM | Playables,59,221.39,1058.02
2025-10-18,FB-100305,UA - Retargeting - Value | iOS | US | Playables,6,29.12,136.54
2025-10-18,FB-100306,UA - Prospecting - Broad | Android | APAC | Static,38,96.78,511.1
2025-10-18,FB-100307,UA - Prospecting - Broad | iOS | MENA | Carousel,67,181.07,629.22
2025-10-18,FB-100308,UA - Lookalike - 5% | iOS | MENA | Static,42,159.69,511.17
2025-10-18,FB-100309,UA - Prospecting - Broad | Android | MENA | Carousel,45,174.01,582.24
2025-10-18,FB-100310,UA - Lookalike - 1% | Android | LATAM | Carousel,119,463.2,1591.56
2025-10-18,FB-100311,UA - Retargeting - Value | iOS | US | Static,20,99.66,594.97
2025-10-18,FB-100312,UA - Prospecting - Broad | iOS | US | Static,72,262.81,1054.92
2025-10-18,FB-100313,UA - Lookalike - 5% | Android | MENA | Static,40,97.22,311.3
2025-10-18,FB-100314,UA - Retargeting - Value | iOS | APAC | Carousel,16,59.81,351.02
2025-10-18,FB-100315,UA - Prospecting - Broad | iOS | LATAM | Carousel,175,650.26,2953.48
2025-10-18,FB-100316,UA - Prospecting - Broad | Android | EU | Static,175,525.16,2430.44
2025-10-18,FB-100317,UA - Lookalike - 5% | Android | LATAM | UGC,79,233.89,1213.42
2025-10-18,FB-100318,UA - Lookalike - 5% | iOS | MENA | UGC,110,418.79,1963.29
2025-10-18,FB-100319,UA - Prospecting - Broad | iOS | EU | Playables,115,461.76,1898.3
2025-10-18,FB-100320,UA - Lookalike - 1% | iOS | APAC | Video,140,518.14,1680.33
2025-10-18,FB-100321,UA - Prospecting - Broad | iOS | MENA | Carousel,17,43.99,182.47
2025-10-18,FB-100322,UA - Prospecting - Broad | Android | APAC | Playables,21,51.67,283.05
2025-10-18,FB-100323,UA - Retargeting - Value | Android | EU | Carousel,49,240.34,1378.59
2025-10-18,FB-100324,UA - Lookalike - 1% | Android | LATAM | Carousel,11,37.98,178.43
2025-10-18,FB-100325,UA - Lookalike - 5% | Android | US | UGC,66,182.52,733.0
2025-10-18,FB-100326,UA - Retargeting - Value | Android | EU | UGC,45,146.87,881.22
2025-10-18,FB-100327,UA - Prospecting - Broad | iOS | US | UGC,117,449.6,2185.96
2025-10-18,FB-100328,UA - Prospecting - Broad | iOS | US | UGC,40,195.37,795.94
2025-10-18,FB-100329,UA - Lookalike - 5% | iOS | MENA | UGC,49,149.84,536.28
2025-10-18,FB-100330,UA - Lookalike - 5% | iOS | LATAM | Video,73,243.27,1292.01
2025-10-18,FB-100331,UA - Lookalike - 5% | Android | LATAM | Static,210,437.14,1800.58
2025-10-18,FB-100332,UA - Prospecting - Broad | iOS | US | UGC,34,157.12,778.69
2025-10-18,FB-100333,UA - Lookalike - 5% | Android | APAC | Playables,204,542.72,2365.72
2025-10-18,FB-100334,UA - Lookalike - 1% | Android | APAC | Carousel,254,518.16,1897.5
2025-10-18,FB-100335,UA - Prospecting - Broad | Android | LATAM | Static,171,498.67,2272.44
2025-10-18,FB-100336,UA - Retargeting - Value | Android | MENA | Playables,70,205.97,1235.82
2025-10-18,FB-100337,UA - Retargeting - Value | iOS | LATAM | Static,33,109.37,619.58
2025-10-18,FB-100338,UA - Retargeting - Value | Android | EU | Carousel,86,450.49,1852.87
2025-10-18,FB-100339,UA - Prospecting - Broad | Android | MENA | Static,17,54.17,297.66
2025-10-18,FB-100340,UA - Lookalike - 5% | Android | APAC | UGC,101,383.71,2038.65
2025-10-18,FB-100341,UA - Lookalike - 5% | iOS | LATAM | Static,106,424.54,1799.63
2025-10-18,FB-100342,UA - Lookalike - 1% | Android | APAC | UGC,62,228.37,1239.36
2025-10-18,FB-100343,UA - Lookalike - 1% | iOS | MENA | Video,154,503.92,2306.44
2025-10-18,FB-100344,UA - Lookalike - 5% | Android | LATAM | UGC,95,240.45,960.12
2025-10-18,FB-100345,UA - Lookalike - 1% | Android | US | Carousel,41,154.2,705.47
2025-10-18,FB-100346,UA - Lookalike - 5% | Android | US | Playables,214,795.42,4123.46
2025-10-18,FB-100347,UA - Prospecting - Broad | iOS | MENA | Playables,21,83.61,290.29
2025-10-18,FB-100348,UA - Lookalike - 1% | iOS | MENA | Static,45,198.68,860.28
2025-10-18,FB-100349,UA - Prospecting - Broad | iOS | MENA | Static,32,99.98,342.03
2025-10-18,GG-200000,Search - Brand - Exact | iOS | US | Carousel,124,395.94,1911.99
2025-10-18,GG-200001,UAC - Value | Android | US | Static,107,512.1,2417.11
2025-10-18,GG-200002,Search - Non-Brand - Broad | iOS | MENA | Playables,35,146.03,526.0
2025-10-18,GG-200003,UAC - Value | iOS | LATAM | Carousel,160,777.14,4416.49
2025-10-18,GG-200004,Search - Brand - Exact | iOS | LATAM | Playables,170,567.39,2730.28
2025-10-18,GG-200005,Search - Brand - Exact | iOS | US | Carousel,73,291.69,1094.42
2025-10-18,GG-200006,Search - Non-Brand - Broad | iOS | LATAM | Carousel,88,261.36,1281.71
2025-10-18,GG-200007,Search - Non-Brand - Broad | iOS | US | Playables,70,263.1,1051.35
2025-10-18,GG-200008,Search - Non-Brand - Broad | iOS | LATAM | UGC,87,308.34,1511.17
2025-10-18,GG-200009,UAC - Value | Android | LATAM | Playables,66,187.41,923.74
2025-10-18,GG-200010,Search - Brand - Exact | iOS | EU | Playables,34,131.7,492.69
2025-10-18,GG-200011,Search - Brand - Exact | iOS | MENA | Carousel,24,94.54,462.11
2025-10-18,GG-200012,Search - Non-Brand - Broad | iOS | LATAM | Static,38,127.7,396.0
2025-10-18,GG-200013,Search - Non-Brand - Broad | iOS | APAC | Static,76,341.72,1513.48
2025-10-18,GG-200014,UAC - Installs | Android | EU | Video,67,256.73,1125.76
2025-10-18,GG-200015,Search - Brand - Exact | Android | MENA | Playables,80,174.41,443.87
2025-10-18,GG-200016,UAC - Value | iOS | MENA | Static,335,1518.79,7559.02
2025-10-18,GG-200017,Search - Non-Brand - Broad | Android | EU | Static,68,251.93,1055.59
2025-10-18,GG-200018,UAC - Installs | iOS | US | UGC,220,1064.01,3200.54
2025-10-18,GG-200019,UAC - Installs | Android | APAC | Playables,105,301.3,1420.93
2025-10-18,GG-200020,Search - Non-Brand - Broad | iOS | EU | Playables,20,81.17,244.08
2025-10-18,GG-200021,UAC - Installs | iOS | APAC | Static,62,208.05,824.29
2025-10-18,GG-200022,UAC - Value | iOS | APAC | Carousel,159,794.95,4769.7
2025-10-18,GG-200023,Search - Non-Brand - Broad | iOS | EU | Static,92,289.76,970.12
2025-10-18,GG-200024,UAC - Installs | iOS | US | UGC,142,687.29,3718.24
2025-10-18,GG-200025,UAC - Installs | Android | MENA | Video,174,403.66,1368.0
2025-10-18,GG-200026,UAC - Value | Android | EU | Carousel,127,417.12,2380.5
2025-10-18,GG-200027,Search - Non-Brand - Broad | Android | APAC | Video,12,36.14,130.47
2025-10-18,GG-200028,UAC - Value | iOS | LATAM | Video,191,787.17,4608.88
2025-10-18,GG-200029,UAC - Installs | Android | APAC | Playables,69,213.91,1100.14
2025-10-18,GG-200030,UAC - Installs | Android | APAC | Video,85,171.05,724.91
2025-10-18,GG-200031,Search - Brand - Exact | Android | US | Carousel,28,122.69,593.45
2025-10-18,GG-200032,Search - Brand - Exact | iOS | EU | Static,10,46.46,153.74
2025-10-18,GG-200033,UAC - Value | iOS | APAC | Static,102,435.44,2612.64
2025-10-18,GG-200034,Search - Brand - Exact | iOS | MENA | Video,100,426.2,1628.08
2025-10-18,GG-200035,Search - Non-Brand - Broad | Android | LATAM | Static,32,105.75,267.23
2025-10-18,GG-200036,Search - Non-Brand - Broad | iOS | US | Carousel,13,57.19,213.43
2025-10-18,GG-200037,Search - Non-Brand - Broad | iOS | US | Video,125,554.25,2245.27
2025-10-18,GG-200038,Search - Brand - Exact | iOS | MENA | UGC,26,74.15,356.74
2025-10-18,GG-200039,Search - Brand - Exact | Android | APAC | Playables,20,77.78,301.24
2025-10-18,GG-200040,UAC - Value | Android | EU | Carousel,148,658.93,3953.58
2025-10-18,GG-200041,Search - Non-Brand - Broad | Android | MENA | Carousel,45,144.66,702.18
2025-10-18,GG-200042,UAC - Installs | iOS | EU | Video,98,324.04,1429.02
2025-10-18,GG-200043,Search - Brand - Exact | Android | MENA | Playables,35,78.34,242.15
2025-10-18,GG-200044,UAC - Value | iOS | APAC | Video,121,524.5,3147.0
2025-10-18,GG-200045,UAC - Installs | iOS | LATAM | Video,24,85.18,420.28
2025-10-18,GG-200046,Search - Brand - Exact | Android | LATAM | Static,26,81.58,240.33
2025-10-18,GG-200047,UAC - Installs | iOS | EU | Video,61,225.02,998.41
2025-10-18,GG-200048,UAC - Value | iOS | EU | UGC,51,270.87,1209.16
2025-10-18,GG-200049,UAC - Value | Android | EU | Video,64,270.02,1331.74
2025-10-18,GG-200050,Search - Brand - Exact | Android | LATAM | Static,178,552.67,1507.13
2025-10-18,GG-200051,UAC - Installs | Android | US | Carousel,123,358.46,1435.27
2025-10-18,GG-200052,UAC - Installs | iOS | MENA | UGC,47,152.77,716.95
2025-10-18,GG-200053,UAC - Installs | Android | EU | Carousel,64,194.71,998.08
2025-10-18,GG-200054,Search - Brand - Exact | Android | LATAM | Carousel,113,268.56,1178.71
2025-10-18,GG-200055,UAC - Value | iOS | APAC | UGC,62,208.72,1184.28
2025-10-18,GG-200056,UAC - Value | iOS | LATAM | Static,190,979.37,4630.46
2025-10-18,GG-200057,UAC - Installs | iOS | LATAM | Playables,137,502.87,2168.38
2025-10-18,GG-200058,UAC - Value | Android | APAC | Video,57,167.68,1006.08
2025-10-18,GG-200059,UAC - Installs | Android | MENA | Carousel,82,310.67,1642.82
2025-10-18,GG-200060,UAC - Installs | Android | US | Carousel,69,277.44,1374.44
2025-10-18,GG-200061,UAC - Value | iOS | APAC | Playables,192,791.0,4746.0
2025-10-18,GG-200062,UAC - Value | Android | APAC | Carousel,199,833.77,3473.49
2025-10-18,GG-200063,UAC - Value | Android | LATAM | Playables,118,419.53,2517.18
2025-10-18,GG-200064,UAC - Value | iOS | US | Video,41,195.34,1103.08
2025-10-18,GG-200065,Search - Brand - Exact | iOS | MENA | Static,82,274.54,1349.36
2025-10-18,GG-200066,Search - Brand - Exact | Android | MENA | UGC,47,114.21,370.5
2025-10-18,GG-200067,UAC - Installs | Android | US | Static,38,120.63,370.82
2025-10-18,GG-200068,Search - Brand - Exact | iOS | APAC | Playables,48,202.97,1014.44
2025-10-18,GG-200069,UAC - Installs | Android | APAC | Carousel,87,293.07,1391.79
2025-10-18,GG-200070,Search - Non-Brand - Broad | iOS | US | Playables,27,94.9,418.32
2025-10-18,GG-200071,UAC - Installs | iOS | APAC | Carousel,79,315.26,1611.29
2025-10-18,GG-200072,Search - Non-Brand - Broad | Android | US | Video,76,296.81,1328.82
2025-10-18,GG-200073,Search - Brand - Exact | iOS | MENA | UGC,46,178.26,570.97
2025-10-18,GG-200074,Search - Non-Brand - Broad | iOS | LATAM | UGC,81,286.5,997.31
2025-10-18,GG-200075,Search - Brand - Exact | iOS | APAC | Static,45,116.66,519.25
2025-10-18,GG-200076,Search - Non-Brand - Broad | Android | US | UGC,51,220.42,1003.79
2025-10-18,GG-200077,UAC - Installs | iOS | US | Carousel,68,326.62,1590.97
2025-10-18,GG-200078,UAC - Installs | Android | MENA | Playables,74,261.1,1088.0
2025-10-18,GG-200079,UAC - Installs | iOS | EU | Static,169,585.75,2411.53
2025-10-18,GG-200080,Search - Non-Brand - Broad | Android | US | Static,127,569.16,2095.08
2025-10-18,GG-200081,UAC - Installs | Android | APAC | Video,118,432.82,2357.57
2025-10-18,GG-200082,Search - Non-Brand - Broad | iOS | APAC | Playables,49,208.34,859.61
2025-10-18,GG-200083,UAC - Value | Android | US | Carousel,100,409.79,2164.51
2025-10-18,GG-200084,UAC - Value | iOS | MENA | UGC,85,313.56,1446.45
2025-10-18,GG-200085,Search - Brand - Exact | Android | EU | Carousel,51,155.15,427.75
2025-10-18,GG-200086,UAC - Installs | iOS | APAC | Playables,150,456.0,1539.91
2025-10-18,GG-200087,Search - Non-Brand - Broad | Android | MENA | Playables,56,139.14,657.3
2025-10-18,GG-200088,Search - Brand - Exact | Android | APAC | Playables,57,210.09,673.76
2025-10-18,GG-200089,UAC - Installs | Android | MENA | Static,118,372.12,1665.98
2025-10-18,GG-200090,Search - Non-Brand - Broad | Android | EU | Carousel,47,156.77,650.44
2025-10-18,GG-200091,Search - Brand - Exact | iOS | MENA | Carousel,26,103.51,386.51
2025-10-18,GG-200092,UAC - Installs | iOS | EU | Playables,56,268.76,1197.06
2025-10-18,GG-200093,Search - Brand - Exact | Android | LATAM | Playables,59,228.42,1111.95
2025-10-18,GG-200094,Search - Non-Brand - Broad | Android | MENA | Playables,44,171.3,727.85
2025-10-18,GG-200095,UAC - Installs | Android | MENA | Playables,56,157.23,522.95
2025-10-18,GG-200096,Search - Brand - Exact | Android | US | Video,83,324.84,1023.9
2025-10-18,GG-200097,UAC - Value | iOS | EU | Playables,73,374.65,1679.56
2025-10-18,GG-200098,UAC - Installs | Android | APAC | Playables,142,468.23,1950.18
2025-10-18,GG-200099,UAC - Value | iOS | APAC | Static,96,418.71,2512.26
2025-10-18,GG-200100,Search - Brand - Exact | iOS | APAC | Video,76,194.32,744.83
2025-10-18,GG-200101,UAC - Value | Android | APAC | UGC,123,501.07,3006.42
2025-10-18,GG-200102,Search - Non-Brand - Broad | iOS | EU | Carousel,26,104.72,468.31
2025-10-18,GG-200103,UAC - Value | iOS | LATAM | Carousel,120,455.41,2000.16
2025-10-18,GG-200104,Search - Brand - Exact | Android | LATAM | Playables,29,82.32,306.97
2025-10-18,GG-200105,Search - Brand - Exact | iOS | EU | UGC,28,131.13,363.62
2025-10-18,GG-200106,Search - Non-Brand - Broad | iOS | APAC | Static,26,93.26,450.17
2025-10-18,GG-200107,UAC - Value | Android | US | Carousel,135,572.67,2341.65
2025-10-18,GG-200108,UAC - Installs | iOS | EU | Static,237,930.91,4832.35
2025-10-18,GG-200109,UAC - Value | iOS | EU | Static,101,461.37,2768.22
2025-10-18,GG-200110,UAC - Value | iOS | APAC | Carousel,128,576.59,2578.51
2025-10-18,GG-200111,UAC - Value | Android | US | UGC,164,772.52,3347.33
2025-10-18,GG-200112,UAC - Installs | Android | EU | Playables,173,649.81,3319.88
2025-10-18,GG-200113,UAC - Value | Android | US | Carousel,135,514.19,2800.79
2025-10-18,GG-200114,Search - Brand - Exact | iOS | LATAM | Playables,88,239.2,1129.5
2025-10-18,GG-200115,UAC - Installs | Android | APAC | Static,104,356.12,1215.44
2025-10-18,GG-200116,Search - Brand - Exact | iOS | APAC | Carousel,17,47.87,235.95
2025-10-18,GG-200117,Search - Non-Brand - Broad | iOS | US | Playables,47,228.08,878.34
2025-10-18,GG-200118,Search - Brand - Exact | iOS | MENA | Carousel,68,174.92,497.47
2025-10-18,GG-200119,UAC - Installs | iOS | MENA | UGC,109,457.4,1432.12
2025-10-18,GG-200120,UAC - Value | Android | EU | Video,201,653.27,3610.62
2025-10-18,GG-200121,UAC - Installs | iOS | LATAM | Playables,70,295.79,1572.72
2025-10-18,GG-200122,UAC - Value | Android | EU | Playables,107,500.05,2774.28
2025-10-18,GG-200123,Search - Non-Brand - Broad | Android | US | Video,49,215.0,961.05
2025-10-18,GG-200124,UAC - Value | iOS | APAC | Playables,115,569.62,3348.23
2025-10-18,GG-200125,Search - Non-Brand - Broad | Android | MENA | Playables,43,155.99,659.37
2025-10-18,GG-200126,Search - Non-Brand - Broad | iOS | MENA | Carousel,16,49.65,245.52
2025-10-18,GG-200127,UAC - Installs | iOS | MENA | Carousel,164,627.96,2481.07
2025-10-18,GG-200128,UAC - Value | iOS | MENA | Carousel,108,457.88,2327.86
2025-10-18,GG-200129,Search - Brand - Exact | Android | LATAM | Carousel,98,315.54,892.03
2025-10-18,GG-200130,Search - Brand - Exact | iOS | MENA | Carousel,65,216.06,934.68
2025-10-18,GG-200131,Search - Non-Brand - Broad | iOS | LATAM | Playables,65,271.78,1286.61
2025-10-18,GG-200132,Search - Non-Brand - Broad | Android | MENA | UGC,171,375.14,958.11
2025-10-18,GG-200133,Search - Brand - Exact | iOS | EU | Static,82,352.37,1026.45
2025-10-18,GG-200134,UAC - Value | Android | EU | Video,127,520.79,2796.64
2025-10-18,GG-200135,UAC - Value | iOS | APAC | Static,57,206.11,1236.66
2025-10-18,GG-200136,UAC - Value | Android | APAC | Playables,199,662.23,3092.61
2025-10-18,GG-200137,Search - Non-Brand - Broad | Android | EU | Playables,45,200.79,831.47
2025-10-18,GG-200138,UAC - Value | iOS | APAC | Playables,89,431.17,2007.1
2025-10-18,GG-200139,UAC - Installs | iOS | EU | UGC,68,316.7,1542.65
2025-10-18,GG-200140,UAC - Value | iOS | LATAM | Playables,58,265.5,1350.33
2025-10-18,GG-200141,UAC - Installs | Android | EU | Carousel,80,293.06,1004.02
2025-10-18,GG-200142,Search - Non-Brand - Broad | Android | LATAM | Carousel,98,233.62,757.86
2025-10-18,GG-200143,UAC - Installs | iOS | LATAM | UGC,49,172.0,796.19
2025-10-18,GG-200144,UAC - Value | iOS | LATAM | Video,173,800.16,3287.06
2025-10-18,GG-200145,UAC - Installs | iOS | LATAM | Static,105,302.21,1099.74
2025-10-18,GG-200146,UAC - Installs | Android | LATAM | Video,100,363.08,1767.11
2025-10-18,GG-200147,Search - Non-Brand - Broad | iOS | LATAM | UGC,132,396.29,1858.2
2025-10-18,GG-200148,UAC - Installs | Android | MENA | Carousel,193,603.43,3149.3
2025-10-18,GG-200149,Search - Non-Brand - Broad | Android | US | Playables,13,42.0,203.78
2025-10-18,GG-200150,Search - Non-Brand - Broad | Android | US | Playables,103,374.99,1204.47
2025-10-18,GG-200151,UAC - Value | Android | US | Video,180,887.27,4073.46
2025-10-18,GG-200152,Search - Non-Brand - Broad | iOS | APAC | Video,61,205.97,1010.08
2025-10-18,GG-200153,UAC - Value | Android | MENA | Static,166,457.66,2149.17
2025-10-18,GG-200154,UAC - Installs | iOS | APAC | Static,164,554.8,2569.28
2025-10-18,GG-200155,Search - Brand - Exact | iOS | LATAM | Video,35,126.21,368.66
2025-10-18,GG-200156,Search - Non-Brand - Broad | Android | MENA | Video,101,234.48,646.23
2025-10-18,GG-200157,UAC - Value | iOS | EU | Video,62,267.51,1176.51
2025-10-18,GG-200158,Search - Brand - Exact | iOS | EU | Carousel,94,351.34,1074.05
2025-10-18,GG-200159,Search - Brand - Exact | Android | LATAM | Playables,28,72.54,304.52
2025-10-18,GG-200160,UAC - Value | iOS | LATAM | UGC,133,435.63,2468.28
2025-10-18,GG-200161,UAC - Installs | Android | MENA | UGC,229,717.66,3676.57
2025-10-18,GG-200162,Search - Non-Brand - Broad | Android | US | Carousel,47,209.54,885.31
2025-10-18,GG-200163,Search - Brand - Exact | iOS | LATAM | Static,57,184.51,680.1
2025-10-18,GG-200164,Search - Non-Brand - Broad | iOS | LATAM | Playables,43,177.91,629.8
2025-10-18,GG-200165,UAC - Value | Android | MENA | UGC,125,443.11,2042.29
2025-10-18,GG-200166,Search - Brand - Exact | iOS | US | UGC,10,38.18,149.93
2025-10-18,GG-200167,UAC - Installs | Android | EU | UGC,254,932.0,3743.84
2025-10-18,GG-200168,UAC - Value | Android | US | Carousel,85,290.44,1463.53
2025-10-18,GG-200169,UAC - Installs | Android | APAC | Carousel,196,566.05,2590.81
2025-10-18,GG-200170,Search - Brand - Exact | iOS | MENA | Playables,75,195.48,718.19
2025-10-18,GG-200171,Search - Brand - Exact | iOS | LATAM | Static,53,171.48,549.94
2025-10-18,GG-200172,Search - Non-Brand - Broad | Android | APAC | Carousel,71,202.8,881.98
2025-10-18,GG-200173,Search - Brand - Exact | iOS | MENA | Carousel,41,146.79,701.22
2025-10-18,GG-200174,Search - Non-Brand - Broad | iOS | LATAM | Playables,44,185.07,636.83
2025-10-18,GG-200175,Search - Non-Brand - Broad | Android | EU | UGC,86,282.3,1008.66
2025-10-18,GG-200176,UAC - Value | iOS | MENA | Carousel,122,428.29,2548.33
2025-10-18,GG-200177,Search - Non-Brand - Broad | iOS | MENA | Static,17,63.83,173.49
2025-10-18,GG-200178,UAC - Installs | Android | MENA | UGC,168,540.09,2130.66
2025-10-18,GG-200179,Search - Brand - Exact | Android | MENA | Video,150,449.35,1679.22
2025-10-18,GG-200180,Search - Non-Brand - Broad | Android | MENA | Playables,55,138.47,587.94
2025-10-18,GG-200181,UAC - Value | Android | LATAM | Playables,245,981.84,4950.44
2025-10-18,GG-200182,UAC - Value | Android | EU | Playables,165,806.09,3738.65
2025-10-18,GG-200183,Search - Brand - Exact | Android | MENA | UGC,112,324.49,1027.66
2025-10-18,GG-200184,UAC - Value | iOS | EU | Playables,104,410.04,2460.24
2025-10-18,GG-200185,UAC - Value | iOS | MENA | Video,357,1815.92,9435.52
2025-10-18,GG-200186,UAC - Installs | iOS | US | UGC,134,405.36,1856.55
2025-10-18,GG-200187,Search - Brand - Exact | Android | EU | Playables,41,103.27,308.05
2025-10-18,GG-200188,Search - Brand - Exact | Android | APAC | Carousel,56,134.32,563.07
2025-10-18,GG-200189,Search - Brand - Exact | Android | US | UGC,119,444.55,2167.63
2025-10-18,GG-200190,Search - Non-Brand - Broad | iOS | APAC | Static,12,49.95,198.35
2025-10-18,GG-200191,UAC - Value | iOS | LATAM | UGC,160,764.46,4586.76
2025-10-18,GG-200192,Search - Non-Brand - Broad | iOS | APAC | Video,22,83.26,348.69
2025-10-18,GG-200193,UAC - Value | iOS | US | Static,60,266.93,1450.5
2025-10-18,GG-200194,Search - Brand - Exact | Android | EU | Video,22,89.6,339.32
2025-10-18,GG-200195,UAC - Value | iOS | APAC | Playables,208,1090.13,6213.74
2025-10-18,GG-200196,UAC - Value | iOS | EU | Static,41,158.14,751.16
2025-10-18,GG-200197,Search - Non-Brand - Broad | iOS | EU | Carousel,20,84.0,369.26
2025-10-18,GG-200198,Search - Brand - Exact | Android | US | UGC,41,124.54,556.57
2025-10-18,GG-200199,Search - Brand - Exact | Android | EU | Video,89,375.5,1349.55
2025-10-18,GG-200200,Search - Brand - Exact | Android | APAC | Playables,109,234.34,748.25
2025-10-18,GG-200201,UAC - Value | Android | US | UGC,73,280.33,1635.16
2025-10-18,GG-200202,Search - Brand - Exact | Android | MENA | Static,22,62.09,284.19
2025-10-18,GG-200203,Search - Non-Brand - Broad | Android | MENA | Carousel,114,283.26,1242.1
2025-10-18,GG-200204,UAC - Installs | iOS | MENA | Playables,182,733.13,2810.82
2025-10-18,GG-200205,Search - Non-Brand - Broad | Android | LATAM | Static,106,281.8,728.45
2025-10-18,GG-200206,Search - Brand - Exact | iOS | LATAM | Carousel,15,59.31,208.36
2025-10-18,GG-200207,UAC - Value | Android | APAC | Playables,78,364.05,1536.66
2025-10-18,GG-200208,UAC - Installs | Android | LATAM | UGC,204,497.43,2157.35
2025-10-18,GG-200209,UAC - Installs | iOS | APAC | Static,56,154.91,722.96
2025-10-18,GG-200210,UAC - Value | iOS | EU | Playables,113,622.79,2854.25
2025-10-18,GG-200211,Search - Non-Brand - Broad | Android | EU | Carousel,39,152.24,562.37
2025-10-18,GG-200212,UAC - Value | iOS | US | Playables,282,1206.34,6768.77
2025-10-18,GG-200213,Search - Non-Brand - Broad | iOS | MENA | Playables,56,246.75,1192.05
2025-10-18,GG-200214,Search - Non-Brand - Broad | iOS | EU | Carousel,61,285.36,860.93
2025-10-18,GG-200215,UAC - Installs | iOS | US | UGC,103,452.45,1446.48
2025-10-18,GG-200216,Search - Brand - Exact | Android | MENA | Static,26,60.3,226.67
2025-10-18,GG-200217,Search - Brand - Exact | iOS | APAC | Playables,22,81.16,211.5
2025-10-18,GG-200218,Search - Non-Brand - Broad | Android | EU | Playables,30,118.15,396.87
2025-10-18,GG-200219,UAC - Installs | iOS | EU | Carousel,91,373.92,1882.31
2025-10-18,GG-200220,Search - Brand - Exact | Android | EU | Static,107,301.74,1367.79
2025-10-18,GG-200221,Search - Non-Brand - Broad | iOS | EU | Playables,55,203.08,736.98
2025-10-18,GG-200222,UAC - Installs | iOS | EU | Playables,137,543.19,2895.2
2025-10-18,GG-200223,UAC - Installs | iOS | APAC | UGC,132,525.32,1850.18
2025-10-18,GG-200224,UAC - Value | iOS | LATAM | Carousel,246,1277.21,5850.9
2025-10-18,GG-200225,UAC - Installs | iOS | US | UGC,122,530.07,1631.03
2025-10-18,GG-200226,UAC - Value | Android | LATAM | Carousel,73,293.27,1568.41
2025-10-18,GG-200227,Search - Non-Brand - Broad | Android | MENA | Static,58,143.07,552.25
2025-10-18,GG-200228,UAC - Value | Android | LATAM | Playables,145,614.77,3365.87
2025-10-18,GG-200229,UAC - Installs | iOS | EU | Static,105,487.71,2573.16
2025-10-18,GG-200230,Search - Non-Brand - Broad | Android | APAC | Playables,64,212.43,917.06
2025-10-18,GG-200231,UAC - Installs | iOS | MENA | Carousel,108,476.28,2361.87
2025-10-18,GG-200232,Search - Non-Brand - Broad | iOS | APAC | UGC,45,166.71,588.15
2025-10-18,GG-200233,UAC - Value | iOS | EU | Static,154,771.11,4626.66
2025-10-18,GG-200234,Search - Brand - Exact | Android | MENA | Video,72,275.75,942.51
2025-10-18,GG-200235,UAC - Value | Android | US | Video,178,802.96,4817.76
2025-10-18,GG-200236,Search - Non-Brand - Broad | Android | EU | Video,42,159.76,720.36
2025-10-18,GG-200237,UAC - Value | Android | EU | Playables,105,393.82,2350.32
2025-10-18,GG-200238,UAC - Value | iOS | US | Playables,37,180.08,836.83
2025-10-18,GG-200239,UAC - Value | iOS | US | Video,89,471.66,1933.33
2025-10-18,GG-200240,UAC - Installs | Android | US | Playables,109,355.32,1554.17
2025-10-18,GG-200241,UAC - Value | iOS | US | Playables,65,277.56,1569.6
2025-10-18,GG-200242,Search - Non-Brand - Broad | Android | US | Video,150,383.97,1345.05
2025-10-18,GG-200243,UAC - Installs | Android | EU | Playables,93,311.15,1658.43
2025-10-18,GG-200244,Search - Brand - Exact | iOS | LATAM | UGC,117,419.53,1483.46
2025-10-18,GG-200245,Search - Non-Brand - Broad | iOS | APAC | UGC,76,259.96,788.72
2025-10-18,GG-200246,Search - Brand - Exact | Android | LATAM | Video,49,114.31,377.68
2025-10-18,GG-200247,UAC - Value | Android | APAC | UGC,91,424.36,2546.16
2025-10-18,GG-200248,Search - Non-Brand - Broad | iOS | US | Video,41,156.71,471.54
2025-10-18,GG-200249,UAC - Installs | Android | APAC | UGC,160,613.7,3117.6
2025-10-18,GG-200250,Search - Non-Brand - Broad | Android | MENA | Video,20,56.75,280.12
2025-10-18,GG-200251,UAC - Installs | Android | MENA | UGC,86,293.79,1061.76
2025-10-18,GG-200252,Search - Brand - Exact | Android | US | Carousel,95,412.88,2023.11
2025-10-18,GG-200253,Search - Non-Brand - Broad | Android | LATAM | Video,29,91.25,437.73
2025-10-18,GG-200254,UAC - Installs | Android | APAC | Video,111,281.58,1483.36
2025-10-18,GG-200255,UAC - Value | Android | MENA | Static,55,226.92,1256.91
2025-10-18,GG-200256,Search - Brand - Exact | iOS | APAC | Static,79,316.16,1486.27
2025-10-18,GG-200257,UAC - Value | iOS | US | Video,81,394.24,2253.48
2025-10-18,GG-200258,UAC - Value | Android | US | Carousel,166,776.38,3194.03
2025-10-18,GG-200259,UAC - Value | iOS | US | Carousel,160,834.5,4895.18
2025-10-18,GG-200260,UAC - Value | iOS | EU | Carousel,30,158.89,950.96
2025-10-18,GG-200261,UAC - Value | iOS | EU | Playables,94,467.37,2292.92
2025-10-18,GG-200262,Search - Non-Brand - Broad | Android | MENA | Carousel,57,165.44,507.74
2025-10-18,GG-200263,Search - Non-Brand - Broad | Android | US | Carousel,100,318.5,1310.31
2025-10-18,GG-200264,UAC - Installs | iOS | EU | UGC,179,608.56,3176.07
2025-10-18,GG-200265,Search - Brand - Exact | iOS | US | Video,13,46.88,123.29
2025-10-18,GG-200266,UAC - Installs | iOS | APAC | Carousel,186,519.26,2233.86
2025-10-18,GG-200267,Search - Non-Brand - Broad | Android | EU | Video,47,171.24,482.73
2025-10-18,GG-200268,UAC - Value | iOS | APAC | Playables,51,219.89,1292.73
2025-10-18,GG-200269,UAC - Installs | Android | US | Video,413,1826.78,6156.25
2025-10-18,GG-200270,UAC - Installs | Android | MENA | Playables,95,271.07,1323.36
2025-10-18,GG-200271,UAC - Value | iOS | US | Carousel,63,346.07,1689.51
2025-10-18,GG-200272,Search - Non-Brand - Broad | iOS | US | Playables,80,355.7,1705.58
2025-10-18,GG-200273,Search - Non-Brand - Broad | Android | APAC | Static,55,206.96,998.58
2025-10-18,GG-200274,UAC - Value | iOS | LATAM | Carousel,56,274.42,1485.98
2025-10-18,GG-200275,UAC - Value | Android | US | Static,191,760.2,4517.11
2025-10-18,GG-200276,UAC - Value | iOS | APAC | Carousel,57,265.12,1428.73
2025-10-18,GG-200277,Search - Non-Brand - Broad | Android | LATAM | Carousel,196,694.02,3197.35
2025-10-18,GG-200278,Search - Non-Brand - Broad | iOS | MENA | Playables,35,135.67,582.7
2025-10-18,GG-200279,UAC - Installs | iOS | US | Static,28,128.9,681.88
2025-10-18,GG-200280,UAC - Value | Android | APAC | Carousel,119,360.33,1983.62
2025-10-18,GG-200281,UAC - Value | iOS | APAC | Carousel,98,431.21,2238.84
2025-10-18,GG-200282,Search - Non-Brand - Broad | Android | LATAM | Carousel,37,135.31,425.69
2025-10-18,GG-200283,UAC - Value | iOS | LATAM | Static,175,584.34,3295.09
2025-10-18,GG-200284,Search - Non-Brand - Broad | iOS | LATAM | UGC,37,160.69,758.78
2025-10-18,GG-200285,UAC - Value | iOS | APAC | Carousel,151,582.14,3492.84
2025-10-18,GG-200286,Search - Non-Brand - Broad | iOS | US | Playables,37,169.92,639.92
2025-10-18,GG-200287,UAC - Value | Android | MENA | Video,77,323.2,1939.2
2025-10-18,GG-200288,Search - Brand - Exact | Android | APAC | Carousel,9,25.32,107.94
2025-10-18,GG-200289,UAC - Installs | iOS | APAC | Static,194,713.14,3734.71
2025-10-18,GG-200290,UAC - Value | Android | LATAM | Static,64,208.19,1097.99
2025-10-18,GG-200291,UAC - Value | iOS | US | UGC,76,344.89,1492.68
2025-10-18,GG-200292,UAC - Value | iOS | MENA | Playables,47,183.75,902.58
2025-10-18,GG-200293,Search - Brand - Exact | Android | LATAM | Playables,53,151.39,566.96
2025-10-18,GG-200294,Search - Non-Brand - Broad | Android | EU | Carousel,96,297.02,1251.64
2025-10-18,GG-200295,UAC - Installs | Android | MENA | UGC,133,323.6,1430.31
2025-10-18,GG-200296,Search - Brand - Exact | iOS | US | Video,34,144.07,613.59
2025-10-18,GG-200297,Search - Non-Brand - Broad | iOS | EU | Playables,23,93.37,245.0
2025-10-18,GG-200298,UAC - Value | iOS | LATAM | UGC,90,350.63,1570.82
2025-10-18,GG-200299,UAC - Value | Android | LATAM | Video,72,287.22,1723.32
2025-10-18,GG-200300,Search - Brand - Exact | Android | LATAM | UGC,151,505.68,1279.88
2025-10-18,GG-200301,UAC - Installs | Android | EU | Carousel,177,642.49,2723.52
2025-10-18,GG-200302,UAC - Value | iOS | APAC | Static,65,251.99,1511.94
2025-10-18,GG-200303,UAC - Value | iOS | APAC | Video,75,278.29,1262.6
2025-10-18,GG-200304,UAC - Installs | iOS | LATAM | Video,209,584.05,2208.29
2025-10-18,GG-200305,UAC - Installs | Android | US | Video,363,1022.93,5390.84
2025-10-18,GG-200306,Search - Non-Brand - Broad | Android | EU | Static,46,200.06,523.36
2025-10-18,GG-200307,UAC - Value | Android | LATAM | Playables,216,814.73,3738.8
2025-10-18,GG-200308,Search - Non-Brand - Broad | iOS | EU | UGC,9,33.38,125.81
2025-10-18,GG-200309,Search - Brand - Exact | Android | APAC | UGC,75,189.0,508.79
2025-10-18,GG-200310,UAC - Value | Android | APAC | Playables,204,735.81,3353.09
2025-10-18,GG-200311,Search - Non-Brand - Broad | iOS | US | Static,30,109.86,526.34
2025-10-18,GG-200312,Search - Brand - Exact | iOS | US | Playables,15,59.53,191.21
2025-10-18,GG-200313,Search - Non-Brand - Broad | Android | LATAM | Carousel,31,110.62,368.81
2025-10-18,GG-200314,UAC - Value | iOS | US | Carousel,107,614.47,3166.36
2025-10-18,GG-200315,UAC - Value | iOS | MENA | UGC,35,117.82,698.32
2025-10-18,GG-200316,UAC - Value | Android | LATAM | Carousel,263,1015.73,4306.7
2025-10-18,GG-200317,Search - Brand - Exact | Android | LATAM | Playables,39,118.91,438.06
2025-10-18,GG-200318,Search - Non-Brand - Broad | Android | LATAM | Video,13,33.55,163.09
2025-10-18,GG-200319,UAC - Installs | iOS | US | Static,109,466.74,2017.25
2025-10-18,GG-200320,UAC - Value | Android | MENA | UGC,165,603.93,3623.58
2025-10-18,GG-200321,UAC - Value | Android | MENA | UGC,152,651.88,3727.45
2025-10-18,GG-200322,Search - Non-Brand - Broad | Android | APAC | Playables,33,101.77,371.46
2025-10-18,GG-200323,Search - Non-Brand - Broad | Android | APAC | Carousel,13,34.87,167.79
2025-10-18,GG-200324,Search - Brand - Exact | Android | LATAM | UGC,68,170.29,742.12
2025-10-18,GG-200325,Search - Non-Brand - Broad | iOS | US | UGC,25,121.59,353.83
2025-10-18,GG-200326,UAC - Value | Android | APAC | Playables,54,202.63,1021.66
2025-10-18,GG-200327,UAC - Value | iOS | APAC | UGC,97,320.87,1925.22
2025-10-18,GG-200328,Search - Brand - Exact | iOS | EU | Video,37,111.34,399.6
2025-10-18,GG-200329,UAC - Installs | Android | LATAM | Video,112,395.57,1240.51
2025-10-18,GG-200330,Search - Non-Brand - Broad | Android | MENA | Carousel,87,265.56,1128.63
2025-10-18,GG-200331,Search - Brand - Exact | iOS | MENA | UGC,77,245.62,940.23
2025-10-18,GG-200332,UAC - Installs | Android | LATAM | Playables,33,75.8,289.4
2025-10-18,GG-200333,Search - Non-Brand - Broad | Android | APAC | Playables,101,223.61,662.56
2025-10-18,GG-200334,UAC - Installs | iOS | US | Static,276,1190.88,6354.54
2025-10-18,GG-200335,UAC - Installs | Android | APAC | Carousel,33,79.12,390.62
2025-10-18,GG-200336,Search - Non-Brand - Broad | Android | APAC | Video,52,107.3,483.6
2025-10-18,GG-200337,UAC - Value | Android | MENA | Carousel,73,303.52,1240.18
2025-10-18,GG-200338,Search - Non-Brand - Broad | Android | MENA | Static,43,129.92,445.5
2025-10-18,GG-200339,UAC - Installs | Android | US | Playables,53,232.41,884.78
2025-10-18,GG-200340,Search - Non-Brand - Broad | iOS | MENA | Playables,40,106.06,524.04
2025-10-18,GG-200341,UAC - Installs | iOS | LATAM | Carousel,129,577.55,1994.86
2025-10-18,GG-200342,Search - Brand - Exact | Android | EU | UGC,38,141.85,388.24
2025-10-18,GG-200343,Search - Non-Brand - Broad | iOS | EU | Static,83,348.65,899.17
2025-10-18,GG-200344,UAC - Value | Android | LATAM | Static,85,367.65,1762.88
2025-10-18,GG-200345,UAC - Installs | iOS | EU | Playables,99,488.92,2126.31
2025-10-18,GG-200346,Search - Brand - Exact | iOS | APAC | UGC,23,76.68,227.13
2025-10-18,GG-200347,UAC - Installs | Android | APAC | Playables,544,1473.1,7237.34
2025-10-18,GG-200348,UAC - Installs | iOS | APAC | UGC,73,293.27,1303.0
2025-10-18,GG-200349,UAC - Installs | Android | US | UGC,28,80.72,372.68
2025-10-19,FB-100000,UA - Retargeting - Value | Android | US | Carousel,18,92.33,486.12
2025-10-19,FB-100001,UA - Prospecting - Broad | Android | EU | Video,26,89.49,273.66
2025-10-19,FB-100002,UA - Prospecting - Broad | iOS | US | Video,98,384.53,1209.73
2025-10-19,FB-100003,UA - Prospecting - Broad | Android | EU | Playables,104,421.84,1300.11
2025-10-19,FB-100004,UA - Retargeting - Value | Android | MENA | UGC,77,344.09,1432.79
2025-10-19,FB-100005,UA - Prospecting - Broad | iOS | MENA | Carousel,58,199.17,1027.12
2025-10-19,FB-100006,UA - Lookalike - 1% | Android | APAC | Carousel,83,252.44,912.07
2025-10-19,FB-100007,UA - Prospecting - Broad | Android | EU | Carousel,24,106.31,345.4
2025-10-19,FB-100008,UA - Lookalike - 1% | Android | APAC | Video,92,257.58,885.04
2025-10-19,FB-100009,UA - Prospecting - Broad | iOS | MENA | Carousel,64,249.16,814.5
2025-10-19,FB-100010,UA - Lookalike - 5% | iOS | MENA | Video,198,750.36,4031.68
2025-10-19,FB-100011,UA - Lookalike - 1% | Android | MENA | Carousel,32,118.47,402.56
2025-10-19,FB-100012,UA - Retargeting - Value | Android | US | Video,14,68.66,345.29
2025-10-19,FB-100013,UA - Prospecting - Broad | iOS | US | Static,25,80.83,408.6
2025-10-19,FB-100014,UA - Lookalike - 1% | iOS | LATAM | UGC,54,185.93,839.29
2025-10-19,FB-100015,UA - Retargeting - Value | Android | LATAM | Carousel,44,171.3,788.67
2025-10-19,FB-100016,UA - Retargeting - Value | iOS | US | Playables,21,80.79,482.96
2025-10-19,FB-100017,UA - Lookalike - 5% | Android | EU | UGC,61,192.91,861.15
2025-10-19,FB-100018,UA - Lookalike - 1% | iOS | MENA | Static,53,132.7,569.55
2025-10-19,FB-100019,UA - Lookalike - 1% | Android | EU | Video,22,71.26,241.64
2025-10-19,FB-100020,UA - Retargeting - Value | iOS | LATAM | Video,24,99.21,399.62
2025-10-19,FB-100021,UA - Lookalike - 5% | iOS | EU | UGC,46,149.1,808.12
2025-10-19,FB-100022,UA - Retargeting - Value | iOS | EU | Carousel,49,226.91,1037.66
2025-10-19,FB-100023,UA - Lookalike - 1% | Android | MENA | Playables,129,308.23,967.84
2025-10-19,FB-100024,UA - Lookalike - 1% | iOS | MENA | UGC,73,185.35,800.9
2025-10-19,FB-100025,UA - Lookalike - 5% | Android | EU | Playables,51,207.09,1123.67
2025-10-19,FB-100026,UA - Retargeting - Value | Android | US | Video,36,144.24,595.57
2025-10-19,FB-100027,UA - Prospecting - Broad | Android | APAC | Playables,83,171.15,720.71
2025-10-19,FB-100028,UA - Lookalike - 5% | iOS | APAC | Playables,25,69.66,234.13
2025-10-19,FB-100029,UA - Prospecting - Broad | iOS | MENA | Video,118,390.47,2007.02
2025-10-19,FB-100030,UA - Lookalike - 1% | iOS | LATAM | Video,127,523.41,1980.06
2025-10-19,FB-100031,UA - Prospecting - Broad | iOS | EU | UGC,59,269.66,1111.27
2025-10-19,FB-100032,UA - Prospecting - Broad | iOS | MENA | Static,17,69.31,285.63
2025-10-19,FB-100033,UA - Retargeting - Value | iOS | MENA | Playables,56,277.38,1566.36
2025-10-19,FB-100034,UA - Prospecting - Broad | Android | LATAM | Static,87,314.33,1345.65
2025-10-19,FB-100035,UA - Prospecting - Broad | iOS | APAC | Video,54,201.83,903.79
2025-10-19,FB-100036,UA - Prospecting - Broad | iOS | LATAM | Static,100,445.46,1431.71
2025-10-19,FB-100037,UA - Prospecting - Broad | Android | MENA | Video,225,825.32,4493.04
2025-10-19,FB-100038,UA - Retargeting - Value | iOS | US | Playables,17,94.08,457.32
2025-10-19,FB-100039,UA - Retargeting - Value | Android | APAC | Playables,22,102.59,451.29
2025-10-19,FB-100040,UA - Lookalike - 5% | iOS | MENA | Playables,196,749.29,2822.58
2025-10-19,FB-100041,UA - Lookalike - 1% | Android | MENA | Static,55,217.44,822.36
2025-10-19,FB-100042,UA - Lookalike - 5% | iOS | LATAM | UGC,64,208.37,980.38
2025-10-19,FB-100043,UA - Prospecting - Broad | Android | EU | Static,76,267.15,1161.3
2025-10-19,FB-100044,UA - Retargeting - Value | iOS | US | Playables,15,76.8,370.33
2025-10-19,FB-100045,UA - Prospecting - Broad | Android | US | Video,18,59.17,265.5
2025-10-19,FB-100046,UA - Lookalike - 1% | Android | US | Video,140,375.23,1698.67
2025-10-19,FB-100047,UA - Lookalike - 1% | Android | MENA | Static,172,578.25,1797.78
2025-10-19,FB-100048,UA - Retargeting - Value | iOS | EU | Playables,24,93.81,404.13
2025-10-19,FB-100049,UA - Lookalike - 5% | iOS | EU | UGC,66,249.55,832.5
2025-10-19,FB-100050,UA - Lookalike - 5% | Android | US | Video,54,230.52,897.41
2025-10-19,FB-100051,UA - Lookalike - 5% | iOS | APAC | UGC,17,66.77,356.55
2025-10-19,FB-100052,UA - Lookalike - 5% | Android | US | Video,200,619.76,2502.59
2025-10-19,FB-100053,UA - Retargeting - Value | iOS | US | Static,32,158.92,925.23
2025-10-19,FB-100054,UA - Retargeting - Value | Android | MENA | UGC,18,76.22,432.4
2025-10-19,FB-100055,UA - Lookalike - 5% | iOS | EU | Carousel,88,436.16,1399.2
2025-10-19,FB-100056,UA - Prospecting - Broad | Android | US | UGC,111,314.97,1574.22
2025-10-19,FB-100057,UA - Prospecting - Broad | Android | MENA | Video,34,120.65,511.31
2025-10-19,FB-100058,UA - Lookalike - 5% | Android | EU | UGC,158,619.93,2152.4
2025-10-19,FB-100059,UA - Prospecting - Broad | iOS | EU | UGC,45,160.92,539.4
2025-10-19,FB-100060,UA - Lookalike - 5% | Android | APAC | Video,40,106.54,350.09
2025-10-19,FB-100061,UA - Lookalike - 5% | iOS | APAC | Carousel,140,508.38,2718.31
2025-10-19,FB-100062,UA - Lookalike - 1% | iOS | EU | Static,21,93.7,491.83
2025-10-19,FB-100063,UA - Prospecting - Broad | Android | US | Playables,34,124.84,678.26
2025-10-19,FB-100064,UA - Lookalike - 5% | iOS | US | Video,31,151.29,519.53
2025-10-19,FB-100065,UA - Prospecting - Broad | Android | US | Playables,39,148.82,584.71
2025-10-19,FB-100066,UA - Prospecting - Broad | Android | US | Playables,50,129.97,533.14
2025-10-19,FB-100067,UA - Retargeting - Value | Android | APAC | Video,183,642.57,3471.16
2025-10-19,FB-100068,UA - Lookalike - 5% | Android | MENA | Video,93,365.98,1279.1
2025-10-19,FB-100069,UA - Lookalike - 1% | iOS | LATAM | Static,136,489.87,2328.35
2025-10-19,FB-100070,UA - Retargeting - Value | Android | LATAM | UGC,39,157.77,913.17
2025-10-19,FB-100071,UA - Prospecting - Broad | iOS | APAC | Carousel,117,499.92,1643.74
2025-10-19,FB-100072,UA - Prospecting - Broad | Android | APAC | Playables,99,201.56,658.7
2025-10-19,FB-100073,UA - Lookalike - 1% | Android | MENA | Static,86,259.93,798.76
2025-10-19,FB-100074,UA - Retargeting - Value | Android | LATAM | Video,54,188.69,1019.49
2025-10-19,FB-100075,UA - Lookalike - 5% | iOS | LATAM | Static,22,67.4,250.32
2025-10-19,FB-100076,UA - Prospecting - Broad | iOS | MENA | Playables,19,53.98,203.67
2025-10-19,FB-100077,UA - Lookalike - 1% | iOS | US | Static,75,268.94,1254.07
2025-10-19,FB-100078,UA - Retargeting - Value | Android | US | Playables,22,74.83,448.01
2025-10-19,FB-100079,UA - Retargeting - Value | iOS | LATAM | Playables,57,290.87,1644.87
2025-10-19,FB-100080,UA - Lookalike - 5% | iOS | EU | Carousel,118,383.22,2012.67
2025-10-19,FB-100081,UA - Lookalike - 5% | iOS | US | Video,87,268.88,1332.84
2025-10-19,FB-100082,UA - Lookalike - 1% | iOS | US | Video,82,273.42,973.1
2025-10-19,FB-100083,UA - Lookalike - 5% | Android | LATAM | Static,220,580.56,2429.64
2025-10-19,FB-100084,UA - Prospecting - Broad | iOS | MENA | Video,85,239.23,971.27
2025-10-19,FB-100085,UA - Prospecting - Broad | Android | EU | Playables,181,531.89,2588.71
2025-10-19,FB-100086,UA - Retargeting - Value | iOS | MENA | Playables,67,237.84,1216.31
2025-10-19,FB-100087,UA - Lookalike - 1% | iOS | EU | Video,140,519.09,1834.98
2025-10-19,FB-100088,UA - Retargeting - Value | iOS | US | Carousel,4,19.06,114.36
2025-10-19,FB-100089,UA - Lookalike - 5% | Android | US | Carousel,50,182.43,1001.91
2025-10-19,FB-100090,UA - Retargeting - Value | Android | EU | Static,62,275.84,1655.04
2025-10-19,FB-100091,UA - Lookalike - 1% | iOS | US | Static,76,333.8,1191.67
2025-10-19,FB-100092,UA - Retargeting - Value | iOS | EU | Carousel,68,258.61,1544.42
2025-10-19,FB-100093,UA - Lookalike - 5% | Android | APAC | Video,68,248.93,918.3
2025-10-19,FB-100094,UA - Lookalike - 1% | Android | EU | UGC,66,268.63,1209.1
2025-10-19,FB-100095,UA - Prospecting - Broad | iOS | EU | Static,70,236.34,1176.97
2025-10-19,FB-100096,UA - Lookalike - 1% | Android | APAC | Carousel,137,462.96,2127.3
2025-10-19,FB-100097,UA - Lookalike - 5% | Android | LATAM | Carousel,216,532.16,2387.27
2025-10-19,FB-100098,UA - Lookalike - 1% | iOS | US | Video,76,358.72,1452.82
2025-10-19,FB-100099,UA - Prospecting - Broad | Android | MENA | Carousel,73,278.92,1421.93
2025-10-19,FB-100100,UA - Lookalike - 1% | Android | MENA | UGC,147,485.76,1728.33
2025-10-19,FB-100101,UA - Prospecting - Broad | iOS | APAC | Playables,21,84.94,393.61
2025-10-19,FB-100102,UA - Lookalike - 1% | iOS | MENA | Static,36,93.96,453.45
2025-10-19,FB-100103,UA - Retargeting - Value | Android | APAC | Video,84,369.06,1604.3
2025-10-19,FB-100104,UA - Lookalike - 1% | iOS | APAC | Video,130,575.59,2503.82
2025-10-19,FB-100105,UA - Lookalike - 1% | iOS | US | Carousel,39,192.01,766.5
2025-10-19,FB-100106,UA - Lookalike - 1% | iOS | LATAM | UGC,56,140.08,588.62
2025-10-19,FB-100107,UA - Lookalike - 5% | Android | EU | UGC,262,937.91,4695.18
2025-10-19,FB-100108,UA - Lookalike - 1% | Android | MENA | Playables,248,544.91,1865.23
2025-10-19,FB-100109,UA - Lookalike - 1% | iOS | MENA | Video,77,341.9,1135.79
2025-10-19,FB-100110,UA - Lookalike - 1% | iOS | EU | UGC,54,223.41,752.0
2025-10-19,FB-100111,UA - Retargeting - Value | iOS | APAC | UGC,31,118.72,623.52
2025-10-19,FB-100112,UA - Lookalike - 1% | iOS | EU | Video,77,342.77,1676.15
2025-10-19,FB-100113,UA - Lookalike - 1% | iOS | US | Static,195,677.49,3203.17
2025-10-19,FB-100114,UA - Prospecting - Broad | Android | EU | Static,53,165.26,777.71
2025-10-19,FB-100115,UA - Prospecting - Broad | Android | EU | UGC,27,83.35,396.25
2025-10-19,FB-100116,UA - Retargeting - Value | iOS | APAC | Playables,35,142.82,705.1
2025-10-19,FB-100117,UA - Retargeting - Value | iOS | APAC | UGC,28,93.9,379.07
2025-10-19,FB-100118,UA - Lookalike - 5% | Android | US | Video,90,315.71,1626.54
2025-10-19,FB-100119,UA - Lookalike - 5% | Android | EU | Playables,48,139.32,761.24
2025-10-19,FB-100120,UA - Prospecting - Broad | Android | MENA | Static,121,367.3,1694.35
2025-10-19,FB-100121,UA - Lookalike - 1% | iOS | EU | UGC,32,115.91,602.27
2025-10-19,FB-100122,UA - Lookalike - 5% | iOS | MENA | Playables,112,287.45,923.86
2025-10-19,FB-100123,UA - Lookalike - 5% | iOS | EU | UGC,123,575.85,2625.3
2025-10-19,FB-100124,UA - Lookalike - 5% | iOS | EU | Carousel,119,366.33,1984.41
2025-10-19,FB-100125,UA - Prospecting - Broad | Android | LATAM | UGC,59,205.99,870.31
2025-10-19,FB-100126,UA - Lookalike - 1% | iOS | EU | Carousel,63,193.23,791.08
2025-10-19,FB-100127,UA - Retargeting - Value | iOS | MENA | Video,63,258.52,1551.12
2025-10-19,FB-100128,UA - Retargeting - Value | Android | EU | UGC,38,188.72,1132.32
2025-10-19,FB-100129,UA - Lookalike - 5% | Android | US | UGC,165,657.86,2365.66
2025-10-19,FB-100130,UA - Lookalike - 5% | iOS | MENA | UGC,37,93.46,500.85
2025-10-19,FB-100131,UA - Lookalike - 5% | Android | EU | UGC,181,618.42,3348.13
2025-10-19,FB-100132,UA - Lookalike - 5% | Android | MENA | UGC,318,688.88,3675.17
2025-10-19,FB-100133,UA - Lookalike - 5% | Android | LATAM | Carousel,216,810.84,2866.32
2025-10-19,FB-100134,UA - Retargeting - Value | iOS | MENA | Playables,8,37.93,227.58
2025-10-19,FB-100135,UA - Lookalike - 5% | iOS | EU | Carousel,139,462.22,2358.25
2025-10-19,FB-100136,UA - Lookalike - 1% | iOS | US | UGC,51,198.28,611.1
2025-10-19,FB-100137,UA - Retargeting - Value | iOS | EU | UGC,41,154.23,836.24
2025-10-19,FB-100138,UA - Prospecting - Broad | Android | APAC | Playables,32,107.37,551.45
2025-10-19,FB-100139,UA - Lookalike - 5% | Android | APAC | Static,81,206.32,1064.4
2025-10-19,FB-100140,UA - Lookalike - 5% | Android | US | Carousel,35,88.67,323.29
2025-10-19,FB-100141,UA - Lookalike - 1% | iOS | EU | UGC,23,86.53,344.04
2025-10-19,FB-100142,UA - Lookalike - 5% | iOS | APAC | Carousel,47,131.72,719.06
2025-10-19,FB-100143,UA - Prospecting - Broad | iOS | US | UGC,30,108.67,596.27
2025-10-19,FB-100144,UA - Prospecting - Broad | Android | LATAM | Static,73,248.94,1017.67
2025-10-19,FB-100145,UA - Retargeting - Value | Android | US | Static,46,237.11,1422.66
2025-10-19,FB-100146,UA - Retargeting - Value | Android | MENA | Static,27,108.09,552.77
2025-10-19,FB-100147,UA - Retargeting - Value | Android | APAC | Video,162,482.61,2268.75
2025-10-19,FB-100148,UA - Retargeting - Value | iOS | LATAM | Carousel,56,247.6,1224.38
2025-10-19,FB-100149,UA - Prospecting - Broad | Android | EU | Carousel,23,85.01,444.52
2025-10-19,FB-100150,UA - Lookalike - 5% | Android | LATAM | Playables,255,719.41,3912.15
2025-10-19,FB-100151,UA - Retargeting - Value | iOS | EU | Video,14,75.0,387.75
2025-10-19,FB-100152,UA - Prospecting - Broad | Android | LATAM | Playables,33,78.64,366.23
2025-10-19,FB-100153,UA - Lookalike - 5% | Android | LATAM | Playables,183,633.0,2965.6
2025-10-19,FB-100154,UA - Lookalike - 1% | iOS | US | Playables,168,644.97,2526.35
2025-10-19,FB-100155,UA - Prospecting - Broad | Android | APAC | UGC,47,99.81,383.67
2025-10-19,FB-100156,UA - Retargeting - Value | iOS | LATAM | UGC,36,120.15,720.9
2025-10-19,FB-100157,UA - Lookalike - 1% | iOS | EU | Playables,18,61.23,324.58
2025-10-19,FB-100158,UA - Lookalike - 1% | iOS | APAC | UGC,10,41.8,217.53
2025-10-19,FB-100159,UA - Lookalike - 1% | iOS | EU | Video,39,164.73,646.73
2025-10-19,FB-100160,UA - Lookalike - 5% | iOS | EU | UGC,178,605.15,2717.12
2025-10-19,FB-100161,UA - Lookalike - 1% | iOS | US | UGC,69,269.09,1298.63
2025-10-19,FB-100162,UA - Lookalike - 1% | Android | APAC | Static,66,246.83,1218.85
2025-10-19,FB-100163,UA - Lookalike - 1% | iOS | LATAM | Carousel,123,406.21,2102.14
2025-10-19,FB-100164,UA - Prospecting - Broad | Android | MENA | Static,25,89.3,294.51
2025-10-19,FB-100165,UA - Retargeting - Value | Android | APAC | UGC,28,106.6,638.96
2025-10-19,FB-100166,UA - Prospecting - Broad | iOS | APAC | UGC,38,140.39,703.92
2025-10-19,FB-100167,UA - Lookalike - 5% | Android | LATAM | Static,120,397.18,1376.23
2025-10-19,FB-100168,UA - Lookalike - 1% | Android | LATAM | Playables,344,983.94,5322.13
2025-10-19,FB-100169,UA - Lookalike - 1% | iOS | MENA | Playables,52,196.35,608.29
2025-10-19,FB-100170,UA - Lookalike - 1% | iOS | MENA | Carousel,42,125.32,512.06
2025-10-19,FB-100171,UA - Lookalike - 1% | iOS | LATAM | Carousel,22,55.62,291.5
2025-10-19,FB-100172,UA - Lookalike - 1% | Android | US | Static,48,175.61,778.65
2025-10-19,FB-100173,UA - Retargeting - Value | Android | MENA | Static,24,97.34,483.97
2025-10-19,FB-100174,UA - Lookalike - 1% | Android | APAC | Carousel,141,399.45,1370.91
2025-10-19,FB-100175,UA - Retargeting - Value | Android | EU | Carousel,68,340.84,1454.71
2025-10-19,FB-100176,UA - Prospecting - Broad | iOS | EU | Carousel,31,130.97,535.01
2025-10-19,FB-100177,UA - Prospecting - Broad | Android | LATAM | Video,17,37.0,180.93
2025-10-19,FB-100178,UA - Prospecting - Broad | iOS | EU | UGC,31,105.25,415.11
2025-10-19,FB-100179,UA - Lookalike - 5% | Android | MENA | Carousel,38,126.61,439.59
2025-10-19,FB-100180,UA - Retargeting - Value | iOS | APAC | Carousel,28,107.91,647.46
2025-10-19,FB-100181,UA - Prospecting - Broad | Android | LATAM | UGC,31,93.27,408.43
2025-10-19,FB-100182,UA - Prospecting - Broad | Android | APAC | UGC,20,65.2,308.27
2025-10-19,FB-100183,UA - Lookalike - 1% | Android | EU | Static,193,718.17,3394.79
2025-10-19,FB-100184,UA - Lookalike - 5% | Android | EU | Video,40,168.46,670.81
2025-10-19,FB-100185,UA - Lookalike - 5% | Android | MENA | UGC,111,280.95,1229.16
2025-10-19,FB-100186,UA - Lookalike - 5% | iOS | LATAM | Playables,67,220.1,841.44
2025-10-19,FB-100187,UA - Prospecting - Broad | iOS | MENA | Playables,87,249.26,818.32
2025-10-19,FB-100188,UA - Lookalike - 1% | Android | EU | Static,76,288.07,869.4
2025-10-19,FB-100189,UA - Retargeting - Value | Android | EU | Static,29,114.05,475.93
2025-10-19,FB-100190,UA - Lookalike - 5% | Android | EU | Video,53,171.9,697.05
2025-10-19,FB-100191,UA - Lookalike - 1% | iOS | MENA | UGC,159,518.98,1698.62
2025-10-19,FB-100192,UA - Lookalike - 1% | Android | EU | Carousel,92,283.8,1055.17
2025-10-19,FB-100193,UA - Lookalike - 1% | iOS | US | Static,60,295.26,940.11
2025-10-19,FB-100194,UA - Retargeting - Value | Android | APAC | Video,12,41.08,220.85
2025-10-19,FB-100195,UA - Prospecting - Broad | Android | LATAM | Static,75,268.12,1444.36
2025-10-19,FB-100196,UA - Lookalike - 1% | Android | EU | Carousel,37,137.65,749.5
2025-10-19,FB-100197,UA - Lookalike - 1% | iOS | US | UGC,91,379.2,1323.41
2025-10-19,FB-100198,UA - Lookalike - 5% | iOS | LATAM | Playables,102,273.52,972.09
2025-10-19,FB-100199,UA - Prospecting - Broad | iOS | US | Playables,71,222.79,952.87
2025-10-19,FB-100200,UA - Lookalike - 1% | iOS | LATAM | Playables,58,255.78,871.95
2025-10-19,FB-100201,UA - Prospecting - Broad | Android | US | Static,11,48.07,246.17
2025-10-19,FB-100202,UA - Retargeting - Value | iOS | MENA | Video,117,527.65,3165.9
2025-10-19,FB-100203,UA - Lookalike - 1% | iOS | MENA | UGC,66,266.41,1240.4
2025-10-19,FB-100204,UA - Lookalike - 5% | Android | MENA | UGC,241,800.63,3030.38
2025-10-19,FB-100205,UA - Lookalike - 5% | Android | APAC | Carousel,64,218.71,1150.63
2025-10-19,FB-100206,UA - Retargeting - Value | iOS | LATAM | Video,12,44.02,226.48
2025-10-19,FB-100207,UA - Lookalike - 1% | iOS | APAC | UGC,75,231.39,1213.64
2025-10-19,FB-100208,UA - Lookalike - 5% | iOS | MENA | Video,32,136.13,607.41
2025-10-19,FB-100209,UA - Lookalike - 1% | Android | LATAM | Carousel,182,386.15,1909.51
2025-10-19,FB-100210,UA - Prospecting - Broad | Android | APAC | Playables,71,180.57,577.64
2025-10-19,FB-100211,UA - Retargeting - Value | iOS | APAC | Video,27,110.18,659.76
2025-10-19,FB-100212,UA - Lookalike - 5% | iOS | MENA | UGC,59,251.7,1149.01
2025-10-19,FB-100213,UA - Retargeting - Value | Android | EU | Carousel,43,220.19,1187.04
2025-10-19,FB-100214,UA - Prospecting - Broad | iOS | APAC | UGC,28,90.25,354.32
2025-10-19,FB-100215,UA - Retargeting - Value | Android | MENA | Static,15,54.31,325.86
2025-10-19,FB-100216,UA - Lookalike - 5% | iOS | MENA | Video,40,168.44,896.61
2025-10-19,FB-100217,UA - Lookalike - 5% | Android | EU | Video,38,144.56,467.65
2025-10-19,FB-100218,UA - Lookalike - 1% | Android | EU | UGC,183,696.13,2289.57
2025-10-19,FB-100219,UA - Lookalike - 5% | iOS | APAC | UGC,116,295.78,1105.63
2025-10-19,FB-100220,UA - Retargeting - Value | Android | APAC | Playables,31,124.0,620.37
2025-10-19,FB-100221,UA - Retargeting - Value | iOS | EU | Playables,14,62.92,257.41
2025-10-19,FB-100222,UA - Lookalike - 1% | Android | LATAM | UGC,360,886.25,3880.89
2025-10-19,FB-100223,UA - Lookalike - 1% | iOS | US | Carousel,84,331.52,1090.04
2025-10-19,FB-100224,UA - Lookalike - 5% | iOS | EU | UGC,22,76.1,307.9
2025-10-19,FB-100225,UA - Lookalike - 5% | iOS | LATAM | Playables,225,971.68,4516.37
2025-10-19,FB-100226,UA - Retargeting - Value | iOS | LATAM | Static,17,66.96,366.47
2025-10-19,FB-100227,UA - Prospecting - Broad | iOS | EU | UGC,20,68.76,233.17
2025-10-19,FB-100228,UA - Lookalike - 5% | iOS | APAC | UGC,125,339.56,1549.07
2025-10-19,FB-100229,UA - Retargeting - Value | Android | APAC | Video,74,340.65,1730.84
2025-10-19,FB-100230,UA - Prospecting - Broad | iOS | US | UGC,40,157.22,741.92
2025-10-19,FB-100231,UA - Lookalike - 5% | iOS | US | Static,26,91.19,351.45
2025-10-19,FB-100232,UA - Lookalike - 1% | Android | US | UGC,121,428.75,1610.38
2025-10-19,FB-100233,UA - Prospecting - Broad | iOS | MENA | UGC,48,130.9,529.23
2025-10-19,FB-100234,UA - Lookalike - 1% | iOS | MENA | UGC,27,80.09,279.67
2025-10-19,FB-100235,UA - Prospecting - Broad | iOS | MENA | Video,122,488.67,1509.99
2025-10-19,FB-100236,UA - Prospecting - Broad | Android | LATAM | Static,26,75.68,393.23
2025-10-19,FB-100237,UA - Lookalike - 5% | iOS | US | Video,66,206.42,976.78
2025-10-19,FB-100238,UA - Prospecting - Broad | Android | LATAM | Video,141,533.64,1689.5
2025-10-19,FB-100239,UA - Lookalike - 1% | iOS | US | Carousel,121,594.07,2686.98
2025-10-19,FB-100240,UA - Retargeting - Value | iOS | APAC | Static,13,57.73,239.98
2025-10-19,FB-100241,UA - Retargeting - Value | iOS | MENA | Static,89,350.68,2088.3
2025-10-19,FB-100242,UA - Lookalike - 5% | Android | US | Playables,42,179.09,784.06
2025-10-19,FB-100243,UA - Retargeting - Value | Android | APAC | Playables,26,119.63,717.78
2025-10-19,FB-100244,UA - Lookalike - 5% | Android | APAC | Carousel,35,128.78,619.43
2025-10-19,FB-100245,UA - Lookalike - 1% | iOS | US | UGC,136,416.8,1793.91
2025-10-19,FB-100246,UA - Lookalike - 1% | Android | US | UGC,45,130.01,533.04
2025-10-19,FB-100247,UA - Lookalike - 5% | iOS | APAC | Carousel,108,302.09,1575.1
2025-10-19,FB-100248,UA - Lookalike - 5% | iOS | EU | UGC,73,347.03,1303.79
2025-10-19,FB-100249,UA - Lookalike - 1% | Android | EU | UGC,116,437.1,1417.95
2025-10-19,FB-100250,UA - Lookalike - 5% | iOS | LATAM | Video,84,309.21,1257.56
2025-10-19,FB-100251,UA - Prospecting - Broad | iOS | US | Playables,21,100.26,456.88
2025-10-19,FB-100252,UA - Lookalike - 1% | iOS | LATAM | Static,90,325.31,1344.51
2025-10-19,FB-100253,UA - Lookalike - 1% | Android | EU | Playables,100,327.85,1480.9
2025-10-19,FB-100254,UA - Lookalike - 1% | Android | US | Video,198,828.91,2850.62
2025-10-19,FB-100255,UA - Lookalike - 1% | iOS | US | Playables,100,457.1,2187.22
2025-10-19,FB-100256,UA - Lookalike - 1% | Android | US | Carousel,150,524.88,1900.07
2025-10-19,FB-100257,UA - Retargeting - Value | iOS | EU | Static,29,129.94,779.64
2025-10-19,FB-100258,UA - Lookalike - 1% | iOS | MENA | Playables,27,84.43,334.09
2025-10-19,FB-100259,UA - Lookalike - 1% | Android | LATAM | UGC,120,479.93,1583.77
2025-10-19,FB-100260,UA - Prospecting - Broad | iOS | US | UGC,68,272.01,965.09
2025-10-19,FB-100261,UA - Lookalike - 1% | Android | EU | UGC,59,231.1,1259.96
2025-10-19,FB-100262,UA - Lookalike - 1% | Android | APAC | Video,148,305.93,1019.66
2025-10-19,FB-100263,UA - Lookalike - 1% | Android | APAC | Carousel,167,573.06,2454.99
2025-10-19,FB-100264,UA - Retargeting - Value | iOS | LATAM | Video,14,60.64,281.07
2025-10-19,FB-100265,UA - Lookalike - 1% | iOS | US | Playables,55,241.6,768.53
2025-10-19,FB-100266,UA - Lookalike - 1% | Android | US | UGC,94,417.11,1695.14
2025-10-19,FB-100267,UA - Prospecting - Broad | iOS | US | Static,26,119.62,609.7
2025-10-19,FB-100268,UA - Prospecting - Broad | Android | LATAM | UGC,69,151.19,771.82
2025-10-19,FB-100269,UA - Retargeting - Value | Android | EU | Playables,46,235.63,989.41
2025-10-19,FB-100270,UA - Lookalike - 5% | iOS | APAC | Carousel,40,160.27,721.05
2025-10-19,FB-100271,UA - Lookalike - 5% | Android | APAC | Video,103,404.05,2006.92
2025-10-19,FB-100272,UA - Lookalike - 1% | iOS | LATAM | Video,45,118.27,589.93
2025-10-19,FB-100273,UA - Retargeting - Value | Android | APAC | UGC,14,40.02,181.61
2025-10-19,FB-100274,UA - Lookalike - 1% | iOS | US | Carousel,77,373.01,1198.48
2025-10-19,FB-100275,UA - Retargeting - Value | Android | APAC | Carousel,110,513.24,2831.55
2025-10-19,FB-100276,UA - Retargeting - Value | Android | APAC | Video,20,93.55,519.48
2025-10-19,FB-100277,UA - Retargeting - Value | Android | US | Carousel,49,231.28,1387.68
2025-10-19,FB-100278,UA - Prospecting - Broad | Android | MENA | Static,66,148.9,598.43
2025-10-19,FB-100279,UA - Retargeting - Value | Android | MENA | Static,25,92.25,393.54
2025-10-19,FB-100280,UA - Prospecting - Broad | iOS | EU | Playables,71,311.05,1342.49
2025-10-19,FB-100281,UA - Lookalike - 1% | iOS | EU | Static,244,1176.2,6338.54
2025-10-19,FB-100282,UA - Retargeting - Value | Android | US | Video,53,248.37,1343.18
2025-10-19,FB-100283,UA - Lookalike - 1% | Android | LATAM | Static,140,339.91,1445.98
2025-10-19,FB-100284,UA - Prospecting - Broad | Android | EU | Carousel,78,320.74,1015.46
2025-10-19,FB-100285,UA - Prospecting - Broad | Android | APAC | Playables,38,87.47,368.95
2025-10-19,FB-100286,UA - Lookalike - 1% | Android | APAC | UGC,40,119.27,571.06
2025-10-19,FB-100287,UA - Retargeting - Value | Android | APAC | Playables,115,510.82,2435.59
2025-10-19,FB-100288,UA - Lookalike - 5% | Android | MENA | Carousel,76,292.51,1477.18
2025-10-19,FB-100289,UA - Lookalike - 5% | Android | US | UGC,94,280.0,866.32
2025-10-19,FB-100290,UA - Lookalike - 5% | iOS | US | UGC,46,174.88,638.14
2025-10-19,FB-100291,UA - Retargeting - Value | Android | US | Carousel,34,154.08,764.24
2025-10-19,FB-100292,UA - Lookalike - 1% | Android | EU | Carousel,64,165.68,560.66
2025-10-19,FB-100293,UA - Lookalike - 1% | iOS | MENA | Playables,95,275.94,1329.75
2025-10-19,FB-100294,UA - Lookalike - 5% | iOS | MENA | Playables,51,168.53,535.76
2025-10-19,FB-100295,UA - Retargeting - Value | Android | US | Playables,94,374.02,1497.2
2025-10-19,FB-100296,UA - Lookalike - 5% | iOS | APAC | Static,55,189.73,579.44
2025-10-19,FB-100297,UA - Lookalike - 5% | iOS | APAC | UGC,95,272.62,1103.57
2025-10-19,FB-100298,UA - Lookalike - 1% | Android | LATAM | UGC,135,501.51,1975.45
2025-10-19,FB-100299,UA - Lookalike - 5% | iOS | LATAM | Static,70,279.88,1020.72
2025-10-19,FB-100300,UA - Prospecting - Broad | Android | US | Video,36,135.96,430.04
2025-10-19,FB-100301,UA - Retargeting - Value | iOS | US | Carousel,30,139.51,664.63
2025-10-19,FB-100302,UA - Lookalike - 1% | Android | MENA | Playables,55,169.05,803.83
2025-10-19,FB-100303,UA - Lookalike - 5% | Android | APAC | Carousel,232,762.31,4171.36
2025-10-19,FB-100304,UA - Lookalike - 1% | Android | LATAM | Playables,199,742.47,3289.88
2025-10-19,FB-100305,UA - Retargeting - Value | iOS | US | Playables,7,28.58,134.01
2025-10-19,FB-100306,UA - Prospecting - Broad | Android | APAC | Static,102,324.52,1034.25
2025-10-19,FB-100307,UA - Prospecting - Broad | iOS | MENA | Carousel,11,30.54,124.24
2025-10-19,FB-100308,UA - Lookalike - 5% | iOS | MENA | Static,127,412.86,1550.7
2025-10-19,FB-100309,UA - Prospecting - Broad | Android | MENA | Carousel,110,321.98,1403.19
2025-10-19,FB-100310,UA - Lookalike - 1% | Android | LATAM | Carousel,69,191.72,1036.05
2025-10-19,FB-100311,UA - Retargeting - Value | iOS | US | Static,12,48.65,291.9
2025-10-19,FB-100312,UA - Prospecting - Broad | iOS | US | Static,47,184.65,721.24
2025-10-19,FB-100313,UA - Lookalike - 5% | Android | MENA | Static,99,291.73,1229.35
2025-10-19,FB-100314,UA - Retargeting - Value | iOS | APAC | Carousel,53,242.15,1106.38
2025-10-19,FB-100315,UA - Prospecting - Broad | iOS | LATAM | Carousel,46,152.52,729.5
2025-10-19,FB-100316,UA - Prospecting - Broad | Android | EU | Static,19,58.2,242.52
2025-10-19,FB-100317,UA - Lookalike - 5% | Android | LATAM | UGC,105,405.24,1280.56
2025-10-19,FB-100318,UA - Lookalike - 5% | iOS | MENA | UGC,53,208.77,776.62
2025-10-19,FB-100319,UA - Prospecting - Broad | iOS | EU | Playables,42,181.19,736.36
2025-10-19,FB-100320,UA - Lookalike - 1% | iOS | APAC | Video,39,145.35,693.32
2025-10-19,FB-100321,UA - Prospecting - Broad | iOS | MENA | Carousel,26,69.01,227.59
2025-10-19,FB-100322,UA - Prospecting - Broad | Android | APAC | Playables,62,165.58,857.87
2025-10-19,FB-100323,UA - Retargeting - Value | Android | EU | Carousel,45,206.6,873.5
2025-10-19,FB-100324,UA - Lookalike - 1% | Android | LATAM | Carousel,103,289.7,1398.67
2025-10-19,FB-100325,UA - Lookalike - 5% | Android | US | UGC,280,714.17,3360.88
2025-10-19,FB-100326,UA - Retargeting - Value | Android | EU | UGC,39,184.44,969.23
2025-10-19,FB-100327,UA - Prospecting - Broad | iOS | US | UGC,46,146.63,513.94
2025-10-19,FB-100328,UA - Prospecting - Broad | iOS | US | UGC,22,90.58,363.68
2025-10-19,FB-100329,UA - Lookalike - 5% | iOS | MENA | UGC,27,87.35,463.13
2025-10-19,FB-100330,UA - Lookalike - 5% | iOS | LATAM | Video,72,265.88,1016.46
2025-10-19,FB-100331,UA - Lookalike - 5% | Android | LATAM | Static,263,927.31,2870.02
2025-10-19,FB-100332,UA - Prospecting - Broad | iOS | US | UGC,112,511.09,1719.82
2025-10-19,FB-100333,UA - Lookalike - 5% | Android | APAC | Playables,170,371.67,1155.15
2025-10-19,FB-100334,UA - Lookalike - 1% | Android | APAC | Carousel,113,403.04,1963.21
2025-10-19,FB-100335,UA - Prospecting - Broad | Android | LATAM | Static,12,24.2,119.09
2025-10-19,FB-100336,UA - Retargeting - Value | Android | MENA | Playables,38,180.12,999.49
2025-10-19,FB-100337,UA - Retargeting - Value | iOS | LATAM | Static,92,426.62,2235.49
2025-10-19,FB-100338,UA - Retargeting - Value | Android | EU | Carousel,107,377.34,2160.65
2025-10-19,FB-100339,UA - Prospecting - Broad | Android | MENA | Static,50,184.75,879.41
2025-10-19,FB-100340,UA - Lookalike - 5% | Android | APAC | UGC,90,336.6,1568.22
2025-10-19,FB-100341,UA - Lookalike - 5% | iOS | LATAM | Static,53,221.83,990.69
2025-10-19,FB-100342,UA - Lookalike - 1% | Android | APAC | UGC,52,144.53,746.35
2025-10-19,FB-100343,UA - Lookalike - 1% | iOS | MENA | Video,61,164.36,588.74
2025-10-19,FB-100344,UA - Lookalike - 5% | Android | LATAM | UGC,50,194.91,719.41
2025-10-19,FB-100345,UA - Lookalike - 1% | Android | US | Carousel,138,497.82,2183.94
2025-10-19,FB-100346,UA - Lookalike - 5% | Android | US | Playables,52,232.82,1083.31
2025-10-19,FB-100347,UA - Prospecting - Broad | iOS | MENA | Playables,8,31.74,134.55
2025-10-19,FB-100348,UA - Lookalike - 1% | iOS | MENA | Static,73,187.74,658.4
2025-10-19,FB-100349,UA - Prospecting - Broad | iOS | MENA | Static,67,285.61,1330.94
2025-10-19,GG-200000,Search - Brand - Exact | iOS | US | Carousel,161,767.16,2352.88
2025-10-19,GG-200001,UAC - Value | Android | US | Static,143,744.13,3431.18
2025-10-19,GG-200002,Search - Non-Brand - Broad | iOS | MENA | Playables,30,87.52,355.24
2025-10-19,GG-200003,UAC - Value | iOS | LATAM | Carousel,147,588.25,3209.49
2025-10-19,GG-200004,Search - Brand - Exact | iOS | LATAM | Playables,44,122.05,432.79
2025-10-19,GG-200005,Search - Brand - Exact | iOS | US | Carousel,21,102.87,333.5
2025-10-19,GG-200006,Search - Non-Brand - Broad | iOS | LATAM | Carousel,29,97.19,267.27
2025-10-19,GG-200007,Search - Non-Brand - Broad | iOS | US | Playables,35,114.89,403.95
2025-10-19,GG-200008,Search - Non-Brand - Broad | iOS | LATAM | UGC,57,159.36,670.11
2025-10-19,GG-200009,UAC - Value | Android | LATAM | Playables,63,219.57,1264.5
2025-10-19,GG-200010,Search - Brand - Exact | iOS | EU | Playables,15,46.98,157.62
2025-10-19,GG-200011,Search - Brand - Exact | iOS | MENA | Carousel,56,157.81,565.43
2025-10-19,GG-200012,Search - Non-Brand - Broad | iOS | LATAM | Static,8,29.87,102.36
2025-10-19,GG-200013,Search - Non-Brand - Broad | iOS | APAC | Static,36,130.93,467.55
2025-10-19,GG-200014,UAC - Installs | Android | EU | Video,42,105.8,527.94
2025-10-19,GG-200015,Search - Brand - Exact | Android | MENA | Playables,59,172.93,744.29
2025-10-19,GG-200016,UAC - Value | iOS | MENA | Static,191,759.76,3864.9
2025-10-19,GG-200017,Search - Non-Brand - Broad | Android | EU | Static,47,125.13,395.66
2025-10-19,GG-200018,UAC - Installs | iOS | US | UGC,49,193.73,712.93
2025-10-19,GG-200019,UAC - Installs | Android | APAC | Playables,52,163.09,844.64
2025-10-19,GG-200020,Search - Non-Brand - Broad | iOS | EU | Playables,14,60.78,196.56
2025-10-19,GG-200021,UAC - Installs | iOS | APAC | Static,136,478.24,1660.93
2025-10-19,GG-200022,UAC - Value | iOS | APAC | Carousel,71,312.0,1345.34
2025-10-19,GG-200023,Search - Non-Brand - Broad | iOS | EU | Static,30,90.72,382.84
2025-10-19,GG-200024,UAC - Installs | iOS | US | UGC,182,743.29,3064.58
2025-10-19,GG-200025,UAC - Installs | Android | MENA | Video,61,187.04,684.75
2025-10-19,GG-200026,UAC - Value | Android | EU | Carousel,116,391.01,1811.94
2025-10-19,GG-200027,Search - Non-Brand - Broad | Android | APAC | Video,64,144.26,617.72
2025-10-19,GG-200028,UAC - Value | iOS | LATAM | Video,35,168.23,939.23
2025-10-19,GG-200029,UAC - Installs | Android | APAC | Playables,190,721.28,2713.46
2025-10-19,GG-200030,UAC - Installs | Android | APAC | Video,122,451.03,1577.7
2025-10-19,GG-200031,Search - Brand - Exact | Android | US | Carousel,84,279.09,1006.12
2025-10-19,GG-200032,Search - Brand - Exact | iOS | EU | Static,19,84.59,297.0
2025-10-19,GG-200033,UAC - Value | iOS | APAC | Static,100,503.66,2455.34
2025-10-19,GG-200034,Search - Brand - Exact | iOS | MENA | Video,26,104.43,277.37
2025-10-19,GG-200035,Search - Non-Brand - Broad | Android | LATAM | Static,96,335.03,1321.02
2025-10-19,GG-200036,Search - Non-Brand - Broad | iOS | US | Carousel,68,220.82,1028.8
2025-10-19,GG-200037,Search - Non-Brand - Broad | iOS | US | Video,10,34.15,148.25
2025-10-19,GG-200038,Search - Brand - Exact | iOS | MENA | UGC,57,245.81,1096.31
2025-10-19,GG-200039,Search - Brand - Exact | Android | APAC | Playables,29,102.07,401.85
2025-10-19,GG-200040,UAC - Value | Android | EU | Carousel,181,818.48,3782.2
2025-10-19,GG-200041,Search - Non-Brand - Broad | Android | MENA | Carousel,118,390.11,1068.51
2025-10-19,GG-200042,UAC - Installs | iOS | EU | Video,237,1024.31,4451.65
2025-10-19,GG-200043,Search - Brand - Exact | Android | MENA | Playables,26,66.25,206.37
2025-10-19,GG-200044,UAC - Value | iOS | APAC | Video,84,360.2,2031.17
2025-10-19,GG-200045,UAC - Installs | iOS | LATAM | Video,57,160.24,831.65
2025-10-19,GG-200046,Search - Brand - Exact | Android | LATAM | Static,49,132.25,518.16
2025-10-19,GG-200047,UAC - Installs | iOS | EU | Video,135,649.32,2181.07
2025-10-19,GG-200048,UAC - Value | iOS | EU | UGC,103,481.68,2032.21
2025-10-19,GG-200049,UAC - Value | Android | EU | Video,150,757.38,3343.08
2025-10-19,GG-200050,Search - Brand - Exact | Android | LATAM | Static,38,107.76,391.17
2025-10-19,GG-200051,UAC - Installs | Android | US | Carousel,167,440.66,2173.34
2025-10-19,GG-200052,UAC - Installs | iOS | MENA | UGC,132,364.41,1529.43
2025-10-19,GG-200053,UAC - Installs | Android | EU | Carousel,156,409.75,1755.78
2025-10-19,GG-200054,Search - Brand - Exact | Android | LATAM | Carousel,40,108.1,416.19
2025-10-19,GG-200055,UAC - Value | iOS | APAC | UGC,178,582.84,2605.88
2025-10-19,GG-200056,UAC - Value | iOS | LATAM | Static,41,144.86,869.16
2025-10-19,GG-200057,UAC - Installs | iOS | LATAM | Playables,56,243.62,1081.92
2025-10-19,GG-200058,UAC - Value | Android | APAC | Video,95,361.25,2167.5
2025-10-19,GG-200059,UAC - Installs | Android | MENA | Carousel,75,219.14,677.36
2025-10-19,GG-200060,UAC - Installs | Android | US | Carousel,99,326.0,1229.67
2025-10-19,GG-200061,UAC - Value | iOS | APAC | Playables,95,429.16,2080.14
2025-10-19,GG-200062,UAC - Value | Android | APAC | Carousel,126,483.02,2898.12
2025-10-19,GG-200063,UAC - Value | Android | LATAM | Playables,144,615.0,2715.22
2025-10-19,GG-200064,UAC - Value | iOS | US | Video,80,356.86,2141.16
2025-10-19,GG-200065,Search - Brand - Exact | iOS | MENA | Static,104,460.79,1873.57
2025-10-19,GG-200066,Search - Brand - Exact | Android | MENA | UGC,24,89.63,235.46
2025-10-19,GG-200067,UAC - Installs | Android | US | Static,81,279.55,1124.91
2025-10-19,GG-200068,Search - Brand - Exact | iOS | APAC | Playables,24,66.4,297.41
2025-10-19,GG-200069,UAC - Installs | Android | APAC | Carousel,159,518.15,1824.41
2025-10-19,GG-200070,Search - Non-Brand - Broad | iOS | US | Playables,42,165.1,524.69
2025-10-19,GG-200071,UAC - Installs | iOS | APAC | Carousel,232,826.34,2964.08
2025-10-19,GG-200072,Search - Non-Brand - Broad | Android | US | Video,70,219.33,785.86
2025-10-19,GG-200073,Search - Brand - Exact | iOS | MENA | UGC,68,302.84,806.46
2025-10-19,GG-200074,Search - Non-Brand - Broad | iOS | LATAM | UGC,73,193.01,952.31
2025-10-19,GG-200075,Search - Brand - Exact | iOS | APAC | Static,26,86.13,430.13
2025-10-19,GG-200076,Search - Non-Brand - Broad | Android | US | UGC,74,264.71,911.66
2025-10-19,GG-200077,UAC - Installs | iOS | US | Carousel,88,360.54,1764.48
2025-10-19,GG-200078,UAC - Installs | Android | MENA | Playables,158,590.13,3179.03
2025-10-19,GG-200079,UAC - Installs | iOS | EU | Static,136,425.71,2040.85
2025-10-19,GG-200080,Search - Non-Brand - Broad | Android | US | Static,17,69.82,247.16
2025-10-19,GG-200081,UAC - Installs | Android | APAC | Video,70,234.35,767.5
2025-10-19,GG-200082,Search - Non-Brand - Broad | iOS | APAC | Playables,27,102.16,477.09
2025-10-19,GG-200083,UAC - Value | Android | US | Carousel,125,651.98,3911.88
2025-10-19,GG-200084,UAC - Value | iOS | MENA | UGC,110,401.06,2219.87
2025-10-19,GG-200085,Search - Brand - Exact | Android | EU | Carousel,53,224.22,579.61
2025-10-19,GG-200086,UAC - Installs | iOS | APAC | Playables,43,107.69,583.79
2025-10-19,GG-200087,Search - Non-Brand - Broad | Android | MENA | Playables,41,87.44,358.94
2025-10-19,GG-200088,Search - Brand - Exact | Android | APAC | Playables,58,222.04,913.92
2025-10-19,GG-200089,UAC - Installs | Android | MENA | Static,111,376.23,1306.27
2025-10-19,GG-200090,Search - Non-Brand - Broad | Android | EU | Carousel,39,145.25,430.23
2025-10-19,GG-200091,Search - Brand - Exact | iOS | MENA | Carousel,32,143.04,462.02
2025-10-19,GG-200092,UAC - Installs | iOS | EU | Playables,50,151.47,561.5
2025-10-19,GG-200093,Search - Brand - Exact | Android | LATAM | Playables,23,71.11,195.77
2025-10-19,GG-200094,Search - Non-Brand - Broad | Android | MENA | Playables,68,170.89,709.88
2025-10-19,GG-200095,UAC - Installs | Android | MENA | Playables,85,285.67,1226.1
2025-10-19,GG-200096,Search - Brand - Exact | Android | US | Video,29,110.28,369.0
2025-10-19,GG-200097,UAC - Value | iOS | EU | Playables,84,463.19,2326.14
2025-10-19,GG-200098,UAC - Installs | Android | APAC | Playables,59,194.83,643.91
2025-10-19,GG-200099,UAC - Value | iOS | APAC | Static,47,242.83,1166.56
2025-10-19,GG-200100,Search - Brand - Exact | iOS | APAC | Video,46,187.37,587.22
2025-10-19,GG-200101,UAC - Value | Android | APAC | UGC,87,297.12,1769.94
2025-10-19,GG-200102,Search - Non-Brand - Broad | iOS | EU | Carousel,80,277.52,1351.8
2025-10-19,GG-200103,UAC - Value | iOS | LATAM | Carousel,133,533.48,2722.35
2025-10-19,GG-200104,Search - Brand - Exact | Android | LATAM | Playables,120,324.98,1441.29
2025-10-19,GG-200105,Search - Brand - Exact | iOS | EU | UGC,43,174.89,477.1
2025-10-19,GG-200106,Search - Non-Brand - Broad | iOS | APAC | Static,123,449.25,1403.46
2025-10-19,GG-200107,UAC - Value | Android | US | Carousel,90,429.21,2150.77
2025-10-19,GG-200108,UAC - Installs | iOS | EU | Static,96,422.96,1460.48
2025-10-19,GG-200109,UAC - Value | iOS | EU | Static,85,432.73,2421.99
2025-10-19,GG-200110,UAC - Value | iOS | APAC | Carousel,114,478.02,2868.12
2025-10-19,GG-200111,UAC - Value | Android | US | UGC,161,614.76,3661.51
2025-10-19,GG-200112,UAC - Installs | Android | EU | Playables,279,828.85,3239.15
2025-10-19,GG-200113,UAC - Value | Android | US | Carousel,132,663.39,2791.55
2025-10-19,GG-200114,Search - Brand - Exact | iOS | LATAM | Playables,39,109.4,468.56
2025-10-19,GG-200115,UAC - Installs | Android | APAC | Static,141,547.07,1779.07
2025-10-19,GG-200116,Search - Brand - Exact | iOS | APAC | Carousel,42,158.03,548.36
2025-10-19,GG-200117,Search - Non-Brand - Broad | iOS | US | Playables,15,69.39,262.36
2025-10-19,GG-200118,Search - Brand - Exact | iOS | MENA | Carousel,58,157.79,421.14
2025-10-19,GG-200119,UAC - Installs | iOS | MENA | UGC,120,466.64,1613.17
2025-10-19,GG-200120,UAC - Value | Android | EU | Video,211,932.81,5596.86
2025-10-19,GG-200121,UAC - Installs | iOS | LATAM | Playables,123,365.05,1150.27
2025-10-19,GG-200122,UAC - Value | Android | EU | Playables,168,806.1,4252.18
2025-10-19,GG-200123,Search - Non-Brand - Broad | Android | US | Video,39,164.42,505.1
2025-10-19,GG-200124,UAC - Value | iOS | APAC | Playables,72,273.77,1518.6
2025-10-19,GG-200125,Search - Non-Brand - Broad | Android | MENA | Playables,62,211.73,709.08
2025-10-19,GG-200126,Search - Non-Brand - Broad | iOS | MENA | Carousel,24,104.35,492.95
2025-10-19,GG-200127,UAC - Installs | iOS | MENA | Carousel,60,258.84,1330.44
2025-10-19,GG-200128,UAC - Value | iOS | MENA | Carousel,53,177.22,851.19
2025-10-19,GG-200129,Search - Brand - Exact | Android | LATAM | Carousel,83,264.91,1029.18
2025-10-19,GG-200130,Search - Brand - Exact | iOS | MENA | Carousel,34,87.16,335.48
2025-10-19,GG-200131,Search - Non-Brand - Broad | iOS | LATAM | Playables,24,87.44,420.59
2025-10-19,GG-200132,Search - Non-Brand - Broad | Android | MENA | UGC,169,374.4,1593.45
2025-10-19,GG-200133,Search - Brand - Exact | iOS | EU | Static,31,104.07,513.17
2025-10-19,GG-200134,UAC - Value | Android | EU | Video,82,341.0,1373.89
2025-10-19,GG-200135,UAC - Value | iOS | APAC | Static,212,843.61,4331.09
2025-10-19,GG-200136,UAC - Value | Android | APAC | Playables,50,204.92,1006.36
2025-10-19,GG-200137,Search - Non-Brand - Broad | Android | EU | Playables,63,269.68,1020.74
2025-10-19,GG-200138,UAC - Value | iOS | APAC | Playables,200,924.56,4497.98
2025-10-19,GG-200139,UAC - Installs | iOS | EU | UGC,95,421.69,1475.07
2025-10-19,GG-200140,UAC - Value | iOS | LATAM | Playables,107,487.59,2391.14
2025-10-19,GG-200141,UAC - Installs | Android | EU | Carousel,144,442.37,1542.54
2025-10-19,GG-200142,Search - Non-Brand - Broad | Android | LATAM | Carousel,46,100.92,371.28
2025-10-19,GG-200143,UAC - Installs | iOS | LATAM | UGC,92,378.13,1249.72
2025-10-19,GG-200144,UAC - Value | iOS | LATAM | Video,79,403.63,1961.24
2025-10-19,GG-200145,UAC - Installs | iOS | LATAM | Static,93,361.81,1155.62
2025-10-19,GG-200146,UAC - Installs | Android | LATAM | Video,143,391.28,2032.7
2025-10-19,GG-200147,Search - Non-Brand - Broad | iOS | LATAM | UGC,53,225.4,883.12
2025-10-19,GG-200148,UAC - Installs | Android | MENA | Carousel,168,526.51,2012.32
2025-10-19,GG-200149,Search - Non-Brand - Broad | Android | US | Playables,28,85.31,357.28
2025-10-19,GG-200150,Search - Non-Brand - Broad | Android | US | Playables,136,577.62,2501.09
2025-10-19,GG-200151,UAC - Value | Android | US | Video,87,373.45,1684.63
2025-10-19,GG-200152,Search - Non-Brand - Broad | iOS | APAC | Video,58,217.96,985.62
2025-10-19,GG-200153,UAC - Value | Android | MENA | Static,118,340.5,2043.0
2025-10-19,GG-200154,UAC - Installs | iOS | APAC | Static,71,234.78,782.52
2025-10-19,GG-200155,Search - Brand - Exact | iOS | LATAM | Video,37,110.23,356.37
2025-10-19,GG-200156,Search - Non-Brand - Broad | Android | MENA | Video,68,142.1,451.59
2025-10-19,GG-200157,UAC - Value | iOS | EU | Video,151,753.66,4521.96
2025-10-19,GG-200158,Search - Brand - Exact | iOS | EU | Carousel,33,157.27,593.85
2025-10-19,GG-200159,Search - Brand - Exact | Android | LATAM | Playables,149,548.33,1643.89
2025-10-19,GG-200160,UAC - Value | iOS | LATAM | UGC,73,309.25,1673.97
2025-10-19,GG-200161,UAC - Installs | Android | MENA | UGC,99,286.66,931.36
2025-10-19,GG-200162,Search - Non-Brand - Broad | Android | US | Carousel,22,91.1,269.2
2025-10-19,GG-200163,Search - Brand - Exact | iOS | LATAM | Static,29,73.04,209.77
2025-10-19,GG-200164,Search - Non-Brand - Broad | iOS | LATAM | Playables,61,243.5,946.48
2025-10-19,GG-200165,UAC - Value | Android | MENA | UGC,133,447.81,2565.06
2025-10-19,GG-200166,Search - Brand - Exact | iOS | US | UGC,8,29.45,111.0
2025-10-19,GG-200167,UAC - Installs | Android | EU | UGC,98,321.44,1740.28
2025-10-19,GG-200168,UAC - Value | Android | US | Carousel,68,222.27,1012.44
2025-10-19,GG-200169,UAC - Installs | Android | APAC | Carousel,94,343.16,1841.05
2025-10-19,GG-200170,Search - Brand - Exact | iOS | MENA | Playables,106,444.51,1411.76
2025-10-19,GG-200171,Search - Brand - Exact | iOS | LATAM | Static,31,129.45,635.6
2025-10-19,GG-200172,Search - Non-Brand - Broad | Android | APAC | Carousel,46,112.71,387.61
2025-10-19,GG-200173,Search - Brand - Exact | iOS | MENA | Carousel,59,212.42,546.56
2025-10-19,GG-200174,Search - Non-Brand - Broad | iOS | LATAM | Playables,15,63.16,268.62
2025-10-19,GG-200175,Search - Non-Brand - Broad | Android | EU | UGC,40,142.24,505.66
2025-10-19,GG-200176,UAC - Value | iOS | MENA | Carousel,162,587.9,3124.1
2025-10-19,GG-200177,Search - Non-Brand - Broad | iOS | MENA | Static,19,58.83,291.44
2025-10-19,GG-200178,UAC - Installs | Android | MENA | UGC,203,710.8,3793.54
2025-10-19,GG-200179,Search - Brand - Exact | Android | MENA | Video,96,282.9,1267.39
2025-10-19,GG-200180,Search - Non-Brand - Broad | Android | MENA | Playables,101,324.12,1055.66
2025-10-19,GG-200181,UAC - Value | Android | LATAM | Playables,98,391.39,1673.58
2025-10-19,GG-200182,UAC - Value | Android | EU | Playables,91,338.83,1507.45
2025-10-19,GG-200183,Search - Brand - Exact | Android | MENA | UGC,59,211.3,872.46
2025-10-19,GG-200184,UAC - Value | iOS | EU | Playables,57,245.5,1473.0
2025-10-19,GG-200185,UAC - Value | iOS | MENA | Video,95,403.95,1935.32
2025-10-19,GG-200186,UAC - Installs | iOS | US | UGC,74,242.84,761.06
2025-10-19,GG-200187,Search - Brand - Exact | Android | EU | Playables,44,182.47,658.17
2025-10-19,GG-200188,Search - Brand - Exact | Android | APAC | Carousel,56,146.32,402.09
2025-10-19,GG-200189,Search - Brand - Exact | Android | US | UGC,99,359.19,1289.13
2025-10-19,GG-200190,Search - Non-Brand - Broad | iOS | APAC | Static,51,218.01,1030.1
2025-10-19,GG-200191,UAC - Value | iOS | LATAM | UGC,184,766.19,4169.61
2025-10-19,GG-200192,Search - Non-Brand - Broad | iOS | APAC | Video,29,80.66,303.04
2025-10-19,GG-200193,UAC - Value | iOS | US | Static,29,128.94,661.33
2025-10-19,GG-200194,Search - Brand - Exact | Android | EU | Video,38,152.17,426.99
2025-10-19,GG-200195,UAC - Value | iOS | APAC | Playables,96,502.09,2934.72
2025-10-19,GG-200196,UAC - Value | iOS | EU | Static,31,156.6,674.16
2025-10-19,GG-200197,Search - Non-Brand - Broad | iOS | EU | Carousel,57,209.61,850.18
2025-10-19,GG-200198,Search - Brand - Exact | Android | US | UGC,65,163.9,738.7
2025-10-19,GG-200199,Search - Brand - Exact | Android | EU | Video,100,422.59,1643.03
2025-10-19,GG-200200,Search - Brand - Exact | Android | APAC | Playables,97,249.29,720.95
2025-10-19,GG-200201,UAC - Value | Android | US | UGC,133,490.92,2169.87
2025-10-19,GG-200202,Search - Brand - Exact | Android | MENA | Static,40,137.0,486.62
2025-10-19,GG-200203,Search - Non-Brand - Broad | Android | MENA | Carousel,44,96.4,425.7
2025-10-19,GG-200204,UAC - Installs | iOS | MENA | Playables,60,189.05,778.7
2025-10-19,GG-200205,Search - Non-Brand - Broad | Android | LATAM | Static,58,166.53,559.71
2025-10-19,GG-200206,Search - Brand - Exact | iOS | LATAM | Carousel,108,450.81,2109.34
2025-10-19,GG-200207,UAC - Value | Android | APAC | Playables,99,272.77,1636.62
2025-10-19,GG-200208,UAC - Installs | Android | LATAM | UGC,216,715.67,3322.86
2025-10-19,GG-200209,UAC - Installs | iOS | APAC | Static,73,324.67,1467.18
2025-10-19,GG-200210,UAC - Value | iOS | EU | Playables,59,262.8,1091.41
2025-10-19,GG-200211,Search - Non-Brand - Broad | Android | EU | Carousel,102,277.29,709.86
2025-10-19,GG-200212,UAC - Value | iOS | US | Playables,167,738.89,4433.34
2025-10-19,GG-200213,Search - Non-Brand - Broad | iOS | MENA | Playables,24,69.87,245.1
2025-10-19,GG-200214,Search - Non-Brand - Broad | iOS | EU | Carousel,70,232.46,679.48
2025-10-19,GG-200215,UAC - Installs | iOS | US | UGC,179,786.19,3136.9
2025-10-19,GG-200216,Search - Brand - Exact | Android | MENA | Static,136,286.42,1398.3
2025-10-19,GG-200217,Search - Brand - Exact | iOS | APAC | Playables,39,138.25,543.74
2025-10-19,GG-200218,Search - Non-Brand - Broad | Android | EU | Playables,13,40.82,122.34
2025-10-19,GG-200219,UAC - Installs | iOS | EU | Carousel,83,254.62,1231.6
2025-10-19,GG-200220,Search - Brand - Exact | Android | EU | Static,64,272.77,767.85
2025-10-19,GG-200221,Search - Non-Brand - Broad | iOS | EU | Playables,101,439.92,1178.11
2025-10-19,GG-200222,UAC - Installs | iOS | EU | Playables,113,394.12,1883.89
2025-10-19,GG-200223,UAC - Installs | iOS | APAC | UGC,170,625.57,2223.28
2025-10-19,GG-200224,UAC - Value | iOS | LATAM | Carousel,171,683.95,3564.75
2025-10-19,GG-200225,UAC - Installs | iOS | US | UGC,102,488.76,1571.36
2025-10-19,GG-200226,UAC - Value | Android | LATAM | Carousel,204,885.83,5249.43
2025-10-19,GG-200227,Search - Non-Brand - Broad | Android | MENA | Static,60,226.85,708.0
2025-10-19,GG-200228,UAC - Value | Android | LATAM | Playables,85,350.67,2018.81
2025-10-19,GG-200229,UAC - Installs | iOS | EU | Static,100,348.51,1812.6
2025-10-19,GG-200230,Search - Non-Brand - Broad | Android | APAC | Playables,76,231.2,660.08
2025-10-19,GG-200231,UAC - Installs | iOS | MENA | Carousel,38,166.56,723.37
2025-10-19,GG-200232,Search - Non-Brand - Broad | iOS | APAC | UGC,15,63.37,284.97
2025-10-19,GG-200233,UAC - Value | iOS | EU | Static,88,369.01,2214.06
2025-10-19,GG-200234,Search - Brand - Exact | Android | MENA | Video,15,39.25,162.46
2025-10-19,GG-200235,UAC - Value | Android | US | Video,240,888.22,4560.12
2025-10-19,GG-200236,Search - Non-Brand - Broad | Android | EU | Video,65,258.63,1293.15
2025-10-19,GG-200237,UAC - Value | Android | EU | Playables,113,572.93,3437.58
2025-10-19,GG-200238,UAC - Value | iOS | US | Playables,109,446.24,2123.21
2025-10-19,GG-200239,UAC - Value | iOS | US | Video,56,242.84,1065.1
2025-10-19,GG-200240,UAC - Installs | Android | US | Playables,198,794.34,3076.48
2025-10-19,GG-200241,UAC - Value | iOS | US | Playables,93,399.16,2394.96
2025-10-19,GG-200242,Search - Non-Brand - Broad | Android | US | Video,52,172.42,537.78
2025-10-19,GG-200243,UAC - Installs | Android | EU | Playables,118,296.24,1081.87
2025-10-19,GG-200244,Search - Brand - Exact | iOS | LATAM | UGC,50,203.58,538.06
2025-10-19,GG-200245,Search - Non-Brand - Broad | iOS | APAC | UGC,31,134.79,538.62
2025-10-19,GG-200246,Search - Brand - Exact | Android | LATAM | Video,108,358.62,1280.99
2025-10-19,GG-200247,UAC - Value | Android | APAC | UGC,153,560.03,3017.44
2025-10-19,GG-200248,Search - Non-Brand - Broad | iOS | US | Video,38,150.58,722.48
2025-10-19,GG-200249,UAC - Installs | Android | APAC | UGC,57,197.24,666.08
2025-10-19,GG-200250,Search - Non-Brand - Broad | Android | MENA | Video,152,561.21,2621.97
2025-10-19,GG-200251,UAC - Installs | Android | MENA | UGC,77,183.72,936.79
2025-10-19,GG-200252,Search - Brand - Exact | Android | US | Carousel,9,38.72,103.96
2025-10-19,GG-200253,Search - Non-Brand - Broad | Android | LATAM | Video,125,354.45,1168.98
2025-10-19,GG-200254,UAC - Installs | Android | APAC | Video,174,390.47,1497.84
2025-10-19,GG-200255,UAC - Value | Android | MENA | Static,127,544.39,2867.85
2025-10-19,GG-200256,Search - Brand - Exact | iOS | APAC | Static,24,68.06,173.69
2025-10-19,GG-200257,UAC - Value | iOS | US | Video,130,669.89,2849.71
2025-10-19,GG-200258,UAC - Value | Android | US | Carousel,48,177.8,765.78
2025-10-19,GG-200259,UAC - Value | iOS | US | Carousel,147,558.64,2504.38
2025-10-19,GG-200260,UAC - Value | iOS | EU | Carousel,83,324.4,1946.4
2025-10-19,GG-200261,UAC - Value | iOS | EU | Playables,89,481.92,2573.45
2025-10-19,GG-200262,Search - Non-Brand - Broad | Android | MENA | Carousel,82,190.89,651.13
2025-10-19,GG-200263,Search - Non-Brand - Broad | Android | US | Carousel,47,151.18,496.02
2025-10-19,GG-200264,UAC - Installs | iOS | EU | UGC,120,470.29,2374.96
2025-10-19,GG-200265,Search - Brand - Exact | iOS | US | Video,25,103.09,266.08
2025-10-19,GG-200266,UAC - Installs | iOS | APAC | Carousel,119,319.17,1380.41
2025-10-19,GG-200267,Search - Non-Brand - Broad | Android | EU | Video,70,263.86,1230.12
2025-10-19,GG-200268,UAC - Value | iOS | APAC | Playables,35,151.05,677.01
2025-10-19,GG-200269,UAC - Installs | Android | US | Video,128,418.46,2164.28
2025-10-19,GG-200270,UAC - Installs | Android | MENA | Playables,107,368.66,1562.75
2025-10-19,GG-200271,UAC - Value | iOS | US | Carousel,105,435.28,2091.96
2025-10-19,GG-200272,Search - Non-Brand - Broad | iOS | US | Playables,47,176.26,748.75
2025-10-19,GG-200273,Search - Non-Brand - Broad | Android | APAC | Static,49,137.37,377.49
2025-10-19,GG-200274,UAC - Value | iOS | LATAM | Carousel,78,317.83,1643.82
2025-10-19,GG-200275,UAC - Value | Android | US | Static,102,426.39,2341.31
2025-10-19,GG-200276,UAC - Value | iOS | APAC | Carousel,151,713.9,3922.88
2025-10-19,GG-200277,Search - Non-Brand - Broad | Android | LATAM | Carousel,40,148.34,451.84
2025-10-19,GG-200278,Search - Non-Brand - Broad | iOS | MENA | Playables,57,256.43,1231.89
2025-10-19,GG-200279,UAC - Installs | iOS | US | Static,53,168.84,626.57
2025-10-19,GG-200280,UAC - Value | Android | APAC | Carousel,168,511.19,3067.14
2025-10-19,GG-200281,UAC - Value | iOS | APAC | Carousel,80,361.74,2145.12
2025-10-19,GG-200282,Search - Non-Brand - Broad | Android | LATAM | Carousel,37,107.12,523.07
2025-10-19,GG-200283,UAC - Value | iOS | LATAM | Static,107,351.23,2028.35
2025-10-19,GG-200284,Search - Non-Brand - Broad | iOS | LATAM | UGC,35,120.5,498.27
2025-10-19,GG-200285,UAC - Value | iOS | APAC | Carousel,52,242.54,1399.7
2025-10-19,GG-200286,Search - Non-Brand - Broad | iOS | US | Playables,158,666.59,2874.34
2025-10-19,GG-200287,UAC - Value | Android | MENA | Video,119,384.42,2206.57
2025-10-19,GG-200288,Search - Brand - Exact | Android | APAC | Carousel,74,179.68,480.46
2025-10-19,GG-200289,UAC - Installs | iOS | APAC | Static,93,263.96,866.84
2025-10-19,GG-200290,UAC - Value | Android | LATAM | Static,71,226.87,1218.07
2025-10-19,GG-200291,UAC - Value | iOS | US | UGC,58,312.86,1725.42
2025-10-19,GG-200292,UAC - Value | iOS | MENA | Playables,53,212.89,1276.06
2025-10-19,GG-200293,Search - Brand - Exact | Android | LATAM | Playables,83,310.82,1107.14
2025-10-19,GG-200294,Search - Non-Brand - Broad | Android | EU | Carousel,81,309.74,1102.05
2025-10-19,GG-200295,UAC - Installs | Android | MENA | UGC,81,247.5,1360.26
2025-10-19,GG-200296,Search - Brand - Exact | iOS | US | Video,140,624.29,2200.62
2025-10-19,GG-200297,Search - Non-Brand - Broad | iOS | EU | Playables,82,257.7,687.03
2025-10-19,GG-200298,UAC - Value | iOS | LATAM | UGC,45,195.52,1049.94
2025-10-19,GG-200299,UAC - Value | Android | LATAM | Video,51,199.73,1019.42
2025-10-19,GG-200300,Search - Brand - Exact | Android | LATAM | UGC,63,169.01,665.39
2025-10-19,GG-200301,UAC - Installs | Android | EU | Carousel,69,235.57,751.23
2025-10-19,GG-200302,UAC - Value | iOS | APAC | Static,275,902.61,3646.54
2025-10-19,GG-200303,UAC - Value | iOS | APAC | Video,185,939.58,5176.15
2025-10-19,GG-200304,UAC - Installs | iOS | LATAM | Video,164,685.31,3658.18
2025-10-19,GG-200305,UAC - Installs | Android | US | Video,97,361.49,1191.11
2025-10-19,GG-200306,Search - Non-Brand - Broad | Android | EU | Static,65,201.45,806.2
2025-10-19,GG-200307,UAC - Value | Android | LATAM | Playables,193,552.85,2854.92
2025-10-19,GG-200308,Search - Non-Brand - Broad | iOS | EU | UGC,124,510.62,1327.1
2025-10-19,GG-200309,Search - Brand - Exact | Android | APAC | UGC,38,84.53,403.72
2025-10-19,GG-200310,UAC - Value | Android | APAC | Playables,178,838.91,4487.33
2025-10-19,GG-200311,Search - Non-Brand - Broad | iOS | US | Static,25,91.92,456.84
2025-10-19,GG-200312,Search - Brand - Exact | iOS | US | Playables,73,249.39,1077.86
2025-10-19,GG-200313,Search - Non-Brand - Broad | Android | LATAM | Carousel,104,359.27,1356.6
2025-10-19,GG-200314,UAC - Value | iOS | US | Carousel,88,480.48,2161.68
2025-10-19,GG-200315,UAC - Value | iOS | MENA | UGC,87,451.34,2145.67
2025-10-19,GG-200316,UAC - Value | Android | LATAM | Carousel,46,210.46,1262.76
2025-10-19,GG-200317,Search - Brand - Exact | Android | LATAM | Playables,30,70.59,335.51
2025-10-19,GG-200318,Search - Non-Brand - Broad | Android | LATAM | Video,63,130.83,390.66
2025-10-19,GG-200319,UAC - Installs | iOS | US | Static,60,292.7,1559.8
2025-10-19,GG-200320,UAC - Value | Android | MENA | UGC,112,384.51,1582.64
2025-10-19,GG-200321,UAC - Value | Android | MENA | UGC,115,516.8,2252.21
2025-10-19,GG-200322,Search - Non-Brand - Broad | Android | APAC | Playables,44,169.16,845.12
2025-10-19,GG-200323,Search - Non-Brand - Broad | Android | APAC | Carousel,88,263.53,762.66
2025-10-19,GG-200324,Search - Brand - Exact | Android | LATAM | UGC,28,86.29,236.43
2025-10-19,GG-200325,Search - Non-Brand - Broad | iOS | US | UGC,64,288.53,1030.34
2025-10-19,GG-200326,UAC - Value | Android | APAC | Playables,73,309.38,1845.76
2025-10-19,GG-200327,UAC - Value | iOS | APAC | UGC,104,444.38,2666.28
2025-10-19,GG-200328,Search - Brand - Exact | iOS | EU | Video,33,156.63,585.01
2025-10-19,GG-200329,UAC - Installs | Android | LATAM | Video,60,186.1,966.05
2025-10-19,GG-200330,Search - Non-Brand - Broad | Android | MENA | Carousel,19,63.16,270.83
2025-10-19,GG-200331,Search - Brand - Exact | iOS | MENA | UGC,28,77.1,376.71
2025-10-19,GG-200332,UAC - Installs | Android | LATAM | Playables,162,501.34,2183.84
2025-10-19,GG-200333,Search - Non-Brand - Broad | Android | APAC | Playables,21,69.59,275.99
2025-10-19,GG-200334,UAC - Installs | iOS | US | Static,122,459.49,1664.73
2025-10-19,GG-200335,UAC - Installs | Android | APAC | Carousel,112,372.36,1882.28
2025-10-19,GG-200336,Search - Non-Brand - Broad | Android | APAC | Video,38,106.6,401.88
2025-10-19,GG-200337,UAC - Value | Android | MENA | Carousel,42,192.86,881.18
2025-10-19,GG-200338,Search - Non-Brand - Broad | Android | MENA | Static,142,414.78,1793.51
2025-10-19,GG-200339,UAC - Installs | Android | US | Playables,195,666.26,2110.71
2025-10-19,GG-200340,Search - Non-Brand - Broad | iOS | MENA | Playables,107,333.72,1363.58
2025-10-19,GG-200341,UAC - Installs | iOS | LATAM | Carousel,122,513.6,2423.16
2025-10-19,GG-200342,Search - Brand - Exact | Android | EU | UGC,20,56.05,257.55
2025-10-19,GG-200343,Search - Non-Brand - Broad | iOS | EU | Static,37,133.33,527.72
2025-10-19,GG-200344,UAC - Value | Android | LATAM | Static,145,416.7,2500.2
2025-10-19,GG-200345,UAC - Installs | iOS | EU | Playables,56,200.6,974.92
2025-10-19,GG-200346,Search - Brand - Exact | iOS | APAC | UGC,100,402.92,1756.73
2025-10-19,GG-200347,UAC - Installs | Android | APAC | Playables,105,238.2,1236.73
2025-10-19,GG-200348,UAC - Installs | iOS | APAC | UGC,92,330.14,1081.21
2025-10-19,GG-200349,UAC - Installs | Android | US | UGC,138,585.77,2453.79
2025-10-20,FB-100000,UA - Retargeting - Value | Android | US | Carousel,27,103.95,559.15
2025-10-20,FB-100001,UA - Prospecting - Broad | Android | EU | Video,82,286.89,1277.52
2025-10-20,FB-100002,UA - Prospecting - Broad | iOS | US | Video,64,260.24,1107.32
2025-10-20,FB-100003,UA - Prospecting - Broad | Android | EU | Playables,26,82.91,365.22
2025-10-20,FB-100004,UA - Retargeting - Value | Android | MENA | UGC,27,117.38,588.78
2025-10-20,FB-100005,UA - Prospecting - Broad | iOS | MENA | Carousel,15,48.19,220.76
2025-10-20,FB-100006,UA - Lookalike - 1% | Android | APAC | Carousel,83,191.09,677.03
2025-10-20,FB-100007,UA - Prospecting - Broad | Android | EU | Carousel,42,164.42,606.55
2025-10-20,FB-100008,UA - Lookalike - 1% | Android | APAC | Video,48,142.69,641.96
2025-10-20,FB-100009,UA - Prospecting - Broad | iOS | MENA | Carousel,86,322.39,1393.05
2025-10-20,FB-100010,UA - Lookalike - 5% | iOS | MENA | Video,180,653.8,3369.69
2025-10-20,FB-100011,UA - Lookalike - 1% | Android | MENA | Carousel,65,144.73,779.08
2025-10-20,FB-100012,UA - Retargeting - Value | Android | US | Video,22,99.19,478.19
2025-10-20,FB-100013,UA - Prospecting - Broad | iOS | US | Static,22,104.58,547.27
2025-10-20,FB-100014,UA - Lookalike - 1% | iOS | LATAM | UGC,10,43.38,157.47
2025-10-20,FB-100015,UA - Retargeting - Value | Android | LATAM | Carousel,10,47.09,214.4
2025-10-20,FB-100016,UA - Retargeting - Value | iOS | US | Playables,33,145.24,746.1
2025-10-20,FB-100017,UA - Lookalike - 5% | Android | EU | UGC,141,543.91,1807.96
2025-10-20,FB-100018,UA - Lookalike - 1% | iOS | MENA | Static,63,185.47,884.88
2025-10-20,FB-100019,UA - Lookalike - 1% | Android | EU | Video,57,210.17,683.05
2025-10-20,FB-100020,UA - Retargeting - Value | iOS | LATAM | Video,28,114.3,685.8
2025-10-20,FB-100021,UA - Lookalike - 5% | iOS | EU | UGC,110,331.0,1109.18
2025-10-20,FB-100022,UA - Retargeting - Value | iOS | EU | Carousel,4,22.36,134.16
2025-10-20,FB-100023,UA - Lookalike - 1% | Android | MENA | Playables,42,157.09,645.33
2025-10-20,FB-100024,UA - Lookalike - 1% | iOS | MENA | UGC,180,597.65,1976.43
2025-10-20,FB-100025,UA - Lookalike - 5% | Android | EU | Playables,112,363.74,1995.84
2025-10-20,FB-100026,UA - Retargeting - Value | Android | US | Video,117,556.78,2329.57
2025-10-20,FB-100027,UA - Prospecting - Broad | Android | APAC | Playables,150,303.17,1073.22
2025-10-20,FB-100028,UA - Lookalike - 5% | iOS | APAC | Playables,46,157.67,740.58
2025-10-20,FB-100029,UA - Prospecting - Broad | iOS | MENA | Video,76,338.44,1663.77
2025-10-20,FB-100030,UA - Lookalike - 1% | iOS | LATAM | Video,40,162.51,598.36
2025-10-20,FB-100031,UA - Prospecting - Broad | iOS | EU | UGC,24,72.39,347.62
2025-10-20,FB-100032,UA - Prospecting - Broad | iOS | MENA | Static,19,81.6,298.57
2025-10-20,FB-100033,UA - Retargeting - Value | iOS | MENA | Playables,39,147.84,769.8
2025-10-20,FB-100034,UA - Prospecting - Broad | Android | LATAM | Static,20,60.46,268.14
2025-10-20,FB-100035,UA - Prospecting - Broad | iOS | APAC | Video,18,62.27,317.14
2025-10-20,FB-100036,UA - Prospecting - Broad | iOS | LATAM | Static,53,138.45,485.54
2025-10-20,FB-100037,UA - Prospecting - Broad | Android | MENA | Video,51,164.84,857.33
2025-10-20,FB-100038,UA - Retargeting - Value | iOS | US | Playables,42,180.51,736.66
2025-10-20,FB-100039,UA - Retargeting - Value | Android | APAC | Playables,87,326.86,1961.16
2025-10-20,FB-100040,UA - Lookalike - 5% | iOS | MENA | Playables,131,539.51,2292.38
2025-10-20,FB-100041,UA - Lookalike - 1% | Android | MENA | Static,128,445.63,2443.83
2025-10-20,FB-100042,UA - Lookalike - 5% | iOS | LATAM | UGC,106,300.28,1283.7
2025-10-20,FB-100043,UA - Prospecting - Broad | Android | EU | Static,32,120.38,633.68
2025-10-20,FB-100044,UA - Retargeting - Value | iOS | US | Playables,10,47.61,285.66
2025-10-20,FB-100045,UA - Prospecting - Broad | Android | US | Video,73,261.22,1222.51
2025-10-20,FB-100046,UA - Lookalike - 1% | Android | US | Video,96,243.67,1270.98
2025-10-20,FB-100047,UA - Lookalike - 1% | Android | MENA | Static,26,90.03,460.59
2025-10-20,FB-100048,UA - Retargeting - Value | iOS | EU | Playables,70,325.0,1384.5
2025-10-20,FB-100049,UA - Lookalike - 5% | iOS | EU | UGC,75,355.96,1792.61
2025-10-20,FB-100050,UA - Lookalike - 5% | Android | US | Video,243,768.44,4112.69
2025-10-20,FB-100051,UA - Lookalike - 5% | iOS | APAC | UGC,17,45.63,208.85
2025-10-20,FB-100052,UA - Lookalike - 5% | Android | US | Video,39,102.95,388.74
2025-10-20,FB-100053,UA - Retargeting - Value | iOS | US | Static,20,110.8,649.07
2025-10-20,FB-100054,UA - Retargeting - Value | Android | MENA | UGC,41,146.36,757.71
2025-10-20,FB-100055,UA - Lookalike - 5% | iOS | EU | Carousel,37,136.03,512.43
2025-10-20,FB-100056,UA - Prospecting - Broad | Android | US | UGC,45,144.85,590.99
2025-10-20,FB-100057,UA - Prospecting - Broad | Android | MENA | Video,32,104.05,528.16
2025-10-20,FB-100058,UA - Lookalike - 5% | Android | EU | UGC,71,297.75,1218.39
2025-10-20,FB-100059,UA - Prospecting - Broad | iOS | EU | UGC,37,166.28,670.11
2025-10-20,FB-100060,UA - Lookalike - 5% | Android | APAC | Video,65,161.62,751.21
2025-10-20,FB-100061,UA - Lookalike - 5% | iOS | APAC | Carousel,95,398.67,1447.17
2025-10-20,FB-100062,UA - Lookalike - 1% | iOS | EU | Static,110,477.1,2203.25
2025-10-20,FB-100063,UA - Prospecting - Broad | Android | US | Playables,135,430.49,1695.7
2025-10-20,FB-100064,UA - Lookalike - 5% | iOS | US | Video,75,262.69,1099.88
2025-10-20,FB-100065,UA - Prospecting - Broad | Android | US | Playables,21,68.53,237.18
2025-10-20,FB-100066,UA - Prospecting - Broad | Android | US | Playables,75,266.68,846.98
2025-10-20,FB-100067,UA - Retargeting - Value | Android | APAC | Video,100,287.03,1353.63
2025-10-20,FB-100068,UA - Lookalike - 5% | Android | MENA | Video,82,319.19,1538.18
2025-10-20,FB-100069,UA - Lookalike - 1% | iOS | LATAM | Static,59,239.24,1286.15
2025-10-20,FB-100070,UA - Retargeting - Value | Android | LATAM | UGC,48,213.69,892.37
2025-10-20,FB-100071,UA - Prospecting - Broad | iOS | APAC | Carousel,78,226.64,1058.86
2025-10-20,FB-100072,UA - Prospecting - Broad | Android | APAC | Playables,39,111.1,586.27
2025-10-20,FB-100073,UA - Lookalike - 1% | Android | MENA | Static,17,37.22,133.81
2025-10-20,FB-100074,UA - Retargeting - Value | Android | LATAM | Video,44,169.4,1016.4
2025-10-20,FB-100075,UA - Lookalike - 5% | iOS | LATAM | Static,98,267.42,1005.77
2025-10-20,FB-100076,UA - Prospecting - Broad | iOS | MENA | Playables,12,48.29,151.87
2025-10-20,FB-100077,UA - Lookalike - 1% | iOS | US | Static,34,148.12,476.8
2025-10-20,FB-100078,UA - Retargeting - Value | Android | US | Playables,20,75.22,425.37
2025-10-20,FB-100079,UA - Retargeting - Value | iOS | LATAM | Playables,20,82.17,369.76
2025-10-20,FB-100080,UA - Lookalike - 5% | iOS | EU | Carousel,145,583.09,2893.29
2025-10-20,FB-100081,UA - Lookalike - 5% | iOS | US | Video,86,400.21,2139.92
2025-10-20,FB-100082,UA - Lookalike - 1% | iOS | US | Video,29,123.17,484.8
2025-10-20,FB-100083,UA - Lookalike - 5% | Android | LATAM | Static,108,404.49,2090.4
2025-10-20,FB-100084,UA - Prospecting - Broad | iOS | MENA | Video,56,166.53,896.93
2025-10-20,FB-100085,UA - Prospecting - Broad | Android | EU | Playables,49,176.44,805.1
2025-10-20,FB-100086,UA - Retargeting - Value | iOS | MENA | Playables,93,485.08,2910.48
2025-10-20,FB-100087,UA - Lookalike - 1% | iOS | EU | Video,51,222.02,952.69
2025-10-20,FB-100088,UA - Retargeting - Value | iOS | US | Carousel,49,254.51,1407.44
2025-10-20,FB-100089,UA - Lookalike - 5% | Android | US | Carousel,92,293.35,1209.48
2025-10-20,FB-100090,UA - Retargeting - Value | Android | EU | Static,56,191.53,1149.18
2025-10-20,FB-100091,UA - Lookalike - 1% | iOS | US | Static,143,578.01,1961.19
2025-10-20,FB-100092,UA - Retargeting - Value | iOS | EU | Carousel,22,111.99,671.94
2025-10-20,FB-100093,UA - Lookalike - 5% | Android | APAC | Video,48,130.08,492.61
2025-10-20,FB-100094,UA - Lookalike - 1% | Android | EU | UGC,150,396.42,1388.26
2025-10-20,FB-100095,UA - Prospecting - Broad | iOS | EU | Static,35,112.76,426.57
2025-10-20,FB-100096,UA - Lookalike - 1% | Android | APAC | Carousel,43,91.87,350.76
2025-10-20,FB-100097,UA - Lookalike - 5% | Android | LATAM | Carousel,32,81.61,293.88
2025-10-20,FB-100098,UA - Lookalike - 1% | iOS | US | Video,64,251.45,929.36
2025-10-20,FB-100099,UA - Prospecting - Broad | Android | MENA | Carousel,69,253.41,1111.71
2025-10-20,FB-100100,UA - Lookalike - 1% | Android | MENA | UGC,40,121.44,666.71
2025-10-20,FB-100101,UA - Prospecting - Broad | iOS | APAC | Playables,40,163.65,641.18
2025-10-20,FB-100102,UA - Lookalike - 1% | iOS | MENA | Static,67,218.35,669.02
2025-10-20,FB-100103,UA - Retargeting - Value | Android | APAC | Video,41,189.91,927.71
2025-10-20,FB-100104,UA - Lookalike - 1% | iOS | APAC | Video,75,315.07,1478.94
2025-10-20,FB-100105,UA - Lookalike - 1% | iOS | US | Carousel,178,766.95,2982.67
2025-10-20,FB-100106,UA - Lookalike - 1% | iOS | LATAM | UGC,74,327.62,997.28
2025-10-20,FB-100107,UA - Lookalike - 5% | Android | EU | UGC,42,107.89,330.25
2025-10-20,FB-100108,UA - Lookalike - 1% | Android | MENA | Playables,66,234.77,1205.54
2025-10-20,FB-100109,UA - Lookalike - 1% | iOS | MENA | Video,11,41.14,215.08
2025-10-20,FB-100110,UA - Lookalike - 1% | iOS | EU | UGC,29,125.85,594.01
2025-10-20,FB-100111,UA - Retargeting - Value | iOS | APAC | UGC,30,130.11,530.59
2025-10-20,FB-100112,UA - Lookalike - 1% | iOS | EU | Video,101,426.8,1632.94
2025-10-20,FB-100113,UA - Lookalike - 1% | iOS | US | Static,92,277.82,1292.14
2025-10-20,FB-100114,UA - Prospecting - Broad | Android | EU | Static,101,343.62,1485.13
2025-10-20,FB-100115,UA - Prospecting - Broad | Android | EU | UGC,55,202.33,994.45
2025-10-20,FB-100116,UA - Retargeting - Value | iOS | APAC | Playables,40,150.62,666.95
2025-10-20,FB-100117,UA - Retargeting - Value | iOS | APAC | UGC,78,359.14,1615.41
2025-10-20,FB-100118,UA - Lookalike - 5% | Android | US | Video,93,306.88,976.8
2025-10-20,FB-100119,UA - Lookalike - 5% | Android | EU | Playables,99,250.4,910.96
2025-10-20,FB-100120,UA - Prospecting - Broad | Android | MENA | Static,71,174.65,788.2
2025-10-20,FB-100121,UA - Lookalike - 1% | iOS | EU | UGC,84,326.74,1503.33
2025-10-20,FB-100122,UA - Lookalike - 5% | iOS | MENA | Playables,74,230.13,808.91
2025-10-20,FB-100123,UA - Lookalike - 5% | iOS | EU | UGC,98,362.73,1792.25
2025-10-20,FB-100124,UA - Lookalike - 5% | iOS | EU | Carousel,12,52.4,183.3
2025-10-20,FB-100125,UA - Prospecting - Broad | Android | LATAM | UGC,34,100.69,552.49
2025-10-20,FB-100126,UA - Lookalike - 1% | iOS | EU | Carousel,62,297.4,1477.19
2025-10-20,FB-100127,UA - Retargeting - Value | iOS | MENA | Video,22,92.56,544.9
2025-10-20,FB-100128,UA - Retargeting - Value | Android | EU | UGC,63,307.11,1357.43
2025-10-20,FB-100129,UA - Lookalike - 5% | Android | US | UGC,36,99.05,404.32
2025-10-20,FB-100130,UA - Lookalike - 5% | iOS | MENA | UGC,48,178.45,956.14
2025-10-20,FB-100131,UA - Lookalike - 5% | Android | EU | UGC,69,255.89,1244.39
2025-10-20,FB-100132,UA - Lookalike - 5% | Android | MENA | UGC,64,200.77,906.08
2025-10-20,FB-100133,UA - Lookalike - 5% | Android | LATAM | Carousel,50,157.53,611.22
2025-10-20,FB-100134,UA - Retargeting - Value | iOS | MENA | Playables,17,67.32,403.92
2025-10-20,FB-100135,UA - Lookalike - 5% | iOS | EU | Carousel,155,530.38,2769.64
2025-10-20,FB-100136,UA - Lookalike - 1% | iOS | US | UGC,39,125.37,546.86
2025-10-20,FB-100137,UA - Retargeting - Value | iOS | EU | UGC,52,281.15,1662.44
2025-10-20,FB-100138,UA - Prospecting - Broad | Android | APAC | Playables,88,209.42,1021.97
2025-10-20,FB-100139,UA - Lookalike - 5% | Android | APAC | Static,81,241.44,834.66
2025-10-20,FB-100140,UA - Lookalike - 5% | Android | US | Carousel,150,482.16,2162.49
2025-10-20,FB-100141,UA - Lookalike - 1% | iOS | EU | UGC,21,72.36,332.42
2025-10-20,FB-100142,UA - Lookalike - 5% | iOS | APAC | Carousel,81,259.29,1410.02
2025-10-20,FB-100143,UA - Prospecting - Broad | iOS | US | UGC,64,196.48,877.68
2025-10-20,FB-100144,UA - Prospecting - Broad | Android | LATAM | Static,37,122.61,553.95
2025-10-20,FB-100145,UA - Retargeting - Value | Android | US | Static,81,277.62,1665.72
2025-10-20,FB-100146,UA - Retargeting - Value | Android | MENA | Static,10,46.41,192.93
2025-10-20,FB-100147,UA - Retargeting - Value | Android | APAC | Video,26,102.14,551.76
2025-10-20,FB-100148,UA - Retargeting - Value | iOS | LATAM | Carousel,64,325.75,1387.04
2025-10-20,FB-100149,UA - Prospecting - Broad | Android | EU | Carousel,113,482.78,1462.82
2025-10-20,FB-100150,UA - Lookalike - 5% | Android | LATAM | Playables,70,171.04,516.54
2025-10-20,FB-100151,UA - Retargeting - Value | iOS | EU | Video,22,84.75,508.5
2025-10-20,FB-100152,UA - Prospecting - Broad | Android | LATAM | Playables,100,372.22,1459.1
2025-10-20,FB-100153,UA - Lookalike - 5% | Android | LATAM | Playables,77,158.86,822.1
2025-10-20,FB-100154,UA - Lookalike - 1% | iOS | US | Playables,59,255.68,1266.64
2025-10-20,FB-100155,UA - Prospecting - Broad | Android | APAC | UGC,42,155.54,706.77
2025-10-20,FB-100156,UA - Retargeting - Value | iOS | LATAM | UGC,27,117.55,537.09
2025-10-20,FB-100157,UA - Lookalike - 1% | iOS | EU | Playables,105,345.72,1270.87
2025-10-20,FB-100158,UA - Lookalike - 1% | iOS | APAC | UGC,73,254.19,1049.04
2025-10-20,FB-100159,UA - Lookalike - 1% | iOS | EU | Video,122,386.5,1622.91
2025-10-20,FB-100160,UA - Lookalike - 5% | iOS | EU | UGC,34,104.92,407.4
2025-10-20,FB-100161,UA - Lookalike - 1% | iOS | US | UGC,152,592.74,2245.3
2025-10-20,FB-100162,UA - Lookalike - 1% | Android | APAC | Static,70,199.12,943.83
2025-10-20,FB-100163,UA - Lookalike - 1% | iOS | LATAM | Carousel,25,64.0,293.7
2025-10-20,FB-100164,UA - Prospecting - Broad | Android | MENA | Static,19,38.98,208.78
2025-10-20,FB-100165,UA - Retargeting - Value | Android | APAC | UGC,31,143.96,818.12
2025-10-20,FB-100166,UA - Prospecting - Broad | iOS | APAC | UGC,68,243.77,1301.24
2025-10-20,FB-100167,UA - Lookalike - 5% | Android | LATAM | Static,96,251.68,1186.92
2025-10-20,FB-100168,UA - Lookalike - 1% | Android | LATAM | Playables,195,446.34,1797.86
2025-10-20,FB-100169,UA - Lookalike - 1% | iOS | MENA | Playables,89,321.51,1594.69
2025-10-20,FB-100170,UA - Lookalike - 1% | iOS | MENA | Carousel,194,701.66,2859.97
2025-10-20,FB-100171,UA - Lookalike - 1% | iOS | LATAM | Carousel,154,510.22,1942.92
2025-10-20,FB-100172,UA - Lookalike - 1% | Android | US | Static,113,384.18,1606.26
2025-10-20,FB-100173,UA - Retargeting - Value | Android | MENA | Static,31,142.65,855.9
2025-10-20,FB-100174,UA - Lookalike - 1% | Android | APAC | Carousel,92,349.19,1510.25
2025-10-20,FB-100175,UA - Retargeting - Value | Android | EU | Carousel,19,82.17,422.27
2025-10-20,FB-100176,UA - Prospecting - Broad | iOS | EU | Carousel,73,275.27,1182.84
2025-10-20,FB-100177,UA - Prospecting - Broad | Android | LATAM | Video,76,185.77,700.54
2025-10-20,FB-100178,UA - Prospecting - Broad | iOS | EU | UGC,30,122.32,657.35
2025-10-20,FB-100179,UA - Lookalike - 5% | Android | MENA | Carousel,134,506.05,2416.39
2025-10-20,FB-100180,UA - Retargeting - Value | iOS | APAC | Carousel,20,78.74,472.44
2025-10-20,FB-100181,UA - Prospecting - Broad | Android | LATAM | UGC,66,219.17,703.54
2025-10-20,FB-100182,UA - Prospecting - Broad | Android | APAC | UGC,145,389.14,1925.08
2025-10-20,FB-100183,UA - Lookalike - 1% | Android | EU | Static,155,433.46,1366.27
2025-10-20,FB-100184,UA - Lookalike - 5% | Android | EU | Video,94,241.7,766.91
2025-10-20,FB-100185,UA - Lookalike - 5% | Android | MENA | UGC,29,101.61,462.63
2025-10-20,FB-100186,UA - Lookalike - 5% | iOS | LATAM | Playables,64,226.2,877.88
2025-10-20,FB-100187,UA - Prospecting - Broad | iOS | MENA | Playables,15,37.82,159.07
2025-10-20,FB-100188,UA - Lookalike - 1% | Android | EU | Static,71,319.21,1042.86
2025-10-20,FB-100189,UA - Retargeting - Value | Android | EU | Static,45,174.38,776.86
2025-10-20,FB-100190,UA - Lookalike - 5% | Android | EU | Video,173,485.07,2291.47
2025-10-20,FB-100191,UA - Lookalike - 1% | iOS | MENA | UGC,115,324.9,1230.07
2025-10-20,FB-100192,UA - Lookalike - 1% | Android | EU | Carousel,49,139.16,430.7
2025-10-20,FB-100193,UA - Lookalike - 1% | iOS | US | Static,21,64.45,338.3
2025-10-20,FB-100194,UA - Retargeting - Value | Android | APAC | Video,36,153.35,920.1
2025-10-20,FB-100195,UA - Prospecting - Broad | Android | LATAM | Static,180,484.2,2242.33
2025-10-20,FB-100196,UA - Lookalike - 1% | Android | EU | Carousel,52,158.36,740.02
2025-10-20,FB-100197,UA - Lookalike - 1% | iOS | US | UGC,33,123.79,491.2
2025-10-20,FB-100198,UA - Lookalike - 5% | iOS | LATAM | Playables,64,256.86,1194.14
2025-10-20,FB-100199,UA - Prospecting - Broad | iOS | US | Playables,16,50.15,275.57
2025-10-20,FB-100200,UA - Lookalike - 1% | iOS | LATAM | Playables,292,969.94,3760.46
2025-10-20,FB-100201,UA - Prospecting - Broad | Android | US | Static,28,75.16,252.01
2025-10-20,FB-100202,UA - Retargeting - Value | iOS | MENA | Video,42,210.4,1256.72
2025-10-20,FB-100203,UA - Lookalike - 1% | iOS | MENA | UGC,57,144.73,741.16
2025-10-20,FB-100204,UA - Lookalike - 5% | Android | MENA | UGC,20,63.52,208.92
2025-10-20,FB-100205,UA - Lookalike - 5% | Android | APAC | Carousel,79,231.12,947.13
2025-10-20,FB-100206,UA - Retargeting - Value | iOS | LATAM | Video,73,284.01,1448.45
2025-10-20,FB-100207,UA - Lookalike - 1% | iOS | APAC | UGC,46,168.9,571.56
2025-10-20,FB-100208,UA - Lookalike - 5% | iOS | MENA | Video,52,133.98,588.71
2025-10-20,FB-100209,UA - Lookalike - 1% | Android | LATAM | Carousel,115,296.72,945.65
2025-10-20,FB-100210,UA - Prospecting - Broad | Android | APAC | Playables,110,273.99,1274.88
2025-10-20,FB-100211,UA - Retargeting - Value | iOS | APAC | Video,23,109.98,659.88
2025-10-20,FB-100212,UA - Lookalike - 5% | iOS | MENA | UGC,66,265.38,1150.69
2025-10-20,FB-100213,UA - Retargeting - Value | Android | EU | Carousel,15,58.2,319.52
2025-10-20,FB-100214,UA - Prospecting - Broad | iOS | APAC | UGC,9,27.23,110.88
2025-10-20,FB-100215,UA - Retargeting - Value | Android | MENA | Static,20,92.59,426.28
2025-10-20,FB-100216,UA - Lookalike - 5% | iOS | MENA | Video,59,160.2,592.26
2025-10-20,FB-100217,UA - Lookalike - 5% | Android | EU | Video,39,124.73,381.3
2025-10-20,FB-100218,UA - Lookalike - 1% | Android | EU | UGC,209,740.24,3407.32
2025-10-20,FB-100219,UA - Lookalike - 5% | iOS | APAC | UGC,43,108.46,595.99
2025-10-20,FB-100220,UA - Retargeting - Value | Android | APAC | Playables,27,123.91,731.69
2025-10-20,FB-100221,UA - Retargeting - Value | iOS | EU | Playables,46,194.55,881.31
2025-10-20,FB-100222,UA - Lookalike - 1% | Android | LATAM | UGC,44,154.39,585.45
2025-10-20,FB-100223,UA - Lookalike - 1% | iOS | US | Carousel,201,818.17,2764.6
2025-10-20,FB-100224,UA - Lookalike - 5% | iOS | EU | UGC,62,302.88,1492.29
2025-10-20,FB-100225,UA - Lookalike - 5% | iOS | LATAM | Playables,80,336.58,1440.9
2025-10-20,FB-100226,UA - Retargeting - Value | iOS | LATAM | Static,7,32.59,147.7
2025-10-20,FB-100227,UA - Prospecting - Broad | iOS | EU | UGC,155,574.68,2169.42
2025-10-20,FB-100228,UA - Lookalike - 5% | iOS | APAC | UGC,134,339.9,1656.33
2025-10-20,FB-100229,UA - Retargeting - Value | Android | APAC | Video,39,107.44,570.51
2025-10-20,FB-100230,UA - Prospecting - Broad | iOS | US | UGC,123,390.72,2002.83
2025-10-20,FB-100231,UA - Lookalike - 5% | iOS | US | Static,6,26.32,92.78
2025-10-20,FB-100232,UA - Lookalike - 1% | Android | US | UGC,91,287.63,1148.79
2025-10-20,FB-100233,UA - Prospecting - Broad | iOS | MENA | UGC,8,35.14,131.92
2025-10-20,FB-100234,UA - Lookalike - 1% | iOS | MENA | UGC,165,477.92,2364.75
2025-10-20,FB-100235,UA - Prospecting - Broad | iOS | MENA | Video,56,183.05,711.7
2025-10-20,FB-100236,UA - Prospecting - Broad | Android | LATAM | Static,95,347.1,1206.17
2025-10-20,FB-100237,UA - Lookalike - 5% | iOS | US | Video,89,368.95,1643.3
2025-10-20,FB-100238,UA - Prospecting - Broad | Android | LATAM | Video,85,267.47,1011.57
2025-10-20,FB-100239,UA - Lookalike - 1% | iOS | US | Carousel,65,289.61,1039.7
2025-10-20,FB-100240,UA - Retargeting - Value | iOS | APAC | Static,30,111.55,627.25
2025-10-20,FB-100241,UA - Retargeting - Value | iOS | MENA | Static,25,109.1,643.36
2025-10-20,FB-100242,UA - Lookalike - 5% | Android | US | Playables,116,406.29,1323.69
2025-10-20,FB-100243,UA - Retargeting - Value | Android | APAC | Playables,18,54.38,310.4
2025-10-20,FB-100244,UA - Lookalike - 5% | Android | APAC | Carousel,74,242.63,1242.75
2025-10-20,FB-100245,UA - Lookalike - 1% | iOS | US | UGC,55,174.3,636.02
2025-10-20,FB-100246,UA - Lookalike - 1% | Android | US | UGC,49,154.28,664.18
2025-10-20,FB-100247,UA - Lookalike - 5% | iOS | APAC | Carousel,57,210.22,746.28
2025-10-20,FB-100248,UA - Lookalike - 5% | iOS | EU | UGC,61,302.94,1206.61
2025-10-20,FB-100249,UA - Lookalike - 1% | Android | EU | UGC,168,509.33,2389.78
2025-10-20,FB-100250,UA - Lookalike - 5% | iOS | LATAM | Video,98,361.68,1372.94
2025-10-20,FB-100251,UA - Prospecting - Broad | iOS | US | Playables,80,315.4,1141.12
2025-10-20,FB-100252,UA - Lookalike - 1% | iOS | LATAM | Static,111,363.82,1908.6
2025-10-20,FB-100253,UA - Lookalike - 1% | Android | EU | Playables,41,142.13,497.74
2025-10-20,FB-100254,UA - Lookalike - 1% | Android | US | Video,85,303.27,1555.47
2025-10-20,FB-100255,UA - Lookalike - 1% | iOS | US | Playables,99,306.94,938.32
2025-10-20,FB-100256,UA - Lookalike - 1% | Android | US | Carousel,121,512.34,1792.17
2025-10-20,FB-100257,UA - Retargeting - Value | iOS | EU | Static,7,26.69,122.21
2025-10-20,FB-100258,UA - Lookalike - 1% | iOS | MENA | Playables,121,358.84,1692.29
2025-10-20,FB-100259,UA - Lookalike - 1% | Android | LATAM | UGC,74,189.12,943.52
2025-10-20,FB-100260,UA - Prospecting - Broad | iOS | US | UGC,138,422.65,2212.57
2025-10-20,FB-100261,UA - Lookalike - 1% | Android | EU | UGC,78,273.9,1040.55
2025-10-20,FB-100262,UA - Lookalike - 1% | Android | APAC | Video,88,246.52,899.8
2025-10-20,FB-100263,UA - Lookalike - 1% | Android | APAC | Carousel,173,680.46,2325.13
2025-10-20,FB-100264,UA - Retargeting - Value | iOS | LATAM | Video,41,203.76,855.59
2025-10-20,FB-100265,UA - Lookalike - 1% | iOS | US | Playables,76,295.23,1117.15
2025-10-20,FB-100266,UA - Lookalike - 1% | Android | US | UGC,178,494.98,2492.72
2025-10-20,FB-100267,UA - Prospecting - Broad | iOS | US | Static,51,215.35,896.29
2025-10-20,FB-100268,UA - Prospecting - Broad | Android | LATAM | UGC,102,318.84,1610.46
2025-10-20,FB-100269,UA - Retargeting - Value | Android | EU | Playables,45,147.87,887.22
2025-10-20,FB-100270,UA - Lookalike - 5% | iOS | APAC | Carousel,65,204.26,854.01
2025-10-20,FB-100271,UA - Lookalike - 5% | Android | APAC | Video,135,531.43,2565.21
2025-10-20,FB-100272,UA - Lookalike - 1% | iOS | LATAM | Video,52,183.6,825.1
2025-10-20,FB-100273,UA - Retargeting - Value | Android | APAC | UGC,64,213.27,988.93
2025-10-20,FB-100274,UA - Lookalike - 1% | iOS | US | Carousel,76,232.5,1012.07
2025-10-20,FB-100275,UA - Retargeting - Value | Android | APAC | Carousel,30,125.33,751.98
2025-10-20,FB-100276,UA - Retargeting - Value | Android | APAC | Video,81,338.41,1451.78
2025-10-20,FB-100277,UA - Retargeting - Value | Android | US | Carousel,83,367.96,2207.76
2025-10-20,FB-100278,UA - Prospecting - Broad | Android | MENA | Static,44,141.97,603.51
2025-10-20,FB-100279,UA - Retargeting - Value | Android | MENA | Static,50,221.59,1329.54
2025-10-20,FB-100280,UA - Prospecting - Broad | iOS | EU | Playables,118,545.47,2686.99
2025-10-20,FB-100281,UA - Lookalike - 1% | iOS | EU | Static,62,307.11,1138.15
2025-10-20,FB-100282,UA - Retargeting - Value | Android | US | Video,27,111.89,536.74
2025-10-20,FB-100283,UA - Lookalike - 1% | Android | LATAM | Static,26,56.46,173.95
2025-10-20,FB-100284,UA - Prospecting - Broad | Android | EU | Carousel,81,209.47,695.65
2025-10-20,FB-100285,UA - Prospecting - Broad | Android | APAC | Playables,55,193.14,862.76
2025-10-20,FB-100286,UA - Lookalike - 1% | Android | APAC | UGC,77,253.01,1074.28
2025-10-20,FB-100287,UA - Retargeting - Value | Android | APAC | Playables,35,108.47,530.42
2025-10-20,FB-100288,UA - Lookalike - 5% | Android | MENA | Carousel,30,66.18,344.4
2025-10-20,FB-100289,UA - Lookalike - 5% | Android | US | UGC,182,496.73,2195.55
2025-10-20,FB-100290,UA - Lookalike - 5% | iOS | US | UGC,95,379.4,1842.75
2025-10-20,FB-100291,UA - Retargeting - Value | Android | US | Carousel,12,51.55,309.2
2025-10-20,FB-100292,UA - Lookalike - 1% | Android | EU | Carousel,79,206.59,626.59
2025-10-20,FB-100293,UA - Lookalike - 1% | iOS | MENA | Playables,101,255.21,823.82
2025-10-20,FB-100294,UA - Lookalike - 5% | iOS | MENA | Playables,162,554.64,2773.2
2025-10-20,FB-100295,UA - Retargeting - Value | Android | US | Playables,24,116.41,511.39
2025-10-20,FB-100296,UA - Lookalike - 5% | iOS | APAC | Static,164,732.52,2758.67
2025-10-20,FB-100297,UA - Lookalike - 5% | iOS | APAC | UGC,111,453.56,2067.78
2025-10-20,FB-100298,UA - Lookalike - 1% | Android | LATAM | UGC,108,241.39,909.8
2025-10-20,FB-100299,UA - Lookalike - 5% | iOS | LATAM | Static,12,33.48,109.98
2025-10-20,FB-100300,UA - Prospecting - Broad | Android | US | Video,76,191.68,719.76
2025-10-20,FB-100301,UA - Retargeting - Value | iOS | US | Carousel,13,51.59,243.5
2025-10-20,FB-100302,UA - Lookalike - 1% | Android | MENA | Playables,68,165.87,618.53
2025-10-20,FB-100303,UA - Lookalike - 5% | Android | APAC | Carousel,61,174.59,788.62
2025-10-20,FB-100304,UA - Lookalike - 1% | Android | LATAM | Playables,123,303.23,983.37
2025-10-20,FB-100305,UA - Retargeting - Value | iOS | US | Playables,68,303.38,1572.42
2025-10-20,FB-100306,UA - Prospecting - Broad | Android | APAC | Static,51,175.2,740.04
2025-10-20,FB-100307,UA - Prospecting - Broad | iOS | MENA | Carousel,113,379.1,1641.5
2025-10-20,FB-100308,UA - Lookalike - 5% | iOS | MENA | Static,68,195.69,1065.34
2025-10-20,FB-100309,UA - Prospecting - Broad | Android | MENA | Carousel,185,471.56,1883.88
2025-10-20,FB-100310,UA - Lookalike - 1% | Android | LATAM | Carousel,95,253.2,1239.16
2025-10-20,FB-100311,UA - Retargeting - Value | iOS | US | Static,33,163.95,892.87
2025-10-20,FB-100312,UA - Prospecting - Broad | iOS | US | Static,30,94.09,498.68
2025-10-20,FB-100313,UA - Lookalike - 5% | Android | MENA | Static,104,383.43,1654.5
2025-10-20,FB-100314,UA - Retargeting - Value | iOS | APAC | Carousel,79,338.71,2032.26
2025-10-20,FB-100315,UA - Prospecting - Broad | iOS | LATAM | Carousel,32,125.52,530.07
2025-10-20,FB-100316,UA - Prospecting - Broad | Android | EU | Static,62,210.77,745.28
2025-10-20,FB-100317,UA - Lookalike - 5% | Android | LATAM | UGC,94,374.98,1941.65
2025-10-20,FB-100318,UA - Lookalike - 5% | iOS | MENA | UGC,92,251.43,1359.98
2025-10-20,FB-100319,UA - Prospecting - Broad | iOS | EU | Playables,72,288.29,1346.03
2025-10-20,FB-100320,UA - Lookalike - 1% | iOS | APAC | Video,12,46.75,252.03
2025-10-20,FB-100321,UA - Prospecting - Broad | iOS | MENA | Carousel,44,133.29,707.24
2025-10-20,FB-100322,UA - Prospecting - Broad | Android | APAC | Playables,21,53.75,189.63
2025-10-20,FB-100323,UA - Retargeting - Value | Android | EU | Carousel,54,221.11,939.28
2025-10-20,FB-100324,UA - Lookalike - 1% | Android | LATAM | Carousel,58,168.14,883.91
2025-10-20,FB-100325,UA - Lookalike - 5% | Android | US | UGC,76,315.67,1425.88
2025-10-20,FB-100326,UA - Retargeting - Value | Android | EU | UGC,46,236.95,1204.42
2025-10-20,FB-100327,UA - Prospecting - Broad | iOS | US | UGC,10,31.74,169.27
2025-10-20,FB-100328,UA - Prospecting - Broad | iOS | US | UGC,23,92.33,502.55
2025-10-20,FB-100329,UA - Lookalike - 5% | iOS | MENA | UGC,33,114.9,402.15
2025-10-20,FB-100330,UA - Lookalike - 5% | iOS | LATAM | Video,122,370.32,1606.08
2025-10-20,FB-100331,UA - Lookalike - 5% | Android | LATAM | Static,42,164.29,602.45
2025-10-20,FB-100332,UA - Prospecting - Broad | iOS | US | UGC,71,321.91,1074.21
2025-10-20,FB-100333,UA - Lookalike - 5% | Android | APAC | Playables,80,264.84,1291.62
2025-10-20,FB-100334,UA - Lookalike - 1% | Android | APAC | Carousel,69,186.6,811.71
2025-10-20,FB-100335,UA - Prospecting - Broad | Android | LATAM | Static,44,112.93,524.45
2025-10-20,FB-100336,UA - Retargeting - Value | Android | MENA | Playables,35,132.08,564.11
2025-10-20,FB-100337,UA - Retargeting - Value | iOS | LATAM | Static,7,32.71,171.43
2025-10-20,FB-100338,UA - Retargeting - Value | Android | EU | Carousel,21,73.21,418.54
2025-10-20,FB-100339,UA - Prospecting - Broad | Android | MENA | Static,32,118.38,582.43
2025-10-20,FB-100340,UA - Lookalike - 5% | Android | APAC | UGC,111,336.21,1063.43
2025-10-20,FB-100341,UA - Lookalike - 5% | iOS | LATAM | Static,44,167.78,711.22
2025-10-20,FB-100342,UA - Lookalike - 1% | Android | APAC | UGC,36,101.17,442.11
2025-10-20,FB-100343,UA - Lookalike - 1% | iOS | MENA | Video,147,526.54,1957.15
2025-10-20,FB-100344,UA - Lookalike - 5% | Android | LATAM | UGC,37,119.63,510.58
2025-10-20,FB-100345,UA - Lookalike - 1% | Android | US | Carousel,43,192.55,937.53
2025-10-20,FB-100346,UA - Lookalike - 5% | Android | US | Playables,108,478.07,2558.63
2025-10-20,FB-100347,UA - Prospecting - Broad | iOS | MENA | Playables,35,106.39,504.08
2025-10-20,FB-100348,UA - Lookalike - 1% | iOS | MENA | Static,82,361.21,1582.82
2025-10-20,FB-100349,UA - Prospecting - Broad | iOS | MENA | Static,34,107.15,578.82
2025-10-20,GG-200000,Search - Brand - Exact | iOS | US | Carousel,42,156.85,772.8
2025-10-20,GG-200001,UAC - Value | Android | US | Static,115,584.67,2684.22
2025-10-20,GG-200002,Search - Non-Brand - Broad | iOS | MENA | Playables,42,144.86,692.14
2025-10-20,GG-200003,UAC - Value | iOS | LATAM | Carousel,143,600.91,3605.46
2025-10-20,GG-200004,Search - Brand - Exact | iOS | LATAM | Playables,43,129.6,553.78
2025-10-20,GG-200005,Search - Brand - Exact | iOS | US | Carousel,54,206.59,695.59
2025-10-20,GG-200006,Search - Non-Brand - Broad | iOS | LATAM | Carousel,86,296.22,1077.35
2025-10-20,GG-200007,Search - Non-Brand - Broad | iOS | US | Playables,13,49.92,138.88
2025-10-20,GG-200008,Search - Non-Brand - Broad | iOS | LATAM | UGC,20,77.78,349.7
2025-10-20,GG-200009,UAC - Value | Android | LATAM | Playables,123,551.0,2471.24
2025-10-20,GG-200010,Search - Brand - Exact | iOS | EU | Playables,34,142.63,440.58
2025-10-20,GG-200011,Search - Brand - Exact | iOS | MENA | Carousel,45,118.11,380.43
2025-10-20,GG-200012,Search - Non-Brand - Broad | iOS | LATAM | Static,48,161.82,482.87
2025-10-20,GG-200013,Search - Non-Brand - Broad | iOS | APAC | Static,21,72.34,239.3
2025-10-20,GG-200014,UAC - Installs | Android | EU | Video,93,336.01,1338.33
2025-10-20,GG-200015,Search - Brand - Exact | Android | MENA | Playables,20,71.97,265.71
2025-10-20,GG-200016,UAC - Value | iOS | MENA | Static,93,352.67,1953.44
2025-10-20,GG-200017,Search - Non-Brand - Broad | Android | EU | Static,77,264.05,757.56
2025-10-20,GG-200018,UAC - Installs | iOS | US | UGC,55,246.96,786.32
2025-10-20,GG-200019,UAC - Installs | Android | APAC | Playables,69,190.01,691.83
2025-10-20,GG-200020,Search - Non-Brand - Broad | iOS | EU | Playables,17,84.13,281.25
2025-10-20,GG-200021,UAC - Installs | iOS | APAC | Static,147,401.13,1496.62
2025-10-20,GG-200022,UAC - Value | iOS | APAC | Carousel,174,624.26,3568.89
2025-10-20,GG-200023,Search - Non-Brand - Broad | iOS | EU | Static,69,250.97,680.13
2025-10-20,GG-200024,UAC - Installs | iOS | US | UGC,95,344.12,1396.09
2025-10-20,GG-200025,UAC - Installs | Android | MENA | Video,107,421.22,1969.62
2025-10-20,GG-200026,UAC - Value | Android | EU | Carousel,73,241.05,1190.55
2025-10-20,GG-200027,Search - Non-Brand - Broad | Android | APAC | Video,77,184.28,489.08
2025-10-20,GG-200028,UAC - Value | iOS | LATAM | Video,158,762.65,3825.45
2025-10-20,GG-200029,UAC - Installs | Android | APAC | Playables,128,494.49,1987.85
2025-10-20,GG-200030,UAC - Installs | Android | APAC | Video,87,205.35,918.53
2025-10-20,GG-200031,Search - Brand - Exact | Android | US | Carousel,86,269.88,1203.39
2025-10-20,GG-200032,Search - Brand - Exact | iOS | EU | Static,28,97.86,424.91
2025-10-20,GG-200033,UAC - Value | iOS | APAC | Static,72,341.1,1860.02
2025-10-20,GG-200034,Search - Brand - Exact | iOS | MENA | Video,84,337.4,1070.91
2025-10-20,GG-200035,Search - Non-Brand - Broad | Android | LATAM | Static,44,173.18,532.87
2025-10-20,GG-200036,Search - Non-Brand - Broad | iOS | US | Carousel,35,113.78,555.02
2025-10-20,GG-200037,Search - Non-Brand - Broad | iOS | US | Video,79,247.88,1070.1
2025-10-20,GG-200038,Search - Brand - Exact | iOS | MENA | UGC,75,282.0,891.12
2025-10-20,GG-200039,Search - Brand - Exact | Android | APAC | Playables,90,331.81,1282.11
2025-10-20,GG-200040,UAC - Value | Android | EU | Carousel,62,224.68,1348.08
2025-10-20,GG-200041,Search - Non-Brand - Broad | Android | MENA | Carousel,139,443.99,1534.87
2025-10-20,GG-200042,UAC - Installs | iOS | EU | Video,73,289.71,1156.52
2025-10-20,GG-200043,Search - Brand - Exact | Android | MENA | Playables,46,140.16,626.09
2025-10-20,GG-200044,UAC - Value | iOS | APAC | Video,49,210.04,1260.24
2025-10-20,GG-200045,UAC - Installs | iOS | LATAM | Video,134,436.02,1555.28
2025-10-20,GG-200046,Search - Brand - Exact | Android | LATAM | Static,15,41.75,168.09
2025-10-20,GG-200047,UAC - Installs | iOS | EU | Video,140,434.9,2071.86
2025-10-20,GG-200048,UAC - Value | iOS | EU | UGC,56,254.94,1529.64
2025-10-20,GG-200049,UAC - Value | Android | EU | Video,129,536.9,2244.78
2025-10-20,GG-200050,Search - Brand - Exact | Android | LATAM | Static,65,202.4,512.07
2025-10-20,GG-200051,UAC - Installs | Android | US | Carousel,111,326.86,1111.32
2025-10-20,GG-200052,UAC - Installs | iOS | MENA | UGC,248,1085.79,3645.0
2025-10-20,GG-200053,UAC - Installs | Android | EU | Carousel,103,384.8,1160.56
2025-10-20,GG-200054,Search - Brand - Exact | Android | LATAM | Carousel,19,55.75,268.55
2025-10-20,GG-200055,UAC - Value | iOS | APAC | UGC,148,736.34,3372.44
2025-10-20,GG-200056,UAC - Value | iOS | LATAM | Static,249,1039.75,4765.17
2025-10-20,GG-200057,UAC - Installs | iOS | LATAM | Playables,158,448.86,1593.9
2025-10-20,GG-200058,UAC - Value | Android | APAC | Video,201,933.58,5601.48
2025-10-20,GG-200059,UAC - Installs | Android | MENA | Carousel,207,816.08,3034.19
2025-10-20,GG-200060,UAC - Installs | Android | US | Carousel,154,415.37,1667.3
2025-10-20,GG-200061,UAC - Value | iOS | APAC | Playables,62,301.79,1810.74
2025-10-20,GG-200062,UAC - Value | Android | APAC | Carousel,216,1013.26,4389.44
2025-10-20,GG-200063,UAC - Value | Android | LATAM | Playables,72,265.26,1199.51
2025-10-20,GG-200064,UAC - Value | iOS | US | Video,85,410.92,2396.07
2025-10-20,GG-200065,Search - Brand - Exact | iOS | MENA | Static,52,177.63,882.11
2025-10-20,GG-200066,Search - Brand - Exact | Android | MENA | UGC,127,405.41,1592.45
2025-10-20,GG-200067,UAC - Installs | Android | US | Static,157,546.91,1681.75
2025-10-20,GG-200068,Search - Brand - Exact | iOS | APAC | Playables,73,199.82,908.58
2025-10-20,GG-200069,UAC - Installs | Android | APAC | Carousel,152,561.73,2803.03
2025-10-20,GG-200070,Search - Non-Brand - Broad | iOS | US | Playables,15,64.8,208.79
2025-10-20,GG-200071,UAC - Installs | iOS | APAC | Carousel,50,138.44,511.81
2025-10-20,GG-200072,Search - Non-Brand - Broad | Android | US | Video,26,106.9,415.84
2025-10-20,GG-200073,Search - Brand - Exact | iOS | MENA | UGC,105,263.84,1088.08
2025-10-20,GG-200074,Search - Non-Brand - Broad | iOS | LATAM | UGC,23,67.98,274.23
2025-10-20,GG-200075,Search - Brand - Exact | iOS | APAC | Static,28,99.58,387.37
2025-10-20,GG-200076,Search - Non-Brand - Broad | Android | US | UGC,45,170.71,489.6
2025-10-20,GG-200077,UAC - Installs | iOS | US | Carousel,73,240.41,1298.45
2025-10-20,GG-200078,UAC - Installs | Android | MENA | Playables,133,377.61,1408.11
2025-10-20,GG-200079,UAC - Installs | iOS | EU | Static,159,594.01,2516.23
2025-10-20,GG-200080,Search - Non-Brand - Broad | Android | US | Static,78,207.0,632.8
2025-10-20,GG-200081,UAC - Installs | Android | APAC | Video,46,147.61,773.03
2025-10-20,GG-200082,Search - Non-Brand - Broad | iOS | APAC | Playables,30,91.64,392.04
2025-10-20,GG-200083,UAC - Value | Android | US | Carousel,192,727.72,3720.1
2025-10-20,GG-200084,UAC - Value | iOS | MENA | UGC,111,459.28,2755.68
2025-10-20,GG-200085,Search - Brand - Exact | Android | EU | Carousel,82,282.97,803.07
2025-10-20,GG-200086,UAC - Installs | iOS | APAC | Playables,119,461.29,2150.07
2025-10-20,GG-200087,Search - Non-Brand - Broad | Android | MENA | Playables,41,104.07,487.26
2025-10-20,GG-200088,Search - Brand - Exact | Android | APAC | Playables,120,358.08,1328.48
2025-10-20,GG-200089,UAC - Installs | Android | MENA | Static,114,253.75,844.73
2025-10-20,GG-200090,Search - Non-Brand - Broad | Android | EU | Carousel,24,60.21,161.42
2025-10-20,GG-200091,Search - Brand - Exact | iOS | MENA | Carousel,31,93.25,236.02
2025-10-20,GG-200092,UAC - Installs | iOS | EU | Playables,212,751.26,2817.98
2025-10-20,GG-200093,Search - Brand - Exact | Android | LATAM | Playables,66,217.8,750.76
2025-10-20,GG-200094,Search - Non-Brand - Broad | Android | MENA | Playables,59,164.18,577.26
2025-10-20,GG-200095,UAC - Installs | Android | MENA | Playables,175,512.09,2157.44
2025-10-20,GG-200096,Search - Brand - Exact | Android | US | Video,32,140.16,447.81
2025-10-20,GG-200097,UAC - Value | iOS | EU | Playables,120,529.61,3117.81
2025-10-20,GG-200098,UAC - Installs | Android | APAC | Playables,274,625.6,2728.87
2025-10-20,GG-200099,UAC - Value | iOS | APAC | Static,59,195.3,806.78
2025-10-20,GG-200100,Search - Brand - Exact | iOS | APAC | Video,124,427.58,1122.83
2025-10-20,GG-200101,UAC - Value | Android | APAC | UGC,303,1202.46,5723.71
2025-10-20,GG-200102,Search - Non-Brand - Broad | iOS | EU | Carousel,74,323.14,1298.05
2025-10-20,GG-200103,UAC - Value | iOS | LATAM | Carousel,115,478.12,2868.72
2025-10-20,GG-200104,Search - Brand - Exact | Android | LATAM | Playables,78,289.11,1065.08
2025-10-20,GG-200105,Search - Brand - Exact | iOS | EU | UGC,24,78.08,383.29
2025-10-20,GG-200106,Search - Non-Brand - Broad | iOS | APAC | Static,52,163.18,456.74
2025-10-20,GG-200107,UAC - Value | Android | US | Carousel,78,309.63,1377.54
2025-10-20,GG-200108,UAC - Installs | iOS | EU | Static,156,479.84,1508.14
2025-10-20,GG-200109,UAC - Value | iOS | EU | Static,97,464.34,2786.04
2025-10-20,GG-200110,UAC - Value | iOS | APAC | Carousel,91,391.6,2349.6
2025-10-20,GG-200111,UAC - Value | Android | US | UGC,83,380.21,2089.25
2025-10-20,GG-200112,UAC - Installs | Android | EU | Playables,159,456.09,2169.62
2025-10-20,GG-200113,UAC - Value | Android | US | Carousel,134,474.07,2634.88
2025-10-20,GG-200114,Search - Brand - Exact | iOS | LATAM | Playables,24,87.58,357.15
2025-10-20,GG-200115,UAC - Installs | Android | APAC | Static,46,149.12,729.79
2025-10-20,GG-200116,Search - Brand - Exact | iOS | APAC | Carousel,63,218.46,785.58
2025-10-20,GG-200117,Search - Non-Brand - Broad | iOS | US | Playables,25,85.5,372.95
2025-10-20,GG-200118,Search - Brand - Exact | iOS | MENA | Carousel,39,113.56,451.17
2025-10-20,GG-200119,UAC - Installs | iOS | MENA | UGC,56,144.45,621.86
2025-10-20,GG-200120,UAC - Value | Android | EU | Video,63,279.13,1562.29
2025-10-20,GG-200121,UAC - Installs | iOS | LATAM | Playables,64,227.94,1230.42
2025-10-20,GG-200122,UAC - Value | Android | EU | Playables,144,712.31,4273.86
2025-10-20,GG-200123,Search - Non-Brand - Broad | Android | US | Video,13,39.28,131.67
2025-10-20,GG-200124,UAC - Value | iOS | APAC | Playables,74,276.92,1390.42
2025-10-20,GG-200125,Search - Non-Brand - Broad | Android | MENA | Playables,61,122.95,551.92
2025-10-20,GG-200126,Search - Non-Brand - Broad | iOS | MENA | Carousel,61,240.81,720.02
2025-10-20,GG-200127,UAC - Installs | iOS | MENA | Carousel,115,448.07,2258.27
2025-10-20,GG-200128,UAC - Value | iOS | MENA | Carousel,247,888.43,3869.11
2025-10-20,GG-200129,Search - Brand - Exact | Android | LATAM | Carousel,41,120.03,314.24
2025-10-20,GG-200130,Search - Brand - Exact | iOS | MENA | Carousel,55,219.25,595.04
2025-10-20,GG-200131,Search - Non-Brand - Broad | iOS | LATAM | Playables,11,49.29,142.89
2025-10-20,GG-200132,Search - Non-Brand - Broad | Android | MENA | UGC,53,192.75,819.96
2025-10-20,GG-200133,Search - Brand - Exact | iOS | EU | Static,27,97.84,269.06
2025-10-20,GG-200134,UAC - Value | Android | EU | Video,106,425.64,1901.33
2025-10-20,GG-200135,UAC - Value | iOS | APAC | Static,287,1092.52,6555.12
2025-10-20,GG-200136,UAC - Value | Android | APAC | Playables,154,604.76,3474.35
2025-10-20,GG-200137,Search - Non-Brand - Broad | Android | EU | Playables,63,201.58,552.13
2025-10-20,GG-200138,UAC - Value | iOS | APAC | Playables,60,204.29,1204.09
2025-10-20,GG-200139,UAC - Installs | iOS | EU | UGC,113,488.33,1906.93
2025-10-20,GG-200140,UAC - Value | iOS | LATAM | Playables,104,466.35,2516.42
2025-10-20,GG-200141,UAC - Installs | Android | EU | Carousel,60,222.43,672.18
2025-10-20,GG-200142,Search - Non-Brand - Broad | Android | LATAM | Carousel,91,314.36,1113.46
2025-10-20,GG-200143,UAC - Installs | iOS | LATAM | UGC,136,461.54,1911.7
2025-10-20,GG-200144,UAC - Value | iOS | LATAM | Video,101,409.1,1908.45
2025-10-20,GG-200145,UAC - Installs | iOS | LATAM | Static,160,645.68,2934.62
2025-10-20,GG-200146,UAC - Installs | Android | LATAM | Video,49,158.07,802.84
2025-10-20,GG-200147,Search - Non-Brand - Broad | iOS | LATAM | UGC,21,85.71,372.75
2025-10-20,GG-200148,UAC - Installs | Android | MENA | Carousel,131,495.49,1677.73
2025-10-20,GG-200149,Search - Non-Brand - Broad | Android | US | Playables,38,150.59,600.1
2025-10-20,GG-200150,Search - Non-Brand - Broad | Android | US | Playables,46,137.0,553.34
2025-10-20,GG-200151,UAC - Value | Android | US | Video,50,221.12,1010.96
2025-10-20,GG-200152,Search - Non-Brand - Broad | iOS | APAC | Video,24,91.91,402.01
2025-10-20,GG-200153,UAC - Value | Android | MENA | Static,91,250.99,1426.38
2025-10-20,GG-200154,UAC - Installs | iOS | APAC | Static,90,278.58,1017.93
2025-10-20,GG-200155,Search - Brand - Exact | iOS | LATAM | Video,89,319.27,1476.3
2025-10-20,GG-200156,Search - Non-Brand - Broad | Android | MENA | Video,47,158.49,494.96
2025-10-20,GG-200157,UAC - Value | iOS | EU | Video,48,208.89,1004.97
2025-10-20,GG-200158,Search - Brand - Exact | iOS | EU | Carousel,39,191.66,645.32
2025-10-20,GG-200159,Search - Brand - Exact | Android | LATAM | Playables,17,59.64,278.04
2025-10-20,GG-200160,UAC - Value | iOS | LATAM | UGC,80,384.8,2308.8
2025-10-20,GG-200161,UAC - Installs | Android | MENA | UGC,68,203.73,903.54
2025-10-20,GG-200162,Search - Non-Brand - Broad | Android | US | Carousel,21,65.95,289.19
2025-10-20,GG-200163,Search - Brand - Exact | iOS | LATAM | Static,66,240.16,1169.58
2025-10-20,GG-200164,Search - Non-Brand - Broad | iOS | LATAM | Playables,30,122.74,479.55
2025-10-20,GG-200165,UAC - Value | Android | MENA | UGC,269,760.09,3530.62
2025-10-20,GG-200166,Search - Brand - Exact | iOS | US | UGC,21,84.3,295.81
2025-10-20,GG-200167,UAC - Installs | Android | EU | UGC,176,783.82,3922.24
2025-10-20,GG-200168,UAC - Value | Android | US | Carousel,163,802.48,3256.46
2025-10-20,GG-200169,UAC - Installs | Android | APAC | Carousel,89,238.14,1084.25
2025-10-20,GG-200170,Search - Brand - Exact | iOS | MENA | Playables,55,142.4,705.02
2025-10-20,GG-200171,Search - Brand - Exact | iOS | LATAM | Static,53,238.22,1082.71
2025-10-20,GG-200172,Search - Non-Brand - Broad | Android | APAC | Carousel,159,546.83,2560.26
2025-10-20,GG-200173,Search - Brand - Exact | iOS | MENA | Carousel,45,134.39,581.64
2025-10-20,GG-200174,Search - Non-Brand - Broad | iOS | LATAM | Playables,27,93.06,359.12
2025-10-20,GG-200175,Search - Non-Brand - Broad | Android | EU | UGC,48,155.04,636.44
2025-10-20,GG-200176,UAC - Value | iOS | MENA | Carousel,74,351.34,1844.89
2025-10-20,GG-200177,Search - Non-Brand - Broad | iOS | MENA | Static,70,278.59,768.35
2025-10-20,GG-200178,UAC - Installs | Android | MENA | UGC,86,331.45,1406.01
2025-10-20,GG-200179,Search - Brand - Exact | Android | MENA | Video,64,173.73,743.04
2025-10-20,GG-200180,Search - Non-Brand - Broad | Android | MENA | Playables,72,221.49,595.81
2025-10-20,GG-200181,UAC - Value | Android | LATAM | Playables,102,413.58,1830.09
2025-10-20,GG-200182,UAC - Value | Android | EU | Playables,60,208.09,895.41
2025-10-20,GG-200183,Search - Brand - Exact | Android | MENA | UGC,14,32.78,126.43
2025-10-20,GG-200184,UAC - Value | iOS | EU | Playables,28,111.1,620.16
2025-10-20,GG-200185,UAC - Value | iOS | MENA | Video,116,490.87,2139.21
2025-10-20,GG-200186,UAC - Installs | iOS | US | UGC,138,550.37,2417.78
2025-10-20,GG-200187,Search - Brand - Exact | Android | EU | Playables,180,578.54,2167.79
2025-10-20,GG-200188,Search - Brand - Exact | Android | APAC | Carousel,24,68.54,223.03
2025-10-20,GG-200189,Search - Brand - Exact | Android | US | UGC,119,326.38,960.21
2025-10-20,GG-200190,Search - Non-Brand - Broad | iOS | APAC | Static,54,206.65,745.39
2025-10-20,GG-200191,UAC - Value | iOS | LATAM | UGC,143,518.93,2572.34
2025-10-20,GG-200192,Search - Non-Brand - Broad | iOS | APAC | Video,13,36.02,144.69
2025-10-20,GG-200193,UAC - Value | iOS | US | Static,121,592.75,2491.92
2025-10-20,GG-200194,Search - Brand - Exact | Android | EU | Video,60,222.76,695.9
2025-10-20,GG-200195,UAC - Value | iOS | APAC | Playables,124,456.73,2717.09
2025-10-20,GG-200196,UAC - Value | iOS | EU | Static,101,551.24,2992.68
2025-10-20,GG-200197,Search - Non-Brand - Broad | iOS | EU | Carousel,39,140.36,573.65
2025-10-20,GG-200198,Search - Brand - Exact | Android | US | UGC,28,123.19,578.87
2025-10-20,GG-200199,Search - Brand - Exact | Android | EU | Video,36,113.34,389.66
2025-10-20,GG-200200,Search - Brand - Exact | Android | APAC | Playables,72,210.33,528.56
2025-10-20,GG-200201,UAC - Value | Android | US | UGC,113,395.29,2371.74
2025-10-20,GG-200202,Search - Brand - Exact | Android | MENA | Static,64,185.07,491.92
2025-10-20,GG-200203,Search - Non-Brand - Broad | Android | MENA | Carousel,116,340.78,1054.03
2025-10-20,GG-200204,UAC - Installs | iOS | MENA | Playables,36,105.26,522.62
2025-10-20,GG-200205,Search - Non-Brand - Broad | Android | LATAM | Static,42,123.6,462.51
2025-10-20,GG-200206,Search - Brand - Exact | iOS | LATAM | Carousel,39,119.16,466.27
2025-10-20,GG-200207,UAC - Value | Android | APAC | Playables,175,711.29,3614.06
2025-10-20,GG-200208,UAC - Installs | Android | LATAM | UGC,124,333.15,1831.33
2025-10-20,GG-200209,UAC - Installs | iOS | APAC | Static,77,314.21,1509.78
2025-10-20,GG-200210,UAC - Value | iOS | EU | Playables,158,598.65,3374.59
2025-10-20,GG-200211,Search - Non-Brand - Broad | Android | EU | Carousel,49,169.53,744.58
2025-10-20,GG-200212,UAC - Value | iOS | US | Playables,54,306.26,1409.71
2025-10-20,GG-200213,Search - Non-Brand - Broad | iOS | MENA | Playables,100,358.03,1335.09
2025-10-20,GG-200214,Search - Non-Brand - Broad | iOS | EU | Carousel,55,210.95,540.24
2025-10-20,GG-200215,UAC - Installs | iOS | US | UGC,46,162.52,765.31
2025-10-20,GG-200216,Search - Brand - Exact | Android | MENA | Static,79,162.65,467.78
2025-10-20,GG-200217,Search - Brand - Exact | iOS | APAC | Playables,54,207.13,533.77
2025-10-20,GG-200218,Search - Non-Brand - Broad | Android | EU | Playables,83,260.28,751.69
2025-10-20,GG-200219,UAC - Installs | iOS | EU | Carousel,103,357.13,1226.74
2025-10-20,GG-200220,Search - Brand - Exact | Android | EU | Static,83,263.79,855.73
2025-10-20,GG-200221,Search - Non-Brand - Broad | iOS | EU | Playables,23,82.28,268.23
2025-10-20,GG-200222,UAC - Installs | iOS | EU | Playables,37,125.78,582.86
2025-10-20,GG-200223,UAC - Installs | iOS | APAC | UGC,57,195.05,764.4
2025-10-20,GG-200224,UAC - Value | iOS | LATAM | Carousel,93,433.88,2232.31
2025-10-20,GG-200225,UAC - Installs | iOS | US | UGC,130,558.22,2070.44
2025-10-20,GG-200226,UAC - Value | Android | LATAM | Carousel,112,466.35,2422.22
2025-10-20,GG-200227,Search - Non-Brand - Broad | Android | MENA | Static,52,147.78,635.6
2025-10-20,GG-200228,UAC - Value | Android | LATAM | Playables,119,519.86,2740.18
2025-10-20,GG-200229,UAC - Installs | iOS | EU | Static,72,218.22,705.29
2025-10-20,GG-200230,Search - Non-Brand - Broad | Android | APAC | Playables,62,206.75,960.77
2025-10-20,GG-200231,UAC - Installs | iOS | MENA | Carousel,127,386.63,1891.39
2025-10-20,GG-200232,Search - Non-Brand - Broad | iOS | APAC | UGC,42,144.9,677.7
2025-10-20,GG-200233,UAC - Value | iOS | EU | Static,80,440.71,2298.74
2025-10-20,GG-200234,Search - Brand - Exact | Android | MENA | Video,108,375.33,1562.5
2025-10-20,GG-200235,UAC - Value | Android | US | Video,112,427.67,2566.02
2025-10-20,GG-200236,Search - Non-Brand - Broad | Android | EU | Video,58,202.04,1005.96
2025-10-20,GG-200237,UAC - Value | Android | EU | Playables,253,961.12,4336.57
2025-10-20,GG-200238,UAC - Value | iOS | US | Playables,126,685.19,3114.87
2025-10-20,GG-200239,UAC - Value | iOS | US | Video,249,1001.78,5175.2
2025-10-20,GG-200240,UAC - Installs | Android | US | Playables,79,242.19,1219.18
2025-10-20,GG-200241,UAC - Value | iOS | US | Playables,125,558.09,3348.54
2025-10-20,GG-200242,Search - Non-Brand - Broad | Android | US | Video,77,327.06,1395.24
2025-10-20,GG-200243,UAC - Installs | Android | EU | Playables,127,417.06,2240.03
2025-10-20,GG-200244,Search - Brand - Exact | iOS | LATAM | UGC,10,34.44,93.5
2025-10-20,GG-200245,Search - Non-Brand - Broad | iOS | APAC | UGC,110,332.28,1159.32
2025-10-20,GG-200246,Search - Brand - Exact | Android | LATAM | Video,37,130.45,479.93
2025-10-20,GG-200247,UAC - Value | Android | APAC | UGC,58,162.12,773.15
2025-10-20,GG-200248,Search - Non-Brand - Broad | iOS | US | Video,22,105.22,482.01
2025-10-20,GG-200249,UAC - Installs | Android | APAC | UGC,262,844.27,2656.92
2025-10-20,GG-200250,Search - Non-Brand - Broad | Android | MENA | Video,86,335.13,1674.98
2025-10-20,GG-200251,UAC - Installs | Android | MENA | UGC,95,223.11,997.97
2025-10-20,GG-200252,Search - Brand - Exact | Android | US | Carousel,100,335.8,888.19
2025-10-20,GG-200253,Search - Non-Brand - Broad | Android | LATAM | Video,100,393.24,1499.42
2025-10-20,GG-200254,UAC - Installs | Android | APAC | Video,130,273.56,1184.79
2025-10-20,GG-200255,UAC - Value | Android | MENA | Static,76,333.31,1942.2
2025-10-20,GG-200256,Search - Brand - Exact | iOS | APAC | Static,11,42.85,198.7
2025-10-20,GG-200257,UAC - Value | iOS | US | Video,30,170.06,877.85
2025-10-20,GG-200258,UAC - Value | Android | US | Carousel,179,682.96,2990.68
2025-10-20,GG-200259,UAC - Value | iOS | US | Carousel,133,614.57,2602.09
2025-10-20,GG-200260,UAC - Value | iOS | EU | Carousel,63,276.47,1264.57
2025-10-20,GG-200261,UAC - Value | iOS | EU | Playables,43,199.21,1090.67
2025-10-20,GG-200262,Search - Non-Brand - Broad | Android | MENA | Carousel,40,82.0,244.44
2025-10-20,GG-200263,Search - Non-Brand - Broad | Android | US | Carousel,47,159.06,757.76
2025-10-20,GG-200264,UAC - Installs | iOS | EU | UGC,66,222.06,1005.93
2025-10-20,GG-200265,Search - Brand - Exact | iOS | US | Video,27,132.15,499.92
2025-10-20,GG-200266,UAC - Installs | iOS | APAC | Carousel,117,362.29,1197.37
2025-10-20,GG-200267,Search - Non-Brand - Broad | Android | EU | Video,34,124.04,344.46
2025-10-20,GG-200268,UAC - Value | iOS | APAC | Playables,58,198.35,1158.17
2025-10-20,GG-200269,UAC - Installs | Android | US | Video,209,914.79,3629.89
2025-10-20,GG-200270,UAC - Installs | Android | MENA | Playables,83,239.45,805.27
2025-10-20,GG-200271,UAC - Value | iOS | US | Carousel,54,274.82,1191.07
2025-10-20,GG-200272,Search - Non-Brand - Broad | iOS | US | Playables,22,75.58,206.41
2025-10-20,GG-200273,Search - Non-Brand - Broad | Android | APAC | Static,29,74.91,227.13
2025-10-20,GG-200274,UAC - Value | iOS | LATAM | Carousel,74,384.15,1712.16
2025-10-20,GG-200275,UAC - Value | Android | US | Static,117,452.94,2717.64
2025-10-20,GG-200276,UAC - Value | iOS | APAC | Carousel,173,615.48,3368.52
2025-10-20,GG-200277,Search - Non-Brand - Broad | Android | LATAM | Carousel,45,152.65,493.06
2025-10-20,GG-200278,Search - Non-Brand - Broad | iOS | MENA | Playables,38,103.35,264.68
2025-10-20,GG-200279,UAC - Installs | iOS | US | Static,205,886.5,4233.92
2025-10-20,GG-200280,UAC - Value | Android | APAC | Carousel,124,380.84,2285.04
2025-10-20,GG-200281,UAC - Value | iOS | APAC | Carousel,95,487.64,2516.22
2025-10-20,GG-200282,Search - Non-Brand - Broad | Android | LATAM | Carousel,75,221.6,989.67
2025-10-20,GG-200283,UAC - Value | iOS | LATAM | Static,105,470.47,2374.46
2025-10-20,GG-200284,Search - Non-Brand - Broad | iOS | LATAM | UGC,32,113.3,558.0
2025-10-20,GG-200285,UAC - Value | iOS | APAC | Carousel,165,666.95,3162.68
2025-10-20,GG-200286,Search - Non-Brand - Broad | iOS | US | Playables,29,96.53,434.96
2025-10-20,GG-200287,UAC - Value | Android | MENA | Video,123,471.89,2018.75
2025-10-20,GG-200288,Search - Brand - Exact | Android | APAC | Carousel,22,75.45,248.31
2025-10-20,GG-200289,UAC - Installs | iOS | APAC | Static,67,208.72,821.31
2025-10-20,GG-200290,UAC - Value | Android | LATAM | Static,79,317.14,1284.42
2025-10-20,GG-200291,UAC - Value | iOS | US | UGC,65,257.2,1103.65
2025-10-20,GG-200292,UAC - Value | iOS | MENA | Playables,131,664.14,3984.84
2025-10-20,GG-200293,Search - Brand - Exact | Android | LATAM | Playables,75,205.61,567.28
2025-10-20,GG-200294,Search - Non-Brand - Broad | Android | EU | Carousel,18,58.96,265.61
2025-10-20,GG-200295,UAC - Installs | Android | MENA | UGC,84,183.78,675.58
2025-10-20,GG-200296,Search - Brand - Exact | iOS | US | Video,25,124.0,480.87
2025-10-20,GG-200297,Search - Non-Brand - Broad | iOS | EU | Playables,17,76.12,240.16
2025-10-20,GG-200298,UAC - Value | iOS | LATAM | UGC,57,254.49,1411.66
2025-10-20,GG-200299,UAC - Value | Android | LATAM | Video,68,218.17,938.57
2025-10-20,GG-200300,Search - Brand - Exact | Android | LATAM | UGC,86,251.89,1101.01
2025-10-20,GG-200301,UAC - Installs | Android | EU | Carousel,89,366.64,1324.3
2025-10-20,GG-200302,UAC - Value | iOS | APAC | Static,186,769.5,4617.0
2025-10-20,GG-200303,UAC - Value | iOS | APAC | Video,57,273.9,1643.4
2025-10-20,GG-200304,UAC - Installs | iOS | LATAM | Video,150,563.43,2258.79
2025-10-20,GG-200305,UAC - Installs | Android | US | Video,278,805.53,2434.31
2025-10-20,GG-200306,Search - Non-Brand - Broad | Android | EU | Static,18,77.61,373.23
2025-10-20,GG-200307,UAC - Value | Android | LATAM | Playables,127,483.91,2145.66
2025-10-20,GG-200308,Search - Non-Brand - Broad | iOS | EU | UGC,90,401.71,1198.7
2025-10-20,GG-200309,Search - Brand - Exact | Android | APAC | UGC,78,218.62,1080.64
2025-10-20,GG-200310,UAC - Value | Android | APAC | Playables,65,236.45,1178.47
2025-10-20,GG-200311,Search - Non-Brand - Broad | iOS | US | Static,153,623.37,1903.15
2025-10-20,GG-200312,Search - Brand - Exact | iOS | US | Playables,36,159.54,411.77
2025-10-20,GG-200313,Search - Non-Brand - Broad | Android | LATAM | Carousel,44,144.72,368.31
2025-10-20,GG-200314,UAC - Value | iOS | US | Carousel,76,369.57,2217.42
2025-10-20,GG-200315,UAC - Value | iOS | MENA | UGC,40,170.99,957.89
2025-10-20,GG-200316,UAC - Value | Android | LATAM | Carousel,82,254.98,1498.52
2025-10-20,GG-200317,Search - Brand - Exact | Android | LATAM | Playables,128,468.83,1946.58
2025-10-20,GG-200318,Search - Non-Brand - Broad | Android | LATAM | Video,66,218.6,749.14
2025-10-20,GG-200319,UAC - Installs | iOS | US | Static,180,636.03,3388.77
2025-10-20,GG-200320,UAC - Value | Android | MENA | UGC,82,384.65,2046.34
2025-10-20,GG-200321,UAC - Value | Android | MENA | UGC,140,479.89,2439.76
2025-10-20,GG-200322,Search - Non-Brand - Broad | Android | APAC | Playables,106,385.72,1260.53
2025-10-20,GG-200323,Search - Non-Brand - Broad | Android | APAC | Carousel,156,455.83,1970.1
2025-10-20,GG-200324,Search - Brand - Exact | Android | LATAM | UGC,24,55.77,251.58
2025-10-20,GG-200325,Search - Non-Brand - Broad | iOS | US | UGC,95,308.13,1236.83
2025-10-20,GG-200326,UAC - Value | Android | APAC | Playables,100,351.08,2106.48
2025-10-20,GG-200327,UAC - Value | iOS | APAC | UGC,104,502.64,2447.86
2025-10-20,GG-200328,Search - Brand - Exact | iOS | EU | Video,68,212.87,638.61
2025-10-20,GG-200329,UAC - Installs | Android | LATAM | Video,56,123.51,548.51
2025-10-20,GG-200330,Search - Non-Brand - Broad | Android | MENA | Carousel,85,282.99,1217.99
2025-10-20,GG-200331,Search - Brand - Exact | iOS | MENA | UGC,25,74.06,278.32
2025-10-20,GG-200332,UAC - Installs | Android | LATAM | Playables,157,475.21,2208.78
2025-10-20,GG-200333,Search - Non-Brand - Broad | Android | APAC | Playables,86,329.29,1213.76
2025-10-20,GG-200334,UAC - Installs | iOS | US | Static,109,473.72,2147.37
2025-10-20,GG-200335,UAC - Installs | Android | APAC | Carousel,61,201.87,999.66
2025-10-20,GG-200336,Search - Non-Brand - Broad | Android | APAC | Video,119,449.83,2235.66
2025-10-20,GG-200337,UAC - Value | Android | MENA | Carousel,92,263.3,1539.78
2025-10-20,GG-200338,Search - Non-Brand - Broad | Android | MENA | Static,80,209.15,918.17
2025-10-20,GG-200339,UAC - Installs | Android | US | Playables,96,322.25,1405.98
2025-10-20,GG-200340,Search - Non-Brand - Broad | iOS | MENA | Playables,39,140.72,564.57
2025-10-20,GG-200341,UAC - Installs | iOS | LATAM | Carousel,85,381.66,1160.63
2025-10-20,GG-200342,Search - Brand - Exact | Android | EU | UGC,38,116.25,323.17
2025-10-20,GG-200343,Search - Non-Brand - Broad | iOS | EU | Static,14,63.79,243.55
2025-10-20,GG-200344,UAC - Value | Android | LATAM | Static,198,799.44,4197.06
2025-10-20,GG-200345,UAC - Installs | iOS | EU | Playables,97,323.76,1249.71
2025-10-20,GG-200346,Search - Brand - Exact | iOS | APAC | UGC,21,70.07,175.88
2025-10-20,GG-200347,UAC - Installs | Android | APAC | Playables,57,114.89,454.73
2025-10-20,GG-200348,UAC - Installs | iOS | APAC | UGC,22,68.55,247.81
2025-10-20,GG-200349,UAC - Installs | Android | US | UGC,197,603.1,2413.61
